tree
version=v4
num_class=1
num_tree_per_iteration=1
label_index=0
max_feature_idx=9
objective=binary sigmoid:1
feature_names=pass_tds_L3 pass_tds_L5 pass_tds_L10 pass_tds_std_L5 completions_L3 completions_L5 completions_L10 attempts_L3 attempts_L5 attempts_L10
feature_infos=[0:1.3125259876251221] [0:0.99618153331475034] [0:1.41629670104501] [0:1.7139209679017533] [0:32.170823904447047] [0:31.253690237636096] [0:30.100285192167931] [0:51.768407458195981] [0:49.625889401651683] [0:46.867906260114466]
tree_sizes=1683 1689 1692 1591 1586 1698 1593 1598 1178 1380 1284 1184 1388 1593 1284 1078 1074 1183 1281 1387 1182 1087 979 971 1594 1282 872 976 874 1488 1386 1394 771 874 974 774 971 974 776 873 879 672 875 676 980 775 874 876 773 870 883 676 777 979 980 778 1081 775 678 979 1083 781 977 1292 1085 873 979 1083 777 975 876 777 778 1293 975 779 1392 778 781 1077 885 1081 780 978 1085 675 674 1292 1288 1396 974 1388 1193 679 679 1390 876 1188 881 681

Tree=0
num_leaves=15
num_cat=0
split_feature=4 4 8 2 7 7 4 2 8 0 6 7 4 1
split_gain=135.454 17.5006 16.8841 7.68286 6.6644 5.83565 4.65634 4.49689 4.38259 4.31263 3.14041 2.89264 2.27048 0.80007
threshold=7.4218750000000009 19.586687804199759 1.4991446039011433 1.1003750185853691 35.332853317260749 37.187500000000007 18.510729386061488 0.23270218003860588 6.7750342935528138 0.70379924774169933 17.601517488195988 7.5221554338932046 1.0000000180025095e-35 0.073996247046567168
decision_type=2 2 2 2 2 2 2 2 2 2 2 2 2 2
left_child=2 3 12 6 10 -6 -2 11 -9 -5 -3 -4 -1 -14
right_child=1 4 7 9 5 -7 -8 8 -10 -11 -12 -13 13 -15
leaf_value=-0.10928471731943115 0.03177196655422853 0.06820266410375167 -0.0092876330783865386 0.16161655036473058 -0.012542180761729469 0.09147764407833292 -0.027679963294391596 -0.17474391416391433 -0.072307860067798421 0.042020748817419365 0.13928087198138608 -0.078452041285034357 -0.17876558054621458 -0.1340219558489468
leaf_weight=8.2376172095537168 110.55827988684177 7.9630592912435523 16.695407226681713 6.7078117132186872 8.2235823422670382 15.670858606696127 14.955955073237417 5.2481805533170727 20.455886885523796 5.4771251529455185 28.332982614636421 9.4805842787027341 19.994488969445232 4.9946749359369269
leaf_count=33 444 32 67 27 33 63 60 21 82 22 114 38 80 20
internal_value=0.00633805 0.0517089 -0.0991578 0.0320475 0.0966886 0.0556779 0.0246878 -0.0635127 -0.093223 0.107858 0.123687 -0.034338 -0.154814 -0.169823
internal_weight=282.996 197.89 85.1068 137.699 60.1905 23.8944 125.514 51.8801 25.7041 12.1849 36.296 26.176 33.2268 24.9892
internal_count=1136 795 341 553 242 96 504 208 103 49 146 105 133 100
is_linear=0
shrinkage=1


Tree=1
num_leaves=15
num_cat=0
split_feature=4 4 8 2 7 7 7 2 2 9 5 4 4 4
split_gain=110.058 14.26 13.8943 6.85136 11.1393 6.15723 5.45871 4.23185 3.66733 3.79904 2.61327 2.4483 1.8961 0.372418
threshold=7.4218750000000009 19.586687804199759 1.4991446039011433 0.66990298877430854 18.443359375000004 29.464198619127277 31.007161993325891 0.96758026955860088 0.23270218003860588 12.197055102342143 19.517284506602341 1.5898376754485073 0.25265498183944152 0.89843750000000011
decision_type=2 2 2 2 2 2 2 2 2 2 2 2 2 2
left_child=2 3 12 5 -5 -2 10 -8 11 -10 -3 -4 -1 -14
right_child=1 6 8 4 -6 -7 7 -9 9 -11 -12 -13 13 -15
leaf_value=-0.11076101339282154 0.011881539900194119 0.090055002554279229 -0.094972874816236202 -0.067163296030444894 0.058286581541353757 -0.075137617144659927 0.044463865276515815 0.10576538805077063 -0.13882564067068678 -0.059830840876728755 0.1875128060501168 -0.021047668808742349 -0.150123957771337 -0.17567726454337684
leaf_weight=10.197266504168509 57.268064260482788 4.9605991840362531 5.7389709949493435 7.975574478507041 62.903666883707047 9.4767834693193418 31.275956869125366 17.597426757216454 9.9483059346675891 15.689503014087675 6.1779622286558151 20.422412037849426 11.655722096562387 11.168398857116697
leaf_count=41 230 20 23 32 253 38 126 71 40 63 25 82 47 45
internal_value=-0.000636619 0.0402567 -0.0959199 0.0225189 0.0441705 -0.000473896 0.0809343 0.0665362 -0.063605 -0.0904834 0.14411 -0.0372645 -0.146611 -0.162628
internal_weight=282.457 197.636 84.8206 137.624 70.8792 66.7448 60.0119 48.8734 51.7992 25.6378 11.1386 26.1614 33.0214 22.8241
internal_count=1136 795 341 553 285 268 242 197 208 103 45 105 133 92
is_linear=0
shrinkage=0.1


Tree=2
num_leaves=15
num_cat=0
split_feature=4 6 4 2 7 1 7 8 1 9 0 4 2 6
split_gain=89.8905 11.7776 11.7408 6.04557 6.03378 4.34979 4.20684 4.00768 3.04901 2.62793 1.85607 1.43573 0.72651 0.587224
threshold=7.4218750000000009 1.0300525920360633 19.762817382812504 1.1107509191895464 31.007161993325891 0.34546115603090904 29.464198619127277 30.793095564700511 0.26656489297132974 12.197055102342143 0.68279824177443527 1.0000000180025095e-35 0.80124507854487148 0.97074274720355447
decision_type=2 2 2 2 2 2 2 2 2 2 2 2 2 2
left_child=1 11 3 6 12 8 -2 -6 -3 -7 -5 -1 -4 -13
right_child=2 5 4 10 7 9 -8 -9 -10 -11 -12 13 -14 -15
leaf_value=-0.097675303050204498 0.023162588646139508 -0.049628570258322 0.1189452003391238 0.13028652637065183 -0.023055678542013125 -0.15841279316435466 -0.023717165184802016 0.069897546498597113 0.031929647529309255 -0.072141582852383354 0.047254657244279186 -0.13241215139861914 0.17354374406106965 -0.16354327045268155
leaf_weight=8.3881225138902646 105.46018174290657 29.029424324631691 4.9026700854301435 5.8965098857879621 5.2070955634117118 5.1611023545265224 23.386845514178276 42.466488599777222 5.4432760924100867 11.178326591849325 4.9540986567735672 14.388963341712952 4.8461959958076477 10.466727331280708
leaf_count=34 424 117 20 24 21 21 94 172 22 45 20 59 20 43
internal_value=-0.000584741 -0.087171 0.0363374 0.0206904 0.0744034 -0.0568938 0.0146535 0.0597448 -0.0367504 -0.0993919 0.0923764 -0.133449 0.146086 -0.145521
internal_weight=281.176 84.0559 197.12 139.698 57.4225 50.8121 128.847 47.6736 34.4727 16.3394 10.8506 33.2438 9.74887 24.8557
internal_count=1136 341 795 562 233 205 518 193 139 66 44 136 40 102
is_linear=0
shrinkage=0.1


Tree=3
num_leaves=14
num_cat=0
split_feature=4 8 6 9 0 0 2 2 5 5 4 7 1
split_gain=73.6843 10.2954 10.045 8.88696 7.80077 8.28568 7.25926 3.40775 3.38208 7.11896 1.56348 1.50826 0.745202
threshold=7.4218750000000009 1.4991446039011433 19.651284659508434 32.232550710378682 0.7490069866180421 0.63443374633789074 0.55888727392132875 1.0070074751979672 6.0123456790123475 3.9934235409010612 1.0000000180025095e-35 9.2879257202148455 0.073996247046567168
decision_type=2 2 2 2 2 2 2 2 2 2 2 2 2
left_child=1 10 3 6 5 -4 -2 -6 9 -3 -1 -10 -12
right_child=2 8 4 -5 7 -7 -8 -9 11 -11 12 -13 -14
leaf_value=-0.086254506721183177 -0.0031194301959791837 -0.070461328060414927 0.070183880018208897 -0.10302281705411674 0.083997411962283483 -0.045920042844273104 0.043376162371016061 0.17615081770108654 -0.12040693707101052 0.022570195604769805 -0.14622977747711915 -0.060396061616284816 -0.10195755715275677
leaf_weight=8.0332750529050845 56.894499823451042 20.95554493367672 27.903147667646408 5.7053078263998023 8.3137594759464282 7.883110597729682 81.939891383051872 7.7566427290439597 7.9136947840452221 13.540074646472929 18.886743590235714 8.8961465507745725 4.7602533400058737
leaf_count=33 229 85 114 23 34 32 331 32 32 55 80 36 20
internal_value=-0.000541013 -0.0795458 0.0328418 0.0192956 0.0705991 0.0446081 0.0243222 0.128477 -0.051868 -0.033945 -0.124369 -0.0886478 -0.137318
internal_weight=279.382 82.9857 196.396 144.54 51.8567 35.7863 138.834 16.0704 51.3055 34.4956 31.6803 16.8098 23.647
internal_count=1136 341 795 583 212 146 560 66 208 140 133 68 100
is_linear=0
shrinkage=0.1


Tree=4
num_leaves=14
num_cat=0
split_feature=4 5 1 0 3 6 6 3 9 2 9 9 4
split_gain=61.0563 13.6185 10.0674 8.7782 7.01717 4.73695 4.33707 4.00052 5.92566 5.28852 1.56747 0.935396 1.80163
threshold=10.779464721679689 1.752021643039527 0.56444354858965751 0.46311848610639578 0.94218886328159723 24.463697984412473 12.865555518808639 0.53538318300355525 22.668155185831136 0.66990298877430854 31.325529288583805 1.0608564988730278 0.25265498183944152
decision_type=2 2 2 2 2 2 2 2 2 2 2 2 2
left_child=1 11 7 10 6 -5 -3 8 -2 -9 -4 12 -1
right_child=2 4 3 5 -6 -7 -8 9 -10 -11 -12 -13 -14
leaf_value=-0.083760806196355425 0.13239832418684383 -0.014011389571578325 0.16748564058550619 0.038859098828921711 -0.12463608264756997 0.13401999626465577 -0.10214262423039502 -0.040262319197298085 0.0017586903642909865 0.048619756038031647 0.092635469220746572 -0.081355589185369323 -0.13713399876528773
leaf_weight=9.7664418965578097 4.9564155936241177 55.740137308835983 6.6196438074111921 101.28457996249199 7.6028843224048606 5.5158337056636801 6.2055450379848471 27.30694542825222 11.593522787094114 8.8684013187885267 4.8459098041057587 9.0896946638822538 17.944937646389008
leaf_count=41 20 226 27 413 31 23 25 110 47 36 20 38 79
internal_value=-0.000504209 -0.0599987 0.036499 0.0527004 -0.0339682 0.0437738 -0.0228401 0.000158351 0.040883 -0.0184728 0.13585 -0.109193 -0.118323
internal_weight=277.341 106.35 170.991 118.266 69.5486 106.8 61.9457 52.7253 16.5499 36.1753 11.4656 36.8011 27.7114
internal_count=1136 440 696 483 282 436 251 213 67 146 47 158 120
is_linear=0
shrinkage=0.1


Tree=5
num_leaves=15
num_cat=0
split_feature=4 4 8 7 7 2 1 0 7 0 0 0 4 1
split_gain=51.2071 7.88986 7.70681 5.18489 4.59688 4.3459 3.92265 3.10582 3.65918 3.4801 3.09731 2.40198 1.37935 0.695342
threshold=7.4218750000000009 19.586687804199759 1.4991446039011433 35.332853317260749 37.187500000000007 1.1003750185853691 0.8029517858050097 0.042926706792411305 7.5221554338932046 0.27699089050292974 0.70379924774169933 0.55091027356684219 1.0000000180025095e-35 0.073996247046567168
decision_type=2 2 2 2 2 2 2 2 2 2 2 2 2 2
left_child=2 5 12 11 -5 6 -2 8 -4 -9 -7 -3 -1 -14
right_child=1 3 7 4 -6 10 -8 9 -10 -11 -12 -13 13 -15
leaf_value=-0.071904402990045121 0.01837503377007238 0.11895883000921699 0.011953050927131916 -0.039042865317451193 0.054103123618810881 0.11914387315640032 -0.023622049632371224 -0.095744063161337836 -0.080943490510244132 -0.027166506814957549 0.016406301891982757 0.063591490656814201 -0.13001629181962251 -0.085896822988534918
leaf_weight=7.7665971964597729 95.891381189227104 11.928064420819281 14.96829015016556 8.1306439340114611 15.209361821413038 6.4049876779317838 28.956220522522926 16.312921032309536 5.9160709828138343 13.543629512190817 5.4156070351600647 22.836302652955055 17.395898908376697 4.4953249990940085
leaf_count=33 387 50 61 33 63 27 117 67 24 56 22 96 80 20
internal_value=-0.000470781 0.0272448 -0.0676141 0.0581122 0.0216551 0.0141216 0.00863454 -0.0439438 -0.0143625 -0.0646357 0.0720746 0.0825887 -0.108111 -0.120956
internal_weight=275.171 194.773 80.3987 58.1044 23.34 136.668 124.848 50.7409 20.8844 29.8566 11.8206 34.7644 29.6578 21.8912
internal_count=1136 795 341 242 96 553 504 208 85 123 49 146 133 100
is_linear=0
shrinkage=0.1


Tree=6
num_leaves=14
num_cat=0
split_feature=4 6 6 9 0 0 2 2 8 7 2 6 4
split_gain=42.2141 6.93983 6.67091 7.30885 6.9279 8.32357 5.22008 3.51831 4.64477 2.79398 2.64806 1.32911 0.514258
threshold=7.4218750000000009 1.0300525920360633 19.651284659508434 32.232550710378682 0.73731919241390653 0.63443374633789074 0.55888727392132875 0.23270218003860588 6.3889372245416345 7.5221554338932046 1.0070074751979672 0.97074274720355447 0.50530996367888303
decision_type=2 2 2 2 2 2 2 2 2 2 2 2 2
left_child=1 11 3 6 5 -4 -2 9 -9 -3 -6 12 -1
right_child=2 7 4 -5 10 -7 -8 8 -10 -11 -12 -13 -14
leaf_value=-0.094891945127461894 -0.0049997306351891729 0.014129179189428631 0.055147454214367203 -0.097409274882289357 0.068674705928659055 -0.068188944305103666 0.034541363201043083 -0.15639303759170067 -0.045188724237861057 -0.056045392927552708 0.14914171689634736 -0.13265930577776575 -0.056455492294049059
leaf_weight=15.929405614733698 56.753236398100853 15.204439282417299 27.084964498877525 5.688006877899169 8.0712283104658145 6.8570369929075232 81.093258485198021 4.5884315520525005 20.70228323340416 9.0511884689331037 8.2905578315258008 8.9846835583448428 4.4542795568704596
leaf_count=72 229 62 114 23 34 28 331 20 86 37 36 43 21
internal_value=-0.000441411 -0.0620987 0.0246603 0.0136779 0.0559968 0.0302308 0.0182618 -0.0392675 -0.0653642 -0.012057 0.109448 -0.100617 -0.0864927
internal_weight=272.753 78.9147 193.838 143.535 50.3038 33.942 137.846 49.5463 25.2907 24.2556 16.3618 29.3684 20.3837
internal_count=1136 341 795 583 212 142 560 205 106 99 70 136 93
is_linear=0
shrinkage=0.1


Tree=7
num_leaves=14
num_cat=0
split_feature=4 5 1 0 3 6 6 3 9 1 9 4 9
split_gain=35.6209 9.0108 7.66554 7.08401 6.08377 3.95002 3.58857 3.38477 4.98184 4.05879 1.4477 0.787894 1.50534
threshold=10.779464721679689 1.752021643039527 0.56444354858965751 0.46311848610639578 0.94218886328159723 12.865555518808639 24.463697984412473 0.53538318300355525 22.668155185831136 0.32204927895627572 31.325529288583805 1.0000000180025095e-35 1.0608564988730278
decision_type=2 2 2 2 2 2 2 2 2 2 2 2 2
left_child=1 11 7 10 5 -3 -5 8 -2 -9 -4 -1 -13
right_child=2 4 3 6 -6 -7 -8 9 -10 -11 -12 12 -14
leaf_value=-0.061540127211694676 0.11831686760354754 -0.00749863278202079 0.14956035727952391 0.029999300155645944 -0.11190156990991376 -0.092053059065933918 0.11562809683722636 -0.10502835909677199 -0.0021798365892142014 -0.0076219103080324832 0.076075592221324442 -0.11496599989554064 -0.063349714141771693
leaf_weight=7.6532590687274924 4.8897564113140133 55.100956454873085 6.3587169945240003 99.701783642172813 7.4118680357933036 6.140641286969184 5.1468576937913886 4.9626177847385398 11.502364486455916 30.999914348125458 4.6351567059755325 17.286941766738895 8.3935274928808195
leaf_count=34 20 226 27 413 31 25 23 20 47 126 20 87 37
internal_value=-0.000415473 -0.0470448 0.0278585 0.0422102 -0.0263329 -0.0159768 0.0342027 -0.00389701 0.0337642 -0.0210634 0.118578 -0.0897026 -0.0980955
internal_weight=270.184 101.987 168.197 115.843 68.6535 61.2416 104.849 52.3547 16.3921 35.9625 10.9939 33.3337 25.6805
internal_count=1136 440 696 483 282 251 436 213 67 146 47 158 124
is_linear=0
shrinkage=0.1


Tree=8
num_leaves=10
num_cat=0
split_feature=5 5 9 5 4 4 7 8 4
split_gain=30.4826 8.03992 6.70027 4.64072 3.1529 6.09572 2.33715 2.00685 2.38965
threshold=3.9934235409010612 16.040613375708549 9.0692047860615599 10.883149044035203 15.591789016168265 16.457397460937504 5.1757812500000009 4.308413351623229 1.5898376754485073
decision_type=2 2 2 2 2 2 2 2 2
left_child=6 2 -2 -4 -3 -6 7 8 -1
right_child=1 4 3 -5 5 -7 -8 -9 -10
leaf_value=-0.084149080469217583 0.084460968976160802 -0.031142105329620501 -0.036109142435752486 0.0073196054178038877 0.11492434434055476 0.030571905757473941 -0.01279606215666902 -0.14548712287231705 -0.0071177308304274673
leaf_weight=31.956148475408554 7.8718635439872733 7.0199355930089942 43.152602598071098 57.247975900769234 9.4017648845911008 96.490151107311249 5.5087357312440863 4.4610222876071921 4.607846498489379
leaf_count=157 32 29 178 233 39 407 23 19 19
internal_value=-0.000388211 0.015089 -0.00438067 -0.0113463 0.0337588 0.0380613 -0.0739547 -0.0821669 -0.0744415
internal_weight=267.718 221.184 108.272 100.401 112.912 105.892 46.5338 41.025 36.564
internal_count=1136 918 443 411 475 446 218 195 176
is_linear=0
shrinkage=0.1


Tree=9
num_leaves=12
num_cat=0
split_feature=5 2 2 7 3 0 9 3 7 8 4
split_gain=25.3737 6.89493 6.71318 7.65162 4.81128 9.97877 5.44236 2.96451 2.03567 1.70134 2.15279
threshold=3.9934235409010612 0.70613464338683285 0.75956470822559052 18.443359375000004 0.56603682657465326 0.5625083672348411 22.573187730226952 0.75983514477722125 5.1757812500000009 4.308413351623229 1.4996112287044527
decision_type=2 2 2 2 2 2 2 2 2 2 2
left_child=8 4 7 -4 6 -6 -2 -3 9 10 -1
right_child=1 2 3 -5 5 -7 -8 -9 -10 -11 -12
leaf_value=-0.080638165155746788 0.04846846823333021 0.16525452122929959 -0.05361858890895288 0.033714237040568265 -0.052870803510628221 0.027406906186803432 -0.020175794609116261 0.059183076527800853 -0.011540651482805003 -0.13579159968136964 -0.015920270287873923
leaf_weight=29.205194711685181 28.283284053206444 4.811459079384802 11.364589735865591 85.572990208864212 39.45318341255188 25.486980825662613 19.522053882479668 5.8244161903858185 5.49778889119625 4.3093829154968253 6.237651214003562
leaf_count=150 116 20 47 365 162 104 80 24 23 19 26
internal_value=-0.000368699 0.0136396 0.0317504 0.0234757 -0.0036403 -0.0213643 0.0204365 0.107168 -0.0685742 -0.076462 -0.0692483
internal_weight=265.569 220.319 107.573 96.9376 112.746 64.9402 47.8053 10.6359 45.25 39.7522 35.4428
internal_count=1136 918 456 412 462 266 196 44 218 195 176
is_linear=0
shrinkage=0.1


Tree=10
num_leaves=11
num_cat=0
split_feature=5 4 8 7 7 5 4 7 8 8
split_gain=21.1407 6.40672 4.68114 5.73862 4.51788 3.73157 2.58076 1.77627 1.47177 1.99629
threshold=3.9934235409010612 19.586687804199759 8.2799285339294517 9.2879257202148455 35.332853317260749 24.724360410007012 21.38839436656324 5.1757812500000009 4.308413351623229 1.4991446039011433
decision_type=2 2 2 2 2 2 2 2 2 2
left_child=7 2 -2 -4 6 -6 -3 8 9 -1
right_child=1 4 3 -5 5 -7 -8 -9 -10 -11
leaf_value=-0.079901472623641473 0.099067313876280649 0.090492978731112339 -0.066558614154150542 0.0049118053495464655 -0.013378169211549299 0.087322844793735629 0.034095104506260909 -0.010406989561365277 -0.12756704948525416 -0.026858752162123391
leaf_weight=24.333096295595169 4.8610125929117194 18.232034474611282 12.164663806557654 146.92788684368134 17.937245622277263 4.6295417994260779 14.620129168033598 5.4875735342502585 4.1374119520187369 10.015841424465178
leaf_count=133 20 81 52 604 75 21 65 23 19 43
internal_value=-0.000349126 0.0123362 0.00240059 -0.000553024 0.0417302 0.00728049 0.0653944 -0.0636325 -0.0712216 -0.0644347
internal_weight=263.346 219.373 163.954 159.093 55.419 22.5668 32.8522 43.9739 38.4863 34.3489
internal_count=1136 918 676 656 242 96 146 218 195 176
is_linear=0
shrinkage=0.1


Tree=11
num_leaves=10
num_cat=0
split_feature=5 8 0 0 1 3 3 4 6
split_gain=18.026 4.87683 3.44791 5.73414 3.45024 3.38487 3.67469 1.71121 0.498776
threshold=10.883149044035203 1.4991446039011433 1.0180294889297923 0.97387313283979904 0.96136165975300936 0.93725308927579698 0.67110200427737021 0.25265498183944152 0.85929922819479543
decision_type=2 2 2 2 2 2 2 2 2
left_child=1 7 3 4 -2 6 -3 -1 -9
right_child=2 5 -4 -5 -6 -7 -8 8 -10
leaf_value=-0.037698403132468354 0.021536308545771442 -0.02998388524971575 -0.041443871882846844 0.10731783427054858 -0.054050359248988211 -0.087716429531142878 0.023936456837086759 -0.11375270132018003 -0.077620320004546328
leaf_weight=8.0142750591039675 145.03798933327198 45.356638133525848 8.8610484153032285 7.6156383454799643 6.3012843281030646 7.1179439276456824 17.521664500236511 7.2539740055799475 8.071353539824484
leaf_count=41 612 191 37 32 27 31 73 43 49
internal_value=-0.000327985 -0.0355566 0.0192655 0.0226498 0.0183891 -0.0223572 -0.0149584 -0.075142 -0.0947229
internal_weight=261.152 93.3358 167.816 158.955 151.339 69.9962 62.8783 23.3396 15.3253
internal_count=1136 428 708 671 639 295 264 133 92
is_linear=0
shrinkage=0.1


Tree=12
num_leaves=12
num_cat=0
split_feature=5 2 1 4 9 7 9 6 6 0 6
split_gain=14.9607 5.26399 5.93916 8.3716 4.56753 5.32524 2.95487 1.46156 4.17707 5.59635 1.67433
threshold=3.8424666770786109 0.70613464338683285 0.65537687529549626 12.143156528472902 9.0692047860615599 9.6855468750000018 30.900661626423311 2.4199849737039822 1.0300525920360633 0.03130533546209336 0.97074274720355447
decision_type=2 2 2 2 2 2 2 2 2 2 2
left_child=7 4 6 -4 -2 -6 -3 8 10 -10 -1
right_child=1 2 3 -5 5 -7 -8 -9 9 -11 -12
leaf_value=-0.052666221274257886 0.067313903050163659 0.10223014539077713 -0.073642670817531772 0.02551494879900696 -0.074628512692158241 -0.0026106136869857004 0.025026474454421146 -0.095104849614661813 0.07204453305350178 -0.079052699997180093 -0.11160675685723545
leaf_weight=16.397846460342411 8.1172275245189649 13.29415173828602 9.6065151542425138 74.898541390895844 11.540359899401663 93.076920688152313 7.9055314511060706 7.6852577179670325 5.7195401638746244 4.2897855341434479 6.8258860707283011
leaf_count=93 33 57 40 325 50 382 34 34 24 21 43
internal_value=-0.000311239 0.0100837 0.0261151 0.0142427 -0.00494813 -0.0105549 0.0734403 -0.0558036 -0.0467151 0.00728745 -0.0699899
internal_weight=259.358 218.439 105.705 84.5051 112.735 104.617 21.1997 40.9183 33.2331 10.0093 23.2237
internal_count=1136 921 456 365 465 432 91 215 181 45 136
is_linear=0
shrinkage=0.1


Tree=13
num_leaves=14
num_cat=0
split_feature=7 9 3 1 0 9 3 5 9 3 4 9 6
split_gain=12.6376 3.90765 4.41785 3.77515 6.04605 4.07996 6.6942 6.36801 3.0233 2.36028 2.02114 1.34837 0.120818
threshold=17.708347368390637 1.0608564988730278 0.96306816390772398 0.56444354858965751 0.46311848610639578 22.573187730226952 0.56462179857628059 16.314792618002201 18.264853603945379 0.86340135517240324 0.25265498183944152 31.325529288583805 0.85929922819479543
decision_type=2 2 2 2 2 2 2 2 2 2 2 2 2
left_child=1 10 9 5 11 6 -2 -7 -6 -3 -1 -5 -12
right_child=3 2 -4 4 8 7 -8 -9 -10 -11 12 -13 -14
leaf_value=-0.030131965585659837 0.11298953832359891 -0.017062507156953392 -0.098201298755660124 0.13168254528649911 -0.047128181661737746 -0.082391286721849866 -0.018440642042580932 0.005245164533400945 0.023894046797464805 0.054153439148897191 -0.10626616646955067 0.058007935670145484 -0.08585739002687752
leaf_weight=7.6740611344575909 6.6988545805215827 61.622022449970245 6.4754708707332602 5.8357099592685682 6.3984032422304145 12.331946194171904 9.1942700743675214 25.30689112842083 94.750742733478546 5.0339909493923178 5.9252943247556669 4.3253056555986404 5.6824178844690323
leaf_count=41 28 265 29 27 26 50 37 105 408 21 39 20 40
internal_value=-0.000301822 -0.0299036 -0.0193449 0.0162934 0.0267882 -0.00552855 0.0369564 -0.0234679 0.0194014 -0.0116841 -0.0699505 0.100321 -0.0962753
internal_weight=257.255 92.4133 73.1315 164.842 111.31 53.532 15.8931 37.6388 101.149 66.656 19.2818 10.161 11.6077
internal_count=1136 435 315 701 481 220 65 155 434 286 120 47 79
is_linear=0
shrinkage=0.1


Tree=14
num_leaves=11
num_cat=0
split_feature=5 6 0 0 9 8 2 7 8 9
split_gain=10.7578 4.36285 6.00341 7.34319 5.83865 4.03605 2.58818 1.39445 1.4284 1.4308
threshold=3.9934235409010612 19.651284659508434 0.73731919241390653 0.6588349969083539 32.232550710378682 30.793095564700511 1.0070074751979672 5.1757812500000009 4.308413351623229 1.0608564988730278
decision_type=2 2 2 2 2 2 2 2 2 2
left_child=7 4 3 -3 5 -2 -4 8 9 -1
right_child=1 2 6 -5 -6 -7 -8 -9 -10 -11
leaf_value=-0.065956833637526413 -0.00015608381043271053 0.033436706355560779 0.046757026105783223 -0.09124374559094682 -0.099308124781254697 0.058227835217478909 0.13019514732605517 -0.0007855283919532643 -0.11391130870273942 -0.021520772544336902
leaf_weight=18.459236815571789 150.14749182760715 26.426447078585625 7.5255102068185789 5.7519300729036322 5.6102372258901587 12.854168951511381 7.3471382409334183 5.3483314067125312 3.7521949410438529 11.928832009434698
leaf_count=120 628 118 34 24 23 55 36 23 19 56
internal_value=-0.000277241 0.00850916 0.0354343 0.0111499 0.000995735 0.00444802 0.0879757 -0.0482633 -0.055701 -0.0485135
internal_weight=255.152 215.663 47.051 32.1784 168.612 163.002 14.8726 39.4886 34.1403 30.3881
internal_count=1136 918 212 142 706 683 70 218 195 176
is_linear=0
shrinkage=0.1


Tree=15
num_leaves=9
num_cat=0
split_feature=5 0 1 6 0 0 9 9
split_gain=9.02281 3.58645 3.53555 5.63804 2.83516 5.01345 3.5842 2.81017
threshold=10.883149044035203 0.64062709180871036 0.37372351775643975 1.0300525920360633 1.0180294889297923 0.97387313283979904 22.573187730226952 19.164553408013141
decision_type=2 2 2 2 2 2 2 2
left_child=1 2 3 -1 5 6 -2 -4
right_child=4 -3 7 -5 -6 -7 -8 -9
leaf_value=-0.064815428993466748 0.046549212981652696 0.050332684611943193 -0.092442653251796375 -0.00054769238535601848 -0.041552247966170963 0.097111077644246244 0.00557813321786903 -0.002679916157652131
leaf_weight=19.669912740588188 25.850142911076546 5.755520597100257 13.840348646044733 44.604233011603355 8.8261926770210248 7.3874097466468802 122.70486636459827 4.6626958549022666
leaf_count=129 107 24 64 191 37 32 532 20
internal_value=-0.000249377 -0.025997 -0.0313042 -0.0202156 0.0135852 0.016706 0.0127075 -0.0698228
internal_weight=253.301 88.5327 82.7772 64.2741 164.769 155.942 148.555 18.503
internal_count=1136 428 404 320 708 671 639 84
is_linear=0
shrinkage=0.1


Tree=16
num_leaves=9
num_cat=0
split_feature=5 8 6 0 9 9 7 4
split_gain=7.66997 4.13926 4.24519 5.22371 4.57109 1.10053 2.79351 1.19002
threshold=3.9934235409010612 8.053637539877851 19.651284659508434 0.7490069866180421 32.232550710378682 4.9864763335837727 2.7045552730560307 0.89843750000000011
decision_type=2 2 2 2 2 2 2 2
left_child=5 -2 4 -4 -3 6 7 -1
right_child=1 2 3 -5 -6 -7 -8 -9
leaf_value=-0.031430494285377135 0.10927804113446692 0.000774335526261312 0.010460229222314585 0.084494712342977105 -0.091232771037804361 -0.075388167689895091 0.026080609762292147 -0.077787317678435899
leaf_weight=14.644655659794813 3.8908919543027869 158.42370337247849 32.861670523881912 13.42338605225086 5.590330481529235 7.7774950265884391 6.2848451137542716 8.9050030559301359
leaf_count=94 16 667 146 66 23 37 28 59
internal_value=-0.000236761 0.00707683 0.00518594 0.0319314 -0.00236168 -0.0418857 -0.033152 -0.0489597
internal_weight=251.802 214.19 210.299 46.2851 164.014 37.612 29.8345 23.5497
internal_count=1136 918 902 212 690 218 181 153
is_linear=0
shrinkage=0.1


Tree=17
num_leaves=10
num_cat=0
split_feature=7 3 0 2 3 3 6 8 5
split_gain=6.84046 4.12554 3.45248 2.71875 3.31983 5.34982 2.5035 6.22847 2.24809
threshold=17.585384368896488 1.0262841041496567 0.62502598762512218 0.59604057327665283 1.0537929268360628 0.56603682657465326 24.463697984412473 34.261411144418211 10.883149044035203
decision_type=2 2 2 2 2 2 2 2 2
left_child=1 2 8 4 5 -2 7 -5 -1
right_child=3 -3 -4 6 -6 -7 -8 -9 -10
leaf_value=-0.027502598359308451 0.017494205622881429 -0.11946857398095821 0.062008579362700871 0.026838833278023905 0.072375668357258505 -0.047604742307795461 0.093798280225746211 -0.050174166060626205 0.042211654297485246
leaf_weight=73.198118604719639 26.333889484405518 4.2014506459236136 5.0763412564992896 91.082299500703812 4.9147156774997702 24.247543901205063 4.5449100732803336 11.87013804912567 4.9376444071531287
leaf_count=370 110 20 21 399 21 99 24 52 20
internal_value=-0.000217668 -0.0227868 -0.0179053 0.0118862 -0.00608874 -0.0137127 0.0211659 0.0179594 -0.0230971
internal_weight=250.407 87.4136 83.2121 162.993 55.4961 50.5814 107.497 102.952 78.1358
internal_count=1136 431 411 705 230 209 475 451 390
is_linear=0
shrinkage=0.1


Tree=18
num_leaves=11
num_cat=0
split_feature=5 2 3 3 6 8 6 6 0 6
split_gain=5.64708 3.18739 4.26308 4.79361 3.19933 3.59718 2.24179 2.91299 4.52812 1.79705
threshold=3.4740095883261359 1.0111323823104053 0.8330539593116687 0.93445798224115184 22.56688038525234 34.261411144418211 2.4199849737039822 1.0300525920360633 0.03130533546209336 0.97074274720355447
decision_type=2 2 2 2 2 2 2 2 2 2
left_child=6 4 -3 -4 5 -2 7 9 -9 -1
right_child=1 2 3 -5 -6 -7 -8 8 -10 -11
leaf_value=-0.030419191884166252 0.0011325715142476453 0.099664708142405009 -0.059638284794093346 0.040369991546730287 0.066764229303507658 -0.067370335530216638 -0.096264107577035601 0.075268045304663619 -0.064904123430361116 -0.099262572525149223
leaf_weight=13.799800835549837 167.03534017503262 7.690714716911315 6.4623747020959881 18.55164460837841 7.035649597644805 8.0342800915241224 5.5310878008604041 5.6742661744356138 3.8807575851678848 5.2282486185431472
leaf_count=93 710 38 29 85 33 34 26 24 21 43
internal_value=-0.000194135 0.00580818 0.0345521 0.0145328 0.000645984 -0.00201116 -0.0379895 -0.0267128 0.0183373 -0.049335
internal_weight=248.924 214.81 32.7047 25.014 182.105 175.07 34.1142 28.5831 9.55502 19.028
internal_count=1136 929 152 114 777 744 207 181 45 136
is_linear=0
shrinkage=0.1


Tree=19
num_leaves=12
num_cat=0
split_feature=7 3 0 1 1 1 0 6 2 1 7
split_gain=4.95945 3.49738 3.34777 2.56863 4.4087 4.11093 9.59218 3.99354 3.09248 2.81397 2.1325
threshold=17.903672695159916 1.0010794515457233 0.62502598762512218 0.90173168565855966 0.85790615497197631 0.95093633218369755 0.88674679026007663 18.570154536774243 0.53468863886212514 0.92691506497404597 16.35304911546854
decision_type=2 2 2 2 2 2 2 2 2 2 2
left_child=1 2 10 4 8 9 -7 -6 -2 -5 -1
right_child=3 -3 -4 5 7 6 -8 -9 -10 -11 -12
leaf_value=-0.014817657524648887 -0.009151452202921689 -0.096591909185083077 0.066537833209129954 0.034048374940751469 -0.087716137313660791 -0.095088635825754941 0.086599670667246276 0.018118554847214221 0.023933739900547438 0.12452567836724725 -0.082529150656057607
leaf_weight=72.515796206891537 45.899643465876579 5.4844146817922583 4.8432852476835242 7.3536869287490862 9.1217643320560438 5.8194204121828061 5.8037349879741669 5.8531029671430579 73.476132944226265 6.4547587186098099 4.969978764653205
leaf_count=373 191 26 20 34 38 26 28 27 323 30 20
internal_value=-0.000179048 -0.0192701 -0.0141192 0.010313 0.00479666 0.039455 -0.00436708 -0.0463494 0.0112126 0.076342 -0.0191607
internal_weight=247.596 87.8135 82.3291 159.782 134.351 25.4316 11.6232 14.9749 119.376 13.8084 77.4858
internal_count=1136 439 413 697 579 118 54 65 514 64 393
is_linear=0
shrinkage=0.1


Tree=20
num_leaves=10
num_cat=0
split_feature=5 4 7 8 2 1 9 4 9
split_gain=4.33821 2.7348 4.69029 3.20588 2.75339 2.43778 1.93099 2.96044 0.801153
threshold=3.4740095883261359 19.993194550275806 31.007161993325891 7.6666666666666679 1.1107509191895464 0.90173168565855966 4.9864763335837727 2.2099914550781254 1.0608564988730278
decision_type=2 2 2 2 2 2 2 2 2
left_child=6 3 -3 -2 -5 -4 7 8 -1
right_child=1 2 5 4 -6 -7 -8 -9 -10
leaf_value=-0.049308265381709543 0.075071076330083017 0.10717902495593533 0.000247741008258471 -0.0069586262165743252 0.045996231368544832 0.057203161863625833 -0.089017580038860233 0.062670366711720119 -0.011336124987903082
leaf_weight=15.526620656251913 5.3662359416484824 6.2260002493858329 31.069245755672455 150.34914518892765 10.504792064428328 9.9125065207481367 5.32775855064392 3.5008925646543494 8.6527281254529935
leaf_count=120 24 32 140 634 49 50 27 16 44
internal_value=-0.000148981 0.00506882 0.0263097 -0.000963743 -0.00350033 0.0140239 -0.033887 -0.0232757 -0.0357197
internal_weight=246.436 213.428 47.2078 166.22 160.854 40.9818 33.008 27.6802 24.1793
internal_count=1136 929 222 707 683 190 207 180 164
is_linear=0
shrinkage=0.1


Tree=21
num_leaves=9
num_cat=0
split_feature=8 8 4 7 8 9 4 4
split_gain=3.66536 4.4697 2.7239 4.12832 2.62557 2.38087 1.96511 0.814283
threshold=6.3889372245416345 7.2598478508565565 19.993194550275806 32.795674737667021 32.869203496856485 5.0428249436513903 2.2099914550781254 1.0000000180025095e-35
decision_type=2 2 2 2 2 2 2 2
left_child=5 -2 4 -4 -3 6 7 -1
right_child=1 2 3 -5 -6 -7 -8 -9
leaf_value=-0.00036487336540700553 0.11429643927713778 -0.00092530984630386024 0.07034726911797419 0.0049154069680733044 -0.068335256473100972 -0.11032447729285942 0.036094419121005868 -0.044134565862616652
leaf_weight=5.5353217273950639 3.6514473706483832 156.77019888162613 13.610523149371145 33.075685977935791 5.9990700632333747 3.4342117607593527 4.8099540174007407 18.310073152184486
leaf_count=34 16 666 69 153 26 19 22 131
internal_value=-0.000134626 0.00460981 0.00269764 0.0239909 -0.00340979 -0.0316424 -0.0222128 -0.0339741
internal_weight=245.196 213.107 209.455 46.6862 162.769 32.0896 28.6553 23.8454
internal_count=1136 930 914 222 692 206 187 165
is_linear=0
shrinkage=0.1


Tree=22
num_leaves=8
num_cat=0
split_feature=4 7 4 8 2 1 2
split_gain=3.34283 3.96058 4.98663 2.96346 3.01094 2.35351 1.94996
threshold=7.4218750000000009 14.031250000000002 8.5135803222656268 13.900513124514143 0.70971166960039966 0.34546115603090904 1.0111323823104053
decision_type=2 2 2 2 2 2 2
left_child=3 -2 -3 4 5 -1 -4
right_child=1 2 6 -5 -6 -7 -8
leaf_value=-0.012565590829772939 0.076085406026163829 -0.12035916861610413 0.0009675342977093996 -0.10358602286029001 0.059819777423069022 -0.071455185603203603 0.029090599156005127
leaf_weight=45.003658026456833 7.8706050813198081 3.1877430975437155 141.36806501448154 3.986727073788642 4.9883325770497313 7.9914949089288703 29.862779229879379
leaf_count=257 32 13 606 18 25 41 144
internal_value=-0.000124584 0.00669633 0.00356516 -0.0201887 -0.0144546 -0.0214459 0.00587222
internal_weight=244.259 182.289 174.419 61.9702 57.9835 52.9952 171.231
internal_count=1136 795 763 341 323 298 750
is_linear=0
shrinkage=0.1


Tree=23
num_leaves=8
num_cat=0
split_feature=6 4 9 7 9 7 4
split_gain=2.95637 2.75259 2.68391 3.64508 1.76993 2.17528 1.11086
threshold=3.7893769347982884 1.3671753508970144 9.0692047860615599 9.2879257202148455 4.9864763335837727 2.7045552730560307 0.89843750000000011
decision_type=2 2 2 2 2 2 2
left_child=4 -2 -3 -4 5 6 -1
right_child=1 2 3 -5 -6 -7 -8
leaf_value=-0.015732434577457294 0.38314223725644492 0.059680699926520211 -0.04922615237775322 0.0051286206522912475 -0.079712097679519381 0.033297505412509018 -0.063872591980881993
leaf_weight=13.038857728242879 0.19152531027793784 8.27689031511545 13.198433339595793 189.16706658154726 5.5302276760339728 6.4024504721164694 7.5800547003746024
leaf_count=94 1 36 62 828 27 29 59
internal_value=-0.00011965 0.00421095 0.0038664 0.00158356 -0.0281686 -0.0176196 -0.03343
internal_weight=243.386 210.834 210.642 202.365 32.5516 27.0214 20.6189
internal_count=1136 927 926 890 209 182 153
is_linear=0
shrinkage=0.1


Tree=24
num_leaves=14
num_cat=0
split_feature=2 1 4 7 4 9 7 0 7 1 6 9 6
split_gain=2.60603 5.92689 4.21376 5.68573 2.79303 2.674 2.62601 2.55501 5.10958 4.84966 4.32316 4.28305 2.86776
threshold=0.70613464338683285 0.65537687529549626 12.143156528472902 22.688937074039135 8.161384582519533 30.900661626423311 17.903672695159916 0.5625083672348411 29.652231656868029 0.42371589696692608 11.845364499012545 25.768259103817748 1.0300525920360633
decision_type=2 2 2 2 2 2 2 2 2 2 2 2 2
left_child=7 5 4 -4 -3 6 -2 9 10 12 -9 -11 -1
right_child=1 2 3 -5 -6 -7 -8 8 -10 11 -12 -13 -14
leaf_value=-0.045445661808471267 0.032591619514293069 0.0076107452125522548 0.10618668246788517 0.00033882042054765756 -0.1011131531232083 0.013267121316808246 0.12507962675464993 -0.0035686323199587301 -0.050144786349287332 -0.10551564705621226 0.083091164691148092 -0.0035198658362614712 0.00098282345189148221
leaf_weight=16.074640564620495 5.1053369641304034 3.7740820199251157 5.5073462426662436 64.620110183954239 6.3186127543449402 7.5801488012075415 7.7000626772642136 11.271739035844808 8.469582185149191 10.325843594968321 11.765217885375021 6.8471460044383994 77.177611395716667
leaf_count=129 22 20 24 301 26 34 36 47 36 48 50 29 334
internal_value=-0.000119755 0.0121922 -4.3254e-05 0.00865141 -0.0604567 0.0603407 0.0882059 -0.00884689 0.0162714 -0.0160136 0.0406894 -0.0648483 -0.00702043
internal_weight=242.537 100.606 80.2202 70.1275 10.0927 20.3855 12.8054 141.932 31.5065 110.425 23.037 17.173 93.2523
internal_count=1136 463 371 325 46 92 58 673 133 540 97 77 463
is_linear=0
shrinkage=0.1


Tree=25
num_leaves=11
num_cat=0
split_feature=4 7 2 1 1 2 2 1 1 8
split_gain=2.5142 3.6572 2.18918 3.95237 5.79979 5.27446 2.24029 1.92734 2.26901 2.1832
threshold=19.993194550275806 31.007161993325891 1.1107509191895464 0.81045596945700027 0.75233163520166868 0.83173516512334644 1.1827657000580565 0.90173168565855966 0.7153101357817474 34.182152236403802
decision_type=2 2 2 2 2 2 2 2 2 2
left_child=2 -2 3 4 -1 -5 -4 8 -3 -9
right_child=1 7 6 5 -6 -7 -8 9 -10 -11
leaf_value=-0.0060913074388137846 0.096513106515865699 0.023926037948463891 0.080239225738493805 0.012331164163266821 0.075208317948072034 -0.074975078292090755 -0.014185317047755792 0.097916012272960873 -0.030418344750177063 0.0021622092278416032
leaf_weight=146.44208876788616 5.6204379945993415 16.270459428429607 5.8800769150257093 11.263187900185587 9.3340524882078153 17.943666994571686 4.3875246345996857 4.731683172285555 14.556620717048643 4.7932066097855568
leaf_count=701 32 73 28 47 40 77 21 25 67 25
internal_value=-0.000100628 0.020939 -0.00505448 -0.00754915 -0.00121986 -0.0413067 0.03989 0.0104126 -0.00173551 0.0497299
internal_weight=241.223 45.9724 195.251 184.983 155.776 29.2069 10.2676 40.352 30.8271 9.52489
internal_count=1136 222 914 865 741 124 49 190 140 50
is_linear=0
shrinkage=0.1


Tree=26
num_leaves=7
num_cat=0
split_feature=5 8 3 4 3 6
split_gain=2.29117 4.23828 5.3657 4.13795 3.15974 2.99449
threshold=24.28384387882404 34.261411144418211 0.85122118892537091 19.993194550275806 0.54341739503008413 20.654069699828209
decision_type=2 2 2 2 2 2
left_child=1 3 -3 5 -5 -1
right_child=-2 2 -4 4 -6 -7
leaf_value=-0.0056077195574460838 0.056942376474801937 -0.11316379345859924 0.012829316029992269 0.11764357660543925 0.023563525602163755 0.069053302003940983
leaf_weight=188.02969325333834 6.8478484079241744 7.4307758808135969 6.2007289379835129 4.2480526193976429 22.362442143261433 5.5299711376428595
leaf_count=882 36 32 28 22 111 25
internal_value=-7.17718e-05 -0.00174167 -0.0558518 0.00160848 0.0385823 -0.00347467
internal_weight=240.65 233.802 13.6315 220.17 26.6105 193.56
internal_count=1136 1100 60 1040 133 907
is_linear=0
shrinkage=0.1


Tree=27
num_leaves=8
num_cat=0
split_feature=2 3 3 9 6 8 3
split_gain=2.05223 3.74874 3.91233 4.35779 2.65339 2.57024 2.05907
threshold=1.0111323823104053 0.8330539593116687 0.93445798224115184 33.792452667912436 22.138881134370205 34.261411144418211 1.1654412929683347
decision_type=2 2 2 2 2 2 2
left_child=4 -2 -3 -4 5 6 -1
right_child=1 2 3 -5 -6 -7 -8
leaf_value=-0.0017952311362735601 0.088589540488192467 -0.061992074805597798 0.058109220741043549 -0.057255513613675028 0.052471611386990857 -0.063573970693918611 -0.0609316302809223
leaf_weight=187.52380345016718 6.9622218161821392 6.3595054149627712 13.221963018178942 4.3520682454109183 8.1107029244303686 7.432992383837699 6.0787890255451194
leaf_count=886 38 29 64 21 39 31 28
internal_value=-5.13374e-05 0.0240059 0.00521858 0.0295401 -0.00360514 -0.00586754 -0.00365201
internal_weight=240.042 30.8958 23.9335 17.574 209.146 201.036 193.603
internal_count=1136 152 114 85 984 945 914
is_linear=0
shrinkage=0.1


Tree=28
num_leaves=7
num_cat=0
split_feature=9 4 8 8 9 6
split_gain=2.00124 2.2536 2.04611 1.64992 2.09929 0.233526
threshold=1.0608564988730278 0.25265498183944152 1.2487169058517147 1.4991446039011433 2.7751085060012048 0.85929922819479543
decision_type=2 2 2 2 2 2
left_child=1 -1 -2 -4 -5 -3
right_child=2 5 3 4 -6 -7
leaf_value=0.008287450703662734 0.17657428012090859 -0.089514822975405528 -0.1203675113826503 0.071384900389210776 0.00094187471365064172 -0.054408715430565018
leaf_weight=6.0774503350257856 0.67104937136173148 4.1127122342586517 1.1019268110394467 4.3135370910167685 219.86331105977297 3.513647086918354
leaf_count=41 5 39 8 20 983 40
internal_value=-3.37828e-05 -0.0371397 0.00221668 0.00169731 0.00229732 -0.0733406
internal_weight=239.654 13.7038 225.95 225.279 224.177 7.62636
internal_count=1136 120 1016 1011 1003 79
is_linear=0
shrinkage=0.1


Tree=29
num_leaves=13
num_cat=0
split_feature=2 2 0 4 3 7 0 7 1 1 3 3
split_gain=1.8383 5.45855 4.27981 4.30688 3.6054 2.74441 1.91177 4.2767 3.99943 3.90578 3.71024 2.68748
threshold=0.70613464338683285 0.75956470822559052 0.62366408686739316 10.871795654296877 0.85122118892537091 28.072846819716787 0.5625083672348411 29.652231656868029 0.42371589696692608 0.45037902013543313 1.0280803414857522 0.71102911766929811
decision_type=2 2 2 2 2 2 2 2 2 2 2 2
left_child=6 5 4 -4 -3 -2 8 10 11 -10 -8 -1
right_child=1 2 3 -5 -6 -7 7 -9 9 -11 -12 -13
leaf_value=-0.010875973683385736 0.12725280853189869 -0.010823775505414357 -0.1214703824161916 -0.0081613233214684801 0.053140232302503934 0.021883507582677972 0.062020434081404854 -0.046195672796626612 -0.14694604533195979 -0.032308392235257256 -0.028120150188654991 0.048309782587346112
leaf_weight=83.566287942230701 5.5587524399161321 14.362337499856947 3.604761689901351 48.327463701367378 22.80343160033226 4.4511696100234985 16.439011633396156 8.486160606145857 3.8434606418013599 13.108155801892279 6.3224668204784384 8.4476119726896268
leaf_count=427 25 68 15 225 110 20 70 36 20 57 27 36
internal_value=-4.38492e-05 0.0103807 0.0025145 -0.0160264 0.028422 0.0803976 -0.00741232 0.0143928 -0.0136653 -0.0583003 0.036982 -0.00544225
internal_weight=239.321 99.1079 89.098 51.9322 37.1658 10.0099 140.213 31.2476 108.966 16.9516 22.7615 92.0139
internal_count=1136 463 418 240 178 45 673 133 540 77 97 463
is_linear=0
shrinkage=0.1


Tree=30
num_leaves=12
num_cat=0
split_feature=4 8 7 4 0 0 0 0 2 5 2
split_gain=1.80823 2.97187 2.48093 3.48608 3.15911 2.86851 3.3839 3.22916 2.42039 3.29251 2.50977
threshold=19.586687804199759 32.869203496856485 35.332853317260749 22.015625000000004 0.75130884884856652 0.55091027356684219 0.40393066406250006 0.67655944824218761 1.1003750185853691 19.223098858242022 1.1661708195941662
decision_type=2 2 2 2 2 2 2 2 2 2 2
left_child=1 8 5 -4 -5 6 -2 -7 9 -1 -10
right_child=2 -3 3 4 -6 7 -8 -9 10 -11 -12
leaf_value=-0.0025342501372484713 0.01989370755110622 -0.076318926774926799 -0.091593097224965919 -0.017507315119122121 0.076460889934793011 -0.069264548352146377 0.13856472231611353 0.034690078518315841 0.099708958099478662 -0.083775505029653724 -0.0042131167926844938
leaf_weight=169.50814718753099 4.6795801967382449 5.5858177542686454 4.1014607995748547 11.709565490484239 5.1517343223094931 3.7571964412927654 4.9388571083545685 14.598531164228914 4.6205841898918134 5.1398013681173316 4.675360307097435
leaf_count=803 23 24 17 53 26 19 27 77 22 22 23
internal_value=-3.60069e-05 -0.0044608 0.0171009 -0.00890924 0.0112034 0.0365919 0.0808287 0.0134118 -0.00227868 -0.00492514 0.0474417
internal_weight=238.467 189.53 48.9369 20.9628 16.8613 27.9742 9.61844 18.3557 183.944 174.648 9.29594
internal_count=1136 894 242 96 79 146 50 96 870 825 45
is_linear=0
shrinkage=0.1


Tree=31
num_leaves=12
num_cat=0
split_feature=6 0 0 9 1 9 8 5 8 3 9
split_gain=1.77866 4.66602 5.39714 3.79084 2.92708 2.8982 3.5226 4.88123 2.87914 2.79065 0.623618
threshold=19.607716439796118 0.75130884884856652 0.62366408686739316 33.792452667912436 0.75415333028501796 32.232550710378682 30.793095564700511 18.311335841563242 32.475810214233569 0.71102911766929811 33.000375657400461
decision_type=2 2 2 2 2 2 2 2 2 2 2
left_child=5 2 4 -4 -2 6 7 -1 -8 -3 -11
right_child=1 9 3 -5 -6 -7 8 -9 -10 10 -12
leaf_value=-0.0013539001468226303 0.0056434865416837747 0.0033255876425575732 -0.00019387619407865584 -0.12266704444110157 0.087870262788818626 -0.081457877898134343 0.096501061831528692 -0.068681457397725604 -0.0027264871992485297 0.080768746080478085 0.13923001640037189
leaf_weight=165.59494592994452 17.491268299520019 3.6517638862133008 5.0463033616542798 5.0628457963466644 5.7531567215919486 4.7305921614170066 6.3443830609321576 11.517147749662398 5.4241361320018768 3.6000958681106567 3.6999107599258423
leaf_count=791 82 22 23 22 30 20 29 52 24 21 20
internal_value=-1.18869e-05 0.0180628 -0.000533063 -0.0615307 0.0259952 -0.00414804 -0.00221178 -0.00573204 0.0507669 0.0746964 0.110399
internal_weight=237.917 44.3053 33.3536 10.1091 23.2444 193.611 188.881 177.112 11.7685 10.9518 7.30001
internal_count=1136 220 157 45 112 916 896 843 53 63 41
is_linear=0
shrinkage=0.1


Tree=32
num_leaves=6
num_cat=0
split_feature=5 9 6 2 0
split_gain=1.64648 2.83703 2.54564 3.08815 2.64295
threshold=24.28384387882404 36.869219517685842 21.059972325539146 1.1214062260343445 0.7490069866180421
decision_type=2 2 2 2 2
left_child=1 2 3 -1 -4
right_child=-2 -3 4 -5 -6
leaf_value=-0.0048458853753348312 0.049918447933147786 -0.076422963092520821 0.012413054363933213 0.054093452451982549 0.11165916655349423
leaf_weight=204.40601912885904 6.4312001019716254 4.9301608204841605 8.2732031643390638 9.2939115911722165 3.9712634459137908
leaf_count=969 36 22 40 47 22
internal_value=1.09283e-05 -0.00137929 0.000258184 -0.00228259 0.0446017
internal_weight=237.306 230.875 225.944 213.7 12.2445
internal_count=1136 1100 1078 1016 62
is_linear=0
shrinkage=0.1


Tree=33
num_leaves=7
num_cat=0
split_feature=7 8 4 8 9 6
split_gain=1.52466 5.62888 2.38722 1.90957 1.79349 0.271762
threshold=1.051591362571344 1.2487169058517147 0.25265498183944152 1.4991446039011433 1.6751148894906696 0.85929922819479543
decision_type=2 2 2 2 2 2
left_child=2 -2 -1 -3 -5 -4
right_child=1 3 5 4 -6 -7
leaf_value=0.014857111494612949 0.37760068568388294 -0.11731633040293997 -0.088523806284477022 0.28302577648010224 0.0017252214424432113 -0.049784901376861777
leaf_weight=5.7875807136297208 0.39820524305105109 1.3491961359977711 4.0245149657130241 0.22688294947147269 221.73612260073423 3.2923481240868568
leaf_count=39 3 11 40 1 1002 40
internal_value=1.96339e-05 0.00196163 -0.0331329 0.0012918 0.00201276 -0.0710926
internal_weight=236.815 223.71 13.1044 223.312 221.963 7.31686
internal_count=1136 1017 119 1014 1003 80
is_linear=0
shrinkage=0.1


Tree=34
num_leaves=8
num_cat=0
split_feature=8 8 6 4 9 4 0
split_gain=1.36973 3.97677 2.43364 2.74986 2.34497 1.17854 0.823604
threshold=6.3889372245416345 7.6666666666666679 3.7893769347982884 2.2099914550781254 5.0428249436513903 2.2099914550781254 0.03130533546209336
decision_type=2 2 2 2 2 2 2
left_child=4 -2 -3 -4 5 6 -1
right_child=1 2 3 -5 -6 -7 -8
leaf_value=-0.0118540390837022 0.092353168658967866 -0.10546056158037886 0.24029558999132061 0.001265770767324848 -0.10190987644105975 0.034509617690876314 -0.065257302440581921
leaf_weight=17.779788941144954 4.848422944545745 2.1362282633781424 0.48245100677013297 199.84450181573629 3.1415380835533133 4.763782672584056 3.4479412212967864
leaf_count=138 21 10 2 897 19 22 27
internal_value=-6.57777e-07 0.00285255 0.000709266 0.00184143 -0.0203042 -0.0104407 -0.0205281
internal_weight=236.445 207.312 202.463 200.327 29.1331 25.9915 21.2277
internal_count=1136 930 909 899 206 187 165
is_linear=0
shrinkage=0.1


Tree=35
num_leaves=6
num_cat=0
split_feature=5 5 5 8 2
split_gain=1.35131 2.7275 2.91362 4.87548 3.57805
threshold=24.28384387882404 22.761211008521183 20.2874561804603 33.16415180612713 0.61449468791550876
decision_type=2 2 2 2 2
left_child=1 2 3 -1 -4
right_child=-2 -3 4 -5 -6
leaf_value=-0.00035657798546658514 0.045746916934935142 -0.060001784953098485 -0.035761263836505512 -0.098442879904702185 0.060877036554876009
leaf_weight=196.40762238949537 6.2824112102389327 7.6417833864688864 5.1073045879602459 5.2017970383167258 15.335263796150683
leaf_count=938 36 35 22 23 82
internal_value=-9.79958e-06 -0.0012613 0.000760215 -0.00288734 0.0367332
internal_weight=235.976 229.694 222.052 201.609 20.4426
internal_count=1136 1100 1065 961 104
is_linear=0
shrinkage=0.1


Tree=36
num_leaves=8
num_cat=0
split_feature=7 7 5 9 9 8 8
split_gain=1.24248 3.45452 3.70605 3.73972 3.37612 3.7446 2.81741
threshold=17.585384368896488 16.493347167968754 10.883149044035203 21.104857035378327 11.787063979868414 16.449931412894383 17.791037951531784
decision_type=2 2 2 2 2 2 2
left_child=1 2 3 -1 -2 -6 -7
right_child=4 -3 -4 -5 5 6 -8
leaf_value=-0.0043047404359969057 0.11674059141064826 -0.083768134616209494 0.082767438388329478 -0.10432078059027985 -0.14531058944111983 0.13261527952352556 0.003462970156995654
leaf_weight=65.889654241502285 2.6681049019098273 5.8974678516387931 4.5915573090314856 3.9633962959051123 1.6774988770484913 1.708394557237624 149.25571524351835
leaf_count=370 11 24 19 18 7 7 680
internal_value=2.30019e-07 -0.0100955 -0.00425915 -0.00997956 0.00522276 0.00327348 0.00492453
internal_weight=235.652 80.3421 74.4446 69.8531 155.31 152.642 150.964
internal_count=1136 431 407 388 705 694 687
is_linear=0
shrinkage=0.1


Tree=37
num_leaves=8
num_cat=0
split_feature=9 6 8 2 7 8 2
split_gain=1.21611 2.2464 2.95035 3.01583 1.34921 2.94348 0.745859
threshold=38.360036343359077 20.75263966693274 33.937684007416912 1.1214062260343445 36.088989257812507 33.732590352358294 0.91416815082118752
decision_type=2 2 2 2 2 2 2
left_child=1 2 3 -1 5 -3 -6
right_child=-2 4 -4 -5 6 -7 -8
leaf_value=-0.0028488970404063774 -0.049150322534386504 0.017167677080230759 -0.078974659194405689 0.059818319608664274 -0.029751201023772447 0.11266301092195984 0.029852247424131867
leaf_weight=194.57192926108837 4.9290615692734709 9.5818078890442866 4.8910236507654181 7.9949199855327597 4.359092712402342 4.8673501387238494 4.0502182990312576
leaf_count=930 25 53 21 42 19 25 21
internal_value=-2.19781e-06 0.00104963 -0.0022286 -0.000375544 0.030802 0.0493363 -0.0010441
internal_weight=235.245 230.316 207.458 202.567 22.8585 14.4492 8.40931
internal_count=1136 1111 993 972 118 78 40
is_linear=0
shrinkage=0.1


Tree=38
num_leaves=6
num_cat=0
split_feature=6 9 4 0 4
split_gain=1.25134 2.96556 1.79943 2.47217 2.1812
threshold=24.463697984412473 36.869219517685842 19.993194550275806 0.55091027356684219 17.38626861572266
decision_type=2 2 2 2 2
left_child=1 2 4 -4 -1
right_child=-2 -3 3 -5 -6
leaf_value=0.0017418735169320119 0.050630674194593821 -0.080152396600774112 0.060659766543864763 0.0031592756832741578 -0.02629730909609573
leaf_weight=157.56670302152634 4.7834034860134116 4.6432369500398627 11.036270156502722 23.185337714850903 33.672715172171593
leaf_count=764 30 20 57 117 148
internal_value=7.17912e-06 -0.00104518 0.000583985 0.0217029 -0.00319516
internal_weight=234.888 230.104 225.461 34.2216 191.239
internal_count=1136 1106 1086 174 912
is_linear=0
shrinkage=0.1


Tree=39
num_leaves=7
num_cat=0
split_feature=9 6 0 0 0 0
split_gain=1.65901 2.0393 3.99664 5.89059 2.30336 3.88224
threshold=39.026069500708026 21.059972325539146 0.7490069866180421 0.62032598124536442 1.0082846879959109 0.97387313283979904
decision_type=2 2 2 2 2 2
left_child=1 4 3 -3 5 -1
right_child=-2 2 -4 -5 -6 -7
leaf_value=-0.0018946044015726521 -0.063202073766666575 0.052234157524044859 0.11003882432101338 -0.086954179198267478 -0.05033516564464631 0.077767122763728214
leaf_weight=196.54194666445255 4.0794053897261611 8.9462379738688487 4.9346293359994879 4.6059971153736106 9.2903147339820844 6.3141635209321967
leaf_count=949 21 46 32 20 39 29
internal_value=1.2773e-05 0.00113091 0.032985 0.00492823 -0.00164492 0.000584972
internal_weight=234.713 230.633 18.4869 13.5522 212.146 202.856
internal_count=1136 1115 98 66 1017 978
is_linear=0
shrinkage=0.1


Tree=40
num_leaves=7
num_cat=0
split_feature=9 2 2 6 0 1
split_gain=1.3157 1.79417 3.24368 1.96533 3.31442 2.82282
threshold=39.026069500708026 1.1214062260343445 1.1661708195941662 21.059972325539146 0.71931409198335372 0.8236483447833346
decision_type=2 2 2 2 2 2
left_child=1 3 -3 5 -5 -1
right_child=-2 2 -4 4 -6 -7
leaf_value=0.0016362753068427519 -0.055705489876168163 0.10697267280748493 -0.0031419965497041153 -4.6023302298502545e-05 0.096502259827050768 -0.030105468976485923
leaf_weight=169.57638877630234 4.1608916223049155 4.4001973271369916 6.8236542195081711 10.382971428334711 5.4074204787611952 33.562079519033432
leaf_count=821 21 24 36 50 35 149
internal_value=2.51732e-05 0.00103272 0.0400273 -0.000966424 0.0330169 -0.00360802
internal_weight=234.314 230.153 11.2239 218.929 15.7904 203.138
internal_count=1136 1115 60 1055 85 970
is_linear=0
shrinkage=0.1


Tree=41
num_leaves=5
num_cat=0
split_feature=6 9 3 1
split_gain=1.139 2.29409 1.58268 2.90693
threshold=24.463697984412473 36.869219517685842 1.3145182259670452 0.92691506497404597
decision_type=2 2 2 2
left_child=1 2 3 -1
right_child=-2 -3 -4 -5
leaf_value=-0.0012731813685301536 0.049048519086650463 -0.070305701527026657 -0.055042024808241143 0.045479451198185139
leaf_weight=205.5564066618681 4.64706066250801 4.6731557995080939 5.0187978148460379 14.219046100974081
leaf_count=990 30 20 24 72
internal_value=3.46026e-05 -0.000958003 0.000483638 0.00175162
internal_weight=234.114 229.467 224.794 219.775
internal_count=1136 1106 1086 1062
is_linear=0
shrinkage=0.1


Tree=42
num_leaves=7
num_cat=0
split_feature=9 4 4 5 4 6
split_gain=1.11936 1.79521 1.73864 4.0501 1.7808 0.233499
threshold=1.0608564988730278 0.25265498183944152 0.50530996367888303 0.99648377900759655 0.73415631614625465 0.85929922819479543
decision_type=2 2 2 2 2 2
left_child=1 -1 -2 -4 -5 -3
right_child=2 5 3 4 -6 -7
leaf_value=0.010620027073896339 -0.12708331868319794 -0.082743346558840802 0.18118615295711615 0.28077923969805613 0.00097574277444830132 -0.044999217491509376
leaf_weight=5.9899220764636976 1.0436225906014431 3.4948445186018944 1.2583385258913029 0.22769849002361198 218.7659729346633 3.0866016075015068
leaf_count=41 7 39 7 1 1001 40
internal_value=3.54995e-05 -0.028991 0.00168444 0.00229458 0.00126667 -0.0650419
internal_weight=233.867 12.5714 221.296 220.252 218.994 6.58145
internal_count=1136 120 1016 1009 1002 79
is_linear=0
shrinkage=0.1


Tree=43
num_leaves=5
num_cat=0
split_feature=9 8 7 8
split_gain=1.06784 1.49374 2.39004 2.48814
threshold=39.026069500708026 36.840286181705615 36.088989257812507 33.732590352358294
decision_type=2 2 2 2
left_child=1 2 3 -1
right_child=-2 -3 -4 -5
leaf_value=-0.00041012784060209383 -0.050106274373267583 0.049364997523843705 -0.055225975474685031 0.060721279509774441
leaf_weight=208.6701432839036 4.1740393191575995 6.1957325860857955 7.6812266558408728 6.8774774968624106
leaf_count=1014 21 32 34 35
internal_value=1.93979e-05 0.00093136 -0.000412919 0.00154039
internal_weight=233.599 229.425 223.229 215.548
internal_count=1136 1115 1083 1049
is_linear=0
shrinkage=0.1


Tree=44
num_leaves=8
num_cat=0
split_feature=5 9 6 4 6 7 0
split_gain=1.00955 2.97976 3.25037 3.02169 1.18328 1.29135 1.43947
threshold=3.9934235409010612 9.0692047860615599 5.0454545454545459 2.9296875000000004 2.4199849737039822 5.4384765625000009 0.03130533546209336
decision_type=2 2 2 2 2 2 2
left_child=4 -2 -3 -4 5 6 -1
right_child=1 2 3 -5 -6 -7 -8
leaf_value=-0.0010862572401907284 0.063671046944649021 -0.11874730836811012 0.12751863702402363 0.00033512423754112263 -0.053841428732626706 0.060543973711090208 -0.064507098533549953
leaf_weight=16.955035902559768 7.6827711164951316 2.2713953554630271 1.8865171968936909 190.84409763291478 6.7504337802529326 2.5689873695373526 4.5363367423415175
leaf_count=136 32 10 8 868 36 12 34
internal_value=2.14601e-05 0.00258515 0.000178462 0.00158004 -0.0168434 -0.00646319 -0.0144729
internal_weight=233.496 202.685 195.002 192.731 30.8108 24.0604 21.4914
internal_count=1136 918 886 876 218 182 170
is_linear=0
shrinkage=0.1


Tree=45
num_leaves=6
num_cat=0
split_feature=1 1 0 1 0
split_gain=1.00306 4.09805 2.98598 2.30685 1.67854
threshold=0.96136165975300936 0.92691506497404597 1.0204879045486452 0.94344776125221452 0.97810717461004526
decision_type=2 2 2 2 2
left_child=1 2 4 -3 -1
right_child=-2 3 -4 -5 -6
leaf_value=-0.0011346880911502911 -0.035530158270522916 0.11974927519124534 -0.06902063541893752 0.017065298402753351 0.047803638984175417
leaf_weight=203.04598049074411 7.6783774308860293 4.3676265403628332 6.3548746630549422 4.3837251216173172 7.2591877281665793
leaf_count=990 38 24 27 24 33
internal_value=1.29563e-05 0.00122369 -0.00148618 0.0683128 0.000554536
internal_weight=233.09 225.411 216.66 8.75135 210.305
internal_count=1136 1098 1050 48 1023
is_linear=0
shrinkage=0.1


Tree=46
num_leaves=7
num_cat=0
split_feature=6 8 3 6 8 3
split_gain=0.945429 1.88911 2.45961 2.92932 2.38578 1.9545
threshold=24.463697984412473 34.261411144418211 0.9390134072024785 21.927934477172695 33.732590352358294 1.3145182259670452
decision_type=2 2 2 2 2 2
left_child=1 4 3 -3 5 -1
right_child=-2 2 -4 -5 -6 -7
leaf_value=0.0013874932845200803 0.045384079572180998 -0.11797350083445945 0.021915618543675963 -0.0084000752441339196 0.071702533841664862 -0.063844426231294979
leaf_weight=204.17629400640726 4.505077149718999 5.0120514929294568 4.94654457271099 4.754009336233139 4.7350860312581053 4.6989129930734626
leaf_count=994 30 21 23 22 24 22
internal_value=1.91281e-05 -0.000875975 -0.0355353 -0.0646344 0.00151122 -7.99816e-05
internal_weight=232.828 228.323 14.7126 9.76606 213.61 208.875
internal_count=1136 1106 66 43 1040 1016
is_linear=0
shrinkage=0.1


Tree=47
num_leaves=7
num_cat=0
split_feature=9 6 4 2 9 8
split_gain=1.02934 1.35895 3.88274 2.7838 2.31655 2.82444
threshold=39.026069500708026 19.607716439796118 17.64719099586242 0.46618874994373222 32.232550710378682 30.793095564700511
decision_type=2 2 2 2 2 2
left_child=1 4 -3 -4 5 -1
right_child=-2 2 3 -5 -6 -7
leaf_value=-0.0039103339559746608 -0.049334538807111201 0.1073011824444659 0.10143801393687146 -0.002222691161004417 -0.072627225561448058 0.047359394484390742
leaf_weight=175.07864611595869 4.1501986086368552 4.3384780436754218 2.8339132964611045 30.181191485375166 4.5961774438619605 11.447655484080313
leaf_count=843 21 21 13 165 20 53
internal_value=2.10174e-05 0.000917546 0.0183625 0.00667522 -0.00249196 -0.000763763
internal_weight=232.626 228.476 37.3536 33.0151 191.122 186.526
internal_count=1136 1115 199 178 916 896
is_linear=0
shrinkage=0.1


Tree=48
num_leaves=6
num_cat=0
split_feature=5 5 5 8 2
split_gain=0.93828 2.43208 1.69443 3.83701 2.89174
threshold=24.28384387882404 22.761211008521183 20.2874561804603 33.16415180612713 0.61449468791550876
decision_type=2 2 2 2 2
left_child=1 2 3 -1 -4
right_child=-2 -3 4 -5 -6
leaf_value=0.0004298336793791582 0.039532183456300621 -0.057138598717437539 -0.03630276539883482 -0.087472838523785151 0.052214005384550323
leaf_weight=194.59272414445877 5.8598527871072283 7.4620335549116126 4.9818543419241932 5.0958406031131736 14.240284964442251
leaf_count=938 36 35 22 23 82
internal_value=2.52537e-05 -0.000997417 0.000916274 -0.00181335 0.0292729
internal_weight=232.233 226.373 218.911 199.689 19.2221
internal_count=1136 1100 1065 961 104
is_linear=0
shrinkage=0.1


Tree=49
num_leaves=7
num_cat=0
split_feature=9 9 4 5 5 6
split_gain=0.8767 1.5973 1.55396 1.54098 2.19869 0.227541
threshold=1.0608564988730278 1.2426746806912097 0.25265498183944152 0.65892562769401331 0.67283950617283972 0.85929922819479543
decision_type=2 2 2 2 2 2
left_child=2 -2 -1 -3 -5 -4
right_child=1 3 5 4 -6 -7
leaf_value=0.010135657917503323 0.15057077389612955 -0.1235340795290053 -0.079550672069878064 0.32334908775173588 0.00124092034366042 -0.041118929675773991
leaf_weight=6.0068759471178037 0.7162250354886045 0.98930145800113578 3.2432608157396317 0.2121204137802114 217.83281321451068 2.9344423785805702
leaf_count=41 5 7 39 1 1003 40
internal_value=2.9108e-05 0.00147682 -0.0260806 0.000989296 0.00155428 -0.0612954
internal_weight=231.935 219.75 12.1846 219.034 218.045 6.1777
internal_count=1136 1016 120 1011 1004 79
is_linear=0
shrinkage=0.1


Tree=50
num_leaves=7
num_cat=0
split_feature=9 2 2 1 0 2
split_gain=0.855388 1.30506 3.07722 1.64327 5.50079 3.92693
threshold=39.026069500708026 1.1214062260343445 1.1661708195941662 0.8029517858050097 0.73226547241210949 0.96758026955860088
decision_type=2 2 2 2 2 2
left_child=1 3 -3 5 -5 -1
right_child=-2 2 -4 4 -6 -7
leaf_value=0.00036944773077905024 -0.044968895844853723 0.10260098900529198 -0.0071427201259159044 -0.083443189663166606 0.00090108763883675895 0.074822801790712309
leaf_weight=164.78612534701824 4.1512382850050917 4.1304818466305715 6.6988673284649849 9.9639675393700582 34.524970009922981 7.4023254364728919
leaf_count=808 21 24 36 44 168 35
internal_value=1.59466e-05 0.00083677 0.0347152 -0.000856447 -0.0179891 0.00357017
internal_weight=231.658 227.507 10.8293 216.677 44.4889 172.188
internal_count=1136 1115 60 1055 212 843
is_linear=0
shrinkage=0.1


Tree=51
num_leaves=5
num_cat=0
split_feature=6 9 3 1
split_gain=0.902113 1.61188 1.03521 2.08139
threshold=24.463697984412473 36.869219517685842 1.3145182259670452 0.92691506497404597
decision_type=2 2 2 2
left_child=1 2 3 -1
right_child=-2 -3 -4 -5
leaf_value=-0.0011296475162719689 0.044651957949628333 -0.059334229405844763 -0.044356829357414813 0.039180962940009355
leaf_weight=203.73681543767452 4.4424607530236235 4.6166691333055487 5.0584529265761367 13.668318919837473
leaf_count=990 30 20 24 72
internal_value=2.35322e-05 -0.000849551 0.00036415 0.00140469
internal_weight=231.523 227.08 222.464 217.405
internal_count=1136 1106 1086 1062
is_linear=0
shrinkage=0.1


Tree=52
num_leaves=6
num_cat=0
split_feature=1 1 0 0 1
split_gain=0.955613 3.06995 2.53063 2.40774 2.01193
threshold=0.96136165975300936 0.92691506497404597 1.0082846879959109 0.97810717461004526 0.94344776125221452
decision_type=2 2 2 2 2
left_child=1 2 3 -1 -3
right_child=-2 4 -4 -5 -6
leaf_value=-0.00081385327959469615 -0.034902574531240148 0.11181862488531394 -0.057174641709577562 0.064661560410945881 0.013081715367914741
leaf_weight=201.90666512399912 7.5770210437476626 4.0119493789970857 7.7548107728362075 5.7770439833402625 4.2498229928314686
leaf_count=990 38 24 33 27 24
internal_value=2.42127e-05 0.00120723 -0.00108684 0.00100745 0.0610287
internal_weight=231.277 223.7 215.439 207.684 8.26177
internal_count=1136 1098 1050 1017 48
is_linear=0
shrinkage=0.1


Tree=53
num_leaves=8
num_cat=0
split_feature=7 3 9 9 9 0 0
split_gain=0.801831 3.4344 2.75309 2.65472 4.19737 1.93721 2.97882
threshold=17.585384368896488 1.0262841041496567 11.787063979868414 15.140158683984749 22.573187730226952 0.62502598762512218 0.03130533546209336
decision_type=2 2 2 2 2 2 2
left_child=1 5 -2 -4 -5 6 -1
right_child=2 -3 3 4 -6 -7 -8
leaf_value=0.014145020655899091 0.1059438798451921 -0.10167041938584634 -0.060077003032984445 0.04442269214416722 -0.0021807620804399591 0.056786978066201046 -0.027086304326032297
leaf_weight=32.983204402029514 2.6178076416254035 3.7400160282850257 6.4854381829500189 23.044258251786232 119.77368703857064 4.9788596034049979 37.380640268325806
leaf_count=211 11 20 27 99 568 21 179
internal_value=2.91562e-05 -0.00813667 0.00427988 0.00249736 0.0053389 -0.00349365 -0.00775903
internal_weight=231.004 79.0827 151.921 149.303 142.818 75.3427 70.3638
internal_count=1136 431 705 694 667 411 390
is_linear=0
shrinkage=0.1


Tree=54
num_leaves=8
num_cat=0
split_feature=6 9 4 7 9 4 0
split_gain=0.80394 2.18596 2.82694 3.28679 1.70275 1.23353 0.662264
threshold=3.7893769347982884 9.0692047860615599 1.8090820312500002 9.2879257202148455 4.9864763335837727 2.2099914550781254 0.03130533546209336
decision_type=2 2 2 2 2 2 2
left_child=4 -2 -3 -4 5 6 -1
right_child=1 2 3 -5 -6 -7 -8
leaf_value=-0.0066680120821993212 0.053367408619392057 0.24525266291655201 -0.05019955008429855 0.0029698004784572997 -0.067900221795096777 0.046759507081684845 -0.057114204516483802
leaf_weight=16.954683788120757 8.0372391492128354 0.46940268576145072 12.426174253225325 180.66945026442409 5.1144193336367598 3.9460780993103972 3.0742761418223372
leaf_count=137 36 2 61 828 27 18 27
internal_value=2.3496e-05 0.00226591 0.000144066 -0.000451777 -0.0155174 -0.00434294 -0.0144111
internal_weight=230.692 201.602 193.565 193.096 29.0895 23.975 20.029
internal_count=1136 927 891 889 209 182 164
is_linear=0
shrinkage=0.1


Tree=55
num_leaves=6
num_cat=0
split_feature=1 1 0 0 1
split_gain=0.791063 2.55008 2.13039 1.98617 1.8173
threshold=0.96136165975300936 0.92691506497404597 1.0082846879959109 0.97810717461004526 0.94344776125221452
decision_type=2 2 2 2 2
left_child=1 2 3 -1 -3
right_child=-2 4 -4 -5 -6
leaf_value=-0.00068176925818473632 -0.031656708174468341 0.10674691344507439 -0.05239844129704703 0.059408321721273118 0.01135188718949769
leaf_weight=201.05372034758329 7.6251442059874526 3.7909648865461332 7.7629539594054213 5.6553304940462104 4.2199401296675205
leaf_count=990 38 24 33 27 24
internal_value=1.44536e-05 0.00109992 -0.000969195 0.000962229 0.0564953
internal_weight=230.108 222.483 214.472 206.709 8.01091
internal_count=1136 1098 1050 1017 48
is_linear=0
shrinkage=0.1


Tree=56
num_leaves=9
num_cat=0
split_feature=3 3 8 7 2 0 3 2
split_gain=0.786919 2.34083 2.16241 2.59528 2.0493 1.89261 2.34303 1.30241
threshold=1.1040828527972681 1.0476937904649362 23.380322462516812 28.014648437500004 0.94639215831558621 1.0574837566819044 0.99094396943895335 0.72301268932353524
decision_type=2 2 2 2 2 2 2 2
left_child=1 5 -2 -4 -5 6 -1 -3
right_child=2 7 3 4 -6 -7 -8 -9
leaf_value=0.00042271588756460742 -0.084319486987965889 0.01418151261866165 0.070557931559129677 0.021129411348247678 -0.075907574372752348 0.063259487610012544 -0.050761837945071754 0.091138533929298812
leaf_weight=190.65794872492552 4.0670467019081142 4.4572860300540906 3.6482808440923682 4.1404570043086988 4.5879452228546143 4.5480675101280204 9.3835080638527852 4.3407896161079407
leaf_count=943 19 20 19 20 24 20 48 23
internal_value=1.96326e-05 0.00164397 -0.0210591 -0.000271416 -0.0298765 -0.000527992 -0.00197824 0.0521505
internal_weight=229.831 213.388 16.4437 12.3767 8.7284 204.59 200.041 8.79808
internal_count=1136 1054 82 63 44 1011 991 43
is_linear=0
shrinkage=0.1


Tree=57
num_leaves=6
num_cat=0
split_feature=5 5 5 5 4
split_gain=0.778288 1.81175 1.33188 3.52043 2.61467
threshold=24.28384387882404 22.761211008521183 20.2874561804603 20.00455421576839 21.511946380138401
decision_type=2 2 2 2 2
left_child=1 2 3 -1 -4
right_child=-2 -3 4 -5 -6
leaf_value=0.00034700620484116575 0.036473453928004516 -0.049166685521305827 0.074679228728680228 -0.090925708651702214 -0.0025006750707413021
leaf_weight=193.34611746296287 5.7124255672097197 7.5175709202885619 6.9900509417057064 4.3202770948410025 11.798110052943228
leaf_count=941 36 35 41 20 63
internal_value=2.4008e-05 -0.000905638 0.000770492 -0.00164789 0.0262138
internal_weight=229.685 223.972 216.455 197.666 18.7882
internal_count=1136 1100 1065 961 104
is_linear=0
shrinkage=0.1


Tree=58
num_leaves=5
num_cat=0
split_feature=9 8 7 8
split_gain=0.771678 1.3422 1.93099 2.05019
threshold=39.026069500708026 36.840286181705615 36.088989257812507 33.732590352358294
decision_type=2 2 2 2
left_child=1 2 3 -1
right_child=-2 -3 -4 -5
leaf_value=-0.00046185299427287482 -0.043275518355273289 0.047309488523502773 -0.050286793670693192 0.056490566157198899
leaf_weight=205.36792239919305 4.0427317991852751 6.0397842824459067 7.5161053091287604 6.5214954838156691
leaf_count=1014 21 32 34 35
internal_value=2.78016e-05 0.000804326 -0.000475866 0.00129102
internal_weight=229.488 225.445 219.406 211.889
internal_count=1136 1115 1083 1049
is_linear=0
shrinkage=0.1


Tree=59
num_leaves=8
num_cat=0
split_feature=9 9 8 8 4 6 6
split_gain=0.727507 1.34955 1.82943 3.35077 1.32049 0.835346 0.220829
threshold=1.0608564988730278 2.7751085060012048 6.3889372245416345 7.2598478508565565 0.25265498183944152 2.4199849737039822 0.85929922819479543
decision_type=2 2 2 2 2 2 2
left_child=4 -2 5 -4 -1 -3 -6
right_child=1 2 3 -5 6 -7 -8
leaf_value=0.0086723514312026084 0.04857164751459031 -0.012429533149328941 0.097522844385800528 0.00034354260582376373 -0.076656041819376131 -0.070759506635114364 -0.037757420793510271
leaf_weight=6.0590377599000913 5.88724361360073 4.8253639414906484 3.6128101199865332 198.13576074317098 3.0343150570988655 4.9983882084488869 2.8119169175624847
leaf_count=41 33 25 16 914 39 28 40
internal_value=2.8204e-05 0.00134596 3.18524e-05 0.00208378 -0.0240417 -0.0421082 -0.0579466
internal_weight=229.365 217.46 211.572 201.749 11.9053 9.82375 5.84623
internal_count=1136 1016 983 930 120 53 79
is_linear=0
shrinkage=0.1


Tree=60
num_leaves=9
num_cat=0
split_feature=8 5 7 2 1 2 9 9
split_gain=0.68281 5.51498 4.23016 2.13443 3.971 2.59006 1.86968 3.31199
threshold=28.41908612021167 17.006982901206349 29.464198619127277 0.97995028482051072 0.87251590260665923 0.91416815082118752 25.929131536234745 28.230662400118845
decision_type=2 2 2 2 2 2 2 2
left_child=2 -2 3 5 -5 -1 -3 -8
right_child=1 6 -4 4 -6 -7 7 -9
leaf_value=-0.00092857839219609255 0.10081709033541629 -0.071655739116334535 -0.085035212450460237 0.091125762650584974 -0.027707488862258624 -0.068540080091950895 0.089596469600584358 -0.0023350731172624077
leaf_weight=132.86299699172378 5.8866665810346595 3.4670443534851065 6.1435611546039572 6.6623736172914487 4.8658244162797928 5.918271839618682 4.197380580008029 59.058346901088953
leaf_count=666 25 15 27 32 23 25 20 303
internal_value=1.777e-05 0.00803212 -0.00370167 -0.000377344 0.0409686 -0.00381184 -0.000153901 0.00376511
internal_weight=229.062 72.6094 156.453 150.309 11.5282 138.781 66.7228 63.2557
internal_count=1136 363 773 746 55 691 338 323
is_linear=0
shrinkage=0.1


Tree=61
num_leaves=6
num_cat=0
split_feature=2 2 1 0 2
split_gain=0.70354 3.38491 1.38855 4.48945 3.18168
threshold=1.1827657000580565 1.1214062260343445 0.8029517858050097 0.73226547241210949 0.83471598465903918
decision_type=2 2 2 2 2
left_child=1 2 4 -4 -1
right_child=-2 -3 3 -5 -6
leaf_value=-0.0020534785690026263 -0.031130567005692597 0.083991889291695959 -0.075612629009856561 0.00063001420405604911 0.038173173286672302
leaf_weight=150.47288040816784 7.0263520479202262 4.8090648129582396 9.9942653179168683 33.987320076674223 22.617414891719818
leaf_count=748 38 30 44 168 108
internal_value=2.31255e-05 0.00100968 -0.000828732 -0.0166952 0.00320287
internal_weight=228.907 221.881 217.072 43.9816 173.09
internal_count=1136 1098 1068 212 856
is_linear=0
shrinkage=0.1


Tree=62
num_leaves=8
num_cat=0
split_feature=6 9 6 4 9 9 7
split_gain=0.686264 1.36588 2.53055 3.71555 2.32144 1.81248 2.53187
threshold=24.463697984412473 33.792452667912436 19.607716439796118 18.257096209097657 31.691585274229901 35.085374194167294 37.187500000000007
decision_type=2 2 2 2 2 2 2
left_child=1 2 4 -4 -1 -3 -7
right_child=-2 5 3 -5 -6 6 -8
leaf_value=-0.00015005579355401784 0.039881855907047403 -0.07066196740322063 0.1185185374896042 0.013241279805625956 -0.062979282368962261 -0.044133054403268944 0.056704161198790896
leaf_weight=181.11534519121051 4.2405256628990164 6.2856734320521381 4.2095211148262051 16.464044347405434 6.078115537762641 6.0286089330911619 4.2421446740627289
leaf_count=884 30 31 22 94 27 27 21
internal_value=2.79312e-05 -0.000725117 0.00147661 0.0346777 -0.0021901 -0.0283679 -0.00248411
internal_weight=228.664 224.423 207.867 20.6736 187.193 16.5564 10.2708
internal_count=1136 1106 1027 116 911 79 48
is_linear=0
shrinkage=0.1


Tree=63
num_leaves=11
num_cat=0
split_feature=1 0 2 1 0 4 9 2 1 9
split_gain=0.63749 4.27885 4.11461 2.99069 2.97459 3.26404 2.61122 2.15771 2.07444 2.01497
threshold=0.72002912835103061 0.79845535755157482 0.82094513674296909 0.75233163520166868 0.62366408686739316 17.38626861572266 32.067521339497297 0.91416815082118752 0.73399623933170466 22.573187730226952
decision_type=2 2 2 2 2 2 2 2 2 2
left_child=1 2 9 8 6 -6 -5 -4 -2 -1
right_child=3 -3 7 4 5 -7 -8 -9 -10 -11
leaf_value=0.0045260341504154899 -0.013749968990733209 0.092294760636801365 0.095083998572785711 0.0056296367188608722 0.018913912528441584 -0.02924325660527375 0.1155453067299628 0.014034064066701421 -0.10870233273928248 -0.020976752977616208
leaf_weight=86.279787331819534 4.6329963654279691 5.2685006186366072 6.4786826074123365 4.8914553076028806 24.852398179471493 32.454123552888632 3.8724066391587257 6.6624293699860573 4.5708285123109818 48.337804421782494
leaf_count=464 21 25 32 25 111 168 23 34 20 213
internal_value=3.37894e-05 0.00373992 0.000582403 -0.00750052 -6.10356e-05 -0.0083587 0.0541971 0.0539924 -0.0609055 -0.00463138
internal_weight=228.301 153.027 147.759 75.2742 66.0704 57.3065 8.76386 13.1411 9.20382 134.618
internal_count=1136 768 743 368 327 279 48 66 41 677
is_linear=0
shrinkage=0.1


Tree=64
num_leaves=9
num_cat=0
split_feature=5 5 3 0 0 8 5 9
split_gain=0.755888 3.82145 3.99068 3.62001 4.79453 3.36794 2.66297 2.50222
threshold=16.040613375708549 14.797370489612907 0.79800512541229873 0.06261067092418672 0.11958312988281251 26.046367135993169 14.351223743615693 24.636272605410017
decision_type=2 2 2 2 2 2 2 2
left_child=1 6 -3 -2 -5 -6 7 -1
right_child=3 2 -4 4 5 -7 -8 -9
leaf_value=0.0025491378862355567 0.079871539046105722 -0.095477224782411566 0.0080412847246346935 -0.17011887193430628 0.080929259170604284 -0.00025936232498476497 0.076609133447227279 -0.053744394904261798
leaf_weight=103.53276330605149 6.3304757326841345 8.8465932309627515 6.4312967211008063 1.5964190214872349 5.4446209818124762 82.998880382627249 4.5122523456811896 8.5479247197508794
leaf_count=538 28 37 29 7 27 413 20 37
internal_value=4.56092e-05 -0.00487398 -0.0519006 0.00677746 0.0016384 0.00473865 0.00128821 -0.00174413
internal_weight=228.241 131.871 15.2779 96.3704 90.0399 88.4435 116.593 112.081
internal_count=1136 661 66 475 447 440 595 575
is_linear=0
shrinkage=0.1


Tree=65
num_leaves=7
num_cat=0
split_feature=9 6 0 0 8 7
split_gain=0.774 1.06601 3.33616 6.01864 1.46656 2.11683
threshold=39.026069500708026 21.059972325539146 0.7490069866180421 0.6373306618695268 34.261411144418211 32.995605468750007
decision_type=2 2 2 2 2 2
left_child=1 4 3 -3 5 -1
right_child=-2 2 -4 -5 -6 -7
leaf_value=-0.0026572568841825477 -0.043531998219781452 0.047711926511776387 0.10323362264472556 -0.099109034119604839 -0.055010047858798733 0.037138296837366934
leaf_weight=187.8613096177578 4.0042205378413191 8.5294953957200068 4.1195976436138144 4.150753639638423 4.933261275291442 14.390350542962549
leaf_count=925 21 48 32 18 21 71
internal_value=4.56564e-05 0.000824703 0.0250516 -0.000348457 -0.00113976 0.000174225
internal_weight=227.989 223.985 16.7998 12.6802 207.185 202.252
internal_count=1136 1115 98 66 1017 996
is_linear=0
shrinkage=0.1


Tree=66
num_leaves=8
num_cat=0
split_feature=3 3 8 2 1 9 0
split_gain=0.729977 2.0069 1.87216 2.03533 1.43613 2.98188 2.26587
threshold=1.1040828527972681 1.0702197458200349 23.380322462516812 0.94639215831558621 0.92691506497404597 27.770485868733271 1.0180294889297923
decision_type=2 2 2 2 2 2 2
left_child=1 4 -2 -4 6 -6 -1
right_child=2 -3 3 -5 5 -7 -8
leaf_value=3.9562587800499936e-05 -0.079704289005980256 0.070265127951918457 0.047195377779515726 -0.035874664457583992 0.11289140947423754 0.0012160657491549012 -0.065538252982229886
leaf_weight=190.42057938501239 4.0080819278955486 4.1741955056786528 5.1002326756715757 6.9943392723798752 3.4181447476148588 7.9565490707755089 5.418855868279933
leaf_count=944 19 22 25 38 16 49 23
internal_value=5.08721e-05 0.00161431 -0.0204732 -0.000844359 0.000231384 0.034775 -0.00177497
internal_weight=227.491 211.388 16.1027 12.0946 207.214 11.3747 195.839
internal_count=1136 1054 82 63 1032 65 967
is_linear=0
shrinkage=0.1


Tree=67
num_leaves=9
num_cat=0
split_feature=6 6 5 8 8 8 5 4
split_gain=0.638695 1.72431 1.66937 1.52131 2.68563 1.96577 1.0442 1.26675
threshold=1.0300525920360633 1.8417164693680574 0.99648377900759655 6.3889372245416345 7.2598478508565565 4.308413351623229 0.65892562769401331 1.0000000180025095e-35
decision_type=2 2 2 2 2 2 2 2
left_child=2 -2 6 5 -5 -3 7 -1
right_child=1 3 -4 4 -6 -7 -8 -9
leaf_value=0.0075913240480328789 0.067117447086335394 -0.0016623900431378198 -0.082871787835015129 0.087318491332774917 0.00045583584178259808 -0.095139068284249673 0.048841847997897231 -0.077353700996192973
leaf_weight=5.2851571738719922 3.921205833554267 5.599803686141966 3.2942423224449149 3.6252034604549399 196.18014340847731 3.7604722045361996 2.9782202616333961 2.6287264749407768
leaf_count=34 21 27 42 16 913 23 34 26
internal_value=4.9805e-05 0.00141763 -0.0204956 0.00018596 0.00203184 -0.0392165 -0.00163041 -0.0206246
internal_weight=227.273 213.087 14.1863 209.166 199.805 9.36028 10.8921 7.91388
internal_count=1136 1000 136 979 929 50 94 60
is_linear=0
shrinkage=0.1


Tree=68
num_leaves=6
num_cat=0
split_feature=5 5 4 2 8
split_gain=0.618163 1.5847 1.29425 3.20259 2.19265
threshold=24.28384387882404 22.761211008521183 21.824388272795748 0.61449468791550876 34.182152236403802
decision_type=2 2 2 2 2
left_child=1 2 4 -4 -1
right_child=-2 -3 3 -5 -6
leaf_value=0.00052248340700469299 0.033342152015683767 -0.046400760083629713 -0.038116031726608282 0.074526014180779879 -0.070801058503538544
leaf_weight=198.76399268582463 5.4379904456436625 7.3626848906278601 3.9306035339832288 7.0535243824124336 4.4058018177747718
leaf_count=987 36 35 17 41 20
internal_value=3.28155e-05 -0.000784892 0.000783397 0.0342177 -0.00102419
internal_weight=226.955 221.517 214.154 10.9841 203.17
internal_count=1136 1100 1065 58 1007
is_linear=0
shrinkage=0.1


Tree=69
num_leaves=8
num_cat=0
split_feature=9 4 7 4 9 4 7
split_gain=0.610205 3.51203 7.3988 8.16696 1.84599 2.24351 3.75638
threshold=12.396377638444035 3.7148437500000004 9.2879257202148455 6.1396484375000009 11.433740638905464 6.8242187500000009 9.0312500000000018
decision_type=2 2 2 2 2 2 2
left_child=4 -2 -3 -4 5 6 -1
right_child=1 2 3 -5 -6 -7 -8
leaf_value=-0.0035136046956389753 0.10817453611949851 -0.11110735290402998 0.14902034041604503 0.0013103723201328943 -0.078292493254362328 0.04582339782931643 -0.10713529317085707
leaf_weight=33.691754825413227 3.1046616733074179 5.7074796408414832 3.8298644125461569 165.37876471877098 3.6492133736610404 7.4415288567543021 3.9037314355373374
leaf_count=237 14 28 17 775 16 31 18
internal_value=3.44984e-05 0.00274764 0.000876377 0.00465364 -0.0098861 -0.00434333 -0.0142732
internal_weight=226.707 178.021 174.916 169.209 48.6862 45.037 37.5955
internal_count=1136 834 820 792 302 286 255
is_linear=0
shrinkage=0.1


Tree=70
num_leaves=7
num_cat=0
split_feature=3 6 8 5 4 1
split_gain=0.622618 2.49009 2.49456 1.31543 2.26966 1.80822
threshold=1.1353668035205768 16.461501009900751 32.096942807804304 24.28384387882404 24.494140625000004 0.92691506497404597
decision_type=2 2 2 2 2 2
left_child=3 -2 -3 4 5 -1
right_child=1 2 -4 -5 -6 -7
leaf_value=-0.00056281499116016341 -0.0782736374980737 0.071458743884219231 -0.043698291797595996 0.054711867788392592 -0.070781495378393275 0.041467157501920412
leaf_weight=194.31065587326884 4.7829227074980718 3.7704475075006485 3.7540178596973419 4.5093685910105696 4.4192376732826224 10.805269882082937
leaf_count=960 23 21 20 31 20 61
internal_value=1.60331e-05 -0.0218559 0.0140059 0.00127365 0.000123619 0.00165128
internal_weight=226.352 12.3074 7.52447 214.045 209.535 205.116
internal_count=1136 64 41 1072 1041 1021
is_linear=0
shrinkage=0.1


Tree=71
num_leaves=6
num_cat=0
split_feature=1 0 1 0 0
split_gain=0.768007 8.13557 3.95248 1.58749 1.53268
threshold=0.95093633218369755 0.88674679026007663 0.92691506497404597 1.0082846879959109 0.97810717461004526
decision_type=2 2 2 2 2
left_child=2 -2 3 4 -1
right_child=1 -3 -4 -5 -6
leaf_value=-0.00042977406489256849 -0.1071466058336851 0.07031014179049766 0.094309308038663997 -0.045393285475306647 0.053290751956893125
leaf_weight=197.99320927262306 5.6844216957688314 4.7358018234372139 4.4742233976721755 7.6492719724774352 5.4573324620723715
leaf_count=990 28 28 30 33 27
internal_value=1.93666e-05 -0.0264957 0.00130103 -0.000670264 0.00101122
internal_weight=225.994 10.4202 215.574 211.1 203.451
internal_count=1136 56 1080 1050 1017
is_linear=0
shrinkage=0.1


Tree=72
num_leaves=6
num_cat=0
split_feature=1 0 1 0 0
split_gain=0.620681 6.56587 3.38438 1.28744 1.26553
threshold=0.95093633218369755 0.88674679026007663 0.92691506497404597 1.0082846879959109 0.97810717461004526
decision_type=2 2 2 2 2
left_child=2 -2 3 4 -1
right_child=1 -3 -4 -5 -6
leaf_value=-0.00038679629059724263 -0.095021761957835238 0.065049856461027553 0.089461403371518866 -0.040899606154513601 0.04883706352072114
leaf_weight=197.99324710667133 5.7641044706106168 4.6134640388190746 4.25649520009756 7.6411257013678542 5.3645386993885031
leaf_count=990 28 28 30 33 27
internal_value=2.68936e-05 -0.0238601 0.0011785 -0.000602438 0.00091172
internal_weight=225.633 10.3776 215.255 210.999 203.358
internal_count=1136 56 1080 1050 1017
is_linear=0
shrinkage=0.1


Tree=73
num_leaves=11
num_cat=0
split_feature=1 0 2 1 0 4 9 2 9 1
split_gain=0.597645 3.30247 3.35499 2.34531 2.57592 3.09359 2.78638 1.73966 1.6376 1.56975
threshold=0.72002912835103061 0.79845535755157482 0.82094513674296909 0.75233163520166868 0.62366408686739316 17.38626861572266 30.976312771737593 0.91416815082118752 22.573187730226952 0.73399623933170466
decision_type=2 2 2 2 2 2 2 2 2 2
left_child=1 2 8 9 6 -6 -5 -4 -1 -2
right_child=3 -3 7 4 5 -7 -8 -9 -10 -11
leaf_value=0.0044900098599346804 -0.013189118282718883 0.083357802858514449 0.087274032292449844 -0.018189394076232407 0.018399001696633929 -0.029031849422606077 0.098567569179056291 0.013605716562964665 -0.018569523371942717 -0.09566902323421031
leaf_weight=85.726457096636295 4.6066757738590223 5.0222211331129065 6.2923263534903509 3.4574480205774289 24.356293492019176 31.5817761849612 4.9996606037020683 6.5344582721590996 48.063380800187588 4.6232027858495712
leaf_count=464 21 25 32 17 111 168 31 34 213 20
internal_value=3.20375e-05 0.00362112 0.000889812 -0.00736007 -0.000603001 -0.00837973 0.0508348 0.0497446 -0.00379402 -0.0545029
internal_weight=225.264 151.639 146.617 73.6251 64.3952 55.9381 8.45711 12.8268 133.79 9.22988
internal_count=1136 768 743 368 327 279 48 66 677 41
is_linear=0
shrinkage=0.1


Tree=74
num_leaves=8
num_cat=0
split_feature=3 6 8 5 8 3 2
split_gain=0.668043 2.00684 2.13451 1.1788 1.69589 2.29795 1.93217
threshold=1.1353668035205768 16.461501009900751 32.096942807804304 24.28384387882404 34.261411144418211 0.76221570273915362 1.1214062260343445
decision_type=2 2 2 2 2 2 2
left_child=3 -2 -3 4 6 -6 -1
right_child=1 2 -4 -5 5 -7 -8
leaf_value=0.00064083998254336506 -0.073786936382104387 0.064844646455515881 -0.043471495214137068 0.052797114723407493 -0.080283397696739311 0.010343860297744109 0.057743854119106347
leaf_weight=191.42631432414055 4.7100355178117734 3.592230461537838 3.686323918402195 4.3599127903580657 5.9329034835100156 5.2947277873754501 6.1148139983415595
leaf_count=951 23 21 20 31 27 25 38
internal_value=4.24644e-05 -0.0229261 0.00998645 0.00133446 0.000259717 -0.0375454 0.00240844
internal_weight=225.117 11.9886 7.27855 213.129 208.769 11.2276 197.541
internal_count=1136 64 41 1072 1041 52 989
is_linear=0
shrinkage=0.1


Tree=75
num_leaves=6
num_cat=0
split_feature=2 2 1 0 5
split_gain=0.702195 2.60661 1.2489 3.88627 2.28904
threshold=1.1827657000580565 1.1214062260343445 0.8029517858050097 0.73226547241210949 16.314792618002201
decision_type=2 2 2 2 2
left_child=1 2 4 -4 -1
right_child=-2 -3 3 -5 -6
leaf_value=-0.0042708821065184158 -0.031948336625253364 0.077933090682885231 -0.070817816223290961 0.00068537247182707726 0.020999581230713674
leaf_weight=119.7703996039927 6.6580355763435355 4.3189644813537589 9.8790195286273939 32.966713046655059 51.154353432357311
leaf_count=611 38 30 44 168 245
internal_value=4.25176e-05 0.00101916 -0.000534786 -0.0158012 0.00329206
internal_weight=224.747 218.089 213.77 42.8457 170.925
internal_count=1136 1098 1068 212 856
is_linear=0
shrinkage=0.1


Tree=76
num_leaves=12
num_cat=0
split_feature=2 2 0 2 0 3 1 2 9 6 6
split_gain=0.585364 5.02274 3.93181 3.83086 3.06693 2.76979 2.31491 1.77021 2.49306 1.51458 1.41232
threshold=0.79841043160232517 0.70613464338683285 0.46311848610639578 0.96501914061619265 0.35506045394551095 0.58862935622231249 0.95453493426363456 0.68174801954851538 28.817917367645496 17.350586144433048 14.835695440541736
decision_type=2 2 2 2 2 2 2 2 2 2 2
left_child=1 7 4 5 -2 -4 -5 8 -1 10 -3
right_child=2 9 3 6 -6 -7 -8 -9 -10 -11 -12
leaf_value=-0.0066690278162572867 -0.002466310723389833 0.045898438259139362 0.036226695883871583 0.021768581118420859 0.10099153717107852 -0.05539817240578998 -0.04300156356579498 -0.064666581231743125 0.03326002013992533 0.016445202284485247 0.11771375658056563
leaf_weight=111.20912636443973 6.0920519232749921 6.7436414211988467 3.7894221320748356 23.941211262717847 5.4097828641533852 25.508123524487019 7.1707665063440791 4.5277640745043746 18.195532090961933 7.2059284746646872 4.6106694638729095
leaf_count=570 30 30 19 132 33 121 41 21 82 36 21
internal_value=4.36757e-05 0.00355097 -0.00739377 -0.0175968 0.0461941 -0.0435472 0.0068402 -0.00320511 -0.00105462 0.0523035 0.0750606
internal_weight=224.404 152.493 71.9114 60.4095 11.5018 29.2975 31.112 133.932 129.405 18.5602 11.3543
internal_count=1136 760 376 313 63 140 173 673 652 87 51
is_linear=0
shrinkage=0.1


Tree=77
num_leaves=6
num_cat=0
split_feature=2 2 1 8 1
split_gain=0.610672 2.14173 0.95567 4.29635 2.26405
threshold=1.1827657000580565 1.1214062260343445 0.8029517858050097 15.138405745835053 0.78179841677450679
decision_type=2 2 2 2 2
left_child=1 2 4 -4 -1
right_child=-2 -3 3 -5 -6
leaf_value=0.0011172038989185995 -0.029768261050923318 0.072374207341164232 0.19236000227773167 -0.018634246464239456 0.075680564079142865
leaf_weight=166.04445418715477 6.6625154726207247 4.1206872314214698 0.98785795271396537 41.834304228425026 4.1746434718370429
leaf_count=837 38 30 4 208 19
internal_value=5.28024e-05 0.000967711 -0.000413448 -0.0137669 0.00294588
internal_weight=223.824 217.162 213.041 42.8222 170.219
internal_count=1136 1098 1068 212 856
is_linear=0
shrinkage=0.1


Tree=78
num_leaves=6
num_cat=0
split_feature=0 1 1 1 2
split_gain=0.631625 1.53061 1.58379 3.05359 1.52899
threshold=1.0406483006663623 0.96136165975300936 0.88684044982163546 0.84687672104220846 0.91601233574927032
decision_type=2 2 2 2 2
left_child=1 2 3 -1 -4
right_child=-2 -3 4 -5 -6
leaf_value=0.00091581834022253774 0.030358263135563963 -0.052016358926548933 -0.015512105419123418 -0.054774564877754596 0.049515905409025125
leaf_weight=183.94113917648792 6.6722060516476622 5.6993877291679373 5.1999146789312389 10.402595806866882 11.868969839066265
leaf_count=925 32 30 25 50 74
internal_value=5.27086e-05 -0.00087863 0.000499971 -0.00206511 0.0297056
internal_weight=223.784 217.112 211.413 194.344 17.0689
internal_count=1136 1104 1074 975 99
is_linear=0
shrinkage=0.1


Tree=79
num_leaves=9
num_cat=0
split_feature=0 0 3 7 4 9 4 4
split_gain=0.554767 3.60532 3.38714 2.20209 3.71838 3.09209 1.31691 4.7735
threshold=0.058300018310546854 0.081054687500000014 0.38172590593023242 9.6855468750000018 6.1396484375000009 15.632821750539838 9.2684936523437518 6.8242187500000009
decision_type=2 2 2 2 2 2 2 2
left_child=2 -2 6 5 -5 -3 7 -1
right_child=1 3 -4 4 -6 -7 -8 -9
leaf_value=-0.0022164099432201187 -0.088512772704815071 -0.011449668608705244 0.09252920637968115 0.10271057786028717 0.0011139779088026019 -0.1162014650260538 -0.033914976677718145 0.13351856816362984
leaf_weight=27.796515777707103 4.7342784926295272 12.24436331912875 4.480332300066947 3.6877635121345511 155.67470181547105 3.6603090316057196 8.5661090314388257 2.857240378856658
leaf_count=193 23 71 21 16 743 19 38 12
internal_value=5.16205e-05 -0.0024021 0.0101585 -7.60934e-05 0.003465 -0.0355573 0.000748773 0.0104355
internal_weight=223.702 180.001 43.7002 175.267 159.362 15.9047 39.2199 30.6538
internal_count=1136 872 264 849 759 90 243 205
is_linear=0
shrinkage=0.1


Tree=80
num_leaves=7
num_cat=0
split_feature=2 2 1 1 0 2
split_gain=0.538464 1.76227 1.13311 0.904318 3.86142 2.13539
threshold=1.1661708195941662 1.1107509191895464 0.86026297340593849 0.8029517858050097 0.73226547241210949 0.96758026955860088
decision_type=2 2 2 2 2 2
left_child=1 3 -2 5 -5 -1
right_child=2 -3 -4 4 -6 -7
leaf_value=0.00042577881925541777 -0.076129556685185215 0.059829384373539074 0.0044675372958447477 -0.069751546856460955 0.0029395508648337263 0.055946742531233044
leaf_weight=162.44012755528092 2.8353308364748946 4.9655685126781455 4.5333144068717957 9.4749437496066076 31.949853595346212 7.235863745212554
leaf_count=817 17 33 27 42 162 38
internal_value=3.80423e-05 0.000944616 -0.0265449 -0.000440487 -0.0136868 0.00279348
internal_weight=223.435 216.066 7.36865 211.101 41.4248 169.676
internal_count=1136 1092 44 1059 204 855
is_linear=0
shrinkage=0.1


Tree=81
num_leaves=9
num_cat=0
split_feature=5 8 3 9 9 6 3 3
split_gain=0.55577 3.09358 4.96443 2.43842 3.18457 2.40835 2.09081 2.6906
threshold=10.883149044035203 20.083462727976322 0.67947688961107933 16.501548584183585 22.573187730226952 12.44373858383277 0.92559387986375652 0.67110200427737021
decision_type=2 2 2 2 2 2 2 2
left_child=5 2 -2 -3 -5 6 7 -1
right_child=1 3 -4 4 -6 -7 -8 -9
leaf_value=-0.0084138948687756936 0.13230899332993054 -0.089567934784872072 0.0020254725780222732 0.043471157763046393 -0.0044699249372840864 -0.075316658975847051 -0.064570469273033934 0.039808877669663525
leaf_weight=51.465688358992338 4.7073930948972684 3.0234407037496558 7.7233951687812805 15.738120719790457 115.8578332811594 4.8185620009899131 5.0093912854790679 14.925892177969216
leaf_count=311 20 13 33 70 572 23 27 67
internal_value=3.90941e-05 0.00363107 0.0513623 -0.000776447 0.00126355 -0.00689089 -0.00227312 0.00242736
internal_weight=223.27 147.05 12.4308 134.619 131.596 76.2195 71.401 66.3916
internal_count=1136 708 53 655 642 428 405 378
is_linear=0
shrinkage=0.1


Tree=82
num_leaves=6
num_cat=0
split_feature=0 1 1 1 0
split_gain=0.522217 1.28427 1.3105 1.60305 1.29606
threshold=1.0406483006663623 0.96136165975300936 0.92602471393814212 0.95093633218369755 0.90591467766853395
decision_type=2 2 2 2 2
left_child=1 2 4 -4 -1
right_child=-2 -3 3 -5 -6
leaf_value=0.001069778219248081 0.027646877213520778 -0.047616225364522147 0.085605989076849742 -0.013076757186010868 -0.032020952508389551
leaf_weight=191.14349072799087 6.6455458402633658 5.7080452963709822 3.8884149603545657 2.8546231426298618 12.617469713091849
leaf_count=968 32 30 30 17 59
internal_value=3.55974e-05 -0.00081307 0.000456049 0.0438293 -0.000979296
internal_weight=222.858 216.212 210.504 6.74304 203.761
internal_count=1136 1104 1074 47 1027
is_linear=0
shrinkage=0.1


Tree=83
num_leaves=8
num_cat=0
split_feature=9 6 3 0 9 3 8
split_gain=0.51766 0.943675 2.08023 1.59598 1.54702 4.04821 2.62987
threshold=38.360036343359077 20.75263966693274 0.55112912962077831 0.7490069866180421 31.899801134197798 0.96583773102053205 30.793095564700511
decision_type=2 2 2 2 2 2 2
left_child=1 4 -3 -4 6 -6 -1
right_child=-2 2 3 -5 5 -7 -8
leaf_value=-0.0021141127534488164 -0.033253179472526533 -0.066316611818538762 0.016358477547797887 0.086916254312587093 -0.073871450741208308 0.039535019101624942 0.04582015266551559
leaf_weight=172.38881196454167 4.5752200447022906 2.3707544691860702 13.172344155609609 4.2369932141154996 8.8838890269398672 4.8748863339424124 12.259678747504948
leaf_count=863 25 14 71 33 41 24 65
internal_value=3.65231e-05 0.000734582 0.0215632 0.0335305 -0.00134192 -0.0336903 0.00106847
internal_weight=222.763 218.187 19.7801 17.4093 198.407 13.7588 184.648
internal_count=1136 1111 118 104 993 65 928
is_linear=0
shrinkage=0.1


Tree=84
num_leaves=9
num_cat=0
split_feature=0 0 4 4 5 7 1 0
split_gain=0.556921 2.96149 2.83755 5.57068 3.91413 1.7989 3.13415 2.51401
threshold=0.058300018310546854 0.081054687500000014 15.183959960937502 9.2684936523437518 3.8424666770786109 9.6855468750000018 0.24061372758217761 0.28076171875000006
decision_type=2 2 2 2 2 2 2 2
left_child=2 -2 3 4 -1 7 -7 -3
right_child=1 5 -4 -5 -6 6 -8 -9
leaf_value=-0.0074976839308972783 -0.081671887429809562 -0.072445867988067777 0.070113735570283262 -0.101804246116848 0.070301011826312557 0.076288754979398188 0.00015914315432110149 0.0077897577644511764
leaf_weight=23.124439623206854 4.5950150005519381 7.8864568173885328 6.6868440508842459 4.7469209879636756 8.9773582816123945 5.6058891266584387 152.9646011851728 7.7354357056319714
leaf_count=175 23 46 30 20 39 24 735 44
internal_value=4.03131e-05 -0.00242947 0.010183 -0.000692536 0.0142589 -0.000339133 0.00285053 -0.0327159
internal_weight=222.323 178.787 43.5356 36.8487 32.1018 174.192 158.57 15.6219
internal_count=1136 872 264 234 214 849 759 90
is_linear=0
shrinkage=0.1


Tree=85
num_leaves=5
num_cat=0
split_feature=9 8 7 8
split_gain=0.477289 1.61982 1.30988 1.86482
threshold=37.741828504447007 36.840286181705615 36.088989257812507 33.732590352358294
decision_type=2 2 2 2
left_child=1 2 3 -1
right_child=-2 -3 -4 -5
leaf_value=-0.00053608015281675001 -0.02823109456242226 0.066419621036719778 -0.04238332632799445 0.05606457016046789
leaf_weight=199.21558885276318 5.8185105565935364 3.6966521292924872 7.1636268794536582 5.996171746402978
leaf_count=1014 33 21 34 34
internal_value=3.16654e-05 0.000792741 -0.000349575 0.00111776
internal_weight=221.891 216.072 212.375 205.212
internal_count=1136 1103 1082 1048
is_linear=0
shrinkage=0.1


Tree=86
num_leaves=5
num_cat=0
split_feature=3 2 2 3
split_gain=0.489941 0.683372 1.6 1.31817
threshold=1.2099260706010193 1.1661708195941662 1.1107509191895464 1.112364527245888
decision_type=2 2 2 2
left_child=1 2 3 -1
right_child=-2 -3 -4 -5
leaf_value=-0.00078166152422791369 -0.025799759192313882 -0.032557753928091925 0.062751495485037015 0.047922279822690886
leaf_weight=198.79073379561305 7.1075218245387068 5.9405929408967486 4.2248801738023749 5.7168462090194216
leaf_count=1003 39 35 29 30
internal_value=3.11572e-05 0.000886382 0.00183821 0.000579818
internal_weight=221.781 214.673 208.732 204.508
internal_count=1136 1097 1062 1033
is_linear=0
shrinkage=0.1


Tree=87
num_leaves=11
num_cat=0
split_feature=0 3 7 0 1 2 4 2 9 6
split_gain=0.473652 4.01079 2.17469 2.44226 3.82273 2.82997 2.18894 3.09352 1.3218 4.17325
threshold=0.042926706792411305 0.38172590593023242 9.6855468750000018 0.28076171875000006 0.49291266575217202 0.53261725750455835 6.1396484375000009 0.16194842430422918 22.854968627118371 7.8571694680567026
decision_type=2 2 2 2 2 2 2 2 2 2
left_child=1 8 3 5 -5 -2 -4 -8 9 -1
right_child=2 -3 6 4 -6 -7 7 -9 -10 -11
leaf_value=-0.0042057533766449396 -0.10898147881134151 0.10977123860883067 0.074571814064794226 0.084103404879262336 -0.056995520714538686 0.00042914996603382496 0.097641365108193698 -0.0024141413995449868 -0.042058674533188872 0.11179932028000686
leaf_weight=29.015481110662222 6.285355146974327 3.6485023126006118 3.9918901622295371 3.5064134038984767 4.2442682087421417 3.7893605567514896 3.1532130539417258 154.35484050028026 6.2397914677858344 3.4722433090209952
leaf_count=199 37 16 17 19 25 24 14 742 28 15
internal_value=3.06439e-05 0.00953902 -0.00221626 -0.0353633 0.00683773 -0.0678293 0.0014423 -0.000411093 9.61881e-05 0.00819271
internal_weight=221.701 42.376 179.325 17.8254 7.75068 10.0747 161.5 157.508 38.7275 32.4877
internal_count=1136 258 878 105 44 61 773 756 242 214
is_linear=0
shrinkage=0.1


Tree=88
num_leaves=11
num_cat=0
split_feature=7 7 5 8 8 0 8 5 2 0
split_gain=0.44277 3.11582 2.43047 3.14128 2.00003 3.385 4.58721 3.15463 7.4095 3.24473
threshold=17.585384368896488 16.493347167968754 10.883149044035203 14.775720164609059 23.380322462516812 0.18937301635742188 22.456790123456795 16.040613375708549 0.55888727392132875 0.06261067092418672
decision_type=2 2 2 2 2 2 2 2 2 2
left_child=1 2 3 -1 5 -2 -7 8 -6 -9
right_child=4 -3 -4 -5 7 6 -8 9 -10 -11
leaf_value=0.0022762580400913042 -0.049948090592148664 -0.077163103733908153 0.070653566279422209 -0.068671301480461966 -0.12705033828421719 0.017363548117260708 0.11558723434695428 0.077918339398450595 0.0032994738906764981 -0.00022467704037962256
leaf_weight=58.729288127273321 5.1703542917966834 5.7168270647525778 4.5063616484403601 6.982666738331317 6.486683830618861 22.683530583977703 6.0155197083950034 5.6633677631616584 13.306212231516836 86.068522738292813
leaf_count=356 22 24 19 32 27 98 27 26 60 445
internal_value=1.84424e-05 -0.00617057 -0.000390714 -0.00526275 0.00325078 0.0245335 0.0379519 -0.00321264 -0.0394198 0.00459974
internal_weight=221.329 75.9351 70.2183 65.712 145.394 33.8694 28.6991 111.525 19.7929 91.7319
internal_count=1136 431 407 388 705 147 125 558 87 471
is_linear=0
shrinkage=0.1


Tree=89
num_leaves=12
num_cat=0
split_feature=2 2 0 2 0 3 4 2 9 8 4
split_gain=0.453058 4.27241 3.16035 3.07624 2.54604 2.37669 2.14367 1.38578 2.21656 1.27581 4.22457
threshold=0.79841043160232517 0.70613464338683285 0.46311848610639578 0.96501914061619265 0.35506045394551095 0.58862935622231249 17.38626861572266 0.68174801954851538 28.817917367645496 25.669833564336756 17.713281035423282
decision_type=2 2 2 2 2 2 2 2 2 2 2
left_child=1 7 4 5 -2 -4 -5 8 -1 -3 -11
right_child=2 9 3 6 -6 -7 -8 -9 -10 10 -12
leaf_value=-0.0065508635908256459 -0.0019205976508646421 0.079837903222236314 0.035393596548097227 0.039588555106386328 0.09408009883468077 -0.04985036353302786 -0.014839041515982341 -0.057915862304762644 0.031417895501830953 -0.043329411180816221 0.083259990311735782
leaf_weight=109.66934492811561 5.9901100322604162 7.5853354707360294 3.753109090030196 11.932594165205957 5.1272281855344772 25.448304332792759 18.386801812797785 4.4632116556167594 17.882505141198635 4.8017586916685087 5.8456085696816444
leaf_count=570 30 35 19 61 33 121 112 21 82 21 31
internal_value=1.72135e-05 0.00312255 -0.00658786 -0.0157293 0.0423542 -0.0388944 0.00658165 -0.00314425 -0.00122772 0.0484978 0.0261706
internal_weight=220.886 150.248 70.6381 59.5208 11.1173 29.2014 30.3194 132.015 127.552 18.2327 10.6474
internal_count=1136 760 376 313 63 140 173 673 652 87 52
is_linear=0
shrinkage=0.1


Tree=90
num_leaves=8
num_cat=0
split_feature=3 6 8 5 8 3 1
split_gain=0.461268 1.39068 1.74244 1.04663 1.66993 1.9824 1.65173
threshold=1.1353668035205768 16.461501009900751 32.096942807804304 24.28384387882404 34.261411144418211 0.76221570273915362 0.92691506497404597
decision_type=2 2 2 2 2 2 2
left_child=3 -2 -3 4 6 -6 -1
right_child=1 2 -4 -5 5 -7 -8
leaf_value=0.0002017164645696886 -0.062869286774156763 0.06087380942830483 -0.039336141461707129 0.050525607376544504 -0.077596664359866646 0.0074512027920778214 0.044084234456050128
leaf_weight=184.68657550960779 4.4943413883447629 3.3200917653739452 3.6347106620669365 4.1983063891530028 5.8571312278509122 5.1510341390967369 8.9951876029372198
leaf_count=933 23 21 20 31 27 25 56
internal_value=2.89779e-05 -0.0195146 0.0085022 0.00110016 8.64128e-05 -0.0378003 0.00223976
internal_weight=220.337 11.4491 6.9548 208.888 204.69 11.0082 193.682
internal_count=1136 64 41 1072 1041 52 989
is_linear=0
shrinkage=0.1


Tree=91
num_leaves=12
num_cat=0
split_feature=9 6 6 1 4 3 3 4 5 4 9
split_gain=0.483707 3.61958 3.21925 3.48257 3.06884 2.82578 2.82303 2.47871 2.09191 4.23605 1.3848
threshold=22.573187730226952 12.491361914328209 15.550102676738879 0.45940276104843131 13.507804870605471 0.70685904222232432 0.92559387986375652 10.955332756042482 14.797370489612907 14.17762193863746 19.719008264462811
decision_type=2 2 2 2 2 2 2 2 2 2 2
left_child=1 6 3 -2 -5 -3 10 -8 -4 -10 -1
right_child=2 5 8 4 -6 -7 7 -9 9 -11 -12
leaf_value=0.00014820243673074819 -0.11375694952080356 0.095499217697202862 0.0650902182841223 0.032060419477049976 -0.060097730961843725 0.0076854102889076141 -0.11626604411541148 -0.012600158149942123 -0.093562895351498684 0.0044547153654229486 0.054066363104786366
leaf_weight=72.398652665317059 4.9666207432746914 7.2401612848043424 5.1446936056017867 6.8242384493350965 7.6794702857732773 7.4199823141098022 3.8207436949014646 5.8197559267282486 4.6391949728131285 88.909596988931298 5.0988889485597602
leaf_count=407 21 33 24 31 34 36 23 25 21 459 22
internal_value=2.94234e-05 0.00508173 -0.00432314 -0.0414846 -0.0167358 0.0510538 -0.00265263 -0.0536852 0.0030081 -0.000406094 0.0036957
internal_weight=219.962 101.798 118.164 19.4703 14.5037 14.6601 87.138 9.6405 98.6935 93.5488 77.4975
internal_count=1136 546 590 86 65 69 477 48 504 480 429
is_linear=0
shrinkage=0.1


Tree=92
num_leaves=10
num_cat=0
split_feature=0 3 0 7 9 1 6 7 4
split_gain=0.436692 2.32787 1.9274 1.23941 2.32863 2.21942 1.23936 2.04126 1.22043
threshold=0.042926706792411305 0.3130292904149371 0.081054687500000014 9.6855468750000018 15.440076043844458 0.24061372758217761 1.0300525920360633 7.27944040298462 1.0000000180025095e-35
decision_type=2 2 2 2 2 2 2 2 2
left_child=1 6 -2 4 -4 -5 8 -8 -1
right_child=2 -3 3 5 -6 -7 7 -9 -10
leaf_value=0.010628266402497087 -0.061025308319051119 0.075305360845797947 -0.0044265341146748375 0.064409096784762199 -0.0940575816268477 5.1625806495011522e-05 0.047906408934139548 -0.0099487516305927712 -0.053912912991824782
leaf_weight=5.1920224428176862 5.3909684941172591 4.7264343351125708 11.173756636679171 5.5551637709140769 3.9138460680842391 151.34620426781476 10.196831747889521 15.172583386301993 6.7242676615715027
leaf_count=34 29 23 68 24 22 735 48 69 84
internal_value=2.35721e-05 0.00919088 -0.00214769 -0.000302179 -0.0276776 0.00233023 0.000810033 0.0133052 -0.0257918
internal_weight=219.392 42.0121 177.38 171.989 15.0876 156.901 37.2857 25.3694 11.9163
internal_count=1136 258 878 849 90 759 235 117 118
is_linear=0
shrinkage=0.1


Tree=93
num_leaves=5
num_cat=0
split_feature=0 0 1 1
split_gain=0.431978 1.50911 1.29678 1.7748
threshold=1.0406483006663623 1.0020711719989779 0.96136165975300936 0.88684044982163546
decision_type=2 2 2 2
left_child=1 2 3 -1
right_child=-2 -3 -4 -5
leaf_value=-0.00097280889119340718 0.025365227906158552 -0.062976194221324458 -0.046978599634019624 0.034543943689392891
leaf_weight=187.77177642658353 6.5202580131590357 3.8291270136833182 5.6269291751086703 15.209304910153149
leaf_count=963 32 17 30 94
internal_value=1.19752e-05 -0.000766183 0.000375719 0.00168845
internal_weight=218.957 212.437 208.608 202.981
internal_count=1136 1104 1087 1057
is_linear=0
shrinkage=0.1


Tree=94
num_leaves=5
num_cat=0
split_feature=9 8 7 8
split_gain=0.448508 0.738667 0.99843 1.77731
threshold=38.360036343359077 36.840286181705615 36.088989257812507 33.797074037465798
decision_type=2 2 2 2
left_child=1 2 3 -1
right_child=-2 -3 -4 -5
leaf_value=-0.00044554755364266548 -0.031127817030371169 0.039775398017700248 -0.037068879524648504 0.058552905245009168
leaf_weight=197.22345874458551 4.5293732136487952 4.7240206617861977 7.1003591232001773 5.2417235821485511
leaf_count=1018 25 28 34 31
internal_value=1.25842e-05 0.000670789 -0.000210706 0.00108189
internal_weight=218.819 214.29 209.566 202.465
internal_count=1136 1111 1083 1049
is_linear=0
shrinkage=0.1


Tree=95
num_leaves=12
num_cat=0
split_feature=2 2 0 2 0 6 6 6 0 4 3
split_gain=0.437175 3.52424 2.64903 2.38317 2.14048 1.66446 1.22186 1.41343 1.2002 3.75142 3.26892
threshold=0.79841043160232517 0.70613464338683285 0.46311848610639578 0.81718844549836089 0.35506045394551095 15.05774169464858 17.350586144433048 14.835695440541736 0.57125343354709923 12.143156528472902 0.56603682657465326
decision_type=2 2 2 2 2 2 2 2 2 2 2
left_child=1 8 4 -4 -2 -5 7 -3 10 -10 -1
right_child=2 6 3 5 -6 -7 -8 -9 9 -11 -12
leaf_value=0.0063786180493280165 -0.0012856416567196844 0.036260208087563882 -0.091585433182309856 -0.049831587319341224 0.088143911561344379 -0.0020980886597282383 0.012143192186062957 0.10982294935643691 0.07841854810024021 -0.0051634207248781698 -0.030453944861646421
leaf_weight=62.967217341065407 5.9434594064950925 6.53326214104891 3.7881576567888251 8.6656115204095823 4.8688980229198933 46.529709348455071 7.0119983181357375 4.3516156077384949 7.1149379163980511 21.895236656069756 39.032372999936342
leaf_count=362 30 30 17 44 33 252 36 21 32 99 180
internal_value=1.34132e-05 0.00307438 -0.00651704 -0.0148581 0.0389853 -0.0095922 0.0446979 0.0656695 -0.00261169 0.0153356 -0.00771617
internal_weight=218.702 148.907 69.7958 58.9835 10.8124 55.1953 17.8969 10.8849 131.01 29.0102 102
internal_count=1136 760 376 313 63 296 87 51 673 131 542
is_linear=0
shrinkage=0.1


Tree=96
num_leaves=7
num_cat=0
split_feature=7 7 7 3 3 0
split_gain=0.441226 2.90183 1.56509 0.846731 2.67665 1.87926
threshold=37.187500000000007 36.088989257812507 39.513682350981988 1.1040828527972681 1.0680467136521716 0.7490069866180421
decision_type=2 2 2 2 2 2
left_child=1 3 -2 4 -1 -5
right_child=2 -3 -4 5 -6 -7
leaf_value=0.00057400187967977096 0.049420859774807008 -0.086028268995771054 -0.026316572760554588 0.0071135857478310171 0.085564011684767322 -0.072470074620738567
leaf_weight=186.75593956559896 6.8360832184553129 3.9405340999364844 4.5408266931772232 7.4109726548194867 3.780591055750846 4.9483297094702721
leaf_count=964 36 18 27 44 22 25
internal_value=1.8983e-05 -0.00103562 0.019192 0.000615062 0.00226036 -0.0247496
internal_weight=218.213 206.836 11.3769 202.896 190.537 12.3593
internal_count=1136 1073 63 1055 986 69
is_linear=0
shrinkage=0.1


Tree=97
num_leaves=10
num_cat=0
split_feature=0 0 3 0 4 4 9 5 6
split_gain=0.433142 6.61229 3.72806 2.46461 1.80312 1.53448 7.8811 2.80027 0.543262
threshold=0.29692077636718756 0.35506045394551095 0.85122118892537091 0.38549947738647466 10.779464721679689 15.767815864905744 22.668155185831136 17.772069957780232 17.874271971170405
decision_type=2 2 2 2 2 2 2 2 2
left_child=2 8 5 -3 -5 6 -1 -7 -2
right_child=1 3 -4 4 -6 7 -8 -9 -10
leaf_value=0.0072868186886744062 -0.060822805391643614 0.069998279058659088 0.092986802462995607 -0.027685001775504842 0.0052408392201054275 0.089827728522496764 -0.10193669766526821 -0.0069010681232753489 -0.10744973220922183
leaf_weight=54.849005293101072 5.8125843405723554 5.2354126721620551 4.6299327686429015 19.820924207568169 103.38658121414483 5.065223850309847 7.5108813792467108 7.3151723295450211 4.3831219002604485
leaf_count=328 26 28 24 98 521 22 33 35 21
internal_value=1.89674e-05 -0.00335363 0.00591 0.00279938 -5.60832e-05 0.000515858 -0.00586851 0.0326738 -0.0808677
internal_weight=218.009 138.639 79.3702 128.443 123.208 74.7403 62.3599 12.3804 10.1957
internal_count=1136 694 442 647 619 418 361 57 47
is_linear=0
shrinkage=0.1


Tree=98
num_leaves=7
num_cat=0
split_feature=2 2 1 0 2 1
split_gain=0.434384 1.23311 0.899937 2.96096 1.9332 0.884252
threshold=1.1661708195941662 1.1107509191895464 0.8029517858050097 0.73226547241210949 0.83471598465903918 0.88684044982163546
decision_type=2 2 2 2 2 2
left_child=1 2 4 -4 -1 -2
right_child=5 -3 3 -5 -6 -7
leaf_value=-0.0010917546320737823 -0.0615898512422451 0.052682571449028992 -0.063106718967771244 0.001143388706934943 0.03164568386207673 0.0086723729013087683
leaf_weight=144.92810412123799 3.3605705872178069 4.491014886647462 9.3189457058906537 31.144500313326716 20.602083150297403 3.8353592157363892
leaf_count=748 20 33 42 162 107 24
internal_value=1.90467e-05 0.000845009 -0.000285139 -0.0136538 0.00298279 -0.0241408
internal_weight=217.681 210.485 205.994 40.4634 165.53 7.19593
internal_count=1136 1092 1059 204 855 44
is_linear=0
shrinkage=0.1


Tree=99
num_leaves=5
num_cat=0
split_feature=0 0 0 1
split_gain=0.400483 1.40683 1.55377 1.67029
threshold=1.0204879045486452 0.97387313283979904 0.91793845966458332 0.95093633218369755
decision_type=2 2 2 2
left_child=1 2 3 -1
right_child=-2 -3 -4 -5
leaf_value=0.0023285899118408787 -0.021726721381375061 0.044263365977780481 -0.05785572201534564 -0.050129475886078703
leaf_weight=191.19012371450663 8.1505278870463354 7.2129312045872203 4.6439676024019709 6.2687251344323149
leaf_count=1001 39 38 26 32
internal_value=2.05078e-05 0.000867321 -0.000681458 0.000663204
internal_weight=217.466 209.316 202.103 197.459
internal_count=1136 1097 1059 1033
is_linear=0
shrinkage=0.1


end of trees

feature_importances:
pass_tds_L3=106
attempts_L10=92
completions_L3=89
pass_tds_L10=85
pass_tds_L5=77
attempts_L5=75
completions_L10=71
attempts_L3=65
pass_tds_std_L5=60
completions_L5=57

parameters:
[boosting: gbdt]
[objective: binary]
[metric: binary_logloss]
[tree_learner: serial]
[device_type: cpu]
[data_sample_strategy: bagging]
[data: ]
[valid: ]
[num_iterations: 100]
[learning_rate: 0.1]
[num_leaves: 31]
[num_threads: 2]
[seed: 42]
[deterministic: 0]
[force_col_wise: 0]
[force_row_wise: 0]
[histogram_pool_size: -1]
[max_depth: 4]
[min_data_in_leaf: 20]
[min_sum_hessian_in_leaf: 0.001]
[bagging_fraction: 1]
[pos_bagging_fraction: 1]
[neg_bagging_fraction: 1]
[bagging_freq: 0]
[bagging_seed: 400]
[bagging_by_query: 0]
[feature_fraction: 1]
[feature_fraction_bynode: 1]
[feature_fraction_seed: 30056]
[extra_trees: 0]
[extra_seed: 12879]
[early_stopping_round: 0]
[early_stopping_min_delta: 0]
[first_metric_only: 0]
[max_delta_step: 0]
[lambda_l1: 0]
[lambda_l2: 0]
[linear_lambda: 0]
[min_gain_to_split: 0]
[drop_rate: 0.1]
[max_drop: 50]
[skip_drop: 0.5]
[xgboost_dart_mode: 0]
[uniform_drop: 0]
[drop_seed: 17869]
[top_rate: 0.2]
[other_rate: 0.1]
[min_data_per_group: 100]
[max_cat_threshold: 32]
[cat_l2: 10]
[cat_smooth: 10]
[max_cat_to_onehot: 4]
[top_k: 20]
[monotone_constraints: ]
[monotone_constraints_method: basic]
[monotone_penalty: 0]
[feature_contri: ]
[forcedsplits_filename: ]
[refit_decay_rate: 0.9]
[cegb_tradeoff: 1]
[cegb_penalty_split: 0]
[cegb_penalty_feature_lazy: ]
[cegb_penalty_feature_coupled: ]
[path_smooth: 0]
[interaction_constraints: ]
[verbosity: -1]
[saved_feature_importance_type: 0]
[use_quantized_grad: 0]
[num_grad_quant_bins: 4]
[quant_train_renew_leaf: 0]
[stochastic_rounding: 1]
[linear_tree: 0]
[max_bin: 255]
[max_bin_by_feature: ]
[min_data_in_bin: 3]
[bin_construct_sample_cnt: 200000]
[data_random_seed: 175]
[is_enable_sparse: 1]
[enable_bundle: 1]
[use_missing: 1]
[zero_as_missing: 0]
[feature_pre_filter: 1]
[pre_partition: 0]
[two_round: 0]
[header: 0]
[label_column: ]
[weight_column: ]
[group_column: ]
[ignore_column: ]
[categorical_feature: ]
[forcedbins_filename: ]
[precise_float_parser: 0]
[parser_config_file: ]
[objective_seed: 16083]
[num_class: 1]
[is_unbalance: 0]
[scale_pos_weight: 0.992982]
[sigmoid: 1]
[boost_from_average: 1]
[reg_sqrt: 0]
[alpha: 0.9]
[fair_c: 1]
[poisson_max_delta_step: 0.7]
[tweedie_variance_power: 1.5]
[lambdarank_truncation_level: 30]
[lambdarank_norm: 1]
[label_gain: ]
[lambdarank_position_bias_regularization: 0]
[eval_at: ]
[multi_error_top_k: 1]
[auc_mu_weights: ]
[num_machines: 1]
[local_listen_port: 12400]
[time_out: 120]
[machine_list_filename: ]
[machines: ]
[gpu_platform_id: -1]
[gpu_device_id: -1]
[gpu_use_dp: 0]
[num_gpu: 1]

end of parameters

pandas_categorical:[]
