tree
version=v4
num_class=1
num_tree_per_iteration=1
label_index=0
max_feature_idx=9
objective=binary sigmoid:1
feature_names=passing_yards_L3 passing_yards_L5 passing_yards_L10 passing_yards_std_L5 pass_tds_L3 pass_tds_L5 completions_L3 completions_L5 attempts_L3 attempts_L5
feature_infos=[-3:285.5] [-3:219.98033836305444] [-3:242.01558276468137] [0:212.13203435596424] [0:3.234375] [0:3] [0:27.25] [0:26] [0:44.858074671048826] [0:42]
tree_sizes=1584 1679 1687 1689 1687 1692 1490 1588 1590 1588 1488 1483 1486 1585 1380 1596 1587 1698 1385 1695 1291 1283 1391 1080 1495 1285 1291 1289 1073 1174 981 1382 1286 1181 1180 1602 980 775 1803 1284 777 1490 1498 771 1079 1589 672 1184 1601 675 777 673 1282 1284 1082 1178 1388 1176 1380 875 1606 979 776 1179 1485 1489 1182 1081 1079 779 1385 1186 976 1594 1178 1284 1189 1394 1083 1391 779 1594 1391 979 1388 1185 1079 777 1598 1489 1081 1282 981 1085 1493 1392 1390 1493 1287 982

Tree=0
num_leaves=14
num_cat=0
split_feature=6 2 6 5 2 3 1 9 0 5 0 8 0
split_gain=306.634 39.0328 21.5269 20.831 12.7579 8.68943 7.74689 5.86553 5.72949 4.89051 0.739916 0.389329 1.42109e-14
threshold=9.1618614620601893 199.38432109043345 1.4996112287044527 0.99428651399249168 190.25837292066029 8.4236416714254663 131.22770919067219 14.753086419753091 221.01110839843753 1.0973780093494232 28.291247312969066 0.93615146128013305 7.3854770887228378
decision_type=2 2 2 2 2 2 2 2 2 2 2 2 2
left_child=2 3 11 6 -5 10 -2 -7 9 -3 -4 -1 -13
right_child=1 8 5 4 -6 7 -8 -9 -10 -11 -12 12 -14
leaf_value=-0.5287237456507885 -0.39637672011933539 -0.27957989024817131 -0.36077744811913431 -0.27026626466542114 -0.36107228366028604 -0.46389647428886555 -0.3410371420329088 -0.54521460956202128 -0.33648199771146825 -0.23788986392491165 -0.41051939042041408 -0.55872299734844366 -0.55872299734844366
leaf_weight=4.9287672638893119 32.787544995546341 47.672105580568314 5.9757576882839185 66.123793870210648 20.198267072439194 46.777839660644531 110.71491396427155 10.945742160081862 9.3143507242202741 68.668219804763794 5.9860619902610779 15.403455734252928 19.976356655359268
leaf_count=20 119 155 21 213 71 180 382 45 32 214 22 64 83
internal_value=-0.350977 -0.305829 -0.496888 -0.330331 -0.291514 -0.463241 -0.353681 -0.479316 -0.261015 -0.254973 -0.38567 -0.555055 -0.558723
internal_weight=465.473 355.479 109.994 229.825 86.3221 69.6854 143.502 57.7236 125.655 116.34 11.9618 40.3086 35.3798
internal_count=1621 1186 435 785 284 268 501 225 401 369 43 167 147
is_linear=0
shrinkage=1


Tree=1
num_leaves=15
num_cat=0
split_feature=6 2 6 5 2 2 0 1 9 0 3 6 9 3
split_gain=248.38 30.1882 19.2543 16.2949 9.89788 8.89698 7.68962 5.94774 4.4719 4.40381 4.72853 2.5561 6.99129 0.385948
threshold=9.1618614620601893 199.38432109043345 2.9984449148178105 0.99428651399249168 190.25837292066029 71.512396694214885 224.54687500000003 52.68106995884775 14.753086419753091 221.01110839843753 40.734338086459168 1.4996112287044527 4.0555555555555562 22.995620145483226
decision_type=2 2 2 2 2 2 2 2 2 2 2 2 2 2
left_child=2 3 11 6 -5 7 -2 -4 -7 10 -3 13 -13 -1
right_child=1 9 5 4 -6 8 -8 -9 -10 -11 -12 12 -14 -15
leaf_value=-0.15742213960733054 0.03788459271972261 0.052571146789967577 -0.050996398481832544 0.10648632197801103 0.02685820923444511 -0.063233747197364451 -0.085899683187332959 0.050473859893902198 -0.14417579110550563 0.048640434308022687 0.12564210642856741 -0.023921813487002373 -0.16336652534624982 -0.12758943143808782
leaf_weight=33.828492999076843 139.27034175395966 9.6371513456106168 14.349346578121187 67.44549947977066 20.311269164085388 19.260540783405308 5.2060966938734046 9.669140696525572 10.572331368923185 9.4063093066215497 109.2539224177599 6.2070207595825186 8.545430123805998 4.9741977155208579
leaf_count=146 481 32 55 213 71 75 20 34 45 32 337 23 36 21
internal_value=0.0358107 0.0755764 -0.0976705 0.0540687 0.0880564 -0.0554474 0.0334241 -0.0101474 -0.0919184 0.114508 0.119719 -0.140127 -0.104696 -0.153598
internal_weight=467.937 360.531 107.407 232.233 87.7568 53.8514 144.476 24.0185 29.8329 128.297 118.891 53.5551 14.7525 38.8027
internal_count=1621 1186 435 785 284 209 501 89 120 401 369 226 59 167
is_linear=0
shrinkage=0.1


Tree=2
num_leaves=15
num_cat=0
split_feature=6 6 5 0 0 2 7 6 2 2 3 6 9 8
split_gain=203.353 25.3523 22.0377 9.32585 8.27844 7.94583 6.4811 5.6226 4.58332 10.544 6.10159 2.41086 6.15061 0.384491
threshold=10.779464721679689 2.9984449148178105 0.88243222985555647 227.07261657714847 205.46522078663114 202.38322585578331 18.196867213373803 16.15393897887407 71.512396694214885 95.645888569459373 78.022320130059356 1.4996112287044527 4.0555555555555562 0.93615146128013305
decision_type=2 2 2 2 2 2 2 2 2 2 2 2 2 2
left_child=1 11 5 4 -4 7 -7 -2 10 -10 -3 13 -13 -1
right_child=2 8 3 -5 -6 6 -8 -9 9 -11 -12 12 -14 -15
leaf_value=-0.11806959078093081 0.0092355195769533247 -0.032435921018949904 0.083784711775183443 -0.0050107582011706814 0.12893223726129546 0.17501862073568569 0.05928414481977741 0.053271461125526477 -0.14637490123473179 -0.032270474062084206 0.082100935435028083 -0.021641237104766842 -0.15381863032728843 -0.14906629572338784
leaf_weight=4.5645759403705588 60.906565919518471 21.386641025543216 139.12113584578037 9.3968984931707364 57.359812498092651 6.984603330492976 15.748650923371313 55.339902251958847 10.643196955323218 33.871174648404121 5.9436664730310431 6.176673859357833 8.1865531802177411 32.457951009273529
leaf_count=20 214 81 441 33 174 20 51 186 45 130 20 23 36 147
internal_value=0.0321401 -0.078121 0.0715405 0.0923104 0.0969649 0.040773 0.0948426 0.0301991 -0.0397615 -0.0595524 -0.00752699 -0.131753 -0.0969779 -0.145245
internal_weight=468.088 123.23 344.858 205.878 196.481 138.98 22.7333 116.246 71.8447 44.5144 27.3303 51.3858 14.3632 37.0225
internal_count=1621 502 1119 648 615 471 71 400 276 175 101 226 59 167
is_linear=0
shrinkage=0.1


Tree=3
num_leaves=15
num_cat=0
split_feature=6 2 6 6 6 5 3 8 4 0 9 0 3 7
split_gain=166.918 20.1777 15.5189 11.3508 10.3724 7.83354 6.75172 5.17747 4.16181 8.27619 2.09115 0.63081 0.391086 0.000445905
threshold=9.1618614620601893 199.38432109043345 1.4996112287044527 15.995773115407212 15.068933725357057 0.62813432101721223 8.4236416714254663 13.78209657315165 1.5461957454681399 220.24029636536218 29.420643737573105 28.291247312969066 22.995620145483226 0.65892562769401331
decision_type=2 2 2 2 2 2 2 2 2 2 2 2 2 2
left_child=2 3 12 4 -2 -5 11 -8 9 -3 -10 -4 13 -1
right_child=1 8 6 5 -6 -7 7 -9 10 -11 -12 -13 -14 -15
leaf_value=-0.14290399501548659 0.034892411350787182 0.089148946227302475 0.035625372661683773 0.016639719058892423 -0.042111132005603576 0.078023408889625015 -0.059388484993296312 -0.15305702772691965 0.095637442132114614 -0.032949006519768224 0.14696502601320766 -0.010681177624963026 -0.11098962031858615 -0.14212778730128367
leaf_weight=12.600635647773744 93.184916660189629 92.45069183409214 5.9086209982633573 26.722107663750648 21.535436719655991 93.649393558502197 47.811717882752419 6.7319333404302588 14.69786946475506 5.9062006324529639 17.257117390632629 5.8588003069162369 4.5392799377441397 17.934928953647614
leaf_count=60 316 285 21 92 78 299 195 30 45 21 50 22 21 86
internal_value=0.0289418 0.0604405 -0.0845824 0.0429452 0.0204372 0.0643964 -0.0561281 -0.0709493 0.0920034 0.0818171 0.123357 0.0125701 -0.138377 -0.142448
internal_weight=466.79 365.404 101.386 235.092 114.72 120.372 66.3111 54.5437 130.312 98.3569 31.955 11.7674 35.0748 30.5356
internal_count=1621 1186 435 785 394 391 268 225 401 306 95 43 167 146
is_linear=0
shrinkage=0.1


Tree=4
num_leaves=15
num_cat=0
split_feature=6 6 5 0 1 2 7 0 5 8 0 6 9 8
split_gain=137.538 21.0404 15.2582 7.21754 6.2109 5.46323 5.18245 5.09712 4.52056 6.12258 4.04545 1.91003 5.27637 0.409278
threshold=10.779464721679689 2.9984449148178105 0.88243222985555647 227.07261657714847 205.41125829746537 202.38322585578331 18.196867213373803 218.5241406708956 0.66549463331944514 8.9062500000000018 112.68750000000001 1.4996112287044527 4.0555555555555562 0.93615146128013305
decision_type=2 2 2 2 2 2 2 2 2 2 2 2 2 2
left_child=1 11 5 4 -4 7 -7 -2 9 -3 -10 13 -13 -1
right_child=2 8 3 -5 -6 6 -8 -9 10 -11 -12 12 -14 -15
leaf_value=-0.10318341322498846 0.028167428734239705 -0.067279725400166315 0.066555643780778842 -0.010460841596833715 0.10420394739981156 0.14851203459313408 0.045257688802225318 -0.069570448475540753 -0.12394030646004334 0.0032484381510521371 -0.015265770718346365 -0.019232190412160569 -0.14384455839364674 -0.13683080660175259
leaf_weight=4.1317054182291022 111.59756846725941 18.379279166460037 132.39582295715809 9.4452983886003476 65.496490180492401 7.0128547847270992 15.841095685958861 5.6037262976169577 9.0188421756029111 37.26501139998436 5.5231068879365912 6.1329087167978269 7.6194570958614349 28.910553097724915
leaf_count=20 379 75 418 33 197 20 51 21 39 142 20 23 36 147
internal_value=0.0261344 -0.06765 0.0577152 0.07494 0.0790161 0.0322158 0.0769418 0.0234943 -0.0330209 -0.020047 -0.0826652 -0.119589 -0.0882733 -0.132623
internal_weight=464.374 116.981 347.393 207.338 197.892 140.055 22.854 117.201 70.1862 55.6443 14.5419 46.7946 13.7524 33.0423
internal_count=1621 502 1119 648 615 471 71 400 276 217 59 226 59 167
is_linear=0
shrinkage=0.1


Tree=5
num_leaves=15
num_cat=0
split_feature=6 0 6 7 0 2 2 1 2 1 1 2 3 8
split_gain=113.633 15.5672 12.5753 7.80376 9.61286 7.3299 6.04411 8.58827 5.24858 4.71897 11.9244 7.1396 0.420743 0.00311715
threshold=8.7528839111328143 161.95202636718753 1.4996112287044527 14.967412117173806 221.01110839843753 159.99455744478601 71.512396694214885 52.68106995884775 95.645888569459373 131.22770919067219 120.39338233218741 160.78350228179639 22.995620145483226 0.93615146128013305
decision_type=2 2 2 2 2 2 2 2 2 2 2 2 2 2
left_child=2 9 12 5 -5 -3 7 -4 -8 10 -2 -11 13 -1
right_child=1 3 6 4 -6 -7 8 -9 -10 11 -12 -13 -14 -15
leaf_value=-0.13498461605437692 0.023083702704971787 0.054189016410420676 -0.052591045489595915 0.075208333498466867 0.01183432083387629 -0.057403853059556788 -0.14389836687660368 0.061006053730452495 -0.052669754804754255 0.07826112382289617 -0.098488857794929885 0.011219675715023686 -0.097772915738962879 -0.13184064436338327
leaf_weight=3.648061051964766 30.205350533127785 14.281871110200884 23.303116872906685 204.10490606725216 27.114469975233078 10.012619584798811 9.4977888911962527 9.3159960657358152 18.768025770783424 23.5272106975317 11.008405357599257 48.903377264738083 4.071085423231124 23.264134228229523
leaf_count=19 106 46 96 636 92 36 45 33 81 75 42 166 21 127
internal_value=0.0236502 0.0484167 -0.0758702 0.0621118 0.0677766 0.00819764 -0.0494774 -0.0201478 -0.0833241 0.0176251 -0.00938895 0.0329964 -0.127734 -0.132267
internal_weight=461.026 369.158 91.8682 255.514 231.219 24.2945 60.8849 32.6191 28.2658 113.644 41.2138 72.4306 30.9833 26.9122
internal_count=1621 1199 422 810 728 82 255 129 126 389 148 241 167 146
is_linear=0
shrinkage=0.1


Tree=6
num_leaves=13
num_cat=0
split_feature=6 5 6 0 9 8 1 5 1 0 8 3
split_gain=93.8782 13.3893 11.8618 5.68653 5.54626 6.93084 5.38708 10.814 7.7219 5.36275 0.455062 0.00240018
threshold=8.7528839111328143 0.88243222985555647 1.4996112287044527 124.71447753906251 14.753086419753091 8.9062500000000018 131.22770919067219 0.26428898033836318 135.93952537058519 227.07261657714847 0.93615146128013305 22.995620145483226
decision_type=2 2 2 2 2 2 2 2 2 2 2 2
left_child=2 6 10 -3 5 -4 7 -2 -8 -5 -1 -12
right_child=1 3 4 9 -6 -7 8 -9 -10 -11 11 -13
leaf_value=-0.090690423921835739 0.062806965146830915 -0.030555239874090978 -0.061723352733264347 0.066545771319300132 -0.12255781795907508 0.014030221818836211 0.14875366601286208 -0.055531346425238992 0.025865044835932518 -0.010596782941773755 -0.12790770189417486 -0.13069801777541998
leaf_weight=3.6856853067874935 11.921505168080328 6.7104530036449423 32.365350157022476 195.69005617499352 8.0788477808237058 19.267484560608864 5.3456610441207877 21.922235950827599 117.63448704779148 9.4465602785348874 21.663790181279186 3.5942009091377249
leaf_count=20 40 24 141 611 39 75 16 83 392 33 127 20
internal_value=0.0214156 0.0436335 -0.0709768 0.0600301 -0.0455103 -0.0334549 0.0214839 -0.0138465 0.0312067 0.0629933 -0.123515 -0.128305
internal_weight=457.326 368.671 88.6554 211.847 59.7117 51.6328 156.824 33.8437 122.98 205.137 28.9437 25.258
internal_count=1621 1199 422 668 255 216 531 123 408 644 167 147
is_linear=0
shrinkage=0.1


Tree=7
num_leaves=14
num_cat=0
split_feature=6 6 1 0 0 5 4 7 0 5 6 9 9
split_gain=78.0259 16.083 9.56353 7.91911 7.4151 9.69026 6.84393 6.70125 6.62213 6.25716 1.83038 5.07301 0.528101
threshold=10.90296244621277 2.9984449148178105 205.41125829746537 221.01110839843753 125.70507812500001 0.66549463331944514 1.220692141533152 18.146680656420816 220.67396907820242 0.91261118304044719 1.4996112287044527 4.0555555555555562 0.94444444444444464
decision_type=2 2 2 2 2 2 2 2 2 2 2 2 2
left_child=1 10 3 9 5 -3 8 -8 -4 -2 12 -12 -1
right_child=2 4 6 -5 -6 -7 7 -9 -10 -11 11 -13 -14
leaf_value=-0.081469192056347617 0.020647160865585025 -0.017916150054795719 0.064705277074750017 -0.078119420804123277 0.079236680436094331 -0.12248589147255065 0.022567296528957836 0.1188377959948943 -0.027461405388412571 0.052308868601531069 -0.006301254290329697 -0.13321047067043248 -0.12493968265786784
leaf_weight=3.1666998863220241 130.26831294596195 52.776449352502823 33.295920595526695 6.2527209669351569 6.1845960617065421 10.650119125843046 9.1065488010644895 35.09814541041851 10.178774073719977 119.8380074352026 5.9289864450693113 6.7195066809654236 23.786866098642349
leaf_count=18 437 213 104 23 20 49 30 104 36 379 23 36 149
internal_value=0.0194127 -0.0542276 0.0427894 0.0330388 -0.0252832 -0.0354747 0.0712983 0.0990052 0.0431262 0.0358178 -0.105105 -0.0737217 -0.119832
internal_weight=453.252 109.213 344.038 256.359 69.6112 63.4266 87.6794 44.2047 43.4747 250.106 39.6021 12.6485 26.9536
internal_count=1621 508 1113 839 282 262 274 134 140 816 226 59 167
is_linear=0
shrinkage=0.1


Tree=8
num_leaves=14
num_cat=0
split_feature=6 6 0 5 7 2 1 2 1 7 1 9 3
split_gain=64.3993 10.6541 9.83107 6.46952 6.7242 4.99846 6.65909 5.31737 3.87773 8.22674 5.0097 0.537642 0.00112123
threshold=8.7528839111328143 1.4996112287044527 161.95202636718753 2.0314417907038571 14.967412117173806 71.512396694214885 52.68106995884775 95.645888569459373 170.72244879535776 16.891986128281413 147.74275256644989 0.94444444444444464 22.995620145483226
decision_type=2 2 2 2 2 2 2 2 2 2 2 2 2
left_child=1 11 8 4 -4 6 -3 -7 10 -10 -2 -1 -13
right_child=2 5 3 -5 -6 7 -8 -9 9 -11 -12 12 -14
leaf_value=-0.077029769552380681 5.1986919050359621e-06 -0.041450777933103394 -0.007464851846329246 0.12484162416876517 0.048798414632992851 -0.13540893056563047 0.059221314857913536 -0.039242936218288067 -0.12840039514283016 0.033781449951238933 0.045722430446074831 -0.12172248075922568 -0.12377324182386076
leaf_weight=3.021938860416415 61.894934430718422 22.210910737514499 23.525607764720917 10.146470829844473 218.80956520140171 8.5656721293926257 9.3307061195373517 17.490555360913277 5.8144205659627897 6.7686959505081177 39.117595493793488 18.909403100609783 3.1035932898521414
leaf_count=18 218 96 80 30 700 45 33 81 22 22 127 129 20
internal_value=0.0176208 -0.0621176 0.0356198 0.0466119 0.0433364 -0.0384447 -0.0116698 -0.0708564 0.0111884 -0.0411597 0.0177094 -0.116582 -0.122012
internal_weight=448.71 82.6328 366.077 252.482 242.335 57.5978 31.5416 26.0562 113.596 12.5831 101.013 25.0349 22.013
internal_count=1621 422 1199 810 780 255 129 126 389 44 345 167 149
is_linear=0
shrinkage=0.1


Tree=9
num_leaves=14
num_cat=0
split_feature=6 6 0 9 5 0 0 6 8 1 6 4 3
split_gain=53.4914 13.4384 7.25139 7.72162 7.14944 4.23252 5.15034 3.88007 8.3302 5.4114 1.82005 5.04939 0.568217
threshold=10.90296244621277 2.9984449148178105 133.33063419788962 14.753086419753091 0.88243222985555647 227.07261657714847 205.46522078663114 19.566162109375004 33.255769021809108 113.26992423417315 1.4996112287044527 0.040973581792411305 22.995620145483226
decision_type=2 2 2 2 2 2 2 2 2 2 2 2 2
left_child=1 10 3 -3 7 6 -6 9 -9 -2 12 -12 -1
right_child=4 2 -4 -5 5 -7 -8 8 -10 -11 11 -13 -14
leaf_value=-0.11983692236236652 0.075455667065819021 -0.0053536814803708862 0.10084005584737997 -0.07935421427684379 0.039827132911955561 -0.018199887097165589 0.075860400503346415 0.096899562305504408 -0.013649538025815209 0.0018070049610832428 -0.0016949240496362521 -0.13206447223000703 -0.073922133289513969
leaf_weight=20.090279966592792 11.085393041372297 42.466046765446663 4.5437733083963385 21.110141083598137 137.14718456566334 9.4774285256862623 55.80837981402874 16.350599214434627 11.689267531037329 99.737901762127876 6.0646601766347867 5.8237908631563187 3.1129440814256659
leaf_count=146 36 175 14 93 441 33 174 50 40 339 26 33 21
internal_value=0.0159804 -0.0471013 -0.0212028 -0.0299252 0.035057 0.0470444 0.050249 0.017582 0.0508138 0.00917391 -0.0973755 -0.065559 -0.113677
internal_weight=444.508 103.212 68.12 63.5762 341.296 202.433 192.956 138.863 28.0399 110.823 35.0917 11.8885 23.2032
internal_count=1621 508 282 268 1113 648 615 465 90 375 226 59 167
is_linear=0
shrinkage=0.1


Tree=10
num_leaves=13
num_cat=0
split_feature=8 0 5 0 6 2 1 8 1 7 9 3
split_gain=45.6658 10.583 5.48209 5.02571 4.944 7.31543 3.85096 8.27739 6.10114 2.23393 0.61309 0.00139671
threshold=8.9062500000000018 161.43001174926761 2.0314417907038571 224.54687500000003 1.4996112287044527 17.060856498873033 170.72244879535776 25.870806217193607 147.74275256644989 2.9876543209876552 0.94444444444444464 22.995620145483226
decision_type=2 2 2 2 2 2 2 2 2 2 2 2
left_child=4 6 3 -3 10 -6 8 -8 -2 -7 -1 -12
right_child=1 2 -4 -5 5 9 7 -9 -10 -11 11 -13
leaf_value=-0.066286831190158754 -0.0056981953335583681 0.039587083131584808 0.11175885825397253 -0.014420292501103793 0.053238085360604287 -0.13685845594103338 -0.14239260045073726 0.026055635931549755 0.042005798625964645 -0.057855369763274593 -0.11706148933403245 -0.11950878003701899
leaf_weight=2.6818133443594006 87.014914341270924 223.00812336802483 9.786546126008032 18.672956198453903 5.7628436386585262 4.3706102222204235 5.3676511049270612 6.3898746520280838 38.749413967132568 19.765095964074135 15.933504894375803 2.7318736910819998
leaf_count=18 330 721 30 65 22 23 21 21 126 96 128 20
internal_value=0.0144978 0.0261877 0.0383855 0.0354143 -0.0742368 -0.0479913 0.00388339 -0.0508459 0.00899995 -0.0721616 -0.110996 -0.11742
internal_weight=440.235 388.989 251.468 241.681 51.2457 29.8985 137.522 11.7575 125.764 24.1357 21.3472 18.6654
internal_count=1621 1314 816 786 307 141 498 42 456 119 166 148
is_linear=0
shrinkage=0.1


Tree=11
num_leaves=13
num_cat=0
split_feature=6 1 2 4 3 3 6 3 2 9 3 9
split_gain=38.3593 10.3395 6.82077 7.16802 6.76149 8.72458 3.17458 3.93067 2.28741 1.69756 0.639139 0.00425626
threshold=3.9968898296356206 147.74275256644989 66.083220879008039 1.1855673257632591 28.589927643491603 41.796655791902076 1.4996112287044527 8.4236416714254663 38.069496619083402 11.094345374180772 22.995620145483226 0.94444444444444464
decision_type=2 2 2 2 2 2 2 2 2 2 2 2
left_child=6 2 9 -4 -3 -6 10 -8 -9 -2 11 -1
right_child=1 4 3 -5 5 -7 7 8 -10 -11 -12 -13
leaf_value=-0.11977888157422734 0.071455956034620946 0.11411045413914711 -0.027731874715716687 0.077913226219683399 -0.03811656836381639 0.033688610782610103 0.01459663550073159 -0.13743472326816547 -0.052221042191481971 0.012804443933913397 -0.063796694635053941 -0.11519154610765139
leaf_weight=2.3436367064714494 11.659530565142633 9.6870778948068601 72.710029497742653 7.0447041541337958 18.05906979739666 268.57288479804993 6.1176009774208095 4.8018645346164694 9.1577737629413587 8.5559796690940839 2.7397500425577155 14.764809869229792
leaf_count=17 43 29 289 22 63 879 24 25 50 30 21 129
internal_value=0.013147 0.0225595 -0.00524969 -0.0184003 0.0319416 0.0291646 -0.0802787 -0.052242 -0.081533 0.0466324 -0.108639 -0.11582
internal_weight=436.215 396.289 99.9702 79.7547 296.319 286.632 39.9254 20.0772 13.9596 20.2155 19.8482 17.1084
internal_count=1621 1355 384 311 971 942 266 99 75 73 167 146
is_linear=0
shrinkage=0.1


Tree=12
num_leaves=13
num_cat=0
split_feature=8 1 0 5 8 0 6 2 7 1 9 3
split_gain=32.7257 8.70535 5.98019 5.5902 5.75688 5.28718 4.6139 6.09997 4.29377 2.31208 0.702269 0.00150376
threshold=8.9062500000000018 205.41125829746537 219.08459472656253 1.1028938301711764 29.058684487459463 207.10258102416995 1.4996112287044527 22.075882794891061 19.187690550737276 52.68106995884775 0.94444444444444464 22.995620145483226
decision_type=2 2 2 2 2 2 2 2 2 2 2 2
left_child=6 2 5 4 -3 -2 10 -8 -5 -9 -1 -12
right_child=1 3 -4 8 -6 -7 7 9 -10 -11 11 -13
leaf_value=-0.055612126289193764 0.01280976954945732 0.079613480686931137 -0.073694343059151179 0.03252139377377529 -0.011196764676858078 0.074907965491164644 0.031275658229396396 -0.10457445100214802 0.092450875393307805 -0.037505530105929906 -0.11352564026889363 -0.11624133304357216
leaf_weight=2.3738205134868648 279.8560099452734 10.194247454404829 7.6518502533435813 18.876517534255981 22.147618055343628 14.417243853211401 8.1424298733472842 10.264998868107797 32.605698123574257 10.294908627867697 13.430315256118773 2.4039784073829642
leaf_count=18 967 32 28 63 76 45 33 57 103 51 128 20
internal_value=0.0119074 0.0214981 0.0135827 0.0500087 0.0174269 0.0158521 -0.0669585 -0.0419796 0.0704771 -0.0709912 -0.106334 -0.113938
internal_weight=432.66 385.749 301.925 83.8241 32.3419 294.273 46.9105 28.7023 51.4822 20.5599 18.2081 15.8343
internal_count=1621 1314 1040 274 108 1012 307 141 166 108 166 148
is_linear=0
shrinkage=0.1


Tree=13
num_leaves=14
num_cat=0
split_feature=6 6 2 3 3 9 4 6 9 2 2 3 9
split_gain=27.719 7.45385 6.19114 6.98272 7.36145 6.18657 12.9858 5.85836 4.88445 3.77988 1.82652 0.721028 0.0035899
threshold=8.7528839111328143 1.4996112287044527 213.27047065902022 28.589927643491603 41.796655791902076 32.035749031740032 1.1708605429840591 8.0371093750000018 29.376681646820817 71.512396694214885 168.91263763242571 22.995620145483226 0.94444444444444464
decision_type=2 2 2 2 2 2 2 2 2 2 2 2 2
left_child=1 11 3 10 -5 8 -7 9 -4 -3 -2 12 -1
right_child=2 7 5 4 -6 6 -8 -9 -10 -11 -12 -13 -14
leaf_value=-0.11659704074541576 0.049877667251338319 0.005111982875348902 0.039690657280303354 -0.055238398310363562 0.016362353420144481 -0.07315904147686185 0.088161337752018995 -0.14293336817915539 0.10548263338491987 -0.050569884043063319 0.1231642232707934 -0.053725468115554446 -0.11210387758361369
leaf_weight=2.0754126906394985 6.9324471652507764 28.460873648524284 24.212138369679451 15.184181481599806 264.26393054425716 10.487569317221643 9.5188244581222516 4.1118736863136283 21.133541971445084 21.326697677373886 6.6754375398159027 2.4146591424942008 12.41653937846422
leaf_count=17 23 122 80 54 887 38 31 21 66 112 20 21 129
internal_value=0.0107894 -0.0463856 0.0220847 0.0158781 0.0124718 0.0499165 0.00359544 -0.028214 0.0703533 -0.0187396 0.0858289 -0.104318 -0.112747
internal_weight=429.214 70.8061 358.408 293.056 279.448 65.3521 20.0064 53.8994 45.3457 49.7876 13.6079 16.9066 14.492
internal_count=1621 422 1199 984 941 215 69 255 146 234 43 167 146
is_linear=0
shrinkage=0.1


Tree=14
num_leaves=12
num_cat=0
split_feature=6 2 2 1 3 0 6 0 1 9 3
split_gain=24.4821 7.21862 6.86683 6.22059 3.68705 3.11655 2.80414 3.00426 3.81319 0.800243 0.00148399
threshold=3.9968898296356206 199.38432109043345 28.699800526783541 202.64932818792667 38.017963754830369 160.88344647129563 1.4996112287044527 19.437871634960178 52.68106995884775 0.94444444444444464 22.995620145483226
decision_type=2 2 2 2 2 2 2 2 2 2 2
left_child=6 2 -2 -4 -3 -6 9 -8 -9 -1 -11
right_child=1 4 3 -5 5 -7 7 8 -10 10 -12
leaf_value=-0.044993290869143672 0.14813812296212969 -0.03290535885178978 0.0015684129282849833 0.058070741325228027 -0.032538176091913527 0.045346645973724849 0.010045446234159356 -0.1141334323219006 0.0019124172489867444 -0.1108204863025653 -0.11370269608735611
leaf_weight=2.106249935925006 3.4447509348392478 7.0470179766416541 246.06565771996975 21.160534054040909 5.3943149000406256 107.99842987954617 6.501515336334708 8.1435369774699193 4.3409736081957808 11.358382530510424 2.1197983622550955
leaf_count=18 12 25 873 68 19 358 29 47 23 129 20
internal_value=0.00978344 0.0169134 0.00785101 0.0060426 0.0372797 0.0416415 -0.0708805 -0.0450772 -0.0737833 -0.102316 -0.111274
internal_weight=425.681 391.111 270.671 267.226 120.44 113.393 34.5705 18.986 12.4845 15.5844 13.4782
internal_count=1621 1355 953 941 402 377 266 99 70 167 149
is_linear=0
shrinkage=0.1


Tree=15
num_leaves=14
num_cat=0
split_feature=8 2 3 0 1 6 2 1 5 1 3 9 3
split_gain=20.8657 5.45251 4.88055 6.03628 4.86827 3.83322 4.78404 3.34053 7.43954 5.24411 1.81486 0.810388 0.00107752
threshold=8.9062500000000018 199.38432109043345 28.589927643491603 148.88601810464027 202.64932818792667 1.4996112287044527 17.060856498873033 199.18485105334824 0.79916081864257882 205.41125829746537 59.075470737873268 0.94444444444444464 22.995620145483226
decision_type=2 2 2 2 2 2 2 2 2 2 2 2 2
left_child=5 2 3 -2 -4 11 -7 8 -3 -9 -8 -1 -13
right_child=1 7 4 -5 -6 6 10 9 -10 -11 -12 12 -14
leaf_value=-0.041944313257458093 0.0099332048361362481 -0.02535030716269901 0.00035800121096674141 0.13387915808514481 0.051045865621800579 0.043559930301876021 -0.089659046980149343 -0.024068625514654517 0.083121661673337718 0.036343372917998613 -0.031499922676775809 -0.10966157355277675 -0.11222997558125447
leaf_weight=2.0371389314532271 9.4785396829247492 8.1246271431446058 224.9465274810791 6.7112718373537055 20.691041439771652 5.8765518814325359 9.9192301109433192 18.528630837798119 28.510576829314232 64.004612818360329 11.687345966696737 10.281291410326956 1.9419492781162251
leaf_count=18 35 28 790 20 67 22 54 65 90 219 65 128 20
internal_value=0.0088496 0.0162034 0.00813274 0.0613134 0.00462764 -0.0582694 -0.0364412 0.0339357 0.0590657 0.0227809 -0.0581998 -0.100338 -0.11007
internal_weight=422.739 380.996 261.827 16.1898 245.638 41.7435 27.4831 119.168 36.6352 82.5332 21.6066 14.2604 12.2232
internal_count=1621 1314 912 55 857 307 141 402 118 284 119 166 148
is_linear=0
shrinkage=0.1


Tree=16
num_leaves=14
num_cat=0
split_feature=6 1 1 1 1 8 4 4 0 2 2 6 3
split_gain=18.2728 6.21342 7.83243 4.93963 4.80067 4.3571 2.16198 1.67368 4.81829 1.04505 0.0277922 0.0246 0.000238324
threshold=2.9984449148178105 131.22770919067219 120.39338233218741 135.93952537058519 147.74275256644989 20.007812500000004 0.60739898681640636 0.029790878295898403 13.728538852185013 6.5000000000000009 19.42063383648658 1.4996112287044527 13.21892944200401
decision_type=2 2 2 2 2 2 2 2 2 2 2 2 2
left_child=7 2 5 -3 -5 -2 -4 8 9 -1 -10 12 -9
right_child=1 3 6 4 -6 -7 -8 11 10 -11 -12 -13 -14
leaf_value=-0.06672221577421944 -0.01036646694219978 0.10000132836824496 -0.13353733168052861 -0.033920409940941552 0.020609836340343073 0.053974422501285424 -0.047890321501148983 -0.10870475530929438 0.03114450829089941 -0.12875829093214117 0.015874862479819646 -0.12107988747645443 -0.11041058261178177
leaf_weight=5.7606141120195407 57.878676906228065 7.4451498836278907 5.3443277180194837 17.100093334913254 288.9342432320118 12.864388808608053 6.5713264942169189 1.4722265526652329 2.6247156560420981 5.1369942799210548 2.1836275681853294 4.3601261898875237 1.8459711298346517
leaf_count=64 249 24 23 61 971 42 25 20 22 47 18 33 22
internal_value=0.0080191 0.0130898 -0.0112997 0.0195208 0.0175629 0.00133371 -0.0863041 -0.0778796 -0.0591738 -0.0959652 0.0242101 -0.116142 -0.109654
internal_weight=419.522 396.138 82.6587 313.479 306.034 70.7431 11.9157 23.3843 15.706 10.8976 4.80834 7.67832 3.3182
internal_count=1621 1395 339 1056 1032 291 48 226 151 111 40 75 42
is_linear=0
shrinkage=0.1


Tree=17
num_leaves=15
num_cat=0
split_feature=6 6 6 6 5 4 2 4 0 2 8 0 6 3
split_gain=15.5649 5.21625 6.63994 5.51089 4.73654 4.66997 3.46391 1.66257 4.27722 1.00222 0.834035 0.189936 0.0177808 0.000172181
threshold=2.9984449148178105 10.90296244621277 11.787300169467928 14.104492187500002 0.66549463331944514 1.1457816547286361 134.6140572518967 0.029790878295898403 13.728538852185013 6.5000000000000009 18.838278613984588 18.602860459126536 1.4996112287044527 13.21892944200401
decision_type=2 2 2 2 2 2 2 2 2 2 2 2 2 2
left_child=7 4 10 -4 6 -6 -2 8 9 -1 -3 -10 13 -9
right_child=1 2 3 -5 5 -7 -8 12 11 -11 -12 -13 -14 -15
leaf_value=-0.06323608309922775 -0.013242877198018178 0.061391558161037557 -0.020004155163567509 0.019190020100500593 -0.11012831236468311 0.017691434000441684 0.051866569896680474 -0.10780823449924129 0.040286842437031276 -0.1260019071409092 0.11254883195248513 0.00076241227869522409 -0.11880070165446935 -0.10932600661352505
leaf_weight=5.4849951863288897 42.069774061441422 6.2041290849447233 41.244288459420204 275.50810647010803 8.7018576264381391 4.256554663181304 10.140634045004843 1.3426364585757249 2.5545648187398902 4.744602657854557 6.5530446767807007 2.3200777322053909 4.0169910714030266 1.6860250085592268
leaf_count=64 183 20 143 930 45 15 39 20 21 47 20 19 33 22
internal_value=0.00724494 0.0118228 0.0169354 0.0140866 -0.0140279 -0.0681423 -0.000596911 -0.0743249 -0.0556132 -0.0923476 0.0876698 0.0214753 -0.114439 -0.108653
internal_weight=416.828 394.678 329.51 316.752 65.1688 12.9584 52.2104 22.1499 15.1042 10.2296 12.7572 4.87464 7.04565 3.02866
internal_count=1621 1395 1113 1073 282 60 222 226 151 111 40 40 75 42
is_linear=0
shrinkage=0.1


Tree=18
num_leaves=12
num_cat=0
split_feature=6 5 0 0 6 8 2 6 9 3 9
split_gain=13.2586 4.66678 3.34182 4.06006 3.2414 6.64615 3.43585 1.66777 4.14674 1.02185 0.00202922
threshold=2.9984449148178105 0.88243222985555647 227.07261657714847 205.46522078663114 19.566162109375004 33.255769021809108 218.03445667360046 1.4996112287044527 4.0555555555555562 22.995620145483226 0.94444444444444464
decision_type=2 2 2 2 2 2 2 2 2 2 2
left_child=7 4 3 -3 6 -6 -2 9 -9 10 -1
right_child=1 2 -4 -5 5 -7 -8 8 -10 -11 -12
leaf_value=-0.11154712602182691 -0.0084159294313058807 0.015452394016705763 -0.036593090754404985 0.048463536172687061 0.073184415313700152 -0.026153903264323011 0.06591982017485111 0.019180429796203161 -0.11578969875867783 -0.025103104668452048 -0.1076355801664008
leaf_weight=1.5744419991970087 160.92982275784016 137.6489492058754 9.4359895735979062 51.084210336208344 16.019557014107708 11.62049253284931 6.4677176028490058 5.2630298435688001 4.0111804381012917 1.7346818298101414 8.4140211381018144
leaf_count=17 606 471 33 174 50 40 21 23 36 21 129
internal_value=0.00654158 0.010676 0.0214838 0.0243875 -0.00030539 0.0314204 -0.00554383 -0.0708815 -0.0391954 -0.0959485 -0.108252
internal_weight=414.204 393.207 198.169 188.733 195.038 27.64 167.398 20.9974 9.27421 11.7231 9.98846
internal_count=1621 1395 678 645 717 90 627 226 59 167 146
is_linear=0
shrinkage=0.1


Tree=19
num_leaves=15
num_cat=0
split_feature=6 2 4 4 7 9 4 9 4 0 8 2 6 3
split_gain=11.3725 4.09063 3.44269 5.64603 4.51548 2.67717 7.73913 7.43968 1.70215 3.91831 3.10381 1.07347 0.0117326 0.000161041
threshold=2.9984449148178105 217.66955886674586 0.73390748664678551 0.69652676582336437 22.007468373723523 32.035749031740032 1.1708605429840591 29.376681646820817 0.029790878295898403 13.728538852185013 2.0156250000000004 6.5000000000000009 1.4996112287044527 13.21892944200401
decision_type=2 2 2 2 2 2 2 2 2 2 2 2 2 2
left_child=8 2 3 -2 -4 7 -7 -3 9 11 -11 -1 13 -10
right_child=1 5 4 -5 -6 6 -8 -9 12 10 -12 -13 -14 -15
leaf_value=-0.055133036988146839 -0.0012204045362335864 0.0095158801881227943 0.012148837910659316 -0.10159702631476158 0.096724822359302298 -0.077910065536326178 0.084257826548806675 0.10816887859622835 -0.10629503220796983 -0.054455270566934055 0.10779893799808112 -0.12426705296255686 -0.11611682515294289 -0.10789242884469606
leaf_weight=4.8422981798648852 150.0457838177681 16.798558443784717 186.47036455571651 5.8211439400911322 6.5338197946548453 6.2524084448814374 5.5594902336597443 14.027464807033537 1.1134508475661271 2.4000050947070113 2.3173298314213753 4.1889154016971588 3.4654232859611511 1.4569229818880556
leaf_count=64 563 60 639 22 21 23 20 47 20 29 11 47 33 22
internal_value=0.00592036 0.00965839 0.00608492 -0.00496916 0.015012 0.0388971 -0.00158273 0.0544082 -0.0680508 -0.0486162 0.02525 -0.0871992 -0.11232 -0.1072
internal_weight=411.293 391.509 348.871 155.867 193.004 42.6379 11.8119 30.826 19.7843 13.7485 4.71733 9.03121 6.0358 2.57037
internal_count=1621 1395 1245 585 660 150 43 107 226 151 40 111 75 42
is_linear=0
shrinkage=0.1


Tree=20
num_leaves=11
num_cat=0
split_feature=6 8 9 1 4 8 7 3 9 0
split_gain=9.91441 4.71021 4.48826 6.2486 4.18491 4.46763 3.59671 1.11465 0.00122129 0.000144394
threshold=1.4996112287044527 17.903672695159916 17.578858236379961 131.22770919067219 1.0000000180025095e-35 16.785390853881839 3.7037037037037046 22.995620145483226 0.94444444444444464 13.728538852185013
decision_type=2 2 2 2 2 2 2 2 2 2
left_child=7 4 -3 -4 6 -6 -2 8 -1 -10
right_child=1 2 3 -5 5 -7 -8 -9 9 -11
leaf_value=-0.10964187922513589 -0.022167269154825562 0.081079589918766154 -0.046386764269488734 0.014341824360088955 -0.018988402514571578 -0.10954240493824337 0.06743937393211695 -0.015221212583793463 -0.10605592929122359 -0.10701374649075064
leaf_weight=1.3567379713058452 8.2801135182380694 9.3845463395118696 17.958262503147125 299.76315939426422 47.580787025392056 6.1528467088937751 9.7589223980903608 1.5714605227112759 4.8106530793011189 2.3392754830420017
leaf_count=17 38 30 67 1023 235 24 37 21 90 39
internal_value=0.00535734 0.00783228 0.0129225 0.0109093 -0.0153665 -0.0293574 0.026309 -0.0925973 -0.106891 -0.106369
internal_weight=408.957 398.879 327.106 317.721 71.7727 53.7336 18.039 10.0781 8.50667 7.14993
internal_count=1621 1454 1120 1090 334 259 75 167 146 129
is_linear=0
shrinkage=0.1


Tree=21
num_leaves=11
num_cat=0
split_feature=6 6 6 0 9 5 3 7 9 0
split_gain=8.69898 3.9733 6.09976 4.39707 7.63364 3.70617 1.52782 0.625448 0.00079487 0.000174483
threshold=1.4996112287044527 10.90296244621277 11.787300169467928 135.90502929687503 18.663374673764359 2.0314417907038571 24.4114630907475 12.421184101339572 0.94444444444444464 13.728538852185013
decision_type=2 2 2 2 2 2 2 2 2 2
left_child=6 3 7 4 -2 -4 8 -3 -1 -10
right_child=1 2 5 -5 -6 -7 -8 -9 9 -11
leaf_value=-0.10864141071372851 -0.0071175657546992789 0.056875623827028481 0.0072033958165691947 0.089153611292963314 -0.10660859518080899 0.073645196360910672 0.015081180427734689 0.10131188704768711 -0.10553148914478837 -0.10659945720006668
leaf_weight=1.2383533492684344 60.119960442185402 6.1428050249814969 303.3814996778965 3.9082469791173926 8.8467643633484823 8.634365186095236 1.1888413429260243 6.5395980030298233 4.5700544863939285 2.2995764128863811
leaf_count=17 288 20 1042 12 41 31 16 20 93 41
internal_value=0.00483332 0.00706928 0.0118053 -0.0140325 -0.0198799 0.00904203 -0.0907864 0.0797889 -0.106309 -0.105889
internal_weight=406.87 397.573 324.698 72.875 68.9667 312.016 9.29683 12.6824 8.10798 6.86963
internal_count=1621 1454 1113 341 329 1073 167 40 151 134
is_linear=0
shrinkage=0.1


Tree=22
num_leaves=12
num_cat=0
split_feature=6 2 3 0 3 1 5 3 3 9 0
split_gain=7.63768 3.45562 3.73861 5.66589 4.41592 3.48406 6.11278 4.88435 1.46731 0.000575863 0.000127503
threshold=1.4996112287044527 199.38432109043345 28.589927643491603 136.43750000000003 41.796655791902076 199.18485105334824 0.79916081864257882 38.372442206919857 24.4114630907475 0.94444444444444464 13.728538852185013
decision_type=2 2 2 2 2 2 2 2 2 2 2
left_child=8 2 3 -2 -4 6 -3 -7 9 -1 -11
right_child=1 5 4 -5 -6 7 -8 -9 -10 10 -12
leaf_value=-0.10775244515376266 0.0045373546903540556 -0.02924508381599249 -0.05490904653821968 0.10773525797249309 0.00023207210275369932 -0.074465344711742695 0.069944081644055911 0.016805711094558067 0.013394747765191931 -0.10497811820105721 -0.10593517308223495
leaf_weight=1.1292796842753867 16.422418668866161 8.0570201426744443 15.446687296032904 7.8695978969335547 242.99626436084509 6.3827321380376807 27.148755297064781 72.043910875916481 1.2038255184888838 4.155841089785099 2.0931239016354084
leaf_count=17 69 28 64 25 894 24 90 260 16 93 41
internal_value=0.00436038 0.0063812 0.000461836 0.0379692 -0.00306362 0.0211095 0.0472441 0.00937764 -0.0889722 -0.105674 -0.105299
internal_weight=404.949 396.367 282.735 24.292 258.443 113.632 35.2058 78.4266 8.58207 7.37824 6.24896
internal_count=1621 1454 1052 94 958 402 118 284 167 151 134
is_linear=0
shrinkage=0.1


Tree=23
num_leaves=9
num_cat=0
split_feature=6 5 0 0 8 9 3 0
split_gain=6.70859 3.21601 3.14297 6.7564 5.66534 1.44086 0.0011315 5.56558e-05
threshold=1.4996112287044527 2.0314417907038571 222.44800186157229 216.55594822015979 32.685589328358262 0.94444444444444464 22.995620145483226 13.728538852185013
decision_type=2 2 2 2 2 2 2 2
left_child=5 2 3 -2 -4 -1 7 -7
right_child=1 -3 4 -5 -6 6 -8 -9
leaf_value=0.013019334437782325 0.0036823120146309476 0.067376444004662445 -0.088965450987359335 0.068937063576065286 0.013479692872326993 -0.10441367502708483 -0.10789261966540042 -0.10509906979038885
leaf_weight=1.2160151973366726 348.39110446721315 8.2959289848804456 9.7779810577631014 16.623970881104469 12.051281824707983 3.6164427660405636 1.3331597745418546 1.7619876377284525
leaf_count=18 1290 31 36 56 41 90 20 39
internal_value=0.00394373 0.00577108 0.00444995 0.00665423 -0.0324086 -0.087138 -0.105285 -0.104638
internal_weight=403.068 395.14 386.844 365.015 21.8293 7.92761 6.71159 5.37843
internal_count=1621 1454 1423 1346 77 167 149 129
is_linear=0
shrinkage=0.1


Tree=24
num_leaves=13
num_cat=0
split_feature=8 9 9 5 6 6 0 3 7 6 0 6
split_gain=5.94042 2.96602 9.65983 8.02878 6.51466 6.49843 4.78486 1.20327 1.93595 0.166675 0.000148069 6.33073e-05
threshold=2.0156250000000004 29.011896489096561 27.565793348802192 1.8050856068688723 15.830360356602748 16.425250885263505 208.83662100348369 2.0264201355867235 0.78189300411522655 1.4996112287044527 9.0443420410156268 0.43745140358805662
decision_type=2 2 2 2 2 2 2 2 2 2 2 2
left_child=7 2 5 4 -3 -2 -4 9 10 11 -9 -1
right_child=1 3 6 -5 -6 -7 -8 8 -10 -11 -12 -13
leaf_value=-0.10527886861336228 -0.0012149960846299587 -0.085955447830231138 -0.032390674413149863 0.12204435208669384 0.017006507349836122 0.041873479618301589 -0.13318042003129599 -0.10447899073416791 0.029459050411888996 -0.15004583915548445 -0.10614285020112778 -0.10438527955690136
leaf_weight=1.5228750407695755 176.59850758686662 6.4776671528816214 34.289399653673172 6.9604695737361899 119.74219739437103 43.653465673327446 5.4602109342813483 1.3887897655367853 2.0292828306555748 1.0956326127052305 0.86983562260866154 1.6538263522088525
leaf_count=34 702 24 122 26 415 144 22 36 32 5 17 42
internal_value=0.00355849 0.00535273 -0.000863433 0.0174883 0.0117224 0.00732505 -0.0462357 -0.0788532 -0.0414294 -0.116413 -0.10512 -0.104814
internal_weight=401.742 393.182 260.002 133.18 126.22 220.252 39.7496 8.56024 4.28791 4.27233 2.25863 3.1767
internal_count=1621 1455 990 465 439 846 144 166 85 81 53 76
is_linear=0
shrinkage=0.1


Tree=25
num_leaves=11
num_cat=0
split_feature=8 2 5 4 9 9 4 3 8 9
split_gain=5.28761 2.82321 2.46995 3.9207 2.40256 6.41265 6.06296 1.73746 0.00582159 0.000454129
threshold=1.9147776365280154 217.66955886674586 1.9619095700563773 1.9101562500000002 32.035749031740032 29.376681646820817 1.1103196502372159 24.4114630907475 1.051591362571344 0.94444444444444464
decision_type=2 2 2 2 2 2 2 2 2 2
left_child=7 2 3 -2 5 -3 -6 8 9 -1
right_child=1 4 -4 -5 6 -7 -8 -9 -10 -11
leaf_value=-0.106348276907857 0.0020135623982472446 0.0033776858618945315 0.062522461720046774 -0.085456007176605342 -0.081996864870207339 0.097701984667868572 0.064313107753446841 0.036900319664348889 -0.11339917805790645 -0.10391305049187859
leaf_weight=0.94918715208768745 341.23119297251105 16.395815804600719 6.5852731913328162 5.2026080638170233 5.707749739289282 12.86149677634239 5.6220303475856781 1.0035550333559511 0.83849547244608391 3.9629640448838472
leaf_count=17 1269 60 24 20 21 47 22 13 16 112
internal_value=0.00321947 0.0047249 0.00185322 0.000699978 0.0297022 0.0448426 -0.00939536 -0.0845105 -0.105698 -0.104384
internal_weight=400.36 393.606 353.019 346.434 40.5871 29.2573 11.3298 6.7542 5.75065 4.91215
internal_count=1621 1463 1313 1289 150 107 43 158 145 129
is_linear=0
shrinkage=0.1


Tree=26
num_leaves=11
num_cat=0
split_feature=6 8 9 1 4 4 7 9 3 0
split_gain=4.67206 2.65367 3.78152 4.57984 3.69638 5.38715 4.07247 1.62436 0.00117173 3.07328e-05
threshold=1.4996112287044527 17.903672695159916 17.578858236379961 131.22770919067219 0.095214843750000014 0.24731742134827073 6.8038074479813 0.94444444444444464 22.995620145483226 13.728538852185013
decision_type=2 2 2 2 2 2 2 2 2 2
left_child=7 4 -3 -4 6 -6 -2 -1 9 -9
right_child=1 2 3 -5 5 -7 -8 8 -10 -11
leaf_value=0.031144707386150286 -0.0064709087473780102 0.070763958232604104 -0.042949460143971344 0.0092543331838155739 -0.11303202101972006 -0.015987273809876603 0.08450591168780365 -0.10331646405640815 -0.10706155957028413 -0.10389416129065615
leaf_weight=1.0613932497799385 18.903578348457817 9.3656579703092557 17.822094887495041 294.56023307144642 6.7128654420375815 38.684920758008957 6.6517108976840964 2.7595146298408508 1.1968934163451193 1.382094908505678
leaf_count=18 91 30 67 1023 41 177 25 90 20 39
internal_value=0.00291162 0.00429286 0.00815315 0.00627599 -0.0132122 -0.0303371 0.0172092 -0.0818419 -0.104306 -0.103509
internal_weight=399.101 392.701 321.748 312.382 70.9531 45.3978 25.5553 6.3999 5.3385 4.14161
internal_count=1621 1454 1120 1090 334 218 116 167 149 129
is_linear=0
shrinkage=0.1


Tree=27
num_leaves=11
num_cat=0
split_feature=8 0 0 6 2 6 9 3 8 9
split_gain=4.11668 2.55051 7.89534 6.02119 5.52424 4.60427 3.93302 1.73605 0.00443733 0.000512134
threshold=1.9147776365280154 221.01110839843753 216.55594822015979 19.005025885300714 176.99836354755635 20.116261477807551 32.469185248424509 24.4114630907475 1.051591362571344 0.94444444444444464
decision_type=2 2 2 2 2 2 2 2 2 2
left_child=7 2 6 -3 -5 -4 -2 8 9 -1
right_child=1 3 5 4 -6 -7 -8 -9 -10 -11
leaf_value=-0.10588863585308839 0.0067136508854058786 -0.10867399927634572 0.025643384264836807 -0.082462200597635898 0.033803537325774485 0.14160306591242514 -0.028227273319038178 0.041247544762969657 -0.11226208745321849 -0.10318035670352432
leaf_weight=0.88808530196547408 315.07603355124593 6.6188237220048931 7.2487752288579923 5.6797935366630581 14.569715350866316 6.4895759373903275 35.883865788578987 0.97360090538859356 0.72017012909054745 3.2660556863993406
leaf_count=17 1189 25 26 21 49 22 131 13 16 112
internal_value=0.00261782 0.00386161 0.00605222 -0.0258726 0.00119211 0.0804192 0.00314112 -0.0806647 -0.105016 -0.103759
internal_weight=397.414 391.567 364.698 26.8683 20.2495 13.7384 350.96 5.84791 4.87431 4.15414
internal_count=1621 1463 1368 95 70 48 1320 158 145 129
is_linear=0
shrinkage=0.1


Tree=28
num_leaves=9
num_cat=0
split_feature=6 1 2 2 9 6 1 0
split_gain=3.6883 3.67921 3.36895 6.63566 5.23511 1.93344 4.22058 2.80841
threshold=3.9968898296356206 40.777777777777793 99.63175414237746 77.421879348213253 15.138405745835053 3.7384624872356658 52.68106995884775 19.437871634960178
decision_type=2 2 2 2 2 2 2 2
left_child=5 -2 3 -3 -4 6 7 -1
right_child=1 2 4 -5 -6 -7 -8 -9
leaf_value=-0.014972675248802962 0.09230873358915527 0.0099363850459242443 0.08475402333721184 -0.071987428041195164 0.0048825341450938762 -0.12948048153544703 0.088244710920098779 -0.099193178562545614
leaf_weight=10.556732768192896 4.7311305254697791 24.228218719363213 8.4215883761644346 16.703151762485504 320.86583709716797 2.0776562988758078 2.6927631199359885 6.3355267867445937
leaf_count=173 17 90 36 72 1140 12 17 64
internal_value=0.0023639 0.00468183 0.00356202 -0.0234948 0.00692526 -0.0377561 -0.0280256 -0.04656
internal_weight=396.613 374.95 370.219 40.9314 329.287 21.6627 19.585 16.8923
internal_count=1621 1355 1338 162 1176 266 254 237
is_linear=0
shrinkage=0.1


Tree=29
num_leaves=10
num_cat=0
split_feature=8 8 2 7 4 9 1 1 8
split_gain=3.65163 3.974 4.40355 5.75172 4.20247 3.11615 3.45648 7.09489 5.13803
threshold=17.903672695159916 17.476898193359379 134.6140572518967 10.657308975220053 0.47833251953125006 17.578858236379961 131.22770919067219 113.26992423417315 21.722439853302379
decision_type=2 2 2 2 2 2 2 2 2
left_child=1 2 3 -1 -4 -2 7 -7 -8
right_child=5 -3 4 -5 -6 6 8 -9 -10
leaf_value=-0.017677421799406973 0.063776607859979781 -0.12991499722569039 0.095473611622175492 -0.16806291996694933 -0.018674983365843296 0.035446643966808196 0.051006357179611453 -0.092606009380140797 0.003627242144677998
leaf_weight=57.28959396854043 9.3165124207735044 3.025124490261077 6.6400869339704496 2.6613772064447394 6.2714472040534019 7.5582049190998104 25.025227069854736 10.120399057865141 268.10921841859818
leaf_count=421 30 12 27 12 29 26 82 41 941
internal_value=0.00211515 -0.0176074 -0.0129446 -0.0243534 0.0400289 0.00679044 0.0050823 -0.0378591 0.00767205
internal_weight=396.017 75.8876 72.8625 59.951 12.9115 320.13 310.813 17.6786 293.134
internal_count=1621 501 489 433 56 1120 1090 67 1023
is_linear=0
shrinkage=0.1


Tree=30
num_leaves=8
num_cat=0
split_feature=6 4 4 4 9 3 9
split_gain=3.32874 2.20089 4.31585 3.71794 1.69553 0.000919866 2.20528e-05
threshold=1.4996112287044527 2.2752099472563718 2.0107421875000004 1.7655371322652142 0.94444444444444464 24.4114630907475 1.2487169058517147
decision_type=2 2 2 2 2 2 2
left_child=4 2 3 -2 -1 6 -6
right_child=1 -3 -4 -5 5 -7 -8
leaf_value=0.04162886494386156 0.0012068818273140304 0.058819149498633622 -0.087018044154574356 0.051942196621833171 -0.1027362879596892 -0.10651265660460507 -0.10342658670168776
leaf_weight=0.98742301762103935 362.28659620881081 6.9314988553524008 5.3744759410619727 15.043562039732931 2.9364474378526215 0.85076491534709919 0.54938150756061066
leaf_count=18 1351 27 22 54 116 15 18
internal_value=0.00190057 0.0029737 0.00196223 0.00322962 -0.0766362 -0.103565 -0.102845
internal_weight=394.96 389.636 382.705 377.33 5.32402 4.33659 3.48583
internal_count=1621 1454 1427 1405 167 149 134
is_linear=0
shrinkage=0.1


Tree=31
num_leaves=12
num_cat=0
split_feature=6 6 5 0 4 4 6 0 6 0 7
split_gain=3.11162 5.65468 4.05122 5.34669 4.59958 3.92529 3.32223 9.19508 6.16966 2.36213 0.47581
threshold=10.90296244621277 11.787300169467928 0.66549463331944514 125.70507812500001 0.59074735641479503 0.50006693787872802 13.996584201231601 145.73999023437503 14.584960937500002 68.445312500000014 12.421184101339572
decision_type=2 2 2 2 2 2 2 2 2 2 2
left_child=2 10 4 9 5 -1 7 -3 -8 -4 -2
right_child=1 6 3 -5 -6 -7 8 -9 -10 -11 -12
leaf_value=-0.005764451056880851 0.051875569712113184 0.015215206114049321 -0.029378832831077811 0.040957790887600383 0.10997715327334417 -0.11380967898754579 0.069645777794535332 -0.086590326751125352 0.0035767180639197232 -0.13701918310924951 0.090987288489355583
leaf_weight=56.581560855731368 6.0111286491155607 22.682644382119179 2.9111521877348405 3.3991449624299994 3.2485035825520745 3.5749366935342541 14.970129832625387 14.5709131360054 253.05780544877052 6.8026648759841919 6.4457294642925262
leaf_count=395 20 77 30 11 13 20 48 54 894 39 20
internal_value=0.00171282 0.00607246 -0.0163904 -0.0669872 -0.00592639 -0.0121853 0.00337768 -0.0246038 0.00726686 -0.10476 0.0721137
internal_weight=394.256 317.738 76.518 13.113 63.405 60.1565 305.281 37.2536 268.028 9.71382 12.4569
internal_count=1621 1113 508 80 428 415 1073 131 942 69 40
is_linear=0
shrinkage=0.1


Tree=32
num_leaves=11
num_cat=0
split_feature=8 0 0 6 2 6 9 3 8 9
split_gain=2.86074 2.2483 6.60304 5.01279 4.43983 4.29002 3.29998 1.85604 0.00283255 0.000492845
threshold=1.9147776365280154 221.01110839843753 216.55594822015979 19.005025885300714 176.99836354755635 20.116261477807551 32.469185248424509 24.4114630907475 1.051591362571344 0.94444444444444464
decision_type=2 2 2 2 2 2 2 2 2 2
left_child=7 2 6 -3 -5 -4 -2 8 9 -1
right_child=1 3 5 4 -6 -7 -8 -9 -10 -11
leaf_value=-0.10529274711063177 0.0052318560157275252 -0.10100767775361291 0.021403117495535792 -0.075485118893359182 0.028886808839845447 0.1358664100284139 -0.02674611427735582 0.055518988703598643 -0.11065390019773208 -0.1024567999725899
leaf_weight=0.80608576163649548 312.43346112780273 6.6158756762743023 7.1219555437564832 5.6840332895517376 14.403590843081473 6.0608919411897659 35.987871065735817 0.89101451635360707 0.58913197927176941 2.5555354505777359
leaf_count=17 1189 25 26 21 49 22 131 13 16 112
internal_value=0.00153709 0.00248961 0.0045574 -0.0255113 -0.000646475 0.0740283 0.0019289 -0.0748546 -0.104258 -0.103137
internal_weight=393.149 388.308 361.604 26.7035 20.0876 13.1828 348.421 4.84177 3.95075 3.36162
internal_count=1621 1463 1368 95 70 48 1320 158 145 129
is_linear=0
shrinkage=0.1


Tree=33
num_leaves=10
num_cat=0
split_feature=8 9 8 9 8 1 0 2 0
split_gain=2.76485 4.72336 3.9837 7.49855 4.11269 3.91204 3.86117 7.26185 3.98854
threshold=23.551529586315159 22.167114284944482 22.858469241418792 23.778078776313777 22.569686532020572 174.00154209892386 221.01110839843753 176.60073599879183 216.55594822015979
decision_type=2 2 2 2 2 2 2 2 2
left_child=2 -2 4 -4 5 -1 8 -8 -3
right_child=1 6 3 -5 -6 -7 7 -9 -10
leaf_value=-0.0021926584603042909 0.094391539698900684 0.0066492536421730976 -0.13567785807483429 0.011274009360734128 0.097077422073124697 -0.067766684226114912 -0.1280810677408957 -0.0016759479162749156 0.065695733137968546
leaf_weight=118.09714610315859 6.1482806950807563 203.06390435993671 6.7833924889564496 7.1139950752258301 3.8940037488937369 9.8572524785995466 5.9361998587846783 19.390313595533371 12.122975170612333
leaf_count=652 19 714 26 24 12 37 23 68 46
internal_value=0.00138915 0.00784145 -0.00953079 -0.060454 -0.00416327 -0.0072443 0.00562896 -0.0313036 0.00997575
internal_weight=392.407 246.662 145.746 13.8974 131.848 127.954 240.513 25.3265 215.187
internal_count=1621 870 751 50 701 689 851 91 760
is_linear=0
shrinkage=0.1


Tree=34
num_leaves=10
num_cat=0
split_feature=8 2 2 1 8 6 8 3 8
split_gain=2.49905 3.02879 6.85322 6.28581 2.74103 2.41574 4.60056 2.82845 0.0368776
threshold=8.9062500000000018 128.46609346561149 67.933884297520677 52.68106995884775 9.8183958269655722 8.7528839111328143 13.78209657315165 28.589927643491603 6.3750000000000009
decision_type=2 2 2 2 2 2 2 2 2
left_child=1 2 3 -1 -2 6 -6 -7 -4
right_child=4 -3 8 -5 5 7 -8 -9 -10
leaf_value=-0.024950243172774073 0.071073291740052544 0.093156280513692735 -0.11620020610622711 0.16773695336861641 -0.0079256460449153628 0.049913296003766483 -0.13259780254948325 0.0024803859435947443 -0.13142785958560138
leaf_weight=18.329946072772156 5.9058966450393191 1.9498942494392384 2.7441492043435565 1.8652746006846417 14.87784104794264 13.076713040471075 3.6949581801891318 325.44399715960026 3.7825121432542801
leaf_count=242 24 9 27 7 68 46 23 1153 22
internal_value=0.00125872 -0.0271631 -0.0359428 -0.00715323 0.00350364 0.00238612 -0.0327285 0.00431267 -0.125025
internal_weight=391.671 28.6718 26.7219 20.1952 362.999 357.094 18.5728 338.521 6.52666
internal_count=1621 307 298 249 1314 1290 91 1199 49
is_linear=0
shrinkage=0.1


Tree=35
num_leaves=14
num_cat=0
split_feature=8 3 3 7 5 6 2 6 3 7 6 3 6
split_gain=2.23469 2.21943 4.83591 3.38134 3.28163 2.05807 8.01256 1.79542 1.56598 2.04905 0.0842985 6.08432e-05 4.6372e-05
threshold=2.0156250000000004 28.589927643491603 41.796655791902076 19.422923090625769 1.1750936275609127 6.0056381225585946 22.075882794891061 16.997558593750004 2.0264201355867235 0.78189300411522655 1.4996112287044527 13.21892944200401 0.43745140358805662
decision_type=2 2 2 2 2 2 2 2 2 2 2 2 2
left_child=8 5 4 -4 -3 6 -2 -7 10 11 12 -10 -1
right_child=1 2 3 -5 -6 7 -8 -9 9 -11 -12 -13 -14
leaf_value=-0.10323553657737559 0.08740082654081463 -0.018856433992892583 -0.0018618738054911534 0.023275869944990927 -0.099906206667425113 0.089097130136152752 -0.090735996488485626 0.018112931501757978 -0.10255690293311791 0.064787260681938047 -0.13942162978166786 -0.10391922470629984 -0.10220518491711963
leaf_weight=0.89133053645491533 4.9577118065208214 16.164174340665344 270.46378150209785 66.708061873912811 7.230055332183837 7.5583838075399381 5.1458550989627838 6.7411874979734421 0.70308905839920066 1.6182110812515018 0.97573623061180104 0.6142351608723402 0.85657159425318241
leaf_count=34 25 68 1016 242 28 26 25 25 33 32 5 20 42
internal_value=0.00111927 0.00203632 6.09948e-05 0.00311153 -0.0439051 0.0312225 -0.00332617 0.0556333 -0.0612633 -0.0105936 -0.115875 -0.103192 -0.102731
internal_weight=390.628 384.969 360.566 337.172 23.3942 24.4031 10.1036 14.2996 5.65917 2.93554 2.72364 1.31732 1.7479
internal_count=1621 1455 1354 1258 96 101 50 51 166 85 81 53 76
is_linear=0
shrinkage=0.1


Tree=36
num_leaves=8
num_cat=0
split_feature=2 2 2 2 9 5 6
split_gain=2.06076 2.54793 3.20013 2.35229 3.2324 3.65168 1.84038
threshold=217.66955886674586 215.8668075585268 213.27047065902022 232.45569673384853 32.035749031740032 1.5934531204324858 23.007081214369467
decision_type=2 2 2 2 2 2 2
left_child=1 2 6 4 5 -2 -1
right_child=3 -3 -4 -5 -6 -7 -8
leaf_value=-0.00057808844212482583 0.079266204127109011 -0.058393197886598795 0.055350257787608076 -0.028317350578348405 -0.019348850793886912 -0.0072541586158494835 -0.046246489839635911
leaf_weight=324.17931579891592 16.452441051602371 7.6767066568136206 10.086955443024634 7.2993050366640082 8.2014695256948453 6.9341437965631476 9.0711131989955884
leaf_count=1372 60 30 36 30 32 28 33
internal_value=0.00100428 -0.00141551 -0.00014154 0.0228464 0.0346692 0.0536128 -0.00182119
internal_weight=389.901 351.014 343.337 38.8874 31.5881 23.3866 333.25
internal_count=1621 1471 1441 150 120 88 1405
is_linear=0
shrinkage=0.1


Tree=37
num_leaves=6
num_cat=0
split_feature=4 4 4 5 9
split_gain=2.05898 3.25648 3.3111 4.97604 4.38719
threshold=2.2752099472563718 2.0107421875000004 1.7655371322652142 1.5934531204324858 27.330142816322901
decision_type=2 2 2 2 2
left_child=1 2 3 -1 -4
right_child=-2 -3 4 -5 -6
leaf_value=0.00098066756875047701 0.05583163738099637 -0.076773636707044957 0.1127054847770322 -0.076937320902301043 0.0016070122359699312
leaf_weight=354.27032103016973 6.7094158828258506 5.4530637413263312 6.0728071928024283 8.3902321904897672 8.5711382925510389
leaf_count=1485 27 22 20 33 34
internal_value=0.000914219 -4.84367e-05 0.00106045 -0.000821982 0.0476793
internal_weight=389.467 382.758 377.304 362.661 14.6439
internal_count=1621 1594 1572 1518 54
is_linear=0
shrinkage=0.1


Tree=38
num_leaves=16
num_cat=0
split_feature=9 9 5 6 1 6 6 0 6 3 7 7 4 8 7
split_gain=2.00662 8.18333 6.85246 5.60029 6.35459 5.13479 11.5697 4.22735 6.36221 4.17256 4.07284 3.53124 3.14302 2.22508 1.32097
threshold=29.011896489096561 27.565793348802192 1.0973780093494232 16.470324147117939 190.98970063077982 16.997558593750004 18.500976562500004 191.14062500000003 16.382812500000004 60.869712850100036 18.867059652393646 18.401234567901241 1.3790116927225553 30.486525258123041 17.001229522802184
decision_type=2 2 2 2 2 2 2 2 2 2 2 2 2 2 2
left_child=1 3 5 4 -1 14 -7 8 -3 10 -4 -9 -5 -11 -2
right_child=2 7 9 12 -6 6 -8 11 -10 13 -12 -13 -14 -15 -16
leaf_value=-0.0098081156644933866 -0.039060223090983927 0.039634462847425812 0.064851627272822385 0.052853711364093128 0.061534721224993087 0.076750077066233963 -0.022479863742965397 -0.12888480701964999 -0.06377317708430448 0.10482184284560681 -0.021741895948209418 -0.031067168391072875 -0.0087058926874743325 0.045235276605072296 -0.10756979609962303
leaf_weight=165.51833416242152 6.0691976845264417 10.252572834491732 8.1362550556659716 30.585466861724854 13.503512918949125 15.674246937036513 46.930786088109016 8.7515427321195585 14.17708498239517 8.8218679577112216 16.339482650160789 6.3817942142486563 11.379659682512282 21.637717559933662 5.2480638027191162
leaf_count=823 22 34 29 100 47 51 167 34 52 33 66 24 42 77 20
internal_value=0.000830351 -0.00421789 0.0110379 0.00328072 -0.00442677 -0.00884165 0.00236406 -0.0461029 -0.0203753 0.0377883 0.00704363 -0.0876347 0.0361606 0.0624931 -0.0708296
internal_weight=389.408 260.55 128.858 220.987 179.022 73.9223 62.605 39.563 24.4297 54.9353 24.4757 15.1333 41.9651 30.4596 11.3173
internal_count=1621 1156 465 1012 870 260 218 144 86 205 95 58 142 110 42
is_linear=0
shrinkage=0.1


Tree=39
num_leaves=11
num_cat=0
split_feature=6 3 3 7 5 7 6 3 6 6
split_gain=1.91043 2.25161 3.62262 2.75261 2.48018 1.65795 5.03173 2.40284 1.32323 1.48867
threshold=2.0270233154296879 28.589927643491603 41.796655791902076 19.422923090625769 1.1750936275609127 1.3508100085948438 1.4996112287044527 24.4114630907475 6.0056381225585946 16.997558593750004
decision_type=2 2 2 2 2 2 2 2 2 2
left_child=5 8 4 -4 -3 6 7 -1 -2 -10
right_child=1 2 3 -5 -6 -7 -8 -9 9 -11
leaf_value=-0.1025589736665089 -0.0023116728271727542 -0.015899524609850661 -0.0018288181355689227 0.020986838558143813 -0.086004881532125002 -0.093217851077999958 0.15071564452037126 0.10273557045519931 0.081747223904561211 0.016817258056569501
leaf_weight=3.2550790831446634 6.8840470686554935 15.933603636920454 268.61725402250886 65.839180007576942 7.3854571282863608 3.9407554231584072 1.4594780430197714 0.69118649140000332 7.4882980287075025 6.6819053739309311
leaf_count=151 30 65 1007 242 28 31 6 10 26 25
internal_value=0.000773815 0.00187574 5.53992e-06 0.00266254 -0.0381028 -0.0438892 -0.00792897 -0.0666017 0.0336562 0.0511297
internal_weight=388.176 378.83 357.775 334.456 23.3191 9.3465 5.40574 3.94627 21.0543 14.1702
internal_count=1621 1423 1342 1249 93 198 167 161 81 51
is_linear=0
shrinkage=0.1


Tree=40
num_leaves=6
num_cat=0
split_feature=4 4 4 5 9
split_gain=1.81349 3.51702 2.65008 4.10505 3.79991
threshold=2.2752099472563718 2.0484003664953367 1.7655371322652142 1.5934531204324858 27.330142816322901
decision_type=2 2 2 2 2
left_child=1 2 3 -1 -4
right_child=-2 -3 4 -5 -6
leaf_value=0.00079287620711577264 0.052942316020084194 -0.087040626603943586 0.10504160590165675 -0.069451664058703885 0.002364313902918842
leaf_weight=352.43595428857952 6.5307195484638205 4.6076250225305548 5.8416514992713919 8.5205518752336484 9.4109137803316099
leaf_count=1485 27 18 20 33 38
internal_value=0.000692503 -0.000203542 0.000859996 -0.00086528 0.0416892
internal_weight=387.347 380.817 376.209 360.957 15.2526
internal_count=1621 1594 1576 1518 58
is_linear=0
shrinkage=0.1


Tree=41
num_leaves=13
num_cat=0
split_feature=2 2 7 5 1 1 9 9 8 8 7 9
split_gain=1.66071 7.22339 6.75688 3.77113 2.77859 3.99084 3.91523 2.62877 7.68748 5.05701 2.90902 1.91122
threshold=99.63175414237746 75.270452913421849 12.923732752043565 0.66114865055575345 52.68106995884775 45.404490870999133 10.525672445938662 15.138405745835053 9.1047363281250018 15.745117187500002 12.006081996169693 17.374485596707824
decision_type=2 2 2 2 2 2 2 2 2 2 2 2
left_child=1 4 3 -3 5 -1 -6 8 -2 11 -11 -9
right_child=7 2 -4 -5 6 -7 -8 9 -10 10 -12 -13
leaf_value=-0.0022779649734828793 -0.03908480073318104 -0.14402390620727984 0.035304077072954694 -0.034523806600192657 0.096652881857167805 -0.13766326274140442 0.0046062333529032044 -0.13318700120696719 0.13335557267992912 0.048594170383952397 0.0017463951212290164 -0.033010407716474524
leaf_weight=19.860193979926411 4.8420515432953817 8.4790044724941271 4.7491256147623053 4.9997418224811545 6.7050657048821476 2.4454120174050322 14.867781654000281 3.4718736037611952 5.5468477457761765 13.882367528975008 293.14891940355301 4.2185752391815186
leaf_count=250 28 54 16 21 24 14 54 20 20 50 1046 24
internal_value=0.000629831 -0.0143538 -0.0672665 -0.103406 0.00762707 -0.0171205 0.0332153 0.00349217 0.0529847 0.00185844 0.00386461 -0.0782354
internal_weight=387.217 62.1063 18.2279 13.4787 43.8785 22.3056 21.5728 325.111 10.3889 314.722 307.031 7.69045
internal_count=1621 433 91 75 342 264 78 1188 48 1140 1096 44
is_linear=0
shrinkage=0.1


Tree=42
num_leaves=13
num_cat=0
split_feature=6 2 1 1 0 6 2 4 1 1 6 3
split_gain=1.59339 1.93713 4.4303 5.35505 3.80145 1.73668 4.15723 1.45012 2.93374 2.1352 0.00578637 0.000454224
threshold=2.0270233154296879 56.239417948351765 90.227817680603451 101.3433542011249 75.982177734375014 6.7255859375000009 22.075882794891061 1.0000000180025095e-35 16.465020576131693 6.1666666666666679 1.4996112287044527 25.817908490460223
decision_type=2 2 2 2 2 2 2 2 2 2 2 2
left_child=7 5 4 -4 -3 6 -2 8 9 -1 11 -9
right_child=1 2 3 -5 -6 -7 -8 10 -10 -11 -12 -13
leaf_value=0.011456567397586267 0.089526719531880877 -0.023360721472168243 0.078208904981797195 0.00058413711734622332 -0.12899971803511256 0.070901088010993388 -0.032881056489461567 -0.10203787884112275 0.085042049276382009 -0.12519835048338024 -0.11384251857671462 -0.10576454326660922
leaf_weight=2.1613253504037839 4.2307719886302975 17.626857284456495 9.1355954706668836 326.80544326454401 4.2224421575665465 7.2737544029951087 8.0605431720614416 0.65646314434707187 1.9706327468156812 2.427623126655817 1.057213496416807 0.65179935097694397
leaf_count=64 17 100 34 1185 20 24 43 37 26 46 12 13
internal_value=0.000544929 0.00153266 -0.000142782 0.00269507 -0.0437758 0.0321719 0.00925271 -0.0412169 -0.0170112 -0.060836 -0.108341 -0.103895
internal_weight=386.28 377.355 357.79 335.941 21.8493 19.5651 12.2913 8.92506 6.55958 4.58895 2.36548 1.30826
internal_count=1621 1423 1339 1219 120 84 60 198 136 110 62 50
is_linear=0
shrinkage=0.1


Tree=43
num_leaves=6
num_cat=0
split_feature=5 3 0 7 8
split_gain=1.57142 1.6163 2.77823 5.56504 2.86695
threshold=2.0314417907038571 146.49336040966645 224.54687500000003 19.563765028018256 27.479593276977543
decision_type=2 2 2 2 2
left_child=1 2 4 -4 -1
right_child=-2 -3 3 -5 -6
leaf_value=-0.0072153076259192459 0.04748269833009091 0.039484046466787173 -0.106925983684272 0.013280008528096993 0.011070711746618882
leaf_weight=207.05708760209382 6.9834506362676612 9.9006094038486463 7.2351512908935538 8.234964579343794 146.33532766997814
leaf_count=977 31 35 28 28 522
internal_value=0.000477774 -0.00038888 -0.00145911 -0.0429386 0.000356702
internal_weight=385.747 378.763 368.863 15.4701 353.392
internal_count=1621 1590 1555 56 1499
is_linear=0
shrinkage=0.1


Tree=44
num_leaves=9
num_cat=0
split_feature=5 4 0 0 6 6 1 9
split_gain=1.45369 5.71973 5.17407 3.46694 5.22734 8.70036 3.17916 3.08665
threshold=0.62813432101721223 0.44003362767398363 106.49816894531251 210.6251816578426 19.566162109375004 18.500976562500004 92.174038633089609 32.035749031740032
decision_type=2 2 2 2 2 2 2 2
left_child=3 -2 6 4 5 -1 -3 -4
right_child=1 2 7 -5 -6 -7 -8 -9
leaf_value=-0.0060341919171834632 0.10268048102591938 -0.015605290041305835 0.010564430982365737 -0.098588696675227558 0.063690760425203982 -0.15453572494142068 -0.13856028891569164 -0.018552660989657747
leaf_weight=110.46448160335422 5.8328205198049536 4.3885241104289872 197.27234058827162 4.1112231165170661 10.105055466294287 4.0913796424865714 4.0376993119716644 44.647404804825783
leaf_count=601 19 38 707 16 32 16 26 166
internal_value=0.00043164 0.00478849 0.0025077 -0.00823586 -0.00525609 -0.0113379 -0.0745232 0.00519074
internal_weight=384.951 256.179 250.346 128.772 124.661 114.556 8.42622 241.92
internal_count=1621 956 937 665 649 617 64 873
is_linear=0
shrinkage=0.1


Tree=45
num_leaves=14
num_cat=0
split_feature=0 0 1 3 3 3 2 0 7 7 7 4 2
split_gain=1.42395 7.99962 6.84862 8.3972 4.92581 4.59558 4.21542 3.82608 6.36749 4.2429 2.48694 2.09901 1.68409
threshold=204.62016253356708 197.60937500000003 211.72373630743775 81.474737541784478 78.489970792798118 130.46612849815631 197.22418959711504 188.12109715233694 20.539338775527099 20.49310804648745 20.49310804648745 1.1708605429840591 191.49465400639329
decision_type=2 2 2 2 2 2 2 2 2 2 2 2 2
left_child=1 7 3 -3 6 10 12 9 -9 -1 -6 -8 -2
right_child=4 2 -4 -5 5 -7 11 8 -10 -11 -12 -13 -14
leaf_value=-0.0044703303920867864 0.049361925466915604 -0.12307194988872348 0.047195425324531637 -0.0027525063000660229 -0.058517566244330278 0.051019950563120267 -0.017459384137076994 0.049568825563125668 -0.055635930121510718 0.072968352238879611 0.017101692005998866 0.036103271240110715 0.12056940231579977
leaf_weight=232.90386233944446 7.4776198565959913 14.516471698880201 5.6610501259565345 9.6606526970863325 17.461874917149551 7.3519566953182212 12.602109119296076 33.07742603123188 6.9643238186836234 7.297009825706481 5.7915755659341803 17.442987382411957 5.9754627645015717
leaf_count=1069 26 57 23 34 67 25 47 112 26 25 20 71 19
internal_value=0.000387985 -0.0025882 -0.0518123 -0.0749949 0.0128416 -0.017895 0.0344679 0.00265283 0.0312709 -0.00211784 -0.0396836 0.013637 0.0809902
internal_weight=384.184 310.081 29.8382 24.1771 74.1036 30.6054 43.4982 280.243 40.0417 240.201 23.2535 30.0451 13.4531
internal_count=1621 1346 114 91 275 112 163 1232 138 1094 87 118 45
is_linear=0
shrinkage=0.1


Tree=46
num_leaves=5
num_cat=0
split_feature=8 6 6 6
split_gain=1.2827 2.24661 3.02786 5.32418
threshold=38.14234326525483 23.007081214369467 22.299443636488665 21.787099051270761
decision_type=2 2 2 2
left_child=1 2 3 -1
right_child=-2 -3 -4 -5
leaf_value=0.0013023259926594416 0.052079913370143997 -0.053108304258904941 0.065120937467296899 -0.085257386160032922
leaf_weight=356.43910821992904 4.737995743751525 7.8812163770198813 7.187303125858306 7.2504789084196082
leaf_count=1521 16 30 25 29
internal_value=0.000371016 -0.000275825 0.000846877 -0.00042332
internal_weight=383.496 378.758 370.877 363.69
internal_count=1621 1605 1575 1550
is_linear=0
shrinkage=0.1


Tree=47
num_leaves=10
num_cat=0
split_feature=6 9 8 3 9 9 6 2 4
split_gain=1.32719 5.74376 4.85195 5.42648 4.20889 5.94131 3.73144 3.62763 3.10235
threshold=19.181942636270218 32.113704454692062 29.247543513695735 109.80476769696939 29.420643737573105 27.615853442970238 18.548767767963003 217.66955886674586 1.4825079921894859
decision_type=2 2 2 2 2 2 2 2 2
left_child=1 4 -2 8 5 -1 -3 -6 -4
right_child=2 6 3 -5 7 -7 -8 -9 -10
leaf_value=0.0022571767385048051 0.073542196195402143 -0.015742959882174775 8.0583341289549218e-05 -0.074408458313047751 0.016924533722829149 -0.040200255206767066 -0.12512535823416421 0.099576446182553235 0.050132774633185821
leaf_weight=207.99215142428875 10.883618280291556 6.3678427487611753 55.630303889513016 8.2540456354618055 26.54384271800518 39.165344044566154 6.112423911690712 6.6383080929517737 15.929489135742186
leaf_count=981 38 23 199 31 94 142 24 27 62
internal_value=0.000337712 -0.00293624 0.0109078 0.00236678 1.88325e-05 -0.00447076 -0.0693149 0.0334596 0.0112224
internal_weight=383.517 292.82 90.6975 79.8138 280.34 247.157 12.4803 33.1822 71.5598
internal_count=1621 1291 330 292 1244 1123 47 121 261
is_linear=0
shrinkage=0.1


Tree=48
num_leaves=14
num_cat=0
split_feature=6 3 3 3 5 4 3 3 0 0 7 6 3
split_gain=1.25445 1.92059 2.86947 2.36939 2.28461 1.37825 2.71782 3.11104 1.33046 1.30558 2.26866 0.00399931 0.00031867
threshold=2.0270233154296879 28.589927643491603 41.796655791902076 45.335811203319999 1.1750936275609127 1.0000000180025095e-35 2.0264201355867235 8.4236416714254663 16.562500000000004 148.88601810464027 4.0147731178687227 1.4996112287044527 25.817908490460223
decision_type=2 2 2 2 2 2 2 2 2 2 2 2 2
left_child=5 9 4 -4 -3 6 8 -8 -1 10 -2 12 -7
right_child=1 2 3 -5 -6 11 7 -9 -10 -11 -12 -13 -14
leaf_value=-0.11758602365124352 0.068375629519778214 -0.013079197449427989 0.051785910111666861 0.00040075316179524246 -0.080453494447848606 -0.10181190156137994 0.16640319193565833 -0.033928206414234205 0.026636232907007465 0.063465588065256026 -0.019203061984614585 -0.11218422844536502 -0.1051125841015107
leaf_weight=2.374068051576613 4.5527372136712101 15.779552929103376 9.2312775850296003 321.35287928953767 7.3900511115789405 0.58504699263721727 1.3504921048879626 1.8197164293378589 0.87553418613970269 7.6882302016019812 8.4431785643100721 0.95463987067341793 0.58497302234172821
leaf_count=64 19 65 34 1215 28 37 18 41 13 29 33 12 13
internal_value=0.00031854 0.00118309 -0.000548704 0.00183564 -0.0345685 -0.0375679 -0.014463 0.0514119 -0.0787285 0.0308013 0.0114776 -0.107381 -0.103462
internal_weight=382.982 374.438 353.754 330.584 23.1696 8.54447 6.41981 3.17021 3.2496 20.6841 12.9959 2.12466 1.17002
internal_count=1621 1423 1342 1249 93 198 136 59 77 81 52 62 50
is_linear=0
shrinkage=0.1


Tree=49
num_leaves=5
num_cat=0
split_feature=4 4 6 6
split_gain=1.24557 2.97845 1.90219 3.18079
threshold=2.2460415276327024 2.0107421875000004 23.007081214369467 22.299443636488665
decision_type=2 2 2 2
left_child=1 2 3 -1
right_child=-2 -3 -4 -5
leaf_value=0.00038637140418927205 0.042537503274073955 -0.079001024958340965 -0.04122169500895153 0.066494753403283202
leaf_weight=352.79203935526311 6.8510113954544059 4.7704844474792472 10.604355096817015 7.4314681589603415
leaf_count=1507 30 19 39 26
internal_value=0.000282089 -0.000488661 0.000521355 0.0017502
internal_weight=382.449 375.598 370.828 360.224
internal_count=1621 1591 1572 1533
is_linear=0
shrinkage=0.1


Tree=50
num_leaves=6
num_cat=0
split_feature=8 3 0 7 0
split_gain=1.20413 1.90122 1.88709 6.04856 4.57908
threshold=38.14234326525483 146.49336040966645 221.01110839843753 18.749971206981929 216.55594822015979
decision_type=2 2 2 2 2
left_child=1 2 4 -4 -1
right_child=-2 -3 3 -5 -6
leaf_value=-0.0018686372529128044 0.050652318940223151 0.044184364122272335 -0.099823971473276873 0.0095296275415101134 0.061181883101799311
leaf_weight=334.40566285792738 4.6831804215908042 9.3414215445518476 7.9157124012708691 14.011010244488714 11.929550275206564
leaf_count=1443 16 33 31 50 48
internal_value=0.000257111 -0.00036791 -0.00149803 -0.0299478 0.000303144
internal_weight=382.287 377.603 368.262 21.9267 346.335
internal_count=1621 1605 1572 81 1491
is_linear=0
shrinkage=0.1


Tree=51
num_leaves=5
num_cat=0
split_feature=5 0 6 6
split_gain=1.15761 1.19021 1.84973 2.8573
threshold=2.0314417907038571 236.01869389243259 23.007081214369467 22.299443636488665
decision_type=2 2 2 2
left_child=1 2 3 -1
right_child=-2 -3 -4 -5
leaf_value=5.5930531684366449e-06 0.041833480570214562 -0.047238302835180809 -0.04457629121282302 0.062416042536131658
leaf_weight=353.34097536467016 6.5742662847042075 5.3693333119153968 9.0077400952577573 7.4912056028842917
leaf_count=1510 31 20 33 27
internal_value=0.00023417 -0.000494716 0.000183907 0.00130129
internal_weight=381.784 375.209 369.84 360.832
internal_count=1621 1590 1570 1537
is_linear=0
shrinkage=0.1


Tree=52
num_leaves=11
num_cat=0
split_feature=8 8 9 5 7 4 9 0 6 3
split_gain=1.15383 9.00344 7.91721 5.74255 5.57297 5.56165 5.45675 4.96726 3.50631 3.1106
threshold=27.479593276977543 27.75304989308643 27.502569058146758 1.0378130461444091 18.042073454464287 1.3452148437500002 28.520007629979371 180.28706305096242 17.191894531250004 67.126331888194755
decision_type=2 2 2 2 2 2 2 2 2 2
left_child=2 -2 4 6 5 -1 -3 -5 9 -4
right_child=1 3 8 7 -6 -7 -8 -9 -10 -11
leaf_value=0.0055620864712845434 0.11250515015244214 -0.069166863546626475 0.014464388468519379 0.092224742836789067 0.098052568727976075 -0.044995869003039007 -0.0041645132490054047 0.012088155274272401 -0.12526514096521271 -0.075261559580562687
leaf_weight=164.17116401996464 7.6442502588033667 16.018297433853149 6.8085712194442776 8.772443547844885 5.838983714580535 25.082557648420334 66.648744240403175 65.399655103683472 6.1947822719812384 8.9331638962030393
leaf_count=823 24 59 24 30 20 95 235 253 25 33
internal_value=0.000213198 0.00653026 -0.00457442 0.00136511 0.00183016 -0.00113856 -0.0167599 0.021566 -0.0615336 -0.0364535
internal_weight=381.513 164.483 217.029 156.839 195.093 189.254 82.667 74.1721 21.9365 15.7417
internal_count=1621 601 1020 577 938 918 294 283 82 57
is_linear=0
shrinkage=0.1


Tree=53
num_leaves=11
num_cat=0
split_feature=8 8 7 0 7 9 2 0 0 9
split_gain=1.13006 3.76156 5.19269 5.02234 5.09203 3.5332 3.26073 2.94309 3.21719 2.07982
threshold=23.551529586315159 21.722439853302379 14.116101372671791 133.33063419788962 14.535013910944711 22.167114284944482 189.08012894618503 136.43750000000003 144.05594539642337 21.649155480338141
decision_type=2 2 2 2 2 2 2 2 2 2
left_child=1 2 9 -3 -5 -2 -4 -7 -9 -1
right_child=5 3 6 4 -6 7 -8 8 -10 -11
leaf_value=-0.0037433679412397151 0.080240328294216845 0.04584200656341534 0.096634752544034364 -0.10804405116623228 -0.019065728356785622 -0.067184351555068522 0.0010134190529058893 0.074638683166995498 0.0022474054279142605 -0.084253925080998826
leaf_weight=90.682593989185989 5.987403839826583 6.0218631476163855 8.6635596007108671 10.845062822103502 15.804485052824019 5.9168710857629767 6.0611708313226691 6.3139254450798026 221.70796474814415 3.3263280093669882
leaf_count=572 19 20 27 42 55 22 22 20 809 13
internal_value=0.000207315 -0.00688367 0.00205667 -0.036638 -0.0552756 0.00438652 0.0572739 0.00244513 0.00425192 -0.00659208
internal_weight=381.331 141.405 108.734 32.6714 26.6495 239.926 14.7247 233.939 228.022 94.0089
internal_count=1621 751 634 117 97 870 49 851 829 585
is_linear=0
shrinkage=0.1


Tree=54
num_leaves=9
num_cat=0
split_feature=4 4 3 6 3 7 6 6
split_gain=1.0885 8.80735 3.63781 4.25549 2.67335 4.21408 8.18852 4.85078
threshold=0.5625083672348411 0.51961163640953612 130.46612849815631 19.231269836425785 146.49336040966645 13.872336152601482 12.396484375000002 15.068933725357057
decision_type=2 2 2 2 2 2 2 2
left_child=1 2 3 -1 5 6 -2 -7
right_child=4 -3 -4 -5 -6 7 -8 -9
leaf_value=-0.0042572137591742401 0.0085632331126628582 -0.11918383808319422 -0.079938592039185963 0.055313691224369854 0.060716274371448137 0.045850144437081006 -0.087722335795413442 0.0015708191327626693
leaf_weight=105.48645802866668 22.773068690672517 6.6645208410918704 5.6027387529611579 13.529794931411741 8.0611592531204206 28.799397230148315 14.428571492433546 175.54726360738277
leaf_count=588 106 30 25 44 27 96 55 650
internal_value=0.000189246 -0.00718197 -0.0011922 0.00251482 0.00406618 0.0021756 -0.0287809 0.00781128
internal_weight=380.893 131.284 124.619 119.016 249.609 241.548 37.2016 204.347
internal_count=1621 687 657 632 934 907 161 746
is_linear=0
shrinkage=0.1


Tree=55
num_leaves=10
num_cat=0
split_feature=9 8 5 3 7 6 8 1 8
split_gain=1.12351 5.1533 8.55491 4.90571 3.50599 4.70136 4.33121 3.20215 2.5187
threshold=32.74689744064117 34.649924798031869 1.2133620584016149 65.698727034499868 20.49310804648745 21.626974824815992 32.991975124694854 209.96672508483411 36.294921875000007
decision_type=2 2 2 2 2 2 2 2 2
left_child=4 3 8 -2 5 6 -1 -6 -3
right_child=1 2 -4 -5 7 -7 -8 -9 -10
leaf_value=-0.000649108426329399 -0.10595966667115174 0.020431328331381421 0.099565051730800588 9.9345231598893036e-05 0.0074163347922921842 -0.10116319418367717 0.073491605712503363 0.096683820161358514 -0.059978322018651491
leaf_weight=309.63424397725612 9.3679573982954043 6.5807759463787141 7.9533392935991278 8.1601085364818555 8.9718891382217425 4.5476721525192252 8.0851918458938581 7.2782742828130713 9.5464847683906537
leaf_count=1360 38 23 29 29 33 18 27 29 35
internal_value=0.000171816 -0.015335 0.0146901 -0.0565844 0.00207783 -0.000207435 0.00123759 0.0473983 -0.0271669
internal_weight=380.126 41.6087 24.0806 17.5281 338.517 322.267 317.719 16.2502 16.1273
internal_count=1621 154 87 67 1467 1405 1387 62 58
is_linear=0
shrinkage=0.1


Tree=56
num_leaves=12
num_cat=0
split_feature=3 5 4 3 3 7 7 3 9 3 1
split_gain=1.09832 3.61433 3.28421 6.24508 3.09973 5.8741 11.5577 2.0689 3.44817 3.42704 1.92052
threshold=126.90637348343729 0.99809076665737528 0.81583731244153956 134.09225530914833 114.39716360537447 13.872336152601482 16.622454596864525 93.46043135766574 20.746740164018544 82.371310453338353 113.89799970576578
decision_type=2 2 2 2 2 2 2 2 2 2 2
left_child=4 2 3 -2 7 10 -7 9 -9 -1 -6
right_child=1 -3 -4 -5 5 6 -8 8 -10 -11 -12
leaf_value=0.0020311292880705401 0.099763212728657222 0.075191385971234426 -0.068079924107262796 -0.034110099478744382 -0.053579952977364315 0.098984976495196011 -0.10233393581155414 -0.017204386394705506 0.034792669593411762 -0.029323185349357059 -0.14695711283908083
leaf_weight=231.72361859772354 5.981989346444613 8.1742480695247632 5.6792719215154639 8.3465313836932165 4.3636818304657954 6.2946567237377149 5.2136657685041428 18.809981942176819 39.609680444002151 41.032632824033499 4.4475398808717728
leaf_count=1051 20 28 22 35 21 20 20 86 137 162 19
internal_value=0.000169021 0.0191636 -0.0037267 0.0217804 -0.00135392 -0.0392657 0.00778059 0.000972189 0.0180506 -0.00268572 -0.100713
internal_weight=379.677 28.182 20.0078 14.3285 351.495 20.3195 11.5083 331.176 58.4197 272.756 8.81122
internal_count=1621 105 77 55 1516 80 40 1436 223 1213 40
is_linear=0
shrinkage=0.1


Tree=57
num_leaves=10
num_cat=0
split_feature=0 0 9 9 9 9 8 9 3
split_gain=1.1212 4.34023 2.69407 7.60405 4.2726 2.59465 7.21583 2.54413 2.12134
threshold=220.67396907820242 216.55594822015979 32.469185248424509 33.135576535217076 29.011896489096561 30.90334580884803 29.544132224147756 32.903224503381871 63.802829964047227
decision_type=2 2 2 2 2 2 2 2 2
left_child=1 2 4 -4 -1 6 -2 -7 -3
right_child=5 8 3 -5 -6 7 -8 -9 -10
leaf_value=-0.0033779025440256773 0.022136035681143626 0.1102957557394858 -0.12193059135645204 -0.00389208361174238 0.025466270650381703 0.05104071067722328 -0.12345749866674108 -0.037206315183273213 0.018753331540088958
leaf_weight=241.30101666785777 6.8525270372629183 5.2477530837059003 6.7419533580541602 28.647162541747093 65.238378837704659 7.3804069906473142 6.7644337564706802 5.8615139424800873 4.8905378133058548
leaf_count=1105 25 22 26 105 242 26 28 22 20
internal_value=0.00015423 0.00165667 -0.000255201 -0.0263795 0.00276078 -0.0195398 -0.0501898 0.0119783 0.0661373
internal_weight=378.926 352.067 341.929 35.3891 306.539 26.8589 13.617 13.2419 10.1383
internal_count=1621 1520 1478 131 1347 101 53 48 42
is_linear=0
shrinkage=0.1


Tree=58
num_leaves=12
num_cat=0
split_feature=2 2 2 2 9 2 5 7 6 0 9
split_gain=1.10475 12.4322 10.04 4.54767 5.34426 3.86752 3.66037 3.44086 3.32361 1.40427 1.23745
threshold=159.99455744478601 168.29025344945765 152.00826446280993 165.75303785757308 24.012876751560107 170.77665596289958 1.4421116850798772 13.645404663923186 21.859309818595651 194.91080474853518 22.463805501004369
decision_type=2 2 2 2 2 2 2 2 2 2 2
left_child=2 3 6 4 -2 -3 8 -7 -1 10 -4
right_child=1 5 9 -5 -6 7 -8 -9 -10 -11 -12
leaf_value=-0.0029417843825381373 -0.11897777728136177 0.074566304033784211 0.057553883239251785 -0.15782926767373351 0.019050400215445074 -0.070105550885370529 0.095968417464617692 0.0022573408120091284 -0.09496816187258747 0.034298014469083649 0.12024599194115282
leaf_weight=120.04258594755083 5.5365592241287249 7.1746112182736388 5.4458333700895327 5.844041369855403 5.6859344691038132 6.7936569899320594 3.6268269866704932 200.55057312548161 4.0571522861719123 5.7257265001535407 7.4634026437997818
leaf_count=669 22 24 23 24 20 27 12 741 16 20 23
internal_value=0.000146921 -0.00415115 0.0069477 -0.0862957 -0.0490451 0.00238404 -0.00305636 -0.000113637 -0.00595037 0.0755169 0.093799
internal_weight=377.947 231.585 146.362 17.0665 11.2225 214.519 127.727 207.344 124.1 18.635 12.9092
internal_count=1621 858 763 66 42 792 697 768 685 66 46
is_linear=0
shrinkage=0.1


Tree=59
num_leaves=7
num_cat=0
split_feature=8 8 8 5 8 9
split_gain=1.16311 1.63213 11.7085 7.38065 4.18711 5.07909
threshold=38.14234326525483 34.031250000000007 34.728729248046882 1.2133620584016149 33.700457836501307 32.113704454692062
decision_type=2 2 2 2 2 2
left_child=1 4 -3 -4 5 -1
right_child=-2 2 3 -5 -6 -7
leaf_value=0.0032076188004760125 0.050194962250205789 -0.14565902513050355 -0.026585875199607523 0.097620185292770348 0.095691119610964909 -0.04908070410955534
leaf_weight=318.92728467099369 4.5849050581455222 6.1610246002674129 16.51850134134293 6.7347641587257376 4.6512096375226966 19.726038053631783
leaf_count=1404 16 25 59 26 16 75
internal_value=0.000134982 -0.000480818 -0.0230881 0.0093875 0.00145617 0.000161904
internal_weight=377.304 372.719 29.4143 23.2533 343.305 338.653
internal_count=1621 1605 110 85 1495 1479
is_linear=0
shrinkage=0.1


Tree=60
num_leaves=14
num_cat=0
split_feature=6 2 1 9 0 6 2 4 3 3 0 6 3
split_gain=1.03949 1.74784 3.09106 4.84288 3.25628 1.55832 3.17515 1.28429 2.30926 2.38399 1.23415 0.00291304 0.000229395
threshold=2.0270233154296879 56.239417948351765 90.227817680603451 14.753086419753091 75.982177734375014 6.7255859375000009 22.075882794891061 1.0000000180025095e-35 2.0264201355867235 8.4236416714254663 16.562500000000004 1.4996112287044527 25.817908490460223
decision_type=2 2 2 2 2 2 2 2 2 2 2 2 2
left_child=7 5 4 -4 -3 6 -2 8 10 -10 -1 12 -9
right_child=1 2 3 -5 -6 -7 -8 11 9 -11 -12 -13 -14
leaf_value=-0.11589083598817905 0.076939532927813054 -0.018730430244000073 0.088830916242117308 -1.7674673169799401e-05 -0.11858289046460108 0.066626943758186563 -0.029433768226249209 -0.1016309595993265 0.14333743674328606 -0.030942362869673629 0.024278445333737186 -0.1109260064754591 -0.10457629527039783
leaf_weight=2.167453337460755 4.3452606052160281 17.180373374372724 6.2539751231670371 322.02978547662497 4.0324607342481604 7.2886801660060874 7.9217774048447609 0.52922611311078049 1.4127937480807307 1.7660278426483271 0.88447657600045193 0.86530832201242436 0.52850517630577087
leaf_count=64 17 100 24 1195 20 24 43 37 18 41 13 12 13
internal_value=0.000131922 0.000912215 -0.000715664 0.00167494 -0.0377119 0.0300054 0.00824605 -0.0351852 -0.013137 0.0465145 -0.0752685 -0.106623 -0.103103
internal_weight=377.206 369.052 349.497 328.284 21.2128 19.5557 12.267 8.15379 6.23075 3.17882 3.05193 1.92304 1.05773
internal_count=1621 1423 1339 1219 120 84 60 198 136 59 77 62 50
is_linear=0
shrinkage=0.1


Tree=61
num_leaves=8
num_cat=0
split_feature=8 3 5 4 3 7 3
split_gain=0.95246 1.3154 2.8997 2.796 2.25153 4.99685 2.38621
threshold=38.14234326525483 126.90637348343729 0.53712460027602471 0.87580165394586518 114.39716360537447 13.872336152601482 93.46043135766574
decision_type=2 2 2 2 2 2 2
left_child=1 4 -3 -4 6 -6 -1
right_child=-2 2 3 -5 5 -7 -8
leaf_value=-0.0040924064372424487 0.045618602132858663 -0.052340637415907193 0.067935689375520567 -0.002097196248979269 -0.092226475631901728 0.0088036879194114299 0.018387253264751085
leaf_weight=267.37967333383858 4.5428232550621024 4.5444695651531246 12.161964520812036 10.730621621012686 8.6008811071515101 11.363204732537268 57.348389804363251
leaf_count=1201 16 19 44 40 40 40 221
internal_value=0.000106635 -0.00044896 0.0206242 0.0351086 -0.00212635 -0.0347219 -0.000122401
internal_weight=376.672 372.129 27.4371 22.8926 344.692 19.9641 324.728
internal_count=1621 1605 103 84 1502 80 1422
is_linear=0
shrinkage=0.1


Tree=62
num_leaves=6
num_cat=0
split_feature=2 2 7 7 4
split_gain=0.955052 2.49322 1.854 3.77415 1.46049
threshold=232.45569673384853 225.69879189350681 22.007468373723523 21.526349268328008 1.1019658391350526
decision_type=2 2 2 2 2
left_child=1 2 3 -1 -3
right_child=-2 4 -4 -5 -6
leaf_value=-0.00056275190456749622 -0.036722657397206822 0.085384355359350683 0.040888616382026004 -0.086172498252988172 0.0096278751778785653
leaf_weight=343.58769512642175 6.9166851043701163 5.3748291432857496 10.456347793340681 5.227952152490615 4.8332094103097916
leaf_count=1490 30 21 38 21 21
internal_value=9.33751e-05 0.000782573 -0.000602092 -0.00184585 0.0495159
internal_weight=376.397 369.48 359.272 348.816 10.208
internal_count=1621 1591 1549 1511 42
is_linear=0
shrinkage=0.1


Tree=63
num_leaves=10
num_cat=0
split_feature=0 0 6 3 3 3 9 8 9
split_gain=0.966994 3.74318 2.63609 5.0713 2.40655 1.95808 1.86022 5.80279 3.53071
threshold=220.67396907820242 216.55594822015979 20.053053331095729 91.852825128847812 82.371310453338353 63.802829964047227 32.469185248424509 34.649924798031869 29.011896489096561
decision_type=2 2 2 2 2 2 2 2 2
left_child=1 6 3 -2 -4 -3 8 -8 -1
right_child=2 5 4 -5 -6 -7 7 -9 -10
leaf_value=-0.003327987820617777 -0.12698182120754667 0.10678503593079858 0.047214688293348982 0.012974649286890362 -0.029992532999988733 0.017241115507441656 -0.063811305940718793 0.017157418547410454 0.023019553515353373
leaf_weight=240.02477871067822 5.230693534016611 4.9393659532070142 7.7318771332502392 5.1263878047466278 8.4486011713743192 4.8301342278718948 17.120142728090286 18.325666263699532 64.535577982664108
leaf_count=1105 21 22 28 19 33 20 64 67 242
internal_value=8.8872e-05 0.00148515 -0.0183147 -0.0577083 0.00690111 0.0625137 -0.000268398 -0.0219501 0.00225499
internal_weight=376.313 349.776 26.5376 10.3571 16.1805 9.7695 340.006 35.4458 304.56
internal_count=1621 1520 101 40 61 42 1478 131 1347
is_linear=0
shrinkage=0.1


Tree=64
num_leaves=13
num_cat=0
split_feature=2 2 2 7 0 9 2 3 2 7 2 2
split_gain=0.956339 10.0685 8.02118 4.07004 5.25351 3.32534 4.78641 3.78341 3.02049 2.76024 1.16999 2.31771
threshold=159.99455744478601 168.29025344945765 152.00826446280993 16.771622309428739 147.53073361516002 26.034090138170264 147.59712166318755 93.46043135766574 170.77665596289958 13.645404663923186 157.56340425563823 154.65797362796874
decision_type=2 2 2 2 2 2 2 2 2 2 2 2
left_child=2 3 5 4 -2 6 -1 -7 -3 -10 11 -4
right_child=1 8 10 -5 -6 7 -8 -9 9 -11 -12 -13
leaf_value=0.0074670376043515342 -0.042321354906341278 0.06610425130575194 0.098560336537206764 -0.012139992751714179 -0.18116048213422489 -0.089614723645872391 -0.10772279639461378 0.0089210365573117352 -0.063152071615016112 0.0018936962315658245 0.10073201394849025 0.0083213667220201296
leaf_weight=107.24277060572058 5.2409781441092509 7.1000689566135398 5.144387215375902 6.0260567516088477 5.6780081540346146 8.7031529694795591 3.7328514456748954 7.0558147281408301 6.7443795204162589 199.57652138918638 6.889519326388835 6.3712409287691116
leaf_count=623 21 24 18 22 23 33 16 25 27 741 24 24
internal_value=8.92143e-05 -0.00391651 0.00644711 -0.0781109 -0.114519 -0.00251165 0.00359243 -0.045497 0.00197432 -0.000232571 0.0681356 0.0486339
internal_weight=375.506 230.366 145.14 16.945 10.919 126.735 110.976 15.759 213.421 206.321 18.4051 11.5156
internal_count=1621 858 763 66 44 697 639 58 792 768 66 42
is_linear=0
shrinkage=0.1


Tree=65
num_leaves=13
num_cat=0
split_feature=9 3 3 2 7 9 7 9 3 3 6 6
split_gain=0.905921 1.95125 2.93672 1.60744 2.8894 3.08078 2.83157 1.46791 1.35863 2.3689 0.028741 5.15977e-06
threshold=3.8754264781620456 2.0264201355867235 8.4236416714254663 56.239417948351765 7.2839506172839537 13.368062925218283 5.876554012332047 1.0123802901163843 56.04220558956785 34.726277380673388 1.4996112287044527 0.43745140358805662
decision_type=2 2 2 2 2 2 2 2 2 2 2 2
left_child=1 10 -3 8 6 -6 -5 -4 9 -2 11 -1
right_child=3 2 7 4 5 -7 -8 -9 -10 -11 -12 -13
leaf_value=-0.10205222496798268 0.038026217501932802 0.11519947015593393 0.037616128401865241 -0.0069589671862920841 0.061610311098407713 -0.00065297668099755879 -0.10531705896444957 -0.11299578455855933 0.063327451884100328 -0.052725632371232893 -0.1245617626298345 -0.10163061819773588
leaf_weight=0.57642302755266361 9.0339592453092354 1.5040807435289023 1.0181453451514246 6.8166042771190387 8.144097223877905 328.14747802168131 5.129289373755455 1.7757529309019444 7.1055070683360091 4.2198584377765647 1.0693655163049696 0.5847523333504796
leaf_count=34 43 21 43 51 34 1231 32 35 26 22 7 42
internal_value=8.08133e-05 -0.0368446 0.00253966 0.000734829 -0.000861913 0.000854876 -0.0491916 -0.0581102 0.0280464 0.0091319 -0.112733 -0.10184
internal_weight=375.125 6.52852 4.29798 368.597 348.237 336.292 11.9459 2.7939 20.3593 13.2538 2.23054 1.16118
internal_count=1621 182 99 1439 1348 1265 83 78 91 65 83 76
is_linear=0
shrinkage=0.1


Tree=66
num_leaves=10
num_cat=0
split_feature=8 8 9 7 9 6 2 7 5
split_gain=0.85602 3.94032 2.96431 4.76694 4.30638 3.57389 2.94037 5.37644 4.09982
threshold=17.903672695159916 17.476898193359379 19.65406618206141 10.905782788891171 20.746740164018544 12.253902435302736 134.6140572518967 10.657308975220053 0.57522409399444985
decision_type=2 2 2 2 2 2 2 2 2
left_child=1 6 3 -2 -4 -6 7 -1 -8
right_child=2 -3 4 -5 5 -7 8 -9 -10
leaf_value=-0.0081391638029834658 -0.014289631169921733 -0.12336363478313617 -0.074629822858321246 0.086025324056045183 0.05647363784917267 -0.00053499645781431135 0.11193804425549403 -0.1600340197579064 -0.0067743608778880653
leaf_weight=51.407355022616684 8.6784343570470828 2.9355768114328376 7.5705189704895011 10.4304331690073 11.467827796936033 267.63902147859335 4.7509617507457715 2.4409300684928885 7.5044510364532471
leaf_count=421 33 12 30 34 39 984 18 12 38
internal_value=6.0067e-05 -0.00999739 0.0023308 0.0404665 -0.000211187 0.00180735 -0.00496295 -0.0150245 0.039246
internal_weight=374.826 69.0393 305.786 19.1089 286.677 279.107 66.1037 53.8483 12.2554
internal_count=1621 501 1120 67 1053 1023 489 433 56
is_linear=0
shrinkage=0.1


Tree=67
num_leaves=9
num_cat=0
split_feature=5 0 0 6 0 7 7 8
split_gain=0.809404 1.191 11.2578 3.54747 2.84378 5.25804 2.38532 2.20841
threshold=2.0314417907038571 197.60937500000003 200.46554791182282 19.231269836425785 188.12109715233694 20.539338775527099 20.49310804648745 24.736941814422611
decision_type=2 2 2 2 2 2 2 2
left_child=1 4 3 -3 6 -6 -1 -4
right_child=-2 2 7 -5 5 -7 -8 -9
leaf_value=-0.0030632348548405505 0.035969044884646285 -0.15868769639437325 -0.060197603983535214 -0.04752295555597652 0.044953079163699297 -0.051465819431528961 0.058054514586710487 0.0066900286649055384
leaf_weight=227.15648812614381 6.1698500961065283 5.7342045158147794 5.2651286721229544 5.7485151886940002 31.9458147585392 6.8726445585489264 6.5704611986875525 79.000412993133068
leaf_count=1061 31 23 21 22 111 26 24 302
internal_value=4.89343e-05 -0.000552818 -0.0101471 -0.103036 0.00281776 0.0278825 -0.00134511 0.00251072
internal_weight=374.464 368.294 95.7483 11.4827 272.545 38.8185 233.727 84.2655
internal_count=1621 1590 368 45 1222 137 1085 323
is_linear=0
shrinkage=0.1


Tree=68
num_leaves=9
num_cat=0
split_feature=0 0 4 9 4 4 6 6
split_gain=0.856592 3.12949 2.38035 3.32 2.41241 1.81775 1.77262 3.29992
threshold=220.67396907820242 216.55594822015979 1.225857800774975 31.324471815438994 0.96501598437897196 1.1708605429840591 23.007081214369467 22.299443636488665
decision_type=2 2 2 2 2 2 2 2
left_child=1 6 4 -4 -2 -3 7 -1
right_child=2 5 3 -5 -6 -7 -8 -9
leaf_value=-0.00044452512613026967 -0.0031082989561905753 0.014795471281760226 -0.031727015086557619 0.065645834393331201 -0.092417438966235388 0.10270951513845461 -0.054939475427676847 0.084053251749681576
leaf_weight=327.67292924970388 5.7740007936954516 4.7571980208158475 8.0991227924823743 6.1684137284755698 6.3516902327537537 4.6515767499804497 5.8162726759910575 4.687938764691352
leaf_count=1438 22 20 31 23 25 22 23 17
internal_value=5.34689e-05 0.00137227 -0.0173145 0.0103711 -0.0498903 0.058259 -0.000210438 0.000747313
internal_weight=373.979 347.586 26.3932 14.2675 12.1257 9.40877 338.177 332.361
internal_count=1621 1520 101 54 47 42 1478 1455
is_linear=0
shrinkage=0.1


Tree=69
num_leaves=6
num_cat=0
split_feature=2 2 7 6 4
split_gain=0.838087 1.96234 1.43894 3.21236 1.26081
threshold=232.45569673384853 225.69879189350681 22.007468373723523 21.787099051270761 1.1019658391350526
decision_type=2 2 2 2 2
left_child=1 2 3 -1 -3
right_child=-2 4 -4 -5 -6
leaf_value=0.00029829896561384101 -0.034396015111642107 0.079174717613012605 0.036357790048256754 -0.050351204590932688 0.0076370522322828961
leaf_weight=333.32710197847337 6.9299692511558524 5.1119010746479017 10.281167790293692 13.010790273547171 4.7555968761444092
leaf_count=1459 30 21 38 52 21
internal_value=5.57325e-05 0.000707188 -0.000510004 -0.00160444 0.0446975
internal_weight=373.417 366.487 356.619 346.338 9.8675
internal_count=1621 1591 1549 1511 42
is_linear=0
shrinkage=0.1


Tree=70
num_leaves=12
num_cat=0
split_feature=2 2 2 2 9 5 1 0 0 6 4
split_gain=0.860519 8.01503 6.03405 3.67579 4.08111 3.11008 2.56912 3.94646 2.72895 2.42705 1.09397
threshold=159.99455744478601 168.29025344945765 152.00826446280993 165.75303785757308 24.012876751560107 1.4421116850798772 163.12632832617686 161.43001174926761 128.74414062500003 21.859309818595651 0.84400375587051724
decision_type=2 2 2 2 2 2 2 2 2 2 2
left_child=2 3 5 4 -2 9 8 -8 -3 -1 -4
right_child=1 6 10 -5 -6 -7 7 -9 -10 -11 -12
leaf_value=-0.0017646632357336451 -0.098439975257377355 -0.016697067572192602 0.035251531772050128 -0.13515443523590792 0.022807893947422983 0.090714932066986442 -0.040075474550256701 0.00354222228817302 0.067900761622374323 -0.081171293058885235 0.08427445106634833
leaf_weight=118.39184505864978 5.4412742555141467 5.8029103651642826 9.0480399057269114 5.7363745644688597 5.6676013469696045 3.5412279069423667 23.591299653053284 171.84166249632835 11.120075732469557 3.9785041064023963 9.1608217209577543
leaf_count=669 22 23 35 24 20 12 85 649 35 16 31
internal_value=5.39219e-05 -0.00375317 0.00610851 -0.0701485 -0.0365809 -0.00167276 0.00151368 -0.001723 0.0388921 -0.00434633 0.0599148
internal_weight=373.322 229.201 144.12 16.8453 11.1089 125.912 212.356 195.433 16.923 122.37 18.2089
internal_count=1621 858 763 66 42 697 792 734 58 685 66
is_linear=0
shrinkage=0.1


Tree=71
num_leaves=10
num_cat=0
split_feature=8 6 7 8 9 3 4 7 1
split_gain=0.784698 7.03063 4.97133 4.21155 7.54238 4.23785 3.23659 3.70159 3.60159
threshold=29.247543513695735 20.116261477807551 16.329120485566364 27.479593276977543 27.502569058146758 86.987250825846772 1.5000312551856043 17.623585866072855 199.382650878129
decision_type=2 2 2 2 2 2 2 2 2
left_child=1 3 -2 4 -1 -5 7 -4 -8
right_child=2 -3 6 5 -6 -7 8 -9 -10
leaf_value=0.0018320070841112875 -0.079031469235605542 0.12902980708937237 0.039939652563378808 0.011506211950642607 -0.060516120949316854 0.08689155817327264 0.10437090089533943 -0.016859050346314505 0.0078431187542367456
leaf_weight=190.00848835520446 8.7905694991350156 4.3629401326179496 13.452144652605055 28.073581367731094 21.609288036823273 10.154433146119116 5.6071480661630657 78.022938549518585 12.443246163427828
leaf_count=935 34 16 47 104 81 35 20 293 56
internal_value=5.00844e-05 0.00318121 -0.00667731 0.000983574 -0.00453465 0.0315307 -0.000870133 -0.00850635 0.0378284
internal_weight=372.525 254.209 118.316 249.846 211.618 38.228 109.525 91.4751 18.0504
internal_count=1621 1171 450 1155 1016 139 416 340 76
is_linear=0
shrinkage=0.1


Tree=72
num_leaves=8
num_cat=0
split_feature=3 0 6 0 4 3 6
split_gain=0.776794 1.22262 3.92175 2.66967 2.04051 1.64788 1.3089
threshold=146.49336040966645 220.67396907820242 20.053053331095729 216.55594822015979 1.1279602050781252 82.371310453338353 23.007081214369467
decision_type=2 2 2 2 2 2 2
left_child=1 3 -3 6 -5 -4 -1
right_child=-2 2 5 4 -6 -7 -8
leaf_value=0.00022534606861839237 0.028309373492317286 -0.073467234490369113 0.042215203144672989 0.0059534515877273245 0.1008657711399152 -0.025607701652775344 -0.047583437390945026
leaf_weight=324.1854069121182 9.4844867065548879 9.2496535927057284 7.5461679100990278 4.4384841769933683 4.6259338185191154 6.8200678527355194 5.8294887691736212
leaf_count=1429 35 37 28 19 23 27 23
internal_value=5.7928e-05 -0.000680848 -0.0226809 0.000851392 0.054391 0.0100177 -0.000619164
internal_weight=372.18 362.695 23.6159 339.079 9.06442 14.3662 330.015
internal_count=1621 1586 92 1494 42 55 1452
is_linear=0
shrinkage=0.1


Tree=73
num_leaves=14
num_cat=0
split_feature=0 0 2 8 1 1 7 8 9 0 2 4 7
split_gain=0.758589 5.32755 4.19433 4.87641 2.98962 6.87994 4.16185 5.74511 3.76858 2.46773 3.64349 1.35567 1.23218
threshold=204.62016253356708 197.60937500000003 222.95633658297751 29.352093861263715 210.25217122809431 204.65328178844146 21.082368078494188 29.642639160156254 30.001782722556268 195.60558492721063 231.06181787852438 1.2473281737347863 19.187690550737276
decision_type=2 2 2 2 2 2 2 2 2 2 2 2 2
left_child=1 9 3 -3 5 8 7 -6 -2 10 -1 -8 -7
right_child=4 2 -4 -5 6 12 11 -9 -10 -11 -12 -13 -14
leaf_value=0.0019186632382038706 0.025061977096633548 -0.12260661066882804 0.039115176047847283 -0.027997168466525887 0.023566883233937356 0.056917445967779812 0.0057085003117409022 -0.074196846726931984 -0.064284865938615904 0.050249122615499242 -0.090169602387487183 0.078370863011979333 0.12293518329449227
leaf_weight=258.32976830005646 15.965564206242563 8.1960366070270592 5.2087906152009955 16.248015135526657 10.336867928504946 5.072187662124632 5.0769630372524244 14.363241985440252 6.702778995037078 10.315359905362127 4.3691100776195517 5.1950003504753113 6.3874838277697563
leaf_count=1177 59 32 23 59 41 19 19 63 27 36 19 22 25
internal_value=5.69808e-05 -0.00210138 -0.0423583 -0.0597195 0.00951088 0.0305668 -0.0110368 -0.0332832 -0.0013569 0.00227103 0.000387085 0.0424572 0.0937149
internal_weight=371.767 302.667 29.6528 24.4441 69.1001 34.128 34.9721 24.7001 22.6683 273.014 262.699 10.272 11.4597
internal_count=1621 1346 114 91 275 130 145 104 86 1232 1196 41 44
is_linear=0
shrinkage=0.1


Tree=74
num_leaves=10
num_cat=0
split_feature=0 0 9 9 9 7 6 0 2
split_gain=0.784628 8.11574 4.5385 7.7929 2.78012 4.11741 5.58773 2.50197 2.16864
threshold=152.43610024415796 148.88601810464027 26.309466127492112 25.407158411418774 19.65406618206141 14.967412117173806 15.068933725357057 139.25012207031253 158.19522320937276
decision_type=2 2 2 2 2 2 2 2 2
left_child=1 2 3 -1 -2 8 -7 -4 -6
right_child=4 -3 7 -5 5 6 -8 -9 -10
leaf_value=-0.00011319438054175234 0.07693489968172236 -0.11821260933766863 -0.10822486030573482 0.13089733686812782 -0.0024192594577784627 0.063553990080235809 0.0018157998871552235 -0.013416248833587836 -0.061537124138916766
leaf_weight=108.23567754589021 5.040644943714141 6.1605226993560782 5.65136671066284 4.7391230016946784 10.857460066676142 15.852196037769316 194.88925889879465 5.4849888235330582 14.481202647089956
leaf_count=642 17 24 22 14 39 53 737 19 54
internal_value=7.1036e-05 -0.00618224 -0.000621374 0.0053825 0.00344953 0.00188051 0.00645981 -0.0615288 -0.0362055
internal_weight=371.392 130.272 124.111 112.975 241.121 236.08 210.741 11.1364 25.3387
internal_count=1621 721 697 656 900 883 790 41 93
is_linear=0
shrinkage=0.1


Tree=75
num_leaves=11
num_cat=0
split_feature=8 2 2 1 9 1 1 1 1 8
split_gain=0.762864 3.04316 5.99851 4.26031 1.97469 3.16834 2.57026 6.50265 3.0023 0.0229432
threshold=8.9062500000000018 130.80561847023912 67.933884297520677 52.68106995884775 11.893689986282583 61.745128479347564 90.227817680603451 96.297970895390634 77.222908093278491 6.3750000000000009
decision_type=2 2 2 2 2 2 2 2 2 2
left_child=1 2 3 -1 5 -2 8 -8 -6 -4
right_child=4 -3 9 -5 6 -7 7 -9 -10 -11
leaf_value=-0.015844765219998051 -0.0091423061112893955 0.10824052641675959 -0.11147105765543318 0.14104775509572037 0.0078174484215189216 0.097197771215215986 0.110368497945526 -0.00024514742984875504 -0.091604862094145312 -0.12501839708037882
leaf_weight=15.982703591696927 5.7624515220522863 1.8063006550073613 2.0147567372769108 1.9409410804510105 5.7013852447271329 5.4532778933644295 5.4052733033895484 316.90816236287355 6.5000622272491455 3.2938513681292534
leaf_count=242 24 8 27 7 24 20 18 1196 32 23
internal_value=6.75328e-05 -0.0167877 -0.0265087 0.00114503 0.00128823 0.042562 -9.56141e-05 0.00160987 -0.0451477 -0.119877
internal_weight=370.769 25.0386 23.2323 17.9236 345.731 11.2157 334.515 322.313 12.2014 5.30861
internal_count=1621 307 299 249 1314 44 1270 1214 56 50
is_linear=0
shrinkage=0.1


Tree=76
num_leaves=10
num_cat=0
split_feature=8 0 0 9 7 3 1 6 6
split_gain=0.796669 1.82618 2.63259 1.72274 1.66347 1.28688 0.811892 1.4844 0.0115413
threshold=2.0156250000000004 19.437871634960178 31.453125000000004 0.94444444444444464 3.9242644279495318 28.589927643491603 5.0770461819844561 1.4996112287044527 1.9620863748496051
decision_type=2 2 2 2 2 2 2 2 2
left_child=3 -2 4 -1 -3 -4 7 -5 -8
right_child=1 2 5 6 -6 -7 8 -9 -10
leaf_value=0.098378630124545868 0.06262503997293549 -0.12720615426776655 0.027604283159675308 -0.10157926276596035 -0.012650029959872905 -0.00058984871497113646 -0.10308590457457734 0.13066005366006764 -0.11980489112670567
leaf_weight=0.70834285393357177 4.6771932542324057 2.6196413934230796 16.999788954854012 0.65122531168162845 2.4559789225459099 339.41579424217343 1.7608630061149599 0.47666993737220764 0.53935931622982014
leaf_count=18 33 19 68 48 22 1313 94 2 4
internal_value=4.68485e-05 0.000539833 -0.000263463 -0.0435932 -0.071775 0.000754914 -0.0729285 -0.00343052 -0.107006
internal_weight=370.305 366.168 361.491 4.13646 5.07562 356.416 3.42812 1.1279 2.30022
internal_count=1621 1455 1422 166 41 1381 148 50 98
is_linear=0
shrinkage=0.1


Tree=77
num_leaves=12
num_cat=0
split_feature=0 2 9 0 0 9 2 2 6 0 3
split_gain=0.731727 2.3067 3.48469 1.71316 2.35603 2.26177 1.92507 1.44828 0.017191 0.00052647 3.92534e-05
threshold=13.728538852185013 6.5000000000000009 1.5399166912316924 23.051899909973148 33.125000000000007 4.0555555555555562 38.069496619083402 66.083220879008039 1.4996112287044527 4.1250000000000009 15.127223508160116
decision_type=2 2 2 2 2 2 2 2 2 2 2
left_child=1 2 9 5 6 -2 -5 -6 10 -1 -3
right_child=3 8 -4 4 7 -7 -8 -9 -10 -11 -12
leaf_value=-0.10222535624088608 0.12319904917725888 -0.10136543837860579 0.13317184404950053 -0.13292676297701089 0.026492765075251164 -0.012694693934966222 -0.0082966716700778095 -0.00088717473259073093 -0.12101590535296321 -0.10683653685322059 -0.10283986225959807
leaf_weight=0.76793471444398098 2.5995706152170888 0.33830709196627173 1.373696028254926 2.4046825384721151 20.501769843511283 2.3158320300281048 2.5574923865497112 334.91069691255689 1.4458518028259275 0.36541869770735502 0.38725326396524906
leaf_count=49 40 30 9 26 89 18 24 1293 11 15 17
internal_value=3.33303e-05 -0.0392637 0.0260845 0.000536628 -0.000263174 0.0591744 -0.0686927 0.000692222 -0.114713 -0.103712 -0.102152
internal_weight=369.969 4.67846 2.50705 365.29 360.375 4.9154 4.96217 355.412 2.17141 1.13335 0.72556
internal_count=1621 131 73 1490 1432 58 50 1382 58 64 47
is_linear=0
shrinkage=0.1


Tree=78
num_leaves=9
num_cat=0
split_feature=8 8 7 5 1 1 7 6
split_gain=0.744869 3.1685 3.31504 3.48941 2.4203 4.04575 3.84427 2.96213
threshold=17.903672695159916 17.476898193359379 13.112687355830584 0.66549463331944514 113.26992423417315 126.96537734194065 11.022280551093933 12.253902435302736
decision_type=2 2 2 2 2 2 2 2
left_child=1 2 3 -1 6 -6 -2 -7
right_child=4 -3 -4 -5 5 7 -8 -9
leaf_value=0.0012863867940615425 -0.0095056148345947274 -0.11276613247205372 0.10861178892711457 -0.061596797409840136 -0.070716648511084876 0.049697359662328008 0.095389204464168029 -6.8490131727846814e-05
leaf_weight=51.789221209008247 7.0085051953792554 2.844126269221305 2.4734654724597922 10.636763480491934 7.8316341042518607 12.519662097096441 6.9670694172382355 267.68389915674925
leaf_count=407 26 12 8 74 33 44 22 995
internal_value=1.98872e-05 -0.00945688 -0.0049295 -0.00942828 0.00214561 0.000173706 0.0427863 0.00215508
internal_weight=369.754 67.7436 64.8995 62.426 302.011 288.035 13.9756 280.204
internal_count=1621 501 489 481 1120 1072 48 1039
is_linear=0
shrinkage=0.1


Tree=79
num_leaves=12
num_cat=0
split_feature=3 5 3 3 7 7 4 3 3 3 1
split_gain=0.724206 3.37855 2.40737 1.88916 4.23955 8.78792 1.5834 1.44089 3.10233 2.7504 1.42452
threshold=126.90637348343729 0.99809076665737528 134.09225530914833 114.39716360537447 13.872336152601482 16.622454596864525 0.62502598762512218 93.46043135766574 95.776417877488328 82.371310453338353 113.89799970576578
decision_type=2 2 2 2 2 2 2 2 2 2 2
left_child=3 2 -2 7 10 -6 -4 9 -9 -1 -5
right_child=1 -3 6 4 5 -7 -8 8 -10 -11 -12
leaf_value=0.0017679295144873099 0.039529237437962779 0.071050356089179964 -0.073184767643422202 -0.044012004683713718 0.091670299337463734 -0.086869264527625167 -0.0012439062319106184 0.070048101718496972 0.0051133869517541244 -0.026692913144451214 -0.12727684990526095
leaf_weight=225.6028430047445 7.1667054295539918 7.8545304611325255 5.5171699747443181 4.0699327290058154 5.9346151947975141 5.1486286520957947 6.8677735030651093 8.6815787777304632 48.243530973792076 39.9705557115376 4.1496005207300186
leaf_count=1051 26 28 26 21 20 20 25 30 193 162 19
internal_value=1.42944e-05 0.0156551 -0.006599 -0.00123981 -0.0316278 0.00873123 -0.0332917 0.000579027 0.0150165 -0.00251562 -0.0860479
internal_weight=369.207 27.4062 19.5516 341.801 19.3028 11.0832 12.3849 322.499 56.9251 265.573 8.21953
internal_count=1621 105 77 1516 80 40 51 1436 223 1213 40
is_linear=0
shrinkage=0.1


Tree=80
num_leaves=6
num_cat=0
split_feature=5 5 0 0 2
split_gain=0.710055 1.16558 1.0145 8.76833 2.47729
threshold=2.0314417907038571 1.8873528073326493 197.60937500000003 200.46554791182282 196.69547255366373
decision_type=2 2 2 2 2
left_child=1 2 4 -4 -1
right_child=-2 -3 3 -5 -6
leaf_value=-0.0016439036242700596 0.034173915183366418 -0.047509844236853505 -0.090848203354220808 0.00270379288886973 0.022265779853327988
leaf_weight=210.6108895461075 5.9859052523970595 5.2097256779670706 11.437600523233412 80.758388921618462 54.559986054897308
leaf_count=1008 31 21 44 316 201
internal_value=1.33321e-05 -0.000550637 0.000133938 -0.00890203 0.00327561
internal_weight=368.562 362.577 357.367 92.196 265.171
internal_count=1621 1590 1569 360 1209
is_linear=0
shrinkage=0.1


Tree=81
num_leaves=14
num_cat=0
split_feature=6 8 8 4 8 6 6 9 8 5 9 6 8
split_gain=0.685969 5.37599 3.39977 5.93743 4.33941 3.18056 5.15034 7.12528 3.57823 5.78996 4.45253 3.0486 1.6222
threshold=16.554687500000004 25.870806217193607 27.479593276977543 1.2636336288677443 27.907576482288629 15.068933725357057 14.104492187500002 26.309466127492112 26.884032878957061 1.3671686066064332 30.001782722556268 14.584960937500002 24.736941814422611
decision_type=2 2 2 2 2 2 2 2 2 2 2 2 2
left_child=5 12 3 -3 -4 6 7 -1 9 -7 -10 -8 -2
right_child=1 2 4 -5 -6 8 11 -9 10 -11 -12 -13 -14
leaf_value=-0.00051675160491539867 0.032470892081171231 0.0013386887214151622 0.083571587754619092 -0.11069927043950126 0.0015035254060221477 -0.019554114678577698 0.083897564476540371 -0.1272493432355471 0.046758915550310934 -0.11383465880002186 -0.059974055918058045 0.015160864484480757 0.10713291378282866
leaf_weight=114.80130784539506 5.7516963481903058 13.523772031068804 6.7729612886905661 7.2743499279022208 132.21432856470346 24.153230771422386 10.883032739162447 4.6146695166826239 11.637641355395319 8.9191021770238859 5.8849521875381461 15.849277466535566 5.8902852535247803
leaf_count=673 22 48 23 29 507 88 36 18 42 36 24 56 19
internal_value=1.60036e-05 0.00464021 -0.000139852 -0.0378477 0.00550277 -0.00401319 0.00346779 -0.00541416 -0.0256227 -0.0449801 0.0109127 0.0431444 0.0702463
internal_weight=368.171 171.427 159.785 20.7981 138.987 196.743 146.148 119.416 50.5949 33.0723 17.5226 26.7323 11.642
internal_count=1621 648 607 77 530 973 783 691 190 124 66 92 41
is_linear=0
shrinkage=0.1


Tree=82
num_leaves=12
num_cat=0
split_feature=4 8 6 7 0 1 6 7 1 9 7
split_gain=0.685139 2.76031 2.77857 3.53282 2.34136 5.58459 2.33047 1.63673 3.72114 2.88644 1.88284
threshold=1.0000000180025095e-35 7.4248229134827861 3.5781250000000004 2.9876543209876552 60.592871665954597 90.227817680603451 5.5588326633083804 3.7037037037037046 80.683127572016488 5.489017595556235 0.78189300411522655
decision_type=2 2 2 2 2 2 2 2 2 2 2
left_child=7 2 3 -2 6 -6 -3 9 -9 10 -1
right_child=1 4 -4 -5 5 -7 -8 8 -10 -11 -12
leaf_value=-0.10241760020310463 -0.10940533847656342 0.0062854779199508007 -0.12675389837833936 0.060104060476527249 -0.070315297632321958 0.0013666803590890652 0.10968972754241722 0.085090137565496771 -0.008403470913931713 -0.1293364652817732 0.032141727185081119
leaf_weight=1.248843102715911 2.1030207569710893 5.0505213737487775 3.4417983368039131 2.9601380582898855 11.259860612452028 312.73173771053553 3.8341841176152229 7.7624933943152454 9.427025154232977 1.8690060563385484 6.2150001665577292
leaf_count=76 65 27 24 29 55 1185 16 29 36 13 66
internal_value=2.98211e-05 -0.00117302 -0.0574285 -0.0103029 0.000264301 -0.00112452 0.0509095 0.0155121 0.0338166 -0.0182017 0.00962739
internal_weight=367.904 341.381 8.50496 5.06316 332.876 323.992 8.88471 26.5224 17.1895 9.33285 7.46384
internal_count=1621 1401 118 94 1283 1240 43 220 65 155 142
is_linear=0
shrinkage=0.1


Tree=83
num_leaves=8
num_cat=0
split_feature=9 6 1 6 8 8 4
split_gain=0.655041 1.68743 5.47406 2.71464 6.12449 2.3693 1.39626
threshold=37.014576354995761 21.787099051270761 205.86150725884823 20.713376091739246 33.255769021809108 34.649924798031869 1.2512422265385681
decision_type=2 2 2 2 2 2 2
left_child=1 3 -3 5 -5 -1 -4
right_child=-2 2 6 4 -6 -7 -8
leaf_value=-0.0024723259399508958 0.032634779791885379 -0.082518732284109692 -0.016032426996388838 0.087353267003944413 -0.020396790611728194 0.056384996477978289 0.058959095648451476
leaf_weight=313.47058190172538 6.0524993836879721 9.6940419524908084 4.7617070972919446 11.027465596795084 10.112723417580126 6.9919735044240943 5.1877128630876541
leaf_count=1413 22 39 18 42 40 24 23
internal_value=9.15349e-06 -0.000537473 -0.0290386 0.00110145 0.0358094 -0.00118815 0.0230688
internal_weight=367.299 361.246 19.6435 341.603 21.1402 320.463 9.94942
internal_count=1621 1599 80 1519 82 1437 41
is_linear=0
shrinkage=0.1


Tree=84
num_leaves=12
num_cat=0
split_feature=2 2 2 7 0 5 5 2 4 0 9
split_gain=0.681669 6.01771 4.95563 3.19444 4.11057 2.50466 2.21914 2.11834 2.33995 1.1064 1.24372
threshold=159.99455744478601 168.29025344945765 152.00826446280993 16.771622309428739 147.53073361516002 1.4421116850798772 0.23657548095538847 170.77665596289958 0.5625083672348411 194.91080474853518 22.463805501004369
decision_type=2 2 2 2 2 2 2 2 2 2 2
left_child=2 3 5 4 -2 6 -1 -3 -9 10 -4
right_child=1 7 9 -5 -6 -7 -8 8 -10 -11 -12
leaf_value=0.016185886532482367 -0.029698109121605133 0.055822622162553542 0.035833019158949535 -0.0027624900331052497 -0.15470082654505776 0.083292724101830029 -0.013239930989641317 -0.022767057687233309 0.0045537311766601181 0.016637126745015281 0.099377534437651127
leaf_weight=37.24207679880783 5.0643184445798415 6.8634257912635794 5.550526440143587 5.9062752276659003 5.4742367416620255 3.3748778253793708 82.187154383864254 38.750449351966381 164.12020651996136 5.323093280196189 6.9203360825777054
leaf_count=298 21 24 23 22 23 12 387 141 627 20 23
internal_value=1.5268e-05 -0.00338372 0.00548319 -0.0616355 -0.0946306 -0.00166325 -0.00406397 0.00118369 -0.00066483 0.0548039 0.0710952
internal_weight=366.777 226.179 140.598 16.4448 10.5386 122.804 119.429 209.734 202.871 17.794 12.4709
internal_count=1621 858 763 66 44 697 685 792 768 66 46
is_linear=0
shrinkage=0.1


Tree=85
num_leaves=10
num_cat=0
split_feature=8 6 9 1 9 4 8 8 3
split_gain=0.699483 5.61538 5.02048 5.51527 4.4617 4.80091 3.18669 6.36243 3.50268
threshold=29.247543513695735 20.116261477807551 28.964868160341421 179.27167803184344 29.658275559350191 1.2824122811315337 27.479593276977543 27.257812500000004 86.987250825846772
decision_type=2 2 2 2 2 2 2 2 2
left_child=1 6 3 -2 -4 -6 7 -1 -8
right_child=2 -3 4 -5 5 -7 8 -9 -10
leaf_value=-0.0012406786905388939 -0.010820005087501838 0.11954656282049946 0.067943107895209298 -0.12727186707177915 -0.019935040655268649 0.030151241802321545 0.0096822516821730101 -0.12489277729410214 0.079165846265577433
leaf_weight=203.79259139113128 10.367396771907808 4.0668283626437178 9.3558260649442655 6.6923025101423255 62.547167733311653 27.5744938403368 27.663251101970673 4.2479502111673346 9.8340449631214124
leaf_count=999 37 16 33 29 233 118 104 17 35
internal_value=1.48321e-05 0.00300138 -0.0063819 -0.0565026 0.00221345 -0.00461016 0.00107105 -0.00376551 0.027905
internal_weight=366.142 249.605 116.537 17.0597 99.4775 90.1217 245.538 208.041 37.4973
internal_count=1621 1171 450 66 384 351 1155 1016 139
is_linear=0
shrinkage=0.1


Tree=86
num_leaves=9
num_cat=0
split_feature=0 0 3 6 2 2 8 6
split_gain=0.689427 2.29184 1.95397 1.76488 2.21192 4.45302 1.59472 3.78604
threshold=220.67396907820242 216.55594822015979 64.093537216171697 19.005025885300714 204.67811208438135 176.99836354755635 37.266529351472862 22.362015777240551
decision_type=2 2 2 2 2 2 2 2
left_child=1 6 -3 -2 5 -5 7 -1
right_child=3 2 -4 4 -6 -7 -8 -9
leaf_value=0.00036756686246801015 -0.059248581539319646 0.099242440051547753 0.0044701328703783292 -0.05181006998827329 -0.056497249135563338 0.066402751654350264 0.053379519833595158 -0.084827042413051487
leaf_weight=320.66622242331505 6.8493612706661251 4.3522326201200467 4.3497080057859421 5.156504891812804 5.0217058658599845 8.3412903919815999 5.4797712117433539 5.3025383800268164
leaf_count=1435 28 23 19 22 21 30 20 23
internal_value=2.50148e-05 0.00121107 0.05187 -0.0158778 0.000162703 0.0212424 -0.000118947 -0.0010183
internal_weight=365.519 340.15 8.70194 25.3689 18.5195 13.4978 331.449 325.969
internal_count=1621 1520 42 101 73 52 1478 1458
is_linear=0
shrinkage=0.1


Tree=87
num_leaves=6
num_cat=0
split_feature=0 7 4 4 4
split_gain=0.662421 1.77082 1.13926 2.23984 1.79248
threshold=228.26988220214847 19.523667845582043 2.2460415276327024 2.0107421875000004 1.7655371322652142
decision_type=2 2 2 2 2
left_child=2 -2 3 4 -1
right_child=1 -3 -4 -5 -6
leaf_value=-0.0003673343554830811 -0.067488013432876401 0.015226288496497341 0.049318245484868073 -0.068747245685220282 0.038292060845652807
leaf_weight=332.86886688135564 5.0261115208268148 5.3363247364759445 4.7662335261702529 4.6630462110042563 12.441751524806021
leaf_count=1485 21 20 25 19 51
internal_value=2.92712e-05 -0.0248928 0.000757278 9.59345e-05 0.00102559
internal_weight=365.102 10.3624 354.74 349.974 345.311
internal_count=1621 41 1580 1555 1536
is_linear=0
shrinkage=0.1


Tree=88
num_leaves=14
num_cat=0
split_feature=2 2 7 7 1 5 2 5 5 9 2 8 8
split_gain=0.65418 3.75813 10.2477 9.64291 3.80307 3.71765 6.50884 4.85772 3.54872 3.30974 3.12559 2.39126 2.37236
threshold=188.51451794913379 194.9914964824807 17.186485336281425 19.249100688373773 177.19599917211767 0.99428651399249168 172.88042762234315 0.93756319086467765 0.48664298185840155 27.502569058146758 159.99455744478601 27.107893725333273 26.983748467755508
decision_type=2 2 2 2 2 2 2 2 2 2 2 2 2
left_child=5 2 4 -4 -2 7 10 12 -3 -10 -7 -8 -1
right_child=1 8 3 -5 -6 6 11 -9 9 -11 -12 -13 -14
leaf_value=0.0060437846638118379 -0.056088340655216389 0.077797961313940095 0.066702792819760742 -0.09249582747367599 -0.16815015244291273 0.01416867484781381 0.036186158019257536 -0.096220824581815537 0.032450094094998494 -0.010189187224354308 -0.05829578992962553 0.10107945411309303 -0.022397814651848379
leaf_weight=118.87443853775039 6.6492219269275683 5.999746859073638 11.266554445028307 5.7448479831218711 5.5614559650421143 26.366529740393162 12.011928871273996 5.5426111221313468 23.073124960064888 86.268996328115463 7.6877801567316046 10.769519388675688 38.93229715526104
leaf_count=667 25 19 37 23 23 113 42 23 88 349 32 38 142
internal_value=2.82651e-05 -0.00519829 -0.037231 0.0129405 -0.107128 0.00345979 0.0254885 -0.00420486 0.00291726 -0.00119154 -0.00219022 0.0668633 -0.000973006
internal_weight=364.749 144.564 29.2221 17.0114 12.2107 220.185 56.8358 163.349 115.342 109.342 34.0543 22.7814 157.807
internal_count=1621 564 108 60 48 1057 225 832 456 437 145 80 809
is_linear=0
shrinkage=0.1


Tree=89
num_leaves=13
num_cat=0
split_feature=3 9 1 3 4 3 7 7 1 3 4 9
split_gain=0.674807 2.90528 3.34836 2.31934 3.13851 1.55407 3.62475 5.68294 1.26895 1.20687 2.92762 2.14551
threshold=126.90637348343729 23.534612183353065 183.70370370370378 134.09225530914833 0.87451725142996006 114.39716360537447 13.872336152601482 16.597739989696542 112.6201166783252 93.46043135766574 1.388159513473511 37.014576354995761
decision_type=2 2 2 2 2 2 2 2 2 2 2 2
left_child=5 3 -3 -2 -5 9 8 -8 -7 11 -11 -1
right_child=1 2 -4 4 -6 6 7 -9 -10 10 -12 -13
leaf_value=-0.0036577333825056971 0.096147727228300867 -0.07759810285139046 0.029934385401127053 -0.046293224820314109 0.067344574336154039 -0.039268500002970212 0.080859195634404524 -0.064125583934697999 -0.11888480130275814 0.025213693911630121 -0.031776968607239338 0.061372545963155105
leaf_weight=257.25665859272704 5.4676080420613316 5.6449251472949964 5.9456712007522583 4.519185468554495 5.2582761496305466 3.9062264673411864 5.4300575554370862 5.3841887414455414 4.1063190698623657 44.905309338122606 11.277529507875441 5.1754784286022177
leaf_count=1194 19 21 24 22 19 20 19 21 20 179 44 19
internal_value=3.65261e-05 0.0152987 -0.0224368 0.0439884 0.0148207 -0.00117723 -0.029095 0.00867428 -0.0800708 0.000472417 0.013774 -0.00237526
internal_weight=364.277 26.8357 11.5906 15.2451 9.77746 337.442 18.8268 10.8142 8.01255 318.615 56.1828 262.432
internal_count=1621 105 45 60 41 1516 80 40 40 1436 223 1213
is_linear=0
shrinkage=0.1


Tree=90
num_leaves=9
num_cat=0
split_feature=8 1 1 9 0 0 8 4
split_gain=0.674437 3.25991 3.81207 2.66593 1.65569 3.20302 1.51086 4.02196
threshold=23.551529586315159 174.00154209892386 182.99515091985759 22.167114284944482 138.55144168913503 147.53073361516002 22.858469241418792 1.2967263162770848
decision_type=2 2 2 2 2 2 2 2
left_child=1 6 -3 -2 -5 -6 7 -1
right_child=3 2 -4 4 5 -7 -8 -9
leaf_value=-0.0023271027435885312 0.071350441184100263 -0.10825174877335833 -0.0065948788317076934 -0.045212493169619609 0.065245015623252869 0.00081652121663376362 -0.03894917772308968 0.069156157491922804
leaf_weight=101.59852894954383 5.6207807362079611 6.3607915043830863 8.7814775407314283 7.3021167963743201 8.0127949565649015 208.45913096517324 9.2110309749841672 8.5319568961858732
leaf_count=628 19 25 34 28 26 797 34 30
internal_value=3.372e-05 -0.00558903 -0.0492977 0.00333009 0.00162154 0.00320137 -4.31949e-05 0.0032108
internal_weight=363.879 134.484 15.1423 229.395 223.774 216.472 119.342 110.13
internal_count=1621 751 59 870 851 823 692 658
is_linear=0
shrinkage=0.1


Tree=91
num_leaves=11
num_cat=0
split_feature=2 2 7 0 9 6 8 9 8 1
split_gain=0.723206 5.17391 5.256 3.69517 2.29763 4.96973 4.48682 2.64006 1.92802 2.12178
threshold=99.63175414237746 77.421879348213253 12.923732752043565 121.68421179801227 15.138405745835053 9.1618614620601893 9.6781028641853499 19.65406618206141 20.007812500000004 86.617283950617306
decision_type=2 2 2 2 2 2 2 2 2 2
left_child=1 8 3 -3 6 -6 -2 -7 9 -1
right_child=4 2 -4 -5 5 7 -8 -9 -10 -11
leaf_value=0.0081258015089071354 -0.0076478984110333647 -0.053213217575682439 0.030895529989092882 -0.17370725267292753 -0.095421634329970056 0.044005478099133091 0.12809926870466259 -4.9500031180989306e-05 0.065825999894791418 -0.072559597468774911
leaf_weight=32.746574013493955 5.82670049369335 7.0423699878156167 4.5586907863616934 3.9853965640068054 5.3193081356585017 14.305846005678175 4.1827905625104904 276.7461179792881 5.0866602212190619 3.6194345057010642
leaf_count=317 34 51 16 17 39 53 14 1048 17 15
internal_value=3.1962e-05 -0.0103069 -0.0594231 -0.0967593 0.00195675 0.000365284 0.0490785 0.0021159 0.00816116 9.53486e-05
internal_weight=363.42 57.0391 15.5865 11.0278 306.381 296.371 10.0095 291.052 41.4527 36.366
internal_count=1621 433 84 68 1188 1140 48 1101 349 332
is_linear=0
shrinkage=0.1


Tree=92
num_leaves=8
num_cat=0
split_feature=6 9 9 3 8 9 1
split_gain=0.672541 2.40302 3.96349 1.68895 1.04294 0.923845 1.28892
threshold=2.9984449148178105 4.0555555555555562 3.8754264781620456 2.0264201355867235 5.0039062500000009 7.9444444444444455 71.390473972636201
decision_type=2 2 2 2 2 2 2
left_child=1 2 3 -1 -2 -6 -7
right_child=4 -3 -4 -5 5 6 -8
leaf_value=-0.11152442666126401 0.064361701546343769 -0.11066204955980322 0.16129332156547299 0.005467835271257054 -0.040322759351735224 0.029715365822027669 -0.00038838081220967925
leaf_weight=1.8247120999731103 2.5565329715609542 2.487824734300375 1.3000134415924547 3.8114952673204243 5.5215275064110747 14.862547792494295 330.42773854359984
leaf_count=83 12 38 6 99 29 66 1288
internal_value=1.91024e-05 -0.0263458 0.00389609 -0.0324082 0.000722232 0.000258461 0.000907394
internal_weight=362.792 9.42405 6.93622 5.63621 353.368 350.812 345.29
internal_count=1621 226 188 182 1395 1383 1354
is_linear=0
shrinkage=0.1


Tree=93
num_leaves=9
num_cat=0
split_feature=0 0 7 9 7 5 4 4
split_gain=0.694046 6.68928 3.92988 11.7699 5.53622 2.49969 3.09744 3.61826
threshold=152.43610024415796 148.88601810464027 14.751384443428343 20.746740164018544 15.527144151128887 0.17336600688545972 0.25003346893936401 0.35307761644799035
decision_type=2 2 2 2 2 2 2 2
left_child=1 2 3 -1 -4 -2 -7 -8
right_child=5 -3 4 -5 -6 6 7 -9
leaf_value=-0.009061385885673439 0.066357900853548799 -0.10847238735147709 -0.11187731640246693 0.079218682099596413 -0.0029144788487690996 -0.057332800615402219 0.076171507604399974 0.0015593971634187776
leaf_weight=80.798257391434163 6.1055340170860282 6.0620808601379386 7.1205212026834515 18.574219942092896 13.509929969906805 8.6057020276784879 6.702057108283042 215.06903849542141
leaf_count=558 21 24 28 63 48 32 22 825
internal_value=9.26419e-06 -0.00598331 -0.000805965 0.00743949 -0.0405226 0.00320381 0.00153008 0.00381422
internal_weight=362.547 126.065 120.003 99.3725 20.6305 236.482 230.377 221.771
internal_count=1621 721 697 621 76 900 879 847
is_linear=0
shrinkage=0.1


Tree=94
num_leaves=13
num_cat=0
split_feature=0 2 6 2 1 1 2 6 0 8 7 8
split_gain=0.612567 2.0784 2.69594 1.30301 2.26159 2.39489 2.29458 2.20105 6.42862 0.00927096 0.0019166 3.97947e-05
threshold=13.728538852185013 6.5000000000000009 1.4996112287044527 25.219008264462811 52.68106995884775 45.404490870999133 66.083220879008039 3.9968898296356206 17.267055055825043 2.0156250000000004 1.0363739934672946 0.93615146128013305
decision_type=2 2 2 2 2 2 2 2 2 2 2 2
left_child=1 2 11 7 5 -5 -6 8 -2 10 -3 -1
right_child=3 9 -4 4 6 -7 -8 -9 -10 -11 -12 -13
leaf_value=-0.1029854004639435 0.15087011825253058 -0.10153630170337176 0.12039066386737299 -0.016022705065957724 0.042054804693177128 -0.12945195523144049 -0.00075066783601357423 0.11855373585324867 -0.090072364104942959 -0.11993958529372994 -0.11151083545247829 -0.10159633401516449
leaf_weight=0.30679646320640985 1.7951637776568521 0.44755589356645931 1.3036731556057928 6.1331934006884676 13.01881732791662 2.6724523156881332 328.76412630453706 2.4925031810998917 2.8902388941496611 1.1430601533502338 0.33821816742420197 0.62926246272400022
leaf_count=12 22 40 5 60 46 21 1300 8 33 13 5 56
internal_value=1.01001e-05 -0.0381024 0.0274246 0.000454174 -0.00040935 -0.0504477 0.000879831 0.042631 0.00224227 -0.114191 -0.10583 -0.102052
internal_weight=361.935 4.16857 2.23973 357.766 350.589 8.80565 341.783 7.17791 4.6854 1.92883 0.785774 0.936059
internal_count=1621 131 73 1490 1427 81 1346 63 55 58 45 68
is_linear=0
shrinkage=0.1


Tree=95
num_leaves=12
num_cat=0
split_feature=0 0 7 9 7 1 9 6 7 6 8
split_gain=0.595992 5.46389 3.14898 9.6722 4.4978 2.11305 5.08978 3.70733 3.40239 2.75698 1.40596
threshold=152.43610024415796 148.88601810464027 14.751384443428343 20.746740164018544 15.527144151128887 163.12632832617686 24.166121177103438 15.255201339721681 14.403292181069963 15.068933725357057 23.950349777936939
decision_type=2 2 2 2 2 2 2 2 2 2 2
left_child=1 2 3 -1 -4 6 7 -2 10 -10 -7
right_child=5 -3 4 -5 -6 8 -8 -9 9 -11 -12
leaf_value=-0.0084972818756755292 0.035496679208615517 -0.098461612169196661 -0.1008234563696757 0.071776228564543479 -0.0025475704153803632 -0.088141700937457559 0.081813922629470806 -0.073279386219764153 0.040735111581604672 -0.00080453307995686802 -0.01771833673037149
leaf_weight=80.03881057864055 7.268086254596712 6.0285815298557273 7.1062182337045696 18.474635869264603 13.511884257197378 5.7606746703386289 10.819712102413176 5.5075299888849258 17.498288244009018 183.83696739375591 5.5818265974521637
leaf_count=558 27 24 28 63 48 24 35 21 61 711 21
internal_value=-1.96277e-06 -0.00558127 -0.000881115 0.00655674 -0.0364193 0.00295354 0.0313455 -0.0113964 -0.000196375 0.00280573 -0.0534852
internal_weight=361.433 125.16 119.132 98.5134 20.6181 236.273 23.5953 12.7756 212.678 201.335 11.3425
internal_count=1621 721 697 621 76 900 83 48 817 772 45
is_linear=0
shrinkage=0.1


Tree=96
num_leaves=12
num_cat=0
split_feature=3 9 1 3 0 3 2 7 3 4 7
split_gain=0.620023 2.29424 2.52787 1.92776 2.51035 1.24907 3.26969 4.98368 0.948973 2.2593 1.54774
threshold=126.90637348343729 23.534612183353065 183.70370370370378 134.09225530914833 159.36678629112433 114.39716360537447 162.81553168529101 13.760470956963532 101.80492345191585 0.51574707031250011 17.430730060696501
decision_type=2 2 2 2 2 2 2 2 2 2 2
left_child=5 3 -3 -2 -5 8 7 -7 10 -10 -1
right_child=1 2 -4 4 -6 6 -8 -9 9 -11 -12
leaf_value=-0.0080331994820480607 0.088532115075492523 -0.066614830635267741 0.026947852382039186 -0.04183388512003932 0.061801272123491395 -0.053213547161917618 -0.077415730334617516 0.082212267132063546 0.055896644118053229 -0.0022437806118630822 0.0067767322913296624
leaf_weight=159.03729008650407 5.3908248171210316 5.6274779736995679 5.9312439560890198 4.3768422156572324 5.0159491151571274 5.9793785437941569 7.4831967651844016 4.9810041859745979 10.05055693536997 19.951958756893873 126.84789963066578
leaf_count=823 19 21 24 23 18 31 31 18 40 81 492
internal_value=4.79015e-07 0.0147714 -0.0186041 0.0408664 0.0135095 -0.00116334 -0.0264592 0.00833143 0.000313594 0.0172327 -0.001462
internal_weight=360.674 26.3423 11.5587 14.7836 9.39279 334.331 18.4436 10.9604 315.888 30.0025 285.885
internal_count=1621 105 45 60 41 1516 80 49 1436 121 1315
is_linear=0
shrinkage=0.1


Tree=97
num_leaves=13
num_cat=0
split_feature=1 1 1 5 4 1 3 3 6 8 1 5
split_gain=0.633476 4.52004 3.58276 2.74363 7.34331 3.57662 2.4102 4.33698 2.37589 4.75149 1.88231 2.13674
threshold=199.18485105334824 202.64932818792667 193.0790692918934 0.93102071255989005 0.91182294896549376 210.25217122809431 60.454413535492677 82.664201896528027 17.501043148338798 31.189435521955605 191.91584227840841 1.1750936275609127
decision_type=2 2 2 2 2 2 2 2 2 2 2 2
left_child=2 6 10 5 -5 -3 -2 -8 -4 -10 11 -1
right_child=1 3 8 4 -6 -7 7 -9 9 -11 -12 -13
leaf_value=0.0038705389250332312 -0.11083078340436903 0.083457795004856172 0.08529774833844668 -0.10821435664569912 0.0051029222867577089 -0.0038645712851389877 0.027996638190499291 -0.094322550909718625 -0.02938048960191645 0.076237197009656796 -0.064589405034303077 -0.023220892701569365
leaf_weight=203.61949488753453 5.1715190112590816 8.6878613233566302 7.587292984128001 6.4432935491204253 50.854697726666927 10.194434538483618 6.2424244284629804 5.4114988446235657 9.4694585204124468 7.7418613359332076 4.5997565239667884 33.970006451010704
leaf_count=999 20 30 26 28 219 39 23 23 37 27 18 132
internal_value=1.3545e-06 -0.00710601 0.00247722 0.00325443 -0.00763987 0.036313 -0.0540148 -0.0288023 0.0386788 0.0181276 -0.00122958 -2.93234e-06
internal_weight=359.994 93.0057 266.988 76.1803 57.298 18.8823 16.8254 11.6539 24.7986 17.2113 242.189 237.59
internal_count=1621 382 1239 316 247 69 66 46 90 64 1149 1131
is_linear=0
shrinkage=0.1


Tree=98
num_leaves=11
num_cat=0
split_feature=8 6 9 1 9 4 4 8 7 4
split_gain=0.621534 4.09028 3.96731 4.08071 3.40617 3.99998 2.97029 2.65108 4.30523 2.98904
threshold=29.247543513695735 18.943428232516457 28.964868160341421 179.27167803184344 29.658275559350191 1.2749243250759152 0.98275645495459696 28.425716799749583 18.196867213373803 1.0415351986885073
decision_type=2 2 2 2 2 2 2 2 2 2
left_child=1 7 3 -2 -4 -6 -3 8 -1 -9
right_child=2 6 4 -5 5 -7 -8 9 -10 -11
leaf_value=0.0010355186269757437 -0.011121405483894158 0.11307075603789044 0.060258936023290459 -0.1115530363781822 -0.018415597562450873 0.027399819664437459 0.011308699472135142 -0.012589102655384899 -0.054394866543808741 0.078468461976454795
leaf_weight=203.376437373925 10.255335196852686 5.6211245656013471 9.0105932950973493 6.681570127606391 61.649913936853409 27.581724941730499 5.85697390884161 6.1421056985855094 15.048850446939467 8.7271275222301465
leaf_count=1010 37 20 33 29 231 120 25 23 60 33
internal_value=1.47242e-05 0.00286519 -0.00604294 -0.0507415 0.00166306 -0.00425394 0.0611442 -2.14085e-06 -0.00278347 0.0408549
internal_weight=359.952 244.773 115.179 16.9369 98.2422 89.2316 11.4781 233.295 218.425 14.8692
internal_count=1621 1171 450 66 384 351 45 1126 1070 56
is_linear=0
shrinkage=0.1


Tree=99
num_leaves=8
num_cat=0
split_feature=0 6 9 2 8 9 6
split_gain=0.612508 1.97885 0.958036 3.38792 4.98893 3.26516 2.48652
threshold=228.26988220214847 21.572935557102934 32.035749031740032 168.91263763242571 34.728729248046882 31.737431200546464 21.95899647831158
decision_type=2 2 2 2 2 2 2
left_child=2 -2 5 -4 -5 6 -1
right_child=1 -3 3 4 -6 -7 -8
leaf_value=0.0025184350693870723 -0.067237323532682081 0.021479494625790872 0.061407626313239233 -0.048932049154016222 0.021072890294142405 0.077495013632307846 -0.072212499759096993
leaf_weight=290.64202547632158 5.1940090507268888 4.8730716779828072 5.5206772983074179 26.283664330840111 16.615498088300228 5.7446412071585646 4.5216325521469107
leaf_count=1351 22 19 19 102 65 23 20
internal_value=2.53211e-05 -0.0242931 0.000726138 -0.0123289 -0.0218181 0.00282686 0.00137363
internal_weight=359.395 10.0671 349.328 48.4198 42.8992 300.908 295.164
internal_count=1621 41 1580 186 167 1394 1371
is_linear=0
shrinkage=0.1


end of trees

feature_importances:
completions_L3=150
passing_yards_L3=122
attempts_L5=117
passing_yards_std_L5=111
passing_yards_L10=107
attempts_L3=99
passing_yards_L5=82
completions_L5=80
pass_tds_L3=72
pass_tds_L5=57

parameters:
[boosting: gbdt]
[objective: binary]
[metric: binary_logloss]
[tree_learner: serial]
[device_type: cpu]
[data_sample_strategy: bagging]
[data: ]
[valid: ]
[num_iterations: 100]
[learning_rate: 0.1]
[num_leaves: 31]
[num_threads: 2]
[seed: 42]
[deterministic: 0]
[force_col_wise: 0]
[force_row_wise: 0]
[histogram_pool_size: -1]
[max_depth: 4]
[min_data_in_leaf: 20]
[min_sum_hessian_in_leaf: 0.001]
[bagging_fraction: 1]
[pos_bagging_fraction: 1]
[neg_bagging_fraction: 1]
[bagging_freq: 0]
[bagging_seed: 400]
[bagging_by_query: 0]
[feature_fraction: 1]
[feature_fraction_bynode: 1]
[feature_fraction_seed: 30056]
[extra_trees: 0]
[extra_seed: 12879]
[early_stopping_round: 0]
[early_stopping_min_delta: 0]
[first_metric_only: 0]
[max_delta_step: 0]
[lambda_l1: 0]
[lambda_l2: 0]
[linear_lambda: 0]
[min_gain_to_split: 0]
[drop_rate: 0.1]
[max_drop: 50]
[skip_drop: 0.5]
[xgboost_dart_mode: 0]
[uniform_drop: 0]
[drop_seed: 17869]
[top_rate: 0.2]
[other_rate: 0.1]
[min_data_per_group: 100]
[max_cat_threshold: 32]
[cat_l2: 10]
[cat_smooth: 10]
[max_cat_to_onehot: 4]
[top_k: 20]
[monotone_constraints: ]
[monotone_constraints_method: basic]
[monotone_penalty: 0]
[feature_contri: ]
[forcedsplits_filename: ]
[refit_decay_rate: 0.9]
[cegb_tradeoff: 1]
[cegb_penalty_split: 0]
[cegb_penalty_feature_lazy: ]
[cegb_penalty_feature_coupled: ]
[path_smooth: 0]
[interaction_constraints: ]
[verbosity: -1]
[saved_feature_importance_type: 0]
[use_quantized_grad: 0]
[num_grad_quant_bins: 4]
[quant_train_renew_leaf: 0]
[stochastic_rounding: 1]
[linear_tree: 0]
[max_bin: 255]
[max_bin_by_feature: ]
[min_data_in_bin: 3]
[bin_construct_sample_cnt: 200000]
[data_random_seed: 175]
[is_enable_sparse: 1]
[enable_bundle: 1]
[use_missing: 1]
[zero_as_missing: 0]
[feature_pre_filter: 1]
[pre_partition: 0]
[two_round: 0]
[header: 0]
[label_column: ]
[weight_column: ]
[group_column: ]
[ignore_column: ]
[categorical_feature: ]
[forcedbins_filename: ]
[precise_float_parser: 0]
[parser_config_file: ]
[objective_seed: 16083]
[num_class: 1]
[is_unbalance: 0]
[scale_pos_weight: 1.47859]
[sigmoid: 1]
[boost_from_average: 1]
[reg_sqrt: 0]
[alpha: 0.9]
[fair_c: 1]
[poisson_max_delta_step: 0.7]
[tweedie_variance_power: 1.5]
[lambdarank_truncation_level: 30]
[lambdarank_norm: 1]
[label_gain: ]
[lambdarank_position_bias_regularization: 0]
[eval_at: ]
[multi_error_top_k: 1]
[auc_mu_weights: ]
[num_machines: 1]
[local_listen_port: 12400]
[time_out: 120]
[machine_list_filename: ]
[machines: ]
[gpu_platform_id: -1]
[gpu_device_id: -1]
[gpu_use_dp: 0]
[num_gpu: 1]

end of parameters

pandas_categorical:[]
