tree
version=v4
num_class=1
num_tree_per_iteration=1
label_index=0
max_feature_idx=9
objective=binary sigmoid:1
feature_names=passing_yards_L3 passing_yards_L5 passing_yards_L10 passing_yards_std_L5 pass_tds_L3 pass_tds_L5 completions_L3 completions_L5 attempts_L3 attempts_L5
feature_infos=[171:303.00962829589844] [220.00385269993291:249.9597148580782] [149.15025480096622:285.35366446222429] [0:217.78888860545663] [0:4] [0:4] [13.5:30] [15.513946044810243:29] [21.384445445854251:48.5] [23.57064471879287:44.333333333333336]
tree_sizes=1334 1377 1370 1474 1373 1264 1167 1278 1274 1175 1273 970 1169 1175 971 874 873 873 873 866 965 975 677 1074 1472 967 873 1170 665 673 773 669 1174 1070 671 674 1168 673 981 1277 1072 1077 1074 666 970 1073 669 1277 1075 977 1176 868 1069 972 970 1068 1183 1282 1283 1282 1280 675 975 673 777 675 776 1280 1488 769 770 774 775 972 1070 1485 671 1382 776 1076 875 769 969 769 880 875 766 870 975 1490 976 1176 672 979 1178 672 877 673 979 870

Tree=0
num_leaves=12
num_cat=0
split_feature=2 4 0 1 0 6 9 2 3 4 0
split_gain=28.8587 6.6786 5.53467 8.04579 5.50021 4.69711 3.87024 3.15089 2.27091 1.63085 1.43979
threshold=244.70846111210992 1.0028398157457581 223.0902913148345 225.54342658003506 251.6800231933594 21.12506621845046 30.211167642327386 250.42926269750845 54.160769341757693 1.7422550385817888 232.64382171630862
decision_type=2 2 2 2 2 2 2 2 2 2 2
left_child=2 -2 5 10 -5 6 -1 9 -9 -3 -4
right_child=1 7 3 4 -6 -7 -8 8 -10 -11 -12
leaf_value=0.25938391803322436 0.20501520343821819 0.21848365167456574 0.11950705846691885 0.15779659473789356 0.21848365167456574 0.28344015070296452 0.15071056178593067 0.40248854101817122 0.31450105818106461 0.30611987770160087 0.042966215265301005
leaf_weight=4.8915262371301678 8.1023598462343234 4.3477106690406817 4.5939402878284437 53.945381283760071 20.65162567794323 7.5599512159824362 9.929383307695387 3.9537432789802542 11.365253254771231 4.1507269740104675 5.2847901582717896
leaf_count=23 37 20 20 240 95 36 44 20 55 20 22
internal_value=0.200005 0.28344 0.175081 0.163367 0.174597 0.219296 0.186577 0.310119 0.33721 0.261286 0.0785603
internal_weight=138.776 31.9198 106.857 84.4757 74.597 22.3809 14.8209 23.8174 15.319 8.49844 9.87873
internal_count=632 152 480 377 335 103 67 115 75 40 42
is_linear=0
shrinkage=1


Tree=1
num_leaves=12
num_cat=0
split_feature=2 3 9 8 9 0 0 5 1 4 2
split_gain=23.4021 6.2929 4.52539 6.21469 5.14309 6.96452 6.70217 4.36023 4.31776 3.90826 2.37905
threshold=244.70846111210992 93.005951449847643 32.194386696731478 39.021712671397843 31.013064403098465 243.98862760609126 219.01252365112308 1.1444934275267598 236.71668017408345 0.68725174665451061 252.07332966029921
decision_type=2 2 2 2 2 2 2 2 2 2 2
left_child=2 7 4 9 6 -6 -1 -2 -5 -4 -9
right_child=1 -3 3 8 5 -7 -8 10 -10 -11 -12
leaf_value=0.06856643062051819 -0.014127335976213982 -0.049205637892804813 -0.14693791981898049 0.078979787480348423 -0.012729899270591365 0.13586655255805996 -0.062389288179280022 0.060508248867444041 -0.050258098073196006 -0.064491936337921926 0.12601895008937558
leaf_weight=4.5780653506517437 4.6028192490339341 4.8633790016174308 6.6475256830453864 4.8050055205821973 12.122619211673738 4.2633346468210211 26.70552459359169 11.236982926726343 5.5955144017934799 42.570094987750053 10.940682902932165
leaf_count=22 21 22 28 23 55 21 118 54 25 188 55
internal_value=-0.0201315 0.0554399 -0.0424209 -0.0607856 -0.0194529 0.0259323 -0.0432251 0.0744437 0.00944937 -0.0756274 0.092826
internal_weight=138.932 31.6439 107.288 59.6181 47.6695 16.386 31.2836 26.7805 10.4005 49.2176 22.1777
internal_count=632 152 480 264 216 76 140 130 48 216 109
is_linear=0
shrinkage=0.1


Tree=2
num_leaves=12
num_cat=0
split_feature=2 5 0 1 0 6 2 5 1 3 0
split_gain=19.0209 5.52624 3.96834 6.41224 4.13489 3.97459 3.7537 4.11919 3.36632 1.71705 1.07455
threshold=244.70846111210992 1.7764536200234591 223.0902913148345 225.54342658003506 251.6800231933594 21.12506621845046 250.08858981286713 1.1689347399973864 223.03612254229543 66.295158027427703 232.64382171630862
decision_type=2 2 2 2 2 2 2 2 2 2 2
left_child=2 6 5 10 -5 8 -2 -8 -1 -3 -4
right_child=1 9 3 4 -6 -7 7 -9 -10 -11 -12
leaf_value=0.03297066786862498 -0.047985973159791764 0.14761131900107757 -0.087988542743238432 -0.052393049584644684 0.00010646498466865831 0.058578768272111253 -0.031206972881146468 0.081867411378138841 -0.06623786928733133 0.066410663156178662 -0.15374803985551028
leaf_weight=5.3371644020080593 5.755774259567267 5.5898298472166044 4.6408175826072675 54.425120681524277 20.711112439632416 7.5288388431072226 4.6621303111314765 10.427298590540884 9.5227643400430662 4.875468909740448 5.3489514887332916
leaf_count=25 26 29 20 240 95 36 21 52 42 24 22
internal_value=-0.0181013 0.0504902 -0.0380765 -0.0479292 -0.0379217 -0.000614935 0.0207227 0.0469312 -0.0306056 0.109782 -0.123199
internal_weight=138.825 31.3105 107.515 85.126 75.1362 22.3888 20.8452 15.0894 14.8599 10.4653 9.98977
internal_count=632 152 480 377 335 103 99 73 67 53 42
is_linear=0
shrinkage=0.1


Tree=3
num_leaves=13
num_cat=0
split_feature=2 3 8 9 8 8 1 2 1 7 9 8
split_gain=15.5038 4.99392 4.18799 3.70824 4.7641 4.44565 5.50137 5.05378 3.56881 3.30087 2.77473 2.02777
threshold=244.70846111210992 93.005951449847643 34.943157196044929 32.194386696731478 39.021712671397843 29.208956156886423 229.42743135499327 226.21476873593932 236.71668017408345 24.132220897196948 34.290435043305116 36.902435011462991
decision_type=2 2 2 2 2 2 2 2 2 2 2 2
left_child=3 2 10 5 9 6 -1 -7 -6 -5 -2 -4
right_child=1 -3 11 4 8 7 -8 -9 -10 -11 -12 -13
leaf_value=0.0060880061591492987 0.070175517736657936 -0.046862730759294785 -0.042152635911466979 -0.072893910912946461 0.07438396130925666 -0.029280697530918942 -0.10305820460421228 0.053992382187124849 -0.043233002634446821 0.0094080107854233735 0.16537682618274552 0.05372201078703942
leaf_weight=8.7135058939456957 13.225761026144037 4.8682530075311652 4.258200138807295 43.959318727254868 4.7661170512437803 15.118755951523783 9.8251293301582319 14.070809140801428 5.6238157004117966 5.4806930720806113 3.9836473017930976 4.577437087893486
leaf_count=40 66 22 20 191 23 68 42 66 25 25 21 23
internal_value=-0.0163116 0.0461032 0.0634801 -0.0342503 -0.0508343 -0.0134613 -0.0517574 0.010861 0.0107208 -0.0637703 0.0922128 0.00751669
internal_weight=138.471 30.9133 26.045 107.558 59.8299 47.7282 18.5386 29.1896 10.3899 49.44 17.2094 8.83564
internal_count=632 152 130 480 264 216 82 134 48 216 87 43
is_linear=0
shrinkage=0.1


Tree=4
num_leaves=12
num_cat=0
split_feature=2 5 2 5 0 1 4 6 1 3 1
split_gain=12.6383 4.62948 3.03668 3.62384 3.00715 5.34249 4.00836 3.33658 2.62061 1.48991 1.04871
threshold=244.70846111210992 1.7764536200234591 250.08858981286713 1.3352593752158355 223.0902913148345 225.54342658003506 0.84034196207708567 21.12506621845046 223.03612254229543 66.295158027427703 222.84830671885683
decision_type=2 2 2 2 2 2 2 2 2 2 2
left_child=4 2 -2 -4 7 10 -7 8 -1 -3 -6
right_child=1 9 3 -5 5 6 -8 -9 -10 -11 -12
leaf_value=0.030683017671061991 -0.046802590217054491 0.13419749515215554 -0.0039961829174792593 0.096167872710906072 -0.07679208158327884 -0.084339809579453515 -0.020441089383583421 0.056259422830981655 -0.05690494092032207 0.05705776591939446 -0.14182537230001102
leaf_weight=5.3162764906883266 5.7543393075466218 5.2888831496238691 8.4454535990953428 6.3111639618873587 5.1100095808505994 11.607903957366942 63.632807865738869 7.4862263053655616 9.5564268082380277 4.7548137903213501 4.8170573711395264
leaf_count=25 26 29 40 33 22 50 285 36 42 24 20
internal_value=-0.0147009 0.0420531 0.0148147 0.0388423 -0.0308281 -0.0393966 -0.0302992 0.00181056 -0.0255965 0.0976786 -0.108349
internal_weight=138.081 30.5547 20.511 14.7566 107.527 85.1678 75.2407 22.3589 14.8727 10.0437 9.92707
internal_count=632 152 99 73 480 377 335 103 67 53 42
is_linear=0
shrinkage=0.1


Tree=5
num_leaves=11
num_cat=0
split_feature=2 5 0 2 5 2 4 0 3 1
split_gain=10.4042 3.89029 5.57921 5.81001 4.80879 4.0631 3.7285 3.39558 1.86843 2.05497
threshold=250.42926269750845 1.8371259122172998 228.11020500079033 234.96881609543613 1.6054442937152247 236.59696172095815 1.0028398157457581 219.32837250294236 54.160769341757693 242.67402445628827
decision_type=2 2 2 2 2 2 2 2 2 2
left_child=1 4 -3 -4 7 -6 -2 -1 -8 -10
right_child=6 2 3 -5 5 -7 8 -9 9 -11
leaf_value=0.026623307650400625 -0.01431404436100148 0.09663353662001431 -0.073277344584307944 0.043278657344631689 -0.12738275443253494 -0.03417551091754395 0.14598943286563146 -0.031374959639674946 0.10240103699337327 0.013742897301682206
leaf_weight=11.977506190538405 5.6500655859708813 5.8622770756483105 8.7640657722949999 8.3525836914777738 8.9726209789514559 9.7687968462705594 3.4366319626569739 64.208636298775673 5.6047232151031476 4.9000662416219711
leaf_count=56 26 29 38 40 38 44 20 286 30 25
internal_value=-0.01327 -0.024483 0.0124363 -0.0164003 -0.0334199 -0.0787993 0.0542127 -0.0222568 0.0819846 0.0610455
internal_weight=137.498 117.906 22.9789 17.1166 94.9276 18.7414 19.5915 76.1861 13.9414 10.5048
internal_count=632 531 107 78 424 82 101 342 75 55
is_linear=0
shrinkage=0.1


Tree=6
num_leaves=10
num_cat=0
split_feature=2 5 6 9 1 1 4 3 7
split_gain=8.54703 3.18538 8.20043 3.24583 4.26883 3.32759 3.15782 1.72777 2.00888
threshold=250.42926269750845 2.0688396254479082 20.640943353109819 32.635143102668742 223.41474610586107 222.44574061019281 1.0028398157457581 54.160769341757693 22.51184121894585
decision_type=2 2 2 2 2 2 2 2 2
left_child=1 3 -3 5 -5 -1 -2 -8 -9
right_child=6 2 -4 4 -6 -7 7 8 -10
leaf_value=0.058691130323276657 -0.012861391592200741 -0.076942586002635038 0.090004054206080486 -0.12189021340553226 -0.03455320269665612 -0.019166936440343767 0.13977090186271476 0.0090131090526777528 0.09747292545218407
leaf_weight=6.2531682401895514 5.6589063704013851 4.7802651673555356 7.6522063612937927 6.3386709392070761 47.793900176882744 44.941308736801147 3.2406549155712119 4.8268246650695783 5.4838895201683044
leaf_count=30 26 21 38 27 213 202 20 25 30
internal_value=-0.0119684 -0.0220578 0.0258133 -0.0277083 -0.04478 -0.00965693 0.0498797 0.0760797 0.0560616
internal_weight=136.97 117.76 12.4325 105.327 54.1326 51.1945 19.2103 13.5514 10.3107
internal_count=632 531 59 472 240 232 101 75 55
is_linear=0
shrinkage=0.1


Tree=7
num_leaves=11
num_cat=0
split_feature=2 3 8 6 6 2 8 4 9 2
split_gain=7.12762 4.04452 3.61235 3.13731 7.10117 5.60987 5.00264 4.71422 2.60203 1.65719
threshold=244.70846111210992 95.113675661098924 34.943157196044929 23.224609375000004 23.643132455646995 242.28803473418586 34.017334013180523 0.98002610196715534 34.290435043305116 252.07332966029921
decision_type=2 2 2 2 2 2 2 2 2 2
left_child=3 2 8 5 -5 6 -1 -6 -2 -4
right_child=1 -3 9 4 7 -7 -8 -9 -10 -11
leaf_value=-0.0087425412423030851 0.054389905843708113 -0.058034963530789956 -0.050467059159716679 0.12762498591663404 -0.089446338846220205 -0.12266478160874505 -0.067414246942677156 0.011238076085622217 0.15053870281323123 0.038301210415432572
leaf_weight=52.213342741131783 13.093080028891572 4.1891475021839133 4.1338641196489316 4.0923431813716915 6.2705848217010525 6.4121244102716437 20.137376382946968 17.997641190886497 3.5854130983352652 4.2810598611831665
leaf_count=236 69 19 20 20 27 27 88 82 21 23
internal_value=-0.0107972 0.0329242 0.0481091 -0.0227485 0.0057708 -0.0330177 -0.0250726 -0.0147774 0.0750592 -0.00530655
internal_weight=136.406 29.2826 25.0934 107.123 28.3606 78.7628 72.3507 24.2682 16.6785 8.41492
internal_count=632 152 133 480 129 351 324 109 90 43
is_linear=0
shrinkage=0.1


Tree=8
num_leaves=11
num_cat=0
split_feature=2 4 5 0 2 4 6 4 2 4
split_gain=5.94191 2.72728 2.55173 4.54888 4.7059 4.04529 3.61604 3.03309 1.38092 0.594489
threshold=250.42926269750845 1.0028398157457581 1.8371259122172998 228.11020500079033 234.96881609543613 1.5778775954770439 19.765625000000004 1.7487013505618194 258.24233166092108 1.6324938381313616
decision_type=2 2 2 2 2 2 2 2 2 2
left_child=2 -2 5 -4 -5 6 -1 -7 9 -3
right_child=1 8 3 4 -6 7 -8 -9 -10 -11
leaf_value=-0.051441272931322585 -0.015263412758655096 0.1207888540277544 0.088974222089784658 -0.065255265322602909 0.04012799816102338 -0.096020047328488359 -0.00011675250080771851 -0.023770124687398881 0.026256396464289053 0.066369684044216906
leaf_weight=18.553454652428627 5.6234606355428722 4.029518246650694 5.7427476346492794 8.7116246819496173 8.2505026608705503 12.151102825999262 52.771954193711281 11.135080471634863 4.886561006307601 4.0003044456243515
leaf_count=82 26 24 29 38 40 52 240 50 27 24
internal_value=-0.00974385 0.0428639 -0.0180576 0.0120482 -0.0139961 -0.0252824 -0.0134675 -0.0614713 0.068171 0.0936783
internal_weight=135.856 18.5398 117.316 22.7049 16.9621 94.6116 71.3254 23.2862 12.9164 8.02982
internal_count=632 101 531 107 78 424 322 102 75 48
is_linear=0
shrinkage=0.1


Tree=9
num_leaves=10
num_cat=0
split_feature=2 5 2 0 3 8 0 8 6
split_gain=5.04136 2.70856 3.33673 2.55565 3.98622 3.67724 5.77639 2.16286 1.55371
threshold=252.07332966029921 1.3525265576912071 258.24233166092108 255.83594325630915 96.282407990757477 33.987060546875007 231.45594674370508 29.208956156886423 23.148550104059307
decision_type=2 2 2 2 2 2 2 2 2
left_child=3 -2 -3 5 8 7 -7 -1 -5
right_child=1 2 -4 4 -6 6 -8 -9 -10
leaf_value=-0.03289819235228527 -0.0033245345474722608 0.13731503100505052 0.010582661185282845 0.019398387999686354 -0.051351982383520449 0.0076026031007313064 -0.069001109612559924 0.0073882591603485221 0.098845857098582554
leaf_weight=19.426672488451004 6.3138609528541556 4.8621465414762479 3.6274949759244919 4.8204433619976026 4.7764635831117621 14.876290261745451 29.097598910331726 42.437881469726562 5.0302622020244598
leaf_count=88 31 32 20 22 21 69 129 196 24
internal_value=-0.00879533 0.0462758 0.0831642 -0.0155628 0.0236169 -0.0209775 -0.0430862 -0.00526247 0.0599682
internal_weight=135.269 14.8035 8.48964 120.466 14.6272 105.838 43.9739 61.8646 9.85071
internal_count=632 83 52 549 67 482 198 284 46
is_linear=0
shrinkage=0.1


Tree=10
num_leaves=11
num_cat=0
split_feature=2 3 8 6 6 2 9 4 9 1
split_gain=4.29698 3.24176 2.88614 2.50505 5.7306 4.72118 4.2017 3.90969 2.39024 1.50002
threshold=244.70846111210992 95.113675661098924 34.943157196044929 23.224609375000004 23.643132455646995 242.28803473418586 33.026515234813559 0.98002610196715534 34.290435043305116 244.77766856514714
decision_type=2 2 2 2 2 2 2 2 2 2
left_child=3 2 8 5 -5 6 -1 -6 -2 -4
right_child=1 -3 9 4 7 -7 -8 -9 -10 -11
leaf_value=-0.003258539658709138 0.046131351039066418 -0.054683292636710283 -0.044406184316955179 0.118372363616377 -0.078556286226003469 -0.10902141842214706 -0.056019348062694534 0.013591733039834823 0.14242461535560827 0.041463280749560877
leaf_weight=50.48173201084137 12.560442566871648 4.1674414724111548 4.6705122441053373 4.059100195765498 6.1931248456239727 6.3438345789909354 21.531951040029526 17.948271438479424 3.2434667125344268 3.6041730344295502
leaf_count=229 69 19 23 20 27 27 95 82 21 20
internal_value=-0.00792899 0.0267482 0.0408421 -0.0171211 0.00843689 -0.0263193 -0.0190339 -0.0100475 0.0658938 -0.00700435
internal_weight=134.804 28.246 24.0786 106.558 28.2005 78.3575 72.0137 24.1414 15.8039 8.27469
internal_count=632 152 133 480 129 351 324 109 90 43
is_linear=0
shrinkage=0.1


Tree=11
num_leaves=8
num_cat=0
split_feature=2 4 6 8 4 4 2
split_gain=3.61788 2.40705 1.9826 3.40803 6.65699 3.529 1.93337
threshold=252.07332966029921 1.2633978230732981 25.969687491812241 33.987060546875007 0.68725174665451061 0.64876350760459911 258.24233166092108
decision_type=2 2 2 2 2 2 2
left_child=2 -2 3 5 -5 -1 -3
right_child=1 6 -4 4 -6 -7 -8
leaf_value=0.089364084170278899 -0.00055989109031075841 0.13011435355023496 0.04138206501934466 -0.13603949138872803 -0.02227677363437126 -0.0073672235227572637 0.025591381169684176
leaf_weight=4.0086033791303626 7.1394757777452451 3.8145899102091789 6.3875234425067893 5.9071815907955161 39.799122929573059 63.772654473781586 3.3011346682906151
leaf_count=19 36 28 30 25 182 293 19
internal_value=-0.00716216 0.0404636 -0.0128257 -0.0158767 -0.0369797 -0.00164651 0.0816239
internal_weight=134.13 14.2552 119.875 113.488 45.7063 67.7813 7.11572
internal_count=632 83 549 519 207 312 47
is_linear=0
shrinkage=0.1


Tree=12
num_leaves=10
num_cat=0
split_feature=2 6 7 8 0 1 8 3 6
split_gain=3.09931 3.02178 2.54192 3.17497 2.24399 5.23616 4.8781 3.302 1.22484
threshold=244.70846111210992 23.757997528770961 22.916639370070964 34.103289329852146 255.83594325630915 242.86769374845582 39.021712671397843 96.282407990757477 23.148550104059307
decision_type=2 2 2 2 2 2 2 2 2
left_child=4 2 3 -2 5 6 -1 8 -6
right_child=1 -3 -4 -5 7 -7 -8 -9 -10
leaf_value=-0.018661388258452045 0.04460329917695946 -0.045559210494538677 0.098275219346944068 -0.056353355143665809 0.019440927970959674 -0.096581920279927999 0.083339064584202427 -0.046088898633367181 0.090158429869867801
leaf_weight=78.361703887581825 12.816180244088182 5.1674574464559546 5.5072879269719115 4.1153564974665633 4.8135866671800596 8.1411336511373502 4.9870295226573935 4.7612188011407843 4.9862836450338364
leaf_count=354 71 26 33 22 22 35 24 21 24
internal_value=-0.00646264 0.0233836 0.0392605 0.0200649 -0.014232 -0.0200351 -0.0125584 0.0222303 0.0554228
internal_weight=133.657 27.6063 22.4388 16.9315 106.051 91.4899 83.3487 14.5611 9.79987
internal_count=632 152 126 93 480 413 378 67 46
is_linear=0
shrinkage=0.1


Tree=13
num_leaves=10
num_cat=0
split_feature=2 4 2 9 6 1 8 3 2
split_gain=2.60681 2.02227 2.34937 1.74005 4.76413 4.81851 2.93007 4.24036 2.59309
threshold=252.07332966029921 1.2633978230732981 259.59956067376817 32.035869805275077 19.965824216487821 223.94823800756765 31.641429142455124 74.20667297141199 225.26368694846875
decision_type=2 2 2 2 2 2 2 2 2
left_child=3 -2 -3 6 -5 -6 8 -8 -1
right_child=1 2 -4 4 5 -7 7 -9 -10
leaf_value=-0.043709319195906537 -0.0018081205976783435 0.12692499463557444 0.0073934847218316046 -0.10929384482622889 -0.085176170567384094 -0.0026442586540810047 0.11533538058978068 -0.018233583615112427 0.010070940166368194
leaf_weight=13.555315285921095 7.1070872470736486 3.7711405530571938 2.9156071096658707 5.5911522060632697 8.094648063182829 56.107280761003494 5.1324855238199216 4.4267787635326385 26.477824673056602
leaf_count=60 36 30 17 24 36 260 25 20 124
internal_value=-0.00582785 0.0353316 0.0748059 -0.0105834 -0.0207601 -0.01305 0.00373856 0.0534812 -0.00813918
internal_weight=133.179 13.7938 6.68675 119.385 69.7931 64.2019 49.5924 9.55926 40.0331
internal_count=632 83 47 549 320 296 229 45 184
is_linear=0
shrinkage=0.1


Tree=14
num_leaves=8
num_cat=0
split_feature=2 5 4 4 5 7 8
split_gain=2.43008 2.54741 6.6508 4.48253 3.92118 3.73734 3.72952
threshold=261.40500021733391 1.7951874360006721 1.8207410856454922 1.5778775954770439 1.3669829920348475 20.14050822472058 27.766363329254094
decision_type=2 2 2 2 2 2 2
left_child=1 3 -3 4 -1 -5 -4
right_child=-2 2 6 5 -6 -7 -8
leaf_value=-0.016770780975437865 0.066244261981857691 0.16277893810606059 -0.089006829169231416 0.018525688644615911 0.035532144677223584 -0.078776710463054622 0.018558125788135076
leaf_weight=59.382516302168369 4.5885378047823897 2.8792877271771458 3.7956696301698711 5.1878128051757839 18.894805103540421 16.510060906410217 21.378650784492493
leaf_count=271 26 17 18 24 95 75 106
internal_value=-0.00525919 -0.00782187 0.0188067 -0.015294 -0.00414575 -0.0555124 0.00233997
internal_weight=132.617 128.029 28.0536 99.9752 78.2773 21.6979 25.1743
internal_count=632 606 141 465 366 99 124
is_linear=0
shrinkage=0.1


Tree=15
num_leaves=7
num_cat=0
split_feature=2 8 6 4 4 5
split_gain=2.01033 2.36985 6.45256 5.50047 5.03302 3.67685
threshold=261.40500021733391 33.987060546875007 20.640943353109819 0.61723514048102068 0.70102390258258473 1.8314014675477155
decision_type=2 2 2 2 2 2
left_child=1 3 -3 -1 -4 -5
right_child=-2 2 4 5 -6 -7
leaf_value=0.12331428285889721 0.061059332694389824 -0.12110474031460015 -0.090584426173689642 -0.014008068868811778 0.0020376830882228064 0.04135730496432196
leaf_weight=3.7168436944484702 4.4858792647719374 5.9429877698421469 6.8098130375146857 53.413730762898922 42.364930219948292 15.46875113993883
leaf_count=18 26 26 30 249 203 80
internal_value=-0.00473888 -0.00704994 -0.0226835 0.00481909 -0.0107888 -0.00157482
internal_weight=132.203 127.717 55.1177 72.5993 49.1747 68.8825
internal_count=632 606 259 347 233 329
is_linear=0
shrinkage=0.1


Tree=16
num_leaves=7
num_cat=0
split_feature=1 8 4 4 0 5
split_gain=1.82056 2.06199 4.4436 4.41593 5.78505 2.9418
threshold=248.82533741651835 33.987060546875007 0.61723514048102068 0.68725174665451061 231.45594674370508 1.8314014675477155
decision_type=2 2 2 2 2 2
left_child=1 2 -1 -3 -5 -4
right_child=-2 3 5 4 -6 -7
leaf_value=0.11117553411406922 0.058637068714609011 -0.095873582743938326 -0.012320276396870278 0.041399534321526106 -0.033887835196420892 0.037032503518599401
leaf_weight=3.7070802450180045 4.4431080818176261 6.9154694825410834 53.616128005087376 14.850475899875162 32.634931989014149 15.589685082435606
leaf_count=18 24 31 250 74 153 82
internal_value=-0.00428599 -0.00648193 0.00451081 -0.0212154 -0.0103426 -0.0012028
internal_weight=131.757 127.314 72.9129 54.4009 47.4854 69.2058
internal_count=632 608 350 258 227 332
is_linear=0
shrinkage=0.1


Tree=17
num_leaves=7
num_cat=0
split_feature=1 0 3 1 8 5
split_gain=1.71762 4.59997 3.89343 3.49013 2.88488 2.44707
threshold=225.48205166634224 225.47635091183014 64.312203752669689 227.04831456387672 27.419413481656388 1.8371259122172998
decision_type=2 2 2 2 2 2
left_child=1 2 -1 -2 -5 -6
right_child=3 -3 -4 4 5 -7
leaf_value=-0.045736308934479608 0.07073098913483411 -0.090514276530898385 0.051287680514634948 -0.066381586872109474 -0.0068699686609601631 0.033016873936240379
leaf_weight=8.3705139160156303 6.8354470878839484 7.9083787351846686 8.1755248159170133 6.7251635193824759 73.887933649122715 19.424696043133736
leaf_count=38 33 36 39 31 352 103
internal_value=-0.00387251 -0.0277804 0.00220399 0.00159802 -0.00312574 0.00143319
internal_weight=131.328 24.4544 16.546 106.873 100.038 93.3126
internal_count=632 113 77 519 486 455
is_linear=0
shrinkage=0.1


Tree=18
num_leaves=7
num_cat=0
split_feature=1 1 3 3 2 6
split_gain=1.57266 2.88816 2.80434 8.66038 2.35423 2.26473
threshold=247.80145166303149 246.57080542411714 47.153105068571918 49.48262866190499 230.03186022599655 21.708617564290766
decision_type=2 2 2 2 2 2
left_child=1 2 4 -4 -1 -2
right_child=5 -3 3 -5 -6 -7
leaf_value=0.0045328442025779634 -0.014051957502922341 -0.080214106804264315 0.12684740563424507 -0.0030819092238504766 -0.060115037527012839 0.086265728118480545
leaf_weight=9.4056738913059252 4.4367362856864911 5.0902676805853835 5.4477524161338797 87.970012232661247 14.043720178306101 4.5667811632156372
leaf_count=43 22 24 27 424 66 26
internal_value=-0.00350017 -0.00647765 -0.00326599 0.00449505 -0.0341844 0.0368314
internal_weight=130.961 121.957 116.867 93.4178 23.4494 9.00352
internal_count=632 584 560 451 109 48
is_linear=0
shrinkage=0.1


Tree=19
num_leaves=7
num_cat=0
split_feature=2 3 3 8 5 5
split_gain=1.49855 1.90273 2.89321 1.59675 1.83073 1.86957
threshold=252.07332966029921 93.005951449847643 58.033054753411953 40.332261505769573 0.67215363511659831 1.2394386392842922
decision_type=2 2 2 2 2 2
left_child=3 2 -2 4 -1 -6
right_child=1 -3 -4 -5 5 -7
leaf_value=-0.068180666557085476 -0.0045485443734864925 -0.043444440370010107 0.10145088263028022 0.051025333817067565 0.013549651867991784 -0.015045595978014865
leaf_weight=5.0096073746681204 5.1095326095819456 2.850610986351966 5.1910232231020927 4.5991847962141028 32.867558851838112 75.122539669275284
leaf_count=23 33 14 36 22 153 351
internal_value=-0.00315299 0.0288605 0.0488705 -0.00673308 -0.0090839 -0.00634243
internal_weight=130.75 13.1512 10.3006 117.599 113 107.99
internal_count=632 83 69 549 527 504
is_linear=0
shrinkage=0.1


Tree=20
num_leaves=8
num_cat=0
split_feature=1 0 1 0 9 6 1
split_gain=1.42587 3.9918 2.77759 3.0549 2.60875 1.98901 1.17322
threshold=225.48205166634224 218.17640686035159 227.04831456387672 208.8787511115101 31.894704731203678 19.828674316406254 222.84830671885683
decision_type=2 2 2 2 2 2 2
left_child=1 4 -2 -4 -1 -5 -3
right_child=2 6 3 5 -6 -7 -8
leaf_value=0.075212596208935709 0.063912720934974271 -0.029174308506353538 -0.14383110101870189 -0.027757772792871879 -0.026236112963879413 0.0073810788520818557 -0.086981818898348953
leaf_weight=4.9315977990627307 6.8154298067092887 6.7541518211364728 1.4974118098616589 20.326823025941849 5.2154330909252167 77.627762906253338 7.3112092316150665
leaf_count=24 33 32 7 95 24 384 33
internal_value=-0.0028352 -0.0247354 0.00215464 -0.00207764 0.0230694 8.932e-05 -0.0592228
internal_weight=130.48 24.2124 106.267 99.452 10.147 97.9546 14.0654
internal_count=632 113 519 486 48 479 65
is_linear=0
shrinkage=0.1


Tree=21
num_leaves=8
num_cat=0
split_feature=8 6 4 0 0 5 8
split_gain=1.45393 5.55381 4.53487 3.9041 4.40466 2.61003 2.53981
threshold=33.987060546875007 20.640943353109819 0.61723514048102068 259.50101871353553 231.45594674370508 0.94388886820601359 29.208956156886423
decision_type=2 2 2 2 2 2 2
left_child=2 -2 -1 4 -3 -4 -7
right_child=1 3 5 -5 -6 6 -8
leaf_value=0.10955577258691368 -0.10855640283504014 0.031634214545230362 -0.065824524875549836 0.086363888299637537 -0.034389726744073833 -0.023268271923151798 0.019525624979006138
leaf_weight=4.0456185489892951 5.6704827696084967 15.033376544713972 5.4445620775222769 4.3521153330802909 30.81809725612402 20.098473206162453 44.743609741330147
leaf_count=20 26 76 24 21 148 95 222
internal_value=-0.0025585 -0.0147467 0.00660313 -0.00415092 -0.0127424 0.000677291 0.00626121
internal_weight=130.206 55.8741 74.3323 50.2036 45.8515 70.2866 64.8421
internal_count=632 271 361 245 224 341 317
is_linear=0
shrinkage=0.1


Tree=22
num_leaves=5
num_cat=0
split_feature=5 4 4 7
split_gain=1.39778 1.83707 3.08611 1.93462
threshold=0.53743534051018316 0.56707717871353236 0.68077348304661733 21.008389824618266
decision_type=2 2 2 2
left_child=-1 -2 -3 -4
right_child=1 2 3 -5
leaf_value=-0.075917832232703888 0.057052484501371271 -0.089760449877776358 -0.015265993066593323 0.010624904600159786
leaf_weight=2.5299344658851615 5.2527442872524253 3.9973042756319037 50.325256764888763 67.663822308182716
leaf_count=12 26 18 236 340
internal_value=-0.00231587 -0.000852419 -0.00334581 -0.000418203
internal_weight=129.769 127.239 121.986 117.989
internal_count=632 620 594 576
is_linear=0
shrinkage=0.1


Tree=23
num_leaves=9
num_cat=0
split_feature=8 6 4 0 0 2 2 2
split_gain=1.28709 4.57304 3.55685 3.20442 3.5482 2.42039 4.84712 3.85362
threshold=33.987060546875007 20.640943353109819 0.61723514048102068 259.50101871353553 231.45594674370508 235.28682051307553 229.37897703426066 239.04300176839294
decision_type=2 2 2 2 2 2 2 2
left_child=2 -2 -1 4 -3 6 -4 -7
right_child=1 3 5 -5 -6 7 -8 -9
leaf_value=0.098659178543695047 -0.10023176141240486 0.028026750949490344 0.0030578862186593594 0.078133219389195763 -0.031359405425614904 0.083165136072538948 -0.083957967409656858 0.0022065019813827576
leaf_weight=3.9665438383817664 5.4913041889667502 14.968319602310656 29.026800960302353 4.3290002346038809 30.687334857881069 7.6698405742645255 8.2128309458494169 25.188470415771008
leaf_count=20 26 76 134 21 148 37 36 134
internal_value=-0.00209187 -0.0136093 0.00653492 -0.00409295 -0.0118895 0.001322 -0.0161326 0.021104
internal_weight=129.54 55.476 74.0645 49.9847 45.6557 70.0979 37.2396 32.8583
internal_count=632 271 361 245 224 341 170 171
is_linear=0
shrinkage=0.1


Tree=24
num_leaves=13
num_cat=0
split_feature=5 5 2 2 2 2 8 7 7 9 4 8
split_gain=1.28257 6.28111 3.49344 3.17602 3.3883 6.07289 4.531 2.34 4.61108 3.82374 1.53991 0.897462
threshold=1.7063634200142952 1.6054442937152247 234.96881609543613 243.68227765207263 229.7352680570848 235.28682051307553 31.303884029388431 22.426183229195363 21.928192862779184 33.29157073190256 2.2579469445627187 34.626916853711016
decision_type=2 2 2 2 2 2 2 2 2 2 2 2
left_child=1 7 -3 4 6 -6 -2 8 -1 -9 11 -5
right_child=3 2 -4 10 5 -7 -8 9 -10 -11 -12 -13
leaf_value=0.0041413943872563612 -0.029889590526622198 -0.14120722878077582 -0.030330881623610334 0.12031734917467599 -0.12684686718331664 0.0103743430021638 0.10504131347311368 -0.10900019386171247 0.10043349329417091 -0.0061233899750473345 0.0071542543007785536 0.046439134021762266
leaf_weight=48.609353974461555 4.8178891986608523 4.8721954673528654 6.8185634836554527 3.908141724765299 4.8729909956455222 9.5375854074954969 5.147797554731369 4.240098491311076 5.5397822856903067 24.423540949821472 3.4568948596715927 2.8386348262429237
leaf_count=231 22 21 33 27 21 45 26 19 29 119 22 17
internal_value=-0.00189425 -0.00792392 -0.0765393 0.0145842 -0.00502336 -0.0360275 0.0398093 0.00176258 0.0139927 -0.0213415 0.0614262 0.0892339
internal_weight=129.083 94.5035 11.6908 34.5799 24.3763 14.4106 9.96569 82.8128 54.1491 28.6636 10.2037 6.74678
internal_count=632 452 54 180 114 66 48 398 260 138 66 44
is_linear=0
shrinkage=0.1


Tree=25
num_leaves=8
num_cat=0
split_feature=3 0 0 9 3 1 3
split_gain=1.38721 2.51516 3.28874 5.99505 2.64167 2.84146 2.13883
threshold=112.53906345804673 253.26715764522183 244.39608049587008 32.462503845622386 67.278368138183723 243.37752284400398 47.153105068571918
decision_type=2 2 2 2 2 2 2
left_child=1 2 6 -4 -3 -6 -1
right_child=-2 4 3 -5 5 -7 -8
leaf_value=-0.025123147269595247 -0.052214230058947077 0.10188673137716625 0.033700016145968362 -0.083075104611335257 0.060582630009864913 -0.047402707597945765 0.011707618361317703
leaf_weight=20.430745087563992 5.2184632569551459 4.6319126337766638 6.7647398933768299 12.557137712836264 5.2257286757230741 4.565774068236351 69.075937792658806
leaf_count=98 24 23 33 59 25 21 349
internal_value=-0.0017138 0.000424376 -0.00477617 -0.0421912 0.0396639 0.0102291 0.00330065
internal_weight=128.47 123.252 108.829 19.3219 14.4234 9.7915 89.5067
internal_count=632 608 539 92 69 46 447
is_linear=0
shrinkage=0.1


Tree=26
num_leaves=7
num_cat=0
split_feature=1 5 9 3 5 4
split_gain=1.1692 1.38689 3.66675 2.56851 3.37805 2.40318
threshold=248.82533741651835 0.94388886820601359 33.909187236174482 34.38537107565552 1.2394386392842922 0.61723514048102068
decision_type=2 2 2 2 2 2
left_child=1 2 5 -3 -5 -1
right_child=-2 3 -4 4 -6 -7
leaf_value=0.067924850895654171 0.05005230017875853 -0.057044081885035652 -0.082822987967508185 0.039248999665974893 -0.0048240815644892748 -0.029018383051309118
leaf_weight=4.1683234423398989 4.2454488277435294 7.0934449806809416 7.4358807802200309 22.549026310443878 76.023447290062904 6.6155272573232651
leaf_count=21 24 33 35 108 380 31
internal_value=-0.00154968 -0.00331803 -0.0287985 0.00107551 0.00525789 0.00845346
internal_weight=128.131 123.886 18.2197 105.666 98.5725 10.7839
internal_count=632 608 87 521 488 52
is_linear=0
shrinkage=0.1


Tree=27
num_leaves=10
num_cat=0
split_feature=5 5 8 8 3 1 9 9 3
split_gain=1.18256 5.37 2.98353 2.8865 2.8339 2.23268 2.03495 3.55373 1.46944
threshold=1.7063634200142952 1.6375177922161586 28.99336411451911 34.150861876160214 64.641835791052742 239.4997921040264 28.692992546040355 29.741527664790087 79.643412609214522
decision_type=2 2 2 2 2 2 2 2 2
left_child=1 6 -2 5 -5 -4 8 -8 -1
right_child=2 -3 3 4 -6 -7 7 -9 -10
leaf_value=0.083041623909244661 -0.046819952081222672 -0.087279604522938536 0.026108020118203512 0.03684213088317808 -0.055177236125945099 0.10662957997239803 -0.094163867106743612 -0.00013193386213047748 0.0024913175734495086
leaf_weight=4.7611400932073575 6.424212470650672 7.6870939880609503 8.0449916943907755 7.5228182747960073 6.0289554595947266 6.0204905420541754 4.2541563063859931 72.754046261310577 4.319318100810051
leaf_count=23 32 36 40 40 30 38 19 354 20
internal_value=-0.0014025 -0.0071978 0.0145621 0.0288405 -0.00409573 0.0605739 -4.70786e-05 -0.00532653 0.0447261
internal_weight=127.817 93.7758 34.0415 27.6173 13.5518 14.0655 86.0887 77.0082 9.08046
internal_count=632 452 180 148 70 78 416 373 43
is_linear=0
shrinkage=0.1


Tree=28
num_leaves=5
num_cat=0
split_feature=3 0 2 7
split_gain=1.12095 2.14114 2.05781 1.87714
threshold=112.53906345804673 262.15019261837011 182.67960659819406 16.808424917526256
decision_type=2 2 2 2
left_child=1 2 -1 -4
right_child=-2 -3 3 -5
leaf_value=0.18447871180918538 -0.046974333676576795 0.065791159696265422 0.10391863065558411 -0.0044644001359285734
leaf_weight=0.58864378929138084 5.1477022618055335 4.8476804643869391 1.62043897807598 115.35430850833654
leaf_count=3 24 24 8 573
internal_value=-0.0012612 0.000661156 -0.00202445 -0.00296298
internal_weight=127.559 122.411 117.563 116.975
internal_count=632 608 584 581
is_linear=0
shrinkage=0.1


Tree=29
num_leaves=5
num_cat=0
split_feature=5 0 0 1
split_gain=1.06521 1.32891 1.54876 1.58031
threshold=0.53743534051018316 203.22084567271995 209.77345948414856 224.74277671463065
decision_type=2 2 2 2
left_child=-1 -2 -3 -4
right_child=1 2 3 -5
leaf_value=-0.067176356917466082 -0.077579395629803233 0.058355577025001687 -0.029471301872319923 0.0039270256371650393
leaf_weight=2.3964119702577582 2.1625787317752829 4.6110038533806792 16.456542193889618 101.85443592071533
leaf_count=12 10 24 78 508
internal_value=-0.00113497 0.000130276 0.00149743 -0.000718536
internal_weight=127.481 125.085 122.922 118.311
internal_count=632 620 610 586
is_linear=0
shrinkage=0.1


Tree=30
num_leaves=6
num_cat=0
split_feature=6 6 6 4 2
split_gain=0.979849 2.00977 2.06392 3.84864 2.05633
threshold=25.969687491812241 24.736329823145876 23.192376136779789 0.98830396935152653 244.70846111210992
decision_type=2 2 2 2 2
left_child=1 2 4 -4 -1
right_child=-2 -3 3 -5 -6
leaf_value=-0.013178321120186319 0.036129647435663735 -0.050887351456666001 -0.048025638371744783 0.056371066559078233 0.023741282503298239
leaf_weight=74.556628793478012 6.7236757576465598 8.2005908489227277 4.695144951343539 14.245693281292914 18.913121178746223
leaf_count=350 33 38 23 73 115
internal_value=-0.00102355 -0.00309472 0.000391851 0.0304927 -0.00570783
internal_weight=127.335 120.611 112.411 18.9408 93.4697
internal_count=632 599 561 96 465
is_linear=0
shrinkage=0.1


Tree=31
num_leaves=5
num_cat=0
split_feature=3 0 1 1
split_gain=0.888326 1.69237 1.76226 2.58495
threshold=112.53906345804673 261.39106857258884 220.44189140270421 220.88494283920025
decision_type=2 2 2 2
left_child=1 2 -1 -4
right_child=-2 -3 3 -5
leaf_value=0.10486648110084584 -0.041813251250337941 0.053487592260282872 -0.11342843509260432 -0.0012211829638985624
leaf_weight=1.5271310657262791 5.0994676351547232 5.8035451769828788 2.091295674443244 112.41668421030045
leaf_count=8 24 29 9 562
internal_value=-0.000922942 0.000788492 -0.00184728 -0.00327046
internal_weight=126.938 121.839 116.035 114.508
internal_count=632 608 579 571
is_linear=0
shrinkage=0.1


Tree=32
num_leaves=10
num_cat=0
split_feature=0 6 9 2 1 8 2 7 5
split_gain=0.886644 3.50051 6.23255 4.43651 3.61558 2.38512 3.07241 6.0602 4.60276
threshold=242.02956226793137 19.786054744739037 32.194386696731478 215.49288380810074 239.4997921040264 39.021712671397843 224.31238012692401 19.51835514208442 1.0261945244178174
decision_type=2 2 2 2 2 2 2 2 2
left_child=5 -2 4 -4 -3 6 7 -1 -8
right_child=1 2 3 -5 -6 -7 8 -9 -10
leaf_value=0.06260808918100165 -0.074889419395979401 0.00095602927245551589 0.061276852413342991 -0.044478830234382871 0.12464881842450684 0.075334057409544741 -0.046131924271561847 -0.075735686882150016 0.023788550699877856
leaf_weight=4.3514591306447974 7.4369735568761817 4.2594117075204831 4.876409292221072 21.264327771961689 5.3080878928303719 4.5801224783062926 11.516443610191343 11.627018094062803 51.58980206400156
leaf_count=21 34 20 24 103 28 24 55 54 269
internal_value=-0.000830901 -0.0124749 0.000524181 -0.0247507 0.0695813 0.00517382 0.00111055 -0.0380602 0.0110286
internal_weight=126.81 43.1452 35.7082 26.1407 9.5675 83.6648 79.0847 15.9785 63.1062
internal_count=632 209 175 127 48 423 399 75 324
is_linear=0
shrinkage=0.1


Tree=33
num_leaves=9
num_cat=0
split_feature=1 1 7 6 7 1 9 6
split_gain=0.849436 1.12129 3.47003 5.26587 2.88089 2.76376 1.46587 1.45356
threshold=248.82533741651835 244.00648584717382 22.506160670946084 20.628055218022293 24.132220897196948 238.3161181631742 36.674908143087755 23.643132455646995
decision_type=2 2 2 2 2 2 2 2
left_child=1 4 3 -3 6 -6 -1 -4
right_child=-2 2 7 -5 5 -7 -8 -9
leaf_value=0.00046066138754174643 0.043914436827576703 -0.05538745992926674 -0.019041471487061829 0.10312515048011427 0.0072334391673667276 0.1176611704930962 -0.043055530788568448 -0.09731483882849977
leaf_weight=86.207769520580769 4.1182809472084037 4.2869990170002001 4.0006997436285001 4.1002175509929657 5.2308666780590993 3.9992340207099915 8.5046324506401998 5.8294860348105431
leaf_count=424 24 21 22 25 26 21 41 28
internal_value=-0.000754685 -0.00226058 -0.0251455 0.0221038 0.00175032 0.0550798 -0.00344684 -0.0654591
internal_weight=126.278 122.16 18.2174 8.38722 103.943 9.2301 94.7124 9.83019
internal_count=632 608 96 46 512 47 465 50
is_linear=0
shrinkage=0.1


Tree=34
num_leaves=5
num_cat=0
split_feature=7 6 6 6
split_gain=0.821206 2.41402 1.92054 2.37932
threshold=16.808424917526256 17.019920330494646 17.714076090730668 18.512693081475415
decision_type=2 2 2 2
left_child=-1 -2 -3 -4
right_child=1 2 3 -5
leaf_value=0.065617524941479766 -0.074262943308529492 0.074129060012823308 -0.061055699463707175 0.0022441120883847612
leaf_weight=1.8413567095994938 4.4164458364248267 3.4885513037443152 6.2769958823919287 109.98530593514442
leaf_count=9 20 17 30 556
internal_value=-0.000674374 -0.00165746 0.00102025 -0.00117344
internal_weight=126.009 124.167 119.751 116.262
internal_count=632 623 603 586
is_linear=0
shrinkage=0.1


Tree=35
num_leaves=5
num_cat=0
split_feature=5 4 0 0
split_gain=0.809071 1.12196 0.935789 2.01713
threshold=0.53743534051018316 0.46569824218750006 203.22084567271995 212.20932493804676
decision_type=2 2 2 2
left_child=-1 -2 -3 -4
right_child=1 2 3 -5
leaf_value=-0.059471638596220358 0.066483167584212285 -0.066037050117715559 0.054680430197048102 -0.0028229764818129975
leaf_weight=2.2925791293382636 2.523072898387908 2.1656108498573294 6.4498224109411231 112.551180139184
leaf_count=12 13 10 34 563
internal_value=-0.000608517 0.000482506 -0.000891837 0.000293693
internal_weight=125.982 123.69 121.167 119.001
internal_count=632 620 607 597
is_linear=0
shrinkage=0.1


Tree=36
num_leaves=10
num_cat=0
split_feature=5 5 8 2 2 7 3 2 6
split_gain=0.786972 4.5136 2.49599 2.15498 7.04715 2.92895 1.68822 4.91066 2.52935
threshold=1.7063634200142952 1.6375177922161586 27.766363329254094 234.96881609543613 227.84123478538109 20.253374169498578 70.509484512629271 214.94882695160075 21.210657818146132
decision_type=2 2 2 2 2 2 2 2 2
left_child=1 6 -2 4 -4 -5 7 -1 -8
right_child=2 -3 3 5 -6 -7 8 -9 -10
leaf_value=0.11031317004326829 -0.055298709078605936 -0.07949876564786082 0.054215723212181349 0.13786857165907757 -0.10949405141413032 0.027343098868554096 0.011689092909314837 0.0029066492387211634 -0.042900092762932635
leaf_weight=4.6881905347108832 4.6594745591282836 7.5311003327369681 6.5693936645984667 2.8551082760095623 4.38428995013237 14.964546449482439 16.737778887152672 46.25593226402998 17.220352947711945
leaf_count=23 23 36 33 15 20 89 82 228 83
internal_value=-0.000547764 -0.00530328 0.0126 0.0235954 -0.0113103 0.0450518 0.0012781 0.0127909 -0.0159934
internal_weight=125.866 92.4334 33.4328 28.7733 10.9537 17.8197 84.9023 50.9441 33.9581
internal_count=632 452 180 157 53 104 416 251 165
is_linear=0
shrinkage=0.1


Tree=37
num_leaves=5
num_cat=0
split_feature=6 6 5 6
split_gain=0.802808 1.48474 2.70643 2.04795
threshold=25.969687491812241 24.736329823145876 0.53743534051018316 23.192376136779789
decision_type=2 2 2 2
left_child=1 2 -1 -4
right_child=-2 -3 3 -5
leaf_value=-0.11849474978687391 0.033288988938647721 -0.043849625514664217 -0.0034231144328738376 0.033521611469498863
leaf_weight=1.8752818405628193 6.6582278758287421 8.0540846288204175 90.999079298228025 17.966636173427105
leaf_count=10 33 38 459 92
internal_value=-0.000501489 -0.00239379 0.000618537 0.00266846
internal_weight=125.553 118.895 110.841 108.966
internal_count=632 599 561 551
is_linear=0
shrinkage=0.1


Tree=38
num_leaves=8
num_cat=0
split_feature=8 6 1 1 4 9 1
split_gain=0.772197 3.68865 3.55954 3.49061 2.62173 1.9532 1.75085
threshold=33.987060546875007 20.640943353109819 222.21423757224164 233.99226962744186 0.61723514048102068 34.036064277983151 222.44574061019281
decision_type=2 2 2 2 2 2 2
left_child=4 -2 -3 -4 -1 6 -6
right_child=1 2 3 -5 5 -7 -8
leaf_value=0.087229660052291338 -0.089874224593570473 -0.10892205495541772 0.046660104378549429 -0.013056253019049746 0.046714305298930101 0.068899346957059335 -0.0079991316311097214
leaf_weight=3.7910444587469092 5.1676443964242926 2.8713694363832465 14.341567642986773 30.832068726420403 6.5073045492172232 4.0788516327738753 57.788546834141016
leaf_count=20 26 14 72 159 32 25 284
internal_value=-0.000455565 -0.00959482 -0.000960094 0.00590229 0.00628342 0.00179535 -0.00246165
internal_weight=125.378 53.2127 48.045 45.1736 72.1657 68.3747 64.2959
internal_count=632 271 245 231 361 341 316
is_linear=0
shrinkage=0.1


Tree=39
num_leaves=11
num_cat=0
split_feature=2 2 3 0 4 5 0 8 0 7
split_gain=0.792541 4.30159 5.5806 3.61451 2.12617 4.00452 3.66346 3.2052 3.72159 3.66244
threshold=223.89975808847453 222.26977525020189 57.346891077143432 249.77206416800621 1.0028398157457581 1.1082704631976665 241.81701501934575 33.905216669198133 235.00031471252444 23.386917420554813
decision_type=2 2 2 2 2 2 2 2 2 2
left_child=1 2 -1 -4 7 -6 -7 8 -2 -9
right_child=4 -3 3 -5 5 6 -8 9 -10 -11
leaf_value=0.086157062436637566 -0.025676913755212777 -0.096151428737077271 -0.06278144122257949 0.019383309207244952 0.12685515139298867 0.023229585082660389 -0.029074107816618525 -0.12087596531801335 0.088697349815246074 -0.0061718350150425927
leaf_weight=6.1426603049039867 8.4143896996974963 5.3112833946943274 10.778135702013971 10.63877412676811 2.971601888537406 46.468060318380594 18.813059747219086 5.2826316654682142 4.2981534004211417 5.8843298554420471
leaf_count=31 40 24 51 52 15 248 94 26 22 29
internal_value=-0.000417297 -0.0137479 0.00213288 -0.0219664 0.00433879 0.0133244 0.00815643 -0.0213439 0.0129934 -0.0604337
internal_weight=125.003 32.8709 27.5596 21.4169 92.1322 68.2527 65.2811 23.8795 12.7125 11.167
internal_count=632 158 134 103 474 357 342 117 62 55
is_linear=0
shrinkage=0.1


Tree=40
num_leaves=9
num_cat=0
split_feature=6 7 0 4 1 5 1 5
split_gain=0.733936 3.98178 2.6511 2.63215 2.45144 2.39868 1.90974 1.90355
threshold=19.828674316406254 19.87363955695352 240.96492247650167 1.3328846874811191 247.80145166303149 1.6189855885649671 223.94823800756765 1.0740601826215415
decision_type=2 2 2 2 2 2 2 2
left_child=2 -2 3 7 6 -5 -3 -1
right_child=1 4 -4 5 -6 -7 -8 -9
leaf_value=0.019555327908095353 0.10917622585549246 -0.046517100833928841 -0.06404343854129739 0.091089032850727378 0.060041972010380619 0.00084308806566051682 0.00095681994709402834 -0.062836572087966655
leaf_weight=4.570598632097246 3.4736668318510047 9.5909788161516172 7.8221744373440734 4.7176195085048658 6.3222595006227484 7.839328907430172 72.726735278964043 7.2553471773862839
leaf_count=22 18 48 37 23 39 40 371 34
internal_value=-0.000393048 0.00415014 -0.0133876 0.00286312 3.43275e-05 0.0347483 -0.00457445 -0.030993
internal_weight=124.319 92.1136 32.2051 24.3829 88.64 12.5569 82.3177 11.8259
internal_count=632 476 156 119 458 63 419 56
is_linear=0
shrinkage=0.1


Tree=41
num_leaves=9
num_cat=0
split_feature=5 5 9 2 2 9 9 7
split_gain=0.695216 3.85508 2.15349 2.22323 10.3022 1.45558 3.00105 1.15556
threshold=1.7063634200142952 1.6375177922161586 28.990863520127363 230.03186022599655 234.96881609543613 28.692992546040355 29.741527664790087 18.026655632171806
decision_type=2 2 2 2 2 2 2 2
left_child=1 5 -2 -4 -5 7 -7 -1
right_child=2 -3 3 4 -6 6 -8 -9
leaf_value=0.0061311505754427812 -0.046388946396993716 -0.073859111804865901 0.074834180750131152 -0.15619834325129006 0.037369181669749597 -0.085621688688659436 0.0015744295769986691 0.077928865652566529
leaf_weight=4.864600718021391 5.2818611189723006 7.4354389905929557 6.4241710901260403 3.2478953301906612 17.921007961034775 4.1811973750591269 70.50290734320879 4.1574748903512955
leaf_count=23 26 36 33 15 106 19 354 20
internal_value=-0.000356857 -0.00485356 0.0121097 0.0233075 0.00767057 0.00127605 -0.00330725 0.0392164
internal_weight=124.017 91.1416 32.8749 27.5931 21.1689 83.7062 74.6841 9.02208
internal_count=632 452 180 154 121 416 373 43
is_linear=0
shrinkage=0.1


Tree=42
num_leaves=9
num_cat=0
split_feature=2 4 0 1 2 7 8 9
split_gain=0.708303 3.94729 2.59563 3.2005 2.33688 1.94404 2.56707 3.61322
threshold=223.89975808847453 1.1777595150123552 250.61196591024057 222.61524914239251 214.94882695160075 17.576817558299048 27.419413481656388 31.58032309674104
decision_type=2 2 2 2 2 2 2 2
left_child=1 4 3 -3 -1 -2 -7 -8
right_child=5 2 -4 -5 -6 6 7 -9
leaf_value=0.075215974997810034 0.086509572518779762 0.0081561759879682921 0.0066206680044808303 -0.10050299243265617 -0.012406812611923321 -0.061654151101551681 0.046034074405014488 -0.0048286928304977885
leaf_weight=6.1731652915477735 2.7811832278966895 3.8985935002565411 7.5239857137203208 8.8966366201639158 6.0039898753166199 5.9817692041397086 17.831381499767303 64.441950175911188
leaf_count=31 14 20 37 41 29 29 91 340
internal_value=-0.000333661 -0.0130075 -0.0399881 -0.0673955 0.0320132 0.0041904 0.00159628 0.00619497
internal_weight=123.533 32.4964 20.3192 12.7952 12.1772 91.0363 88.2551 82.2733
internal_count=632 158 98 61 60 474 460 431
is_linear=0
shrinkage=0.1


Tree=43
num_leaves=5
num_cat=0
split_feature=3 2 1 1
split_gain=0.808084 1.54528 1.4903 2.02927
threshold=114.58719812959573 182.67960659819406 220.44189140270421 220.88494283920025
decision_type=2 2 2 2
left_child=1 -1 -3 -4
right_child=-2 2 3 -5
leaf_value=0.16635378720757707 -0.042572811702262424 0.10040445415716569 -0.10016361030630663 0.00094338581077067904
leaf_weight=0.56414289772510429 4.3636833876371375 1.4732452929019917 2.0200093239545813 114.80711348354816
leaf_count=3 21 8 9 591
internal_value=-0.000308619 0.00124296 0.000455589 -0.000804813
internal_weight=123.228 118.865 118.3 116.827
internal_count=632 611 608 600
is_linear=0
shrinkage=0.1


Tree=44
num_leaves=8
num_cat=0
split_feature=3 0 9 0 9 2 3
split_gain=0.658788 1.45938 2.24801 2.21002 3.99377 1.82105 1.46416
threshold=114.58719812959573 253.26715764522183 36.060197728075735 244.39608049587008 32.462503845622386 226.93532885093927 47.153105068571918
decision_type=2 2 2 2 2 2 2
left_child=1 3 5 6 -5 -3 -1
right_child=-2 2 -4 4 -6 -7 -8
leaf_value=-0.020215119359883248 -0.038553168284364767 0.045442718694780365 0.095973203457619616 0.028391967984077879 -0.06931957692986461 -0.041604983386837671 0.010796043476310108
leaf_weight=19.681332446634769 4.3381678760051718 5.3233471512794477 3.9076108485460272 6.497633263468745 11.742791742086409 4.3812914490699768 67.23745945841074
leaf_count=98 21 27 20 33 59 22 352
internal_value=-0.000276884 0.00112117 0.0319308 -0.00286695 -0.0345126 0.00614385 0.00377408
internal_weight=123.11 118.771 13.6122 105.159 18.2404 9.70464 86.9188
internal_count=632 611 69 542 92 49 450
is_linear=0
shrinkage=0.1


Tree=45
num_leaves=9
num_cat=0
split_feature=5 5 5 5 4 5 0 5
split_gain=0.657307 3.0608 2.2546 1.81433 3.22692 1.28988 4.92296 3.82691
threshold=1.7063634200142952 1.6375177922161586 1.755488410017074 1.8074011721437657 1.8505981018738742 1.3812315421002828 242.02956226793137 1.2855272778746849
decision_type=2 2 2 2 2 2 2 2
left_child=1 5 -2 -4 -5 7 -7 -1
right_child=2 -3 3 4 -6 6 -8 -9
leaf_value=0.0041769588228803747 0.097507006461020285 -0.066741176111833223 -0.066545066752093873 0.10247522416985455 -0.0011114994149958462 0.050544454151243069 -0.045562604280889707 -0.064453919630724429
leaf_weight=48.79333820194006 2.8145013228058806 7.29319043457508 3.2584630623459843 3.4651113376021412 22.763068720698357 16.791091307997707 7.8084319233894339 9.7478972524404508
leaf_count=243 15 36 18 23 124 88 38 47
internal_value=-0.000251995 -0.00462564 0.0119929 0.00383063 0.0125738 0.000823202 0.020038 -0.007251
internal_weight=122.735 90.4339 32.3011 29.4866 26.2282 83.1408 24.5995 58.5412
internal_count=632 452 180 165 147 416 126 290
is_linear=0
shrinkage=0.1


Tree=46
num_leaves=5
num_cat=0
split_feature=1 1 1 1
split_gain=0.67196 1.34112 1.42771 3.10371
threshold=248.12430586150069 246.57080542411714 245.42697860391482 244.00648584717382
decision_type=2 2 2 2
left_child=1 2 3 -1
right_child=-2 -3 -4 -5
leaf_value=0.0017938431804147715 0.030742540544786187 -0.047468433352866019 0.057152429639328012 -0.084865703075040377
leaf_weight=101.06270472332835 6.6279332637786856 6.1421007663011542 4.2822716310620299 4.3090534657239905
leaf_count=512 39 33 24 24
internal_value=-0.000224256 -0.00199673 0.000550295 -0.00175
internal_weight=122.424 115.796 109.654 105.372
internal_count=632 593 560 536
is_linear=0
shrinkage=0.1


Tree=47
num_leaves=11
num_cat=0
split_feature=2 2 3 0 2 2 1 4 3 0
split_gain=0.659272 3.29904 4.85917 2.68757 1.87723 2.10464 2.654 2.1143 1.58498 1.27739
threshold=223.89975808847453 222.41005996311745 57.346891077143432 249.77206416800621 228.99577293591727 232.9496929182977 226.88203637993414 1.5708010012701255 55.243342781815649 235.12675903210592
decision_type=2 2 2 2 2 2 2 2 2 2
left_child=1 2 -1 -4 8 7 -7 -6 -2 -10
right_child=4 -3 3 -5 5 6 -8 -9 9 -11
leaf_value=0.075673925199654546 -0.0016103038418078062 -0.092185451622634862 -0.058148084456690313 0.013223690991620719 -0.0077939030272702828 0.061522090619041875 -0.0024915860191713594 -0.10000130979493378 0.1056038042286279 0.026452266981944791
leaf_weight=6.5437995791435268 5.9344438463449469 4.4724687486886969 10.699791058897974 10.408354766666887 6.3884543031454069 7.284893959760665 58.38097632303834 4.0717256218194962 4.1078543961048108 4.0483303517103195
leaf_count=33 28 21 52 52 31 38 316 20 21 20
internal_value=-0.00020066 -0.0125025 0.000385489 -0.0229549 0.0041798 -0.00202622 0.00461002 -0.0436865 0.0377085 0.0663169
internal_weight=122.341 32.1244 27.6519 21.1081 90.2167 76.1261 65.6659 10.4602 14.0906 8.15618
internal_count=632 158 137 104 474 405 354 51 69 41
is_linear=0
shrinkage=0.1


Tree=48
num_leaves=9
num_cat=0
split_feature=6 7 6 7 1 0 1 4
split_gain=0.649845 3.44511 2.45583 2.53012 2.23717 2.23395 2.17055 1.328
threshold=19.828674316406254 19.51835514208442 19.41185788272897 19.947199983884683 223.94823800756765 222.71261405944827 226.88203637993414 1.3147432077155028
decision_type=2 2 2 2 2 2 2 2
left_child=2 -2 3 7 5 -3 -6 -1
right_child=1 4 -4 -5 6 -7 -8 -9
leaf_value=-0.042912966086630894 0.14219948756598286 2.8285144485030186e-05 -0.072197670201850472 0.077322960406701696 0.060974229246518068 -0.097659953791734491 0.0017778452977938724 0.0072984050622327884
leaf_weight=8.6216500252485364 1.7714920341968525 5.1148363053798658 5.6635701507329932 3.6779298633337012 6.7735766619443885 4.3164586201310158 72.406021673232317 13.538870349526404
leaf_count=40 9 26 28 21 36 23 382 67
internal_value=-0.000192243 0.00411856 -0.0125604 0.000511641 0.00135807 -0.0446811 0.00684192 -0.0122366
internal_weight=121.884 90.3824 31.502 25.8385 88.6109 9.43129 79.1796 22.1605
internal_count=632 476 156 128 467 49 418 107
is_linear=0
shrinkage=0.1


Tree=49
num_leaves=8
num_cat=0
split_feature=0 2 9 5 7 6 1
split_gain=0.621683 1.12606 2.59109 2.02527 1.49613 1.95738 1.86715
threshold=203.69461917737502 248.01224327261798 32.688908158625502 1.3352593752158355 24.132220897196948 25.751360201805074 234.09720917806371
decision_type=2 2 2 2 2 2 2
left_child=-1 4 -3 -4 6 -6 -2
right_child=1 2 3 -5 5 -7 -8
leaf_value=-0.047150125938742876 0.0054449688462418176 0.080223360066078275 -0.051640940806291349 0.029466081569118535 0.085458662916755856 -0.0049858404002088809 -0.023523029737296371
leaf_weight=2.7539558857679358 50.456222556531429 5.6193599179387119 4.9220490232110015 8.2205788344144803 4.1956468597054464 5.5687613189220428 39.8037184253335
leaf_count=14 250 37 26 57 22 27 199
internal_value=-0.000179188 0.000909792 0.0233905 -0.000909331 -0.00330702 0.0338771 -0.00732962
internal_weight=121.54 118.786 18.762 13.1426 100.024 9.76441 90.2599
internal_count=632 618 120 83 498 49 449
is_linear=0
shrinkage=0.1


Tree=50
num_leaves=10
num_cat=0
split_feature=0 0 3 6 1 2 6 4 6
split_gain=0.659109 3.18834 5.61192 1.67013 2.18239 2.451 1.3349 2.99694 2.22946
threshold=249.77206416800621 244.39608049587008 50.470121994584517 19.786054744739037 247.44666751560209 228.25371884649357 22.995361328125004 1.0028398157457581 22.250132436900916
decision_type=2 2 2 2 2 2 2 2 2
left_child=1 6 -3 -2 5 -5 8 -8 -1
right_child=3 2 -4 4 -6 -7 7 -9 -10
leaf_value=0.0016412646150191499 -0.045932226948615477 0.040050570668187568 -0.11444972579073612 0.039309159118107478 0.095319597128983607 -0.04127249760763841 -0.026691412008409927 0.053539982771984622 -0.058978474658414992
leaf_weight=60.174680635333061 3.8201444745063808 3.7393110990524274 6.3322436027228832 10.566859260201459 3.7225275561213484 5.8722224682569495 7.2505176588892963 13.009416542947291 6.7472515553235999
leaf_count=314 19 19 32 54 22 29 36 70 37
internal_value=-0.000154819 -0.00381626 -0.0570877 0.0146935 0.0261806 0.0105245 0.00233784 0.0248272 -0.00447058
internal_weight=121.235 97.2534 10.0716 23.9818 20.1616 16.4391 87.1819 20.2599 66.9219
internal_count=632 508 51 124 105 83 457 106 351
is_linear=0
shrinkage=0.1


Tree=51
num_leaves=7
num_cat=0
split_feature=6 8 8 8 1 4
split_gain=0.570443 1.30697 5.04925 4.342 3.11377 0.854899
threshold=25.969687491812241 37.988031353199624 37.002567220417411 36.232071585953243 233.21582241884502 1.0993383511372481
decision_type=2 2 2 2 2 2
left_child=1 2 3 -1 -3 -6
right_child=-2 4 -4 -5 5 -7
leaf_value=0.0030125733448819842 0.028774066647325371 0.037339294158052622 0.11935317681905444 -0.085569070562669963 -0.10566589746914368 -0.0401638203210955
leaf_weight=92.585644088685513 6.456403709948062 4.1953531056642523 3.5353322923183432 5.885268308222293 3.5410583615303022 4.5563590228557587
leaf_count=485 33 23 20 29 18 24
internal_value=-0.000144624 -0.00177815 0.00193397 -0.00228165 -0.0325816 -0.0688083
internal_weight=120.755 114.299 102.006 98.4709 12.2928 8.09742
internal_count=632 599 534 514 65 42
is_linear=0
shrinkage=0.1


Tree=52
num_leaves=9
num_cat=0
split_feature=0 0 3 6 4 2 8 2
split_gain=0.572655 2.73169 4.69767 1.40376 1.71992 2.64298 1.18621 1.9808
threshold=249.77206416800621 244.39608049587008 54.160769341757693 19.786054744739037 1.0848519131541254 218.73375536148583 39.021712671397843 224.88798171066773
decision_type=2 2 2 2 2 2 2 2
left_child=1 6 -3 -2 -5 -6 7 -1
right_child=3 2 -4 4 5 -7 -8 -9
leaf_value=-0.031370992309760232 -0.042060840859625387 0.024140510023188518 -0.11477338917963181 -0.025559512830295495 0.10058751505227857 0.011399532137396327 0.049175227382558161 0.0071179518608636199
leaf_weight=16.82748456299305 3.783780716359618 4.3612152710556966 5.5100684240460396 5.126132249832156 5.0267595499753943 9.8009289577603322 5.0444865003228179 65.098138730973005
leaf_count=83 19 23 28 26 27 52 27 347
internal_value=-0.000136078 -0.003548 -0.0534001 0.0137834 0.024373 0.0416353 0.00211031 -0.000787659
internal_weight=120.579 96.8414 9.87128 23.7376 19.9538 14.8277 86.9701 81.9256
internal_count=632 508 51 124 105 79 457 430
is_linear=0
shrinkage=0.1


Tree=53
num_leaves=8
num_cat=0
split_feature=3 0 3 1 0 8 4
split_gain=0.647741 1.3568 2.28622 2.90731 1.67325 2.97399 1.30371
threshold=114.58719812959573 251.6800231933594 67.278368138183723 244.31914218937322 244.39608049587008 33.987060546875007 0.82386598086939522
decision_type=2 2 2 2 2 2 2
left_child=1 4 -3 -4 6 -6 -1
right_child=-2 2 3 -5 5 -7 -8
leaf_value=-0.027347911212342643 -0.03844260532349978 0.074003288934150299 0.042536977574801405 -0.066322930671896554 0.024646044878835916 -0.071798841374817443 0.0072200547090187934
leaf_weight=12.836783640086649 4.256379783153533 6.4991340711712864 6.0025173127651197 4.1491551697254181 5.1121957451105109 8.5356988832354528 72.694129202514887
leaf_count=66 21 35 31 21 28 46 384
internal_value=-0.000129788 0.00127809 0.0276925 -0.00195585 -0.00315654 -0.0356727 0.00203197
internal_weight=120.086 115.83 16.6508 10.1517 99.1788 13.6479 85.5309
internal_count=632 611 87 52 524 74 450
is_linear=0
shrinkage=0.1


Tree=54
num_leaves=8
num_cat=0
split_feature=3 0 0 8 4 3 1
split_gain=0.527867 1.11205 1.46588 2.68125 1.34695 1.30506 2.69314
threshold=114.58719812959573 251.37982986649908 244.39608049587008 33.987060546875007 1.6209982070661999 67.278368138183723 244.31914218937322
decision_type=2 2 2 2 2 2 2
left_child=1 2 4 -4 -1 -3 -7
right_child=-2 5 3 -5 -6 6 -8
leaf_value=0.010395835313541031 -0.034810564512209222 0.058975003190223245 0.02218285150167066 -0.07080776415798605 -0.016567437824250141 0.044030844022421849 -0.060621098510330887
leaf_weight=58.315372109413147 4.2317700162529936 6.7349469065666225 5.111879885196684 7.8810994848608971 27.154062747955322 6.1694627404212934 4.0887305736541748
leaf_count=300 21 37 28 43 150 32 21
internal_value=-0.000122124 0.0011493 -0.00292785 -0.0342221 0.00182947 0.0247733 0.00231847
internal_weight=119.687 115.456 98.4624 12.993 85.4694 16.9931 10.2582
internal_count=632 611 521 71 450 90 53
is_linear=0
shrinkage=0.1


Tree=55
num_leaves=9
num_cat=0
split_feature=1 4 5 9 5 0 7 1
split_gain=0.578859 0.701334 2.79166 2.82631 2.7215 2.59943 3.83655 2.30228
threshold=248.82533741651835 1.0490904262676806 1.2503068518547571 32.070319394898185 1.3669829920348475 234.12955909426464 22.671731094222022 233.5113426974693
decision_type=2 2 2 2 2 2 2 2
left_child=1 5 3 -3 -4 7 -7 -1
right_child=-2 2 4 -5 -6 6 -8 -9
leaf_value=-0.0201382170696663 0.038443064437540836 0.11541094753174355 -0.049077879717477346 0.011574818597316704 0.0045502321504546873 0.056378470537634486 -0.046722059876289967 -0.10644826741652513
leaf_weight=12.883057914674284 3.7705916017293921 4.144034191966055 11.200190201401709 7.1339681223034859 61.005569823086262 9.2485334500670415 5.9192946106195441 4.065925881266593
leaf_count=63 24 22 54 37 333 49 30 20
internal_value=-0.000114716 -0.00137237 0.00345875 0.0497288 -0.00376829 -0.0139303 0.0161432 -0.0408433
internal_weight=119.371 115.601 83.4838 11.278 72.2058 32.1168 15.1678 16.949
internal_count=632 608 446 59 387 162 79 83
is_linear=0
shrinkage=0.1


Tree=56
num_leaves=10
num_cat=0
split_feature=7 7 6 9 7 3 6 1 3
split_gain=0.673773 2.86666 3.07557 4.36028 1.70343 3.04795 1.90196 1.81967 1.45206
threshold=21.008389824618266 21.320823905444417 20.391889830585573 31.577099504182886 20.370107490932501 59.194410074655558 19.828674316406254 222.32568234522168 59.355584515970563
decision_type=2 2 2 2 2 2 2 2 2
left_child=4 -2 -3 -4 6 -6 7 -1 -8
right_child=1 2 3 -5 5 -7 8 -9 -10
leaf_value=0.054977323134560677 0.072418805447332438 -0.10827808813702805 0.10624962702671198 -0.0025652541038915047 0.015905033270676668 -0.083950790037817552 0.083253277244802776 -0.021488066189421076 0.0059799875465088338
leaf_weight=3.5687004476785686 5.9909992590546599 2.5171283632516852 3.9398016035556784 56.376625284552574 5.3678740262985212 7.0997168496251106 4.2735811471939069 24.327658988535404 5.6425945907831192
leaf_count=18 33 12 23 309 27 37 22 121 30
internal_value=-0.000103958 0.00632468 2.27941e-05 0.00454241 -0.00890362 -0.0409582 0.00166547 -0.0117061 0.0392825
internal_weight=119.105 68.8246 62.8336 60.3164 50.2801 12.4676 37.8125 27.8964 9.91618
internal_count=632 377 344 332 255 64 191 139 52
is_linear=0
shrinkage=0.1


Tree=57
num_leaves=11
num_cat=0
split_feature=2 4 3 0 2 8 4 4 5 3
split_gain=0.638158 2.23212 2.52615 4.99208 2.15438 1.91204 2.1451 1.44239 2.96727 2.34096
threshold=244.18239623054313 1.2633978230732981 52.345904619110932 226.54336918079619 242.28803473418586 35.100960222272683 1.6209982070661999 1.3581731319427492 1.411184620705606 59.919648105566701
decision_type=2 2 2 2 2 2 2 2 2 2
left_child=4 2 -2 -4 7 6 -3 9 -9 -1
right_child=1 5 3 -5 -6 -7 -8 8 -10 -11
leaf_value=0.041408867094490355 -0.09061985009315604 0.12941441794087835 -0.054777917766175278 0.099851133206516993 -0.064440702035708494 -0.0073206067011453331 0.029706997382420188 -0.072171265247091207 -0.0015206760877450928 -0.0077250782743083467
leaf_weight=17.389020942151546 3.4465209916234043 3.4912924095988256 4.9235506504774076 3.6250830739736557 5.5467604398727408 5.3858933374285689 5.6488195434212685 6.9671466499567023 40.505682826042175 21.920886918902397
leaf_count=91 17 25 26 21 27 32 43 33 207 110
internal_value=-9.24962e-05 0.0135797 -0.0183454 0.0107932 -0.00401975 0.0399425 0.0677927 -0.00015792 -0.0118894 0.0140097
internal_weight=118.851 26.5212 11.9952 8.54863 92.3295 14.526 9.14011 86.7827 47.4728 39.3099
internal_count=632 164 64 47 468 100 68 441 240 201
is_linear=0
shrinkage=0.1


Tree=58
num_leaves=11
num_cat=0
split_feature=2 4 3 0 2 3 1 5 7 5
split_gain=0.526038 1.83736 1.87192 3.04951 1.77228 1.69091 2.95185 1.3576 2.08537 2.06654
threshold=244.18239623054313 1.2633978230732981 54.542153261457678 225.15625000000003 242.28803473418586 53.628632425312873 244.31914218937322 1.6189855885649671 18.924033876266886 1.7063634200142952
decision_type=2 2 2 2 2 2 2 2 2 2
left_child=4 2 -2 -4 7 -3 -7 8 -1 -9
right_child=1 5 3 -5 -6 6 -8 9 -10 -11
leaf_value=0.052797653444633379 -0.069394639029907709 0.094154620433286887 -0.041277474702503612 0.08629495932853419 -0.058816627483366558 0.052432521203353288 -0.060976401787593275 -0.070484969225300842 0.00043403524573747013 -0.0039841720386049918
leaf_weight=8.948512449860571 4.2913051471114176 3.7623651623725882 4.3959867581725121 3.2658040896058083 5.473383054137229 7.1551816537976247 3.3788985013961792 5.9996656179428127 50.672167561948299 21.131690621376038
leaf_count=44 21 29 23 20 27 50 21 29 259 109
internal_value=-7.26033e-05 0.0124173 -0.0165168 0.0130997 -0.00362753 0.0366088 0.0160556 -0.000145525 0.00829333 -0.0186898
internal_weight=118.475 26.2495 11.9531 7.66179 92.2254 14.2964 10.5341 86.752 59.6207 27.1314
internal_count=632 164 64 43 468 100 71 441 303 138
is_linear=0
shrinkage=0.1


Tree=59
num_leaves=11
num_cat=0
split_feature=7 7 6 9 9 2 9 9 3 5
split_gain=0.558977 2.34234 2.41118 4.44716 1.44182 3.64412 3.04825 2.40294 1.16413 1.11491
threshold=21.008389824618266 21.320823905444417 20.458770468831066 31.577099504182886 32.070319394898185 231.91504653709299 31.013064403098465 30.275906071962289 57.802989611058699 1.3188800529832159
decision_type=2 2 2 2 2 2 2 2 2 2
left_child=4 -2 -3 -4 6 -6 7 -1 -7 -8
right_child=1 2 3 -5 5 8 9 -9 -10 -11
leaf_value=-0.00090516271608352304 0.065896928849186506 -0.089832742890719491 0.11148543126880193 -0.002578652358264843 0.029164149846026662 -0.036750081409487545 0.022091789323355971 -0.077603088197019401 -0.11493861074423142 0.092772673215043164
leaf_weight=22.988900102674965 5.9270994737744322 2.8445014059543601 3.641362912952899 55.748840536922216 5.0221735239028913 3.4201180711388588 5.2779964357614499 4.9675101637840262 4.2962014004588127 3.8666092753410339
leaf_count=114 33 14 22 308 28 19 27 24 22 21
internal_value=-5.7271e-05 0.00582805 0.000107218 0.0044149 -0.00810619 -0.0371332 0.00186014 -0.0145334 -0.080283 0.0519778
internal_weight=118.001 68.1618 62.2347 59.3902 49.8395 12.7385 37.101 27.9564 7.71632 9.14461
internal_count=632 377 344 330 255 69 186 138 41 48
is_linear=0
shrinkage=0.1


Tree=60
num_leaves=11
num_cat=0
split_feature=2 4 5 7 5 2 7 7 3 0
split_gain=0.649337 2.88244 2.18069 1.66103 4.7699 1.40545 1.90628 4.16668 1.39127 0.74659
threshold=223.89975808847453 1.1777595150123552 0.89405220899403737 19.190077543885401 1.7063634200142952 228.99577293591727 17.576817558299048 18.992514691188681 55.243342781815649 235.12675903210592
decision_type=2 2 2 2 2 2 2 2 2 2
left_child=1 2 -1 -3 -5 8 -7 -8 -2 -10
right_child=5 3 -4 4 -6 6 7 -9 9 -11
leaf_value=-0.022895230270106145 -0.0033098456649387335 0.010718878994283228 0.064186421068717747 -0.093725763224069669 0.035571560998499258 0.094238165735689175 -0.08309647144736157 0.0035125549439336775 0.091535653070989265 0.030061231182333538
leaf_weight=5.0755858942866343 5.8392571657896024 5.3213798403739956 6.6346898376941681 9.5655689910054189 4.065965346992015 2.0370094403624526 6.0726340860128394 65.133757065981627 3.9846584051847458 3.9181996434926987
leaf_count=26 28 27 34 48 23 11 29 365 21 20
internal_value=-5.00249e-05 -0.0125629 0.0264426 -0.0366629 -0.0551594 0.00436087 -0.00114501 -0.00387365 0.0337064 0.0610569
internal_weight=117.649 30.6632 11.7103 18.9529 13.6315 86.9855 73.2434 71.2064 13.7421 7.90286
internal_count=632 158 60 98 71 474 405 394 69 41
is_linear=0
shrinkage=0.1


Tree=61
num_leaves=5
num_cat=0
split_feature=8 5 4 4
split_gain=0.538513 1.28838 0.89724 1.50449
threshold=40.550701731097895 0.6005310718091631 0.56707717871353236 0.68077348304661733
decision_type=2 2 2 2
left_child=1 -1 -3 -4
right_child=-2 2 3 -5
leaf_value=-0.068786497750644437 0.035443024466697302 0.050011626531825198 -0.066810965244760642 0.00085346496713630644
leaf_weight=2.7636506184935561 4.123498670756816 3.5206964910030356 3.3938013017177573 103.45380989462137
leaf_count=16 22 20 17 557
internal_value=-5.39486e-05 -0.00134776 0.000340921 -0.00129576
internal_weight=117.255 113.132 110.368 106.848
internal_count=632 610 594 574
is_linear=0
shrinkage=0.1


Tree=62
num_leaves=8
num_cat=0
split_feature=2 2 3 1 1 2 0
split_gain=0.520623 2.69231 3.67663 1.98046 2.38509 2.06102 1.77694
threshold=223.89975808847453 222.26977525020189 56.140307411827422 220.44189140270421 221.85121920654726 227.84123478538109 249.77206416800621
decision_type=2 2 2 2 2 2 2
left_child=1 2 -1 -2 -5 -6 -4
right_child=3 -3 6 4 5 -7 -8
leaf_value=0.079474657292799289 0.14572728761825871 -0.079769252488784859 -0.045966557342537198 -0.095106387000824466 0.052579158925574958 -7.3835548199702132e-05 0.012683690329805652
leaf_weight=4.9031692892313066 0.97348292171955009 4.8317621871829024 10.404191948473455 2.4428165405988684 8.2519824951887113 75.020119559019804 10.259837478399275
leaf_count=26 6 24 54 12 42 414 54
internal_value=-5.10894e-05 -0.0113116 0.00162573 0.00389762 0.00228683 0.0051439 -0.0168463
internal_weight=117.087 30.399 25.5672 86.6884 85.7149 83.2721 20.664
internal_count=632 158 134 474 468 456 108
is_linear=0
shrinkage=0.1


Tree=63
num_leaves=5
num_cat=0
split_feature=3 3 9 8
split_gain=0.989171 1.2318 1.10854 1.90727
threshold=116.85601365481382 106.27315106773297 27.369028630543088 27.419413481656388
decision_type=2 2 2 2
left_child=1 2 -1 -4
right_child=-2 -3 3 -5
leaf_value=0.043504064981742897 -0.051705889253999139 0.056413021052839157 -0.072158278860389724 -6.0340516397007981e-05
leaf_weight=5.4643170088529578 3.5929409787058821 3.9552229344844809 3.8090602159500113 99.90393578261137
leaf_count=28 18 21 19 546
internal_value=-4.98059e-05 0.00159072 -0.000395352 -0.00270828
internal_weight=116.725 113.133 109.177 103.713
internal_count=632 614 593 565
is_linear=0
shrinkage=0.1


Tree=64
num_leaves=6
num_cat=0
split_feature=3 6 3 3 1
split_gain=0.809125 1.14852 0.930833 4.30234 1.20294
threshold=116.85601365481382 25.969687491812241 47.153105068571918 49.48262866190499 225.65591347415724
decision_type=2 2 2 2 2
left_child=1 2 4 -4 -1
right_child=-2 -3 3 -5 -6
leaf_value=-0.077369040077067977 -0.046985894736220904 0.045035232132829173 0.092157402293477186 -0.0018387402300944417 -0.0098223931154313993
leaf_weight=3.0472374856472042 3.5602544993162146 5.7343983501195899 5.1866575628519049 79.634202871471643 19.562816563993692
leaf_count=15 18 31 30 434 104
internal_value=-4.6134e-05 0.00143062 -0.000896886 0.00390897 -0.0189259
internal_weight=116.726 113.165 107.431 84.8209 22.6101
internal_count=632 614 583 464 119
is_linear=0
shrinkage=0.1


Tree=65
num_leaves=5
num_cat=0
split_feature=3 3 3 0
split_gain=0.661989 0.997954 1.10776 1.31053
threshold=116.85601365481382 106.27315106773297 97.032335937182296 261.39106857258884
decision_type=2 2 2 2
left_child=1 2 3 -1
right_child=-2 -3 -4 -5
leaf_value=-0.00062270524543278681 -0.042696728397705414 0.050553765098439687 -0.048031126910138132 0.057226058564641649
leaf_weight=100.23691587150097 3.5278736278414717 3.9679909795522681 4.6924005523324004 4.0753621235489836
leaf_count=545 18 21 24 24
internal_value=-3.96067e-05 0.00129248 -0.000500735 0.00163738
internal_weight=116.501 112.973 109.005 104.312
internal_count=632 614 593 569
is_linear=0
shrinkage=0.1


Tree=66
num_leaves=6
num_cat=0
split_feature=3 6 8 1 8
split_gain=0.541454 0.932265 0.941701 2.83149 2.02705
threshold=116.85601365481382 25.969687491812241 37.988031353199624 233.21582241884502 36.955449644623521
decision_type=2 2 2 2 2
left_child=1 2 4 -4 -1
right_child=-2 -3 3 -5 -6
leaf_value=-0.00086268708424133743 -0.03879300361725959 0.040588127004421826 0.042021115518426105 -0.062274442768602944 0.068305174108357472
leaf_weight=91.052427858114243 3.4963125213980666 5.6956975758075705 3.8962682932615262 7.8426506966352463 4.4437449648976317
leaf_count=495 18 31 22 42 24
internal_value=-3.56009e-05 0.00116432 -0.000929641 -0.0276577 0.00235592
internal_weight=116.427 112.931 107.235 11.7389 95.4962
internal_count=632 614 583 64 519
is_linear=0
shrinkage=0.1


Tree=67
num_leaves=11
num_cat=0
split_feature=2 8 4 4 4 1 0 8 2 2
split_gain=0.520437 1.68082 2.20246 3.23101 2.1967 1.4518 3.31014 2.56249 2.54279 1.94146
threshold=244.18239623054313 38.201429595720874 1.2633978230732981 0.88031453341449406 1.5452773938117996 234.09720917806371 234.32147500128113 38.811034625998367 226.21476873593932 239.04300176839294
decision_type=2 2 2 2 2 2 2 2 2 2
left_child=5 2 3 -2 -4 7 -7 8 -1 -8
right_child=1 -3 4 -5 -6 6 9 -9 -10 -11
leaf_value=-0.023985162377284611 0.073339995433804123 -0.058174598617041579 0.12122413014207452 -0.048607462489614124 0.025285228136681451 -0.094679508116078781 0.0059599392831886583 0.083998222908450479 0.022825253372989754 -0.04975096805978993
leaf_weight=21.740362800657749 3.0932453349232727 2.9787907227873793 3.2152421660721293 7.300362691283226 9.2604088783264142 4.9204594343900672 26.745754398405552 4.0424256175756446 24.890248790383339 8.1648817509412748
leaf_count=112 18 17 24 38 67 25 144 22 125 40
internal_value=-3.26997e-05 0.0124819 0.0216851 -0.0123146 0.0500107 -0.00360688 -0.0178924 0.00762213 0.00100106 -0.0070697
internal_weight=116.352 25.848 22.8693 10.3936 12.4757 90.5041 39.8311 50.673 46.6306 34.9106
internal_count=632 164 147 56 91 468 209 259 237 184
is_linear=0
shrinkage=0.1


Tree=68
num_leaves=13
num_cat=0
split_feature=2 5 2 4 0 1 3 2 4 3 3 3
split_gain=0.497586 2.85698 5.54529 2.50267 2.29999 2.25688 2.13471 1.71546 1.47585 1.28421 2.21047 1.62935
threshold=234.96881609543613 1.6054442937152247 229.47606459341537 1.2633978230732981 229.08754032850268 241.81182853132748 61.090767480455973 236.20710434598939 1.6125156446801159 56.729249185286037 39.780923288397751 68.890347616905089
decision_type=2 2 2 2 2 2 2 2 2 2 2 2
left_child=1 5 4 9 -3 6 -1 -5 -9 10 -2 -11
right_child=3 2 -4 7 -6 -7 -8 8 -10 11 -12 -13
leaf_value=0.026804093871681613 0.018935065140007385 0.059987959708593878 -0.14374376853512191 0.089067663602774197 -0.036421825918381681 0.066496073115013238 -0.021897228418020658 0.0484715072824701 0.00092981780013037427 0.048799309556947029 -0.079603041065527846 -0.023814423804907267
leaf_weight=15.291152596473692 3.4862548261880892 3.4927154704928425 4.0440237373113623 3.634721301496028 8.4878463521599752 5.5512796044349662 21.876955218613148 9.6506480053067225 20.191269427537918 4.7718726843595496 6.5607688501477242 8.7681831270456296
leaf_count=77 20 19 21 20 45 31 112 60 121 27 33 46
internal_value=-2.47318e-05 -0.00648519 -0.0424925 0.00662596 -0.0083153 0.00702162 -0.00186125 0.0242047 0.0163044 -0.0183232 -0.0454109 0.00177657
internal_weight=115.808 58.744 16.0246 57.0637 11.9806 42.7194 37.1681 33.4766 29.8419 23.5871 10.047 13.5401
internal_count=632 305 85 327 64 220 189 201 181 126 53 73
is_linear=0
shrinkage=0.1


Tree=69
num_leaves=6
num_cat=0
split_feature=3 3 3 3 2
split_gain=0.523685 1.31517 1.85321 1.28581 0.983781
threshold=34.38537107565552 40.506575960627224 43.69041624922027 49.731766235540569 238.34699381096598
decision_type=2 2 2 2 2
left_child=4 -2 -3 -4 -1
right_child=1 2 3 -5 -6
leaf_value=0.012945971647167638 0.044115395665679319 -0.06389427072588337 0.034158489287303417 -0.0023212815112324818 -0.058654286587143029
leaf_weight=3.6005849838256827 6.8652429580688468 4.4931051321327677 10.896573752164839 85.290015377104282 4.1088175475597382
leaf_count=19 36 24 63 468 22
internal_value=-3.79951e-05 0.00176677 -0.00112093 0.00181136 -0.0252142
internal_weight=115.254 107.545 100.68 96.1866 7.7094
internal_count=632 591 555 531 41
is_linear=0
shrinkage=0.1


Tree=70
num_leaves=6
num_cat=0
split_feature=8 0 0 9 9
split_gain=0.475135 2.02455 1.31884 1.21632 1.291
threshold=27.419413481656388 226.06253880262378 205.63378906250003 28.502013300200815 29.741527664790087
decision_type=2 2 2 2 2
left_child=1 -1 -2 -4 -5
right_child=2 -3 3 4 -6
leaf_value=0.030633357915458254 0.068132932023548559 -0.06399559140502796 0.051322040954735873 -0.046508335075684699 0.00063796552745483002
leaf_weight=4.073076516389845 2.9193236231803885 5.0815836563706398 4.4155574440956107 6.1974448263645163 92.437135115265846
leaf_count=21 17 26 22 31 515
internal_value=-3.62268e-05 -0.0218934 0.00185201 -2.56741e-05 -0.00232435
internal_weight=115.124 9.15466 105.969 103.05 98.6346
internal_count=632 47 585 568 546
is_linear=0
shrinkage=0.1


Tree=71
num_leaves=6
num_cat=0
split_feature=0 0 2 8 2
split_gain=0.491717 0.89106 0.84048 2.00127 1.3308
threshold=203.69461917737502 209.77345948414856 244.18239623054313 33.905216669198133 241.7196088116051
decision_type=2 2 2 2 2
left_child=-1 -2 4 -4 -3
right_child=1 2 3 -5 -6
leaf_value=-0.042914083889271565 0.049547960289029518 -0.0014035046692535277 0.045897987148471507 -0.013467035937500463 -0.046077464273902476
leaf_weight=2.6135122925043097 3.6521981097757807 78.723916813731194 11.443550460040571 11.272277064621447 7.2851879969239226
leaf_count=14 21 412 79 69 37
internal_value=-3.42473e-05 0.000962993 -0.000669033 0.0164393 -0.0051875
internal_weight=114.991 112.377 108.725 22.7158 86.0091
internal_count=632 618 597 148 449
is_linear=0
shrinkage=0.1


Tree=72
num_leaves=6
num_cat=0
split_feature=1 3 5 9 5
split_gain=0.48607 0.629526 1.15757 2.09837 1.91166
threshold=248.82533741651835 34.38537107565552 0.94388886820601359 33.909187236174482 1.2394386392842922
decision_type=2 2 2 2 2
left_child=1 -1 3 -3 -4
right_child=-2 2 4 -5 -6
leaf_value=-0.029634056120765015 0.036497148555058076 0.0046470451631204258 0.031708377671621733 -0.071282804398158747 -0.0029438826641714835
leaf_weight=7.2709378898143759 3.5313729569315901 9.4766353294253332 20.812999397516251 5.9091115295886985 67.720458455383778
leaf_count=38 24 50 108 32 380
internal_value=-2.76902e-05 -0.00118771 0.000802601 -0.0245149 0.00520239
internal_weight=114.722 111.19 103.919 15.3857 88.5335
internal_count=632 608 570 82 488
is_linear=0
shrinkage=0.1


Tree=73
num_leaves=8
num_cat=0
split_feature=3 0 2 0 3 7 6
split_gain=0.491641 0.908928 2.41636 1.75767 3.73956 1.63631 1.2008
threshold=116.85601365481382 249.77206416800621 214.94882695160075 244.39608049587008 54.160769341757693 24.041181458029005 22.995361328125004
decision_type=2 2 2 2 2 2 2
left_child=1 3 -3 6 -5 -4 -1
right_child=-2 2 5 4 -6 -7 -8
leaf_value=-0.0051985053278794744 -0.037185040971592753 0.085655579939705948 -0.015502116833347658 0.025906951275469683 -0.1025151788315804 0.062045634014095886 0.023333079493561185
leaf_weight=62.541669059544802 3.4536253809928885 4.4230012446641949 12.106562778353689 4.1264259070157987 5.033212885260582 3.5098290815949431 19.303901061415672
leaf_count=345 18 25 68 23 28 20 105
internal_value=-2.8451e-05 0.00112717 0.0204072 -0.0031183 -0.0446609 0.00192696 0.00153089
internal_weight=114.498 111.045 20.0394 91.0052 9.15964 15.6164 81.8456
internal_count=632 614 113 501 51 88 450
is_linear=0
shrinkage=0.1


Tree=74
num_leaves=9
num_cat=0
split_feature=5 5 8 5 5 9 9 7
split_gain=0.443074 2.65523 1.68484 1.99385 1.77968 1.37748 2.53218 0.833948
threshold=1.7063634200142952 1.6431297847356727 27.766363329254094 1.755488410017074 1.8371259122172998 28.692992546040355 29.741527664790087 18.026655632171806
decision_type=2 2 2 2 2 2 2 2
left_child=1 5 -2 -4 -5 7 -7 -1
right_child=2 -3 3 4 -6 6 -8 -9
leaf_value=0.0097526289070810485 -0.047582748153119081 -0.067739771657016487 0.10638394709327392 -0.043216231372884328 0.02521725099532194 -0.081386896797453381 0.0012098326374292876 0.072550099212419547
leaf_weight=4.5085987672209722 4.290557615458968 6.0202984809875479 2.4259814321994808 4.78713230788708 18.432472757995129 3.9336910843849173 65.758539475500584 3.982865646481514
leaf_count=23 23 33 14 28 115 19 357 20
internal_value=-3.1683e-05 -0.00374661 0.0104176 0.0201212 0.0111085 0.00118099 -0.00345224 0.0392074
internal_weight=114.14 84.204 29.9361 25.6456 23.2196 78.1837 69.6922 8.49146
internal_count=632 452 180 157 143 419 376 43
is_linear=0
shrinkage=0.1


Tree=75
num_leaves=13
num_cat=0
split_feature=2 4 5 2 6 1 6 1 6 3 3 0
split_gain=0.443235 2.29093 2.28219 4.8574 2.12078 1.83767 1.83178 1.46745 1.3361 1.1069 1.94619 1.3953
threshold=234.96881609543613 1.2633978230732981 1.6054442937152247 229.47606459341537 22.039072226723878 241.81182853132748 17.828018775414428 228.39247357989964 19.529220913135209 56.729249185286037 39.780923288397751 231.45594674370508
decision_type=2 2 2 2 2 2 2 2 2 2 2 2
left_child=2 9 5 4 -4 6 -1 -3 -9 10 -2 -11
right_child=1 7 3 -5 -6 -7 -8 8 -10 11 -12 -13
leaf_value=0.065804242607683777 0.017713776272358057 0.084830455057941123 -0.033008219809679107 -0.13800917209214653 0.063097571847233982 0.059844391600406159 -0.0095349216742920944 0.060397940576425405 0.0058102570066889776 -0.022748190517797133 -0.075533944847971976 0.045029694718555974
leaf_weight=3.5751082450151435 3.429032504558565 3.461812198162078 8.5939968451857549 3.7552823424339286 3.1332660466432563 5.4857310801744452 33.167840115725994 5.514187045395377 23.99647431448102 8.6633934527635557 6.4454203471541405 4.6770744770765296
leaf_count=18 20 20 44 21 20 31 171 32 149 46 33 27
internal_value=-2.96541e-05 0.00629255 -0.00618493 -0.0390268 -0.00733087 0.00585609 -0.00220438 0.0232357 0.0160102 -0.017772 -0.0431525 0.00101426
internal_weight=113.899 56.1874 57.7112 15.4825 11.7273 42.2287 36.7429 32.9725 29.5107 23.2149 9.87445 13.3405
internal_count=632 327 305 85 64 220 189 201 181 126 53 73
is_linear=0
shrinkage=0.1


Tree=76
num_leaves=5
num_cat=0
split_feature=3 8 2 1
split_gain=0.477282 0.777555 1.01687 0.85094
threshold=116.85601365481382 26.338919938041858 201.22919696532526 220.44189140270421
decision_type=2 2 2 2
left_child=1 -1 -3 -4
right_child=-2 2 3 -5
leaf_value=-0.037864001953084057 -0.036899403724059136 0.059369160231037658 0.083212905511063542 0.00018533917869600791
leaf_weight=4.8928027749061576 3.4072768613696089 3.0969215780496588 1.2497183457016934 100.67465770989656
leaf_count=26 18 18 8 562
internal_value=-3.94832e-05 0.00110315 0.00291858 0.00120336
internal_weight=113.321 109.914 105.021 101.924
internal_count=632 614 588 570
is_linear=0
shrinkage=0.1


Tree=77
num_leaves=12
num_cat=0
split_feature=2 4 7 9 5 4 5 3 8 4 7
split_gain=0.461224 2.45985 1.70154 1.53665 2.12959 1.14378 2.43276 1.75899 1.66618 3.39909 2.70715
threshold=223.89975808847453 1.1777595150123552 22.1388247613686 28.692992546040355 1.7063634200142952 1.0028398157457581 1.1082704631976665 85.186915444655341 33.905216669198133 0.76805533814125138 23.14312981726474
decision_type=2 2 2 2 2 2 2 2 2 2 2
left_child=1 2 -1 -3 -5 8 -7 -8 9 -2 -10
right_child=5 3 -4 4 -6 6 7 -9 10 -11 -12
leaf_value=0.053468774701896808 0.071280310432716584 0.022122081854179465 -0.028374909169531854 -0.074602603304727344 0.010088819597487527 0.10264836989152711 -0.00078642247858259169 0.047642107677649134 -0.11592722074071522 -0.036456725514972026 -0.0069458374587701684
leaf_weight=7.4770977050066012 5.0744953230023402 3.8538934290409115 3.8472662419080734 9.8688649311661703 4.2466530576348296 2.7478837966918936 50.523475334048271 8.8074236251413804 3.5705118030309659 6.9243372827768326 6.3030806034803391
leaf_count=39 29 20 21 53 25 15 292 50 22 33 33
internal_value=-3.53857e-05 -0.0108391 0.0256637 -0.0338432 -0.0491232 0.00373444 0.0106629 0.00640259 -0.01593 0.00910696 -0.0463559
internal_weight=113.245 29.2938 11.3244 17.9694 14.1155 83.9512 62.0788 59.3309 21.8724 11.9988 9.87359
internal_count=632 158 60 98 78 474 357 342 117 62 55
is_linear=0
shrinkage=0.1


Tree=78
num_leaves=6
num_cat=0
split_feature=3 6 9 4 7
split_gain=0.425952 0.724435 0.748431 2.15491 1.28097
threshold=116.85601365481382 25.969687491812241 36.261361962110044 0.76805533814125138 23.801320191751866
decision_type=2 2 2 2 2
left_child=1 2 4 -4 -1
right_child=-2 -3 3 -5 -6
leaf_value=8.1861215404272755e-05 -0.034978665580730026 0.036404343470549022 -0.089049148676970544 -0.0017826602443076706 0.054524022355757679
leaf_weight=82.015935767441988 3.3852766230702391 5.500477008521556 3.5699410587549236 13.645685963332651 4.5622329823672763
leaf_count=461 18 31 20 77 25
internal_value=-4.37686e-05 0.0010383 -0.000835894 -0.0198788 0.00295069
internal_weight=112.68 109.294 103.794 17.2156 86.5782
internal_count=632 614 583 97 486
is_linear=0
shrinkage=0.1


Tree=79
num_leaves=9
num_cat=0
split_feature=2 5 2 3 1 1 5 8
split_gain=0.355068 0.63378 1.77774 1.72458 1.63911 1.98815 1.25057 0.84569
threshold=261.40500021733391 1.8371259122172998 243.03799821465989 66.295158027427703 244.00648584717382 241.88528707566198 1.4480770836718699 33.987060546875007
decision_type=2 2 2 2 2 2 2 2
left_child=1 4 7 -4 5 -1 -6 -3
right_child=-2 2 3 -5 6 -7 -8 -9
leaf_value=-0.0039384125050254577 0.031586691750694056 0.014437757626728408 0.11539176348136378 0.0029619058631863344 -0.010464021334930252 0.054894697985410003 -0.072653997729282743 -0.034873166538504301
leaf_weight=68.828834395855665 3.4404472783207884 9.9112210795283335 2.9552083723247042 2.5343731492757797 7.5056224428117257 6.2668754756450644 5.6807169504463673 5.358222857117652
leaf_count=369 26 54 26 17 44 36 31 29
internal_value=-4.35686e-05 -0.00104156 0.0146804 0.0634863 -0.00473849 0.000971319 -0.0372557 -0.00286601
internal_weight=112.482 109.041 20.759 5.48958 88.282 75.0957 13.1863 15.2694
internal_count=632 606 126 43 480 405 75 83
is_linear=0
shrinkage=0.1


Tree=80
num_leaves=7
num_cat=0
split_feature=4 5 6 4 5 8
split_gain=0.380245 1.3846 1.63721 1.04569 1.63716 1.24209
threshold=2.5357900061424457 2.0688396254479082 22.039072226723878 1.8505981018738742 1.7804105752800758 34.385890841949738
decision_type=2 2 2 2 2 2
left_child=1 3 -3 4 -1 -5
right_child=-2 2 -4 5 -6 -7
leaf_value=-0.00055317432423848548 -0.024331338090092976 -0.0061474743725099803 0.095460563417899769 -0.001194364868909882 0.069911299090579193 -0.067357357140738344
leaf_weight=84.755793813616037 6.089796543121337 3.0530079603195182 3.2997647151350975 6.5635176673531515 3.4306959584355345 4.9981000497937202
leaf_count=463 35 19 24 38 26 27
internal_value=-3.10378e-05 0.00136371 0.0466299 -0.00151921 0.00218809 -0.0297967
internal_weight=112.191 106.101 6.35277 99.7481 88.1865 11.5616
internal_count=632 597 43 554 489 65
is_linear=0
shrinkage=0.1


Tree=81
num_leaves=6
num_cat=0
split_feature=0 0 1 7 1
split_gain=0.386176 0.922429 0.635854 4.09686 1.04437
threshold=204.6605822935035 209.77345948414856 223.94823800756765 19.51835514208442 233.5113426974693
decision_type=2 2 2 2 2
left_child=-1 -2 3 -3 -4
right_child=1 2 4 -5 -6
leaf_value=-0.034874011938028193 0.055796350667461005 0.069264895073938737 0.016223366318601211 -0.058595410979014141 -0.0057485050563077129
leaf_weight=3.0914793685078612 2.984319955110549 3.5113036483526221 33.963898494839668 8.7527695745229703 59.586102779954672
leaf_count=17 18 18 176 50 353
internal_value=-2.21863e-05 0.00096812 -0.000578225 -0.021988 0.00222852
internal_weight=111.89 108.798 105.814 12.2641 93.55
internal_count=632 615 597 68 529
is_linear=0
shrinkage=0.1


Tree=82
num_leaves=8
num_cat=0
split_feature=6 6 3 7 7 6 0
split_gain=0.387485 2.36782 2.71023 1.25797 1.87011 1.5252 1.11452
threshold=18.512693081475415 17.828018775414428 57.135148097991042 19.51835514208442 19.776277222042882 19.529220913135209 238.59960264278894
decision_type=2 2 2 2 2 2 2
left_child=1 2 -1 6 -5 -6 -2
right_child=3 -3 -4 4 5 -7 -8
leaf_value=-0.053777016962504198 0.076843557241832769 -0.073939942303700865 0.05524012786975107 -0.080168997200246395 0.065164191450495471 -0.0014668506435176944 0.0055785535957222519
leaf_weight=3.7255419418215734 4.0469119101762754 4.6564260199666014 5.8789839223027229 2.9119590967893592 3.585250422358512 82.181299787014723 4.7942236512899399
leaf_count=19 20 24 32 17 22 472 26
internal_value=-2.26446e-05 -0.0154189 0.012953 0.00222886 -0.00135734 0.00131849 0.0381992
internal_weight=111.781 14.261 9.60453 97.5196 88.6785 85.7666 8.84114
internal_count=632 75 51 557 511 494 46
is_linear=0
shrinkage=0.1


Tree=83
num_leaves=6
num_cat=0
split_feature=8 0 7 7 5
split_gain=0.44303 1.63046 1.00266 1.60277 1.66986
threshold=27.419413481656388 226.06253880262378 17.86313275347732 18.807813631618931 2.3136997254978282
decision_type=2 2 2 2 2
left_child=1 -1 -2 -4 -5
right_child=2 -3 3 4 -6
leaf_value=0.026172977852604286 -0.055523984568745667 -0.059916419420802974 0.053228330833333393 -0.0026061757844851102 0.061644705730192553
leaf_weight=3.9787852019071561 2.9601188823580733 4.9206295609474182 6.0934922546148291 89.429346803575754 4.2366514168679705
leaf_count=21 16 26 31 510 28
internal_value=-2.33158e-05 -0.0214272 0.00183108 0.00353295 0.000299986
internal_weight=111.619 8.89941 102.72 99.7595 93.666
internal_count=632 47 585 569 538
is_linear=0
shrinkage=0.1


Tree=84
num_leaves=7
num_cat=0
split_feature=1 7 7 5 6 6
split_gain=0.472558 0.574124 2.99728 2.87224 2.06685 1.00128
threshold=248.82533741651835 22.688229070918975 22.916639370070964 1.060866273647185 23.224609375000004 22.494647227780664
decision_type=2 2 2 2 2 2
left_child=1 4 -3 -4 5 -1
right_child=-2 2 3 -5 -6 -7
leaf_value=0.0023726091179499544 0.036706090022195659 -0.082792725802253997 -0.053480453447839651 0.020866346380352539 0.066470007594361127 -0.045116520567127831
leaf_weight=66.812630515545607 3.3964558430016032 5.0908169001340893 7.0938179269433048 19.426566258072853 4.8813403993844977 4.7558678165078154
leaf_count=375 24 27 38 114 28 26
internal_value=-2.16796e-05 -0.00117607 -0.0125114 0.000979656 0.00351099 -0.000783137
internal_weight=111.457 108.061 31.6112 26.5204 76.4498 71.5685
internal_count=632 608 179 152 429 401
is_linear=0
shrinkage=0.1


Tree=85
num_leaves=7
num_cat=0
split_feature=4 5 6 4 4 8
split_gain=0.389356 1.01434 1.52879 0.906116 1.64539 1.39143
threshold=2.5357900061424457 2.0688396254479082 22.039072226723878 1.8381204494012444 1.7487013505618194 34.330805224771616
decision_type=2 2 2 2 2 2
left_child=1 3 -3 4 -1 -5
right_child=-2 2 -4 5 -6 -7
leaf_value=-0.0010829994212398697 -0.024793956339983918 -0.0098360116289778459 0.089544795426358154 0.0031502413406282251 0.055444757792754568 -0.065490706433812829
leaf_weight=81.471886102110147 6.0025860331952563 3.0469056516885749 3.1462841667234898 6.7643062919378263 5.4966725930571547 5.2416307106614113
leaf_count=452 35 19 24 39 34 29
internal_value=-2.2534e-05 0.00139133 0.0406517 -0.00106534 0.00248972 -0.0268175
internal_weight=111.17 105.168 6.19319 98.9745 86.9686 12.0059
internal_count=632 597 43 554 486 68
is_linear=0
shrinkage=0.1


Tree=86
num_leaves=6
num_cat=0
split_feature=3 8 9 0 1
split_gain=0.385672 0.755691 1.98673 0.898314 1.19039
threshold=116.85601365481382 27.419413481656388 26.73515551581146 209.77345948414856 223.94823800756765
decision_type=2 2 2 2 2
left_child=1 2 -1 -3 -5
right_child=-2 3 -4 4 -6
leaf_value=0.02335415102800048 -0.033474583120558121 0.048406845270427608 -0.075071603858863398 -0.02960008536220084 0.0054542287317662528
leaf_weight=3.9215855672955495 3.3416840583086005 4.2509489580988875 4.298891194164753 10.946694530546663 84.209350317716599
leaf_count=21 18 26 23 61 483
internal_value=-1.75891e-05 0.0010212 -0.0281175 0.00343084 0.0014216
internal_weight=110.969 107.627 8.22048 99.407 95.156
internal_count=632 614 44 570 544
is_linear=0
shrinkage=0.1


Tree=87
num_leaves=7
num_cat=0
split_feature=1 1 8 5 9 9
split_gain=0.381278 0.592963 2.48225 2.4023 1.94802 1.67246
threshold=248.82533741651835 244.00648584717382 38.201429595720874 1.7259617959133424 38.15181129109672 36.674908143087755
decision_type=2 2 2 2 2 2
left_child=1 4 3 -3 5 -1
right_child=-2 2 -4 -5 -6 -7
leaf_value=0.0024004243419392408 0.033219625968485773 -0.027574837491622824 -0.093139918909407829 0.068952358623308674 0.059743020595751178 -0.049224598182292363
leaf_weight=79.614460844546556 3.347214810550212 8.2849039360880834 3.5077470541000357 3.7431296780705443 5.493559665977954 6.8122826889157286
leaf_count=443 24 48 18 30 33 36
internal_value=-1.71191e-05 -0.00105243 -0.0191216 0.00246447 0.0020015 -0.00166874
internal_weight=110.803 107.456 15.5358 12.028 91.9203 86.4267
internal_count=632 608 96 78 512 479
is_linear=0
shrinkage=0.1


Tree=88
num_leaves=8
num_cat=0
split_feature=8 8 8 1 0 8 6
split_gain=0.381115 2.90228 2.1592 2.77816 2.64788 2.12431 1.08375
threshold=37.002567220417411 36.232071585953243 38.201429595720874 233.21582241884502 254.29229736328128 35.565144002437599 23.681062724467576
decision_type=2 2 2 2 2 2 2
left_child=1 5 -2 -4 -5 6 -1
right_child=2 -3 3 4 -6 -7 -8
leaf_value=0.0021432225504261081 0.071555877093785566 -0.070983273238032149 0.062701146365392896 -0.072697296246475154 0.034853678936748532 0.069607909880442589 -0.03630423061019452
leaf_weight=73.340792596340179 4.7128259651362923 5.8253135681152335 4.1068886816501609 6.5173096880316717 3.5284594967961311 4.4034979641437522 8.1458051353692991
leaf_count=421 30 32 24 37 20 25 43
internal_value=-1.44424e-05 -0.00267701 0.0129298 -0.00659271 -0.0349213 0.00195572 -0.00170018
internal_weight=110.581 91.7154 18.8655 14.1527 10.0458 85.8901 81.4866
internal_count=632 521 111 81 57 489 464
is_linear=0
shrinkage=0.1


Tree=89
num_leaves=13
num_cat=0
split_feature=6 6 4 4 1 4 5 0 5 5 7 4
split_gain=0.398901 3.52266 1.52058 1.85901 1.11678 0.734577 1.77295 3.2249 2.63704 1.51334 3.36077 1.65603
threshold=23.192376136779789 23.643132455646995 1.0028398157457581 1.3078016033239239 237.81188877594488 1.5665630131517922 1.3812315421002828 222.25150524182934 1.2855272778746849 1.8371259122172998 18.807813631618931 2.0846231410737777
decision_type=2 2 2 2 2 2 2 2 2 2 2 2
left_child=5 -2 4 -4 -3 6 8 -8 -1 10 -7 -11
right_child=1 2 3 -5 -6 9 7 -9 -10 11 -12 -13
leaf_value=0.0051972695908752784 0.088357757516585589 -0.0035602847735918875 0.074300817362640825 -0.0062710637397569938 -0.08183755712365566 0.061824870208062911 -0.02188433416459144 0.084041687602450399 -0.065883108961267436 0.062214332023220721 -0.058558303259415773 -0.012451601103838902
leaf_weight=31.616099651902914 4.7954114750027683 3.5612535923719433 3.6410976201295879 13.410959850996731 3.733275443315506 2.8177286088466671 5.0835469551384431 6.6131214089691639 6.2513823024928561 3.982424270361661 13.103112388402222 11.689851377159355
leaf_count=170 30 20 22 75 20 15 30 40 34 28 75 73
internal_value=-1.7706e-05 0.0100181 -0.00541208 0.0109333 -0.0436219 -0.00362135 0.00397434 0.0380047 -0.00653709 -0.0155377 -0.0372524 0.00652148
internal_weight=110.299 29.142 24.3466 17.0521 7.29453 81.1573 49.5642 11.6967 37.8675 31.5931 15.9208 15.6723
internal_count=632 167 137 97 40 465 274 70 204 191 90 101
is_linear=0
shrinkage=0.1


Tree=90
num_leaves=8
num_cat=0
split_feature=7 1 1 6 6 7 6
split_gain=0.394389 1.46725 2.10695 1.09632 0.991107 2.2806 0.940624
threshold=24.132220897196948 244.00648584717382 238.3161181631742 24.736329823145876 23.224609375000004 22.633215847823614 22.855816592826162
decision_type=2 2 2 2 2 2 2
left_child=3 2 -2 4 6 -6 -1
right_child=1 -3 -4 -5 5 -7 -8
leaf_value=-0.0011287252105664225 -0.003775347041577338 -0.027932115548959247 0.098499737311403934 -0.054396603942426916 0.098530510733783647 0.00064385436783708676 -0.043902103759692564
leaf_weight=75.378585945814848 4.4852727688848955 4.7179066836833945 3.6561900973320007 3.8631737530231467 3.233235388994216 9.0207594931125623 5.5175864621996871
leaf_count=431 26 28 21 22 20 52 32
internal_value=-1.51022e-05 0.0164409 0.0421546 -0.00219638 -3.1508e-05 0.0264714 -0.00404612
internal_weight=109.873 12.8594 8.14146 97.0133 93.1502 12.254 80.8962
internal_count=632 75 47 557 535 72 463
is_linear=0
shrinkage=0.1


Tree=91
num_leaves=10
num_cat=0
split_feature=3 3 8 2 0 3 7 6 7
split_gain=0.396277 3.35689 1.90606 3.19174 2.96204 1.1801 1.11999 2.15299 1.0974
threshold=49.731766235540569 47.687458762102295 31.907888960093263 230.80404268773529 234.32147500128113 52.345904619110932 24.132220897196948 25.701137784055408 22.506160670946084
decision_type=2 2 2 2 2 2 2 2 2
left_child=1 2 4 -4 -1 -2 8 -8 -7
right_child=5 -3 3 -5 -6 6 7 -9 -10
leaf_value=-0.10087473306869639 -0.051178656352844423 0.092455149418616156 0.085490816496637492 -0.01321320582519785 0.014048547344639374 0.0021714844058210235 0.081412850836103903 -0.020451675667019248 -0.028064175790805185
leaf_weight=4.2845130041241699 4.8934634737670413 4.2202951088547698 4.7394534647464743 10.610572304576634 4.7061420083045959 52.301633771508932 4.4636612087488157 3.8771495670080185 15.579853110015391
leaf_count=22 27 27 26 64 25 297 28 21 95
internal_value=-8.3502e-06 0.0101216 -0.00415373 0.0172625 -0.0407184 -0.00357513 -0.000518987 0.0340621 -0.00476807
internal_weight=109.677 28.561 24.3407 15.35 8.99066 81.1158 76.2223 8.34081 67.8815
internal_count=632 164 137 90 47 468 441 49 392
is_linear=0
shrinkage=0.1


Tree=92
num_leaves=5
num_cat=0
split_feature=0 0 5 4
split_gain=0.386424 0.691541 0.694451 2.5802
threshold=265.67780409753328 259.50101871353553 2.3136997254978282 2.3075693843641152
decision_type=2 2 2 2
left_child=1 2 3 -1
right_child=-2 -3 -4 -5
leaf_value=0.0010217740744739143 -0.032644659835974074 0.042880271634332806 0.034714738422490454 -0.079974469304964921
leaf_weight=92.602432992309332 3.510558307170867 3.8149348422884932 5.3131006099283686 4.1074431650340548
leaf_count=531 19 24 35 23
internal_value=-4.06465e-06 0.0010786 -0.000484488 -0.00241828
internal_weight=109.348 105.838 102.023 96.7099
internal_count=632 613 589 554
is_linear=0
shrinkage=0.1


Tree=93
num_leaves=8
num_cat=0
split_feature=1 9 7 9 8 0 0
split_gain=0.365099 0.532563 1.80464 1.81387 1.68589 1.62149 1.32484
threshold=248.82533741651835 31.227921870437758 20.808125018911955 30.668626173520654 31.999457022312622 231.45594674370508 212.62327921763065
decision_type=2 2 2 2 2 2 2
left_child=1 2 3 -1 5 -3 -6
right_child=-2 4 -4 -5 6 -7 -8
leaf_value=-0.011622413514180349 0.032562561513691253 -0.064372440875087339 0.061867843953036156 0.064146661455833739 0.06205000715440534 0.0071348714200322912 -0.0021595117971397941
leaf_weight=22.724134713411338 3.3373840358108273 8.4654563739895803 5.5025247372686854 3.6697704643011084 3.4050056859850875 5.0705211907625189 57.100923094898462
leaf_count=119 24 47 35 21 21 29 336
internal_value=-3.6304e-06 -0.00102957 0.00977299 -0.00108759 -0.00568319 -0.0375861 0.00145392
internal_weight=109.276 105.938 31.8964 26.3939 74.0419 13.536 60.5059
internal_count=632 608 175 140 433 76 357
is_linear=0
shrinkage=0.1


Tree=94
num_leaves=10
num_cat=0
split_feature=3 0 3 1 2 8 6 8 1
split_gain=0.361797 1.6586 3.20193 3.13444 2.54953 1.77192 1.58661 1.4322 1.98505
threshold=72.198759579889597 229.53111851956422 77.742622401904967 238.0135551846337 235.99077953246393 29.769380401971276 17.019920330494646 28.578820859998235 223.94823800756765
decision_type=2 2 2 2 2 2 2 2 2
left_child=6 4 -3 -4 -2 -6 -1 -8 -9
right_child=1 2 3 -5 5 -7 7 8 -10
leaf_value=-0.070167137252969178 0.07333752013215851 -0.11522357786522684 -0.044246753555252816 0.035791067316961592 -0.074848372527416315 0.016568601833314843 0.052071323837626249 -0.044192275018439406 0.0094578653575606193
leaf_weight=2.7540217265486708 5.3640232905745497 3.3385369703173664 11.236969459801914 8.6666682288050634 3.1058464124798757 6.6815235950052738 6.4541813582181922 7.9148508086800566 53.602839425206184
leaf_count=14 29 20 60 51 17 45 37 44 315
internal_value=-3.57815e-07 -0.00781558 -0.024597 -0.00939578 0.0179271 -0.0124409 0.00424214 0.00725699 0.00255525
internal_weight=109.119 38.3936 23.2422 19.9036 15.1514 9.78737 70.7259 67.9719 61.5177
internal_count=632 222 131 111 91 62 410 396 359
is_linear=0
shrinkage=0.1


Tree=95
num_leaves=5
num_cat=0
split_feature=7 6 7 7
split_gain=0.34134 0.778234 0.882063 1.00323
threshold=25.784432470341077 25.701137784055408 24.132220897196948 23.583111020603891
decision_type=2 2 2 2
left_child=1 2 3 -1
right_child=-2 -3 -4 -5
leaf_value=0.00070758032643146755 0.028258537322326541 -0.046125858096041819 0.038488965919600569 -0.044325735006147213
leaf_weight=89.85771831870079 4.109886221587657 3.7061751782894126 5.7720719240605822 5.2350895665585986
leaf_count=518 24 22 36 32
internal_value=-1.02842e-05 -0.00112131 0.00053233 -0.00177161
internal_weight=108.681 104.571 100.865 95.0928
internal_count=632 608 586 550
is_linear=0
shrinkage=0.1


Tree=96
num_leaves=7
num_cat=0
split_feature=0 0 1 1 8 6
split_gain=0.335363 0.589751 1.16082 0.701337 2.14789 1.69746
threshold=265.67780409753328 255.83594325630915 242.39567532919244 242.99379876268844 38.811034625998367 24.523399353027347
decision_type=2 2 2 2 2 2
left_child=1 3 -3 4 -1 -5
right_child=-2 2 -4 5 -6 -7
leaf_value=-0.0014666374589839574 -0.030466522262614995 -0.012189941027001345 0.064697434749633451 -0.0024573129043870454 0.06678709111369141 -0.079583922472484761
leaf_weight=76.223709508776665 3.4986614584922782 3.818188600242137 4.0426340624690056 12.426406573504211 4.9074530601501456 3.7042233422398558
leaf_count=429 19 21 27 85 30 21
internal_value=-8.81699e-06 0.00100487 0.0273514 -0.00112449 0.00266189 -0.0201686
internal_weight=108.621 105.123 7.86082 97.2618 81.1312 16.1306
internal_count=632 613 48 565 459 106
is_linear=0
shrinkage=0.1


Tree=97
num_leaves=5
num_cat=0
split_feature=7 6 7 7
split_gain=0.316343 0.636139 0.7222 0.801347
threshold=25.784432470341077 25.701137784055408 24.132220897196948 23.583111020603891
decision_type=2 2 2 2
left_child=1 2 3 -1
right_child=-2 -3 -4 -5
leaf_value=0.00055047254990757107 0.02726894346396341 -0.041885029735588566 0.034953657045402202 -0.039822304841184292
leaf_weight=89.826997516676784 4.0915822088718405 3.6850334592163554 5.7113431431353083 5.2010150775313368
leaf_count=518 24 22 36 32
internal_value=-7.47719e-06 -0.00107623 0.000416552 -0.00165919
internal_weight=108.516 104.424 100.739 95.028
internal_count=632 608 586 550
is_linear=0
shrinkage=0.1


Tree=98
num_leaves=8
num_cat=0
split_feature=7 7 6 9 1 6 9
split_gain=0.300308 1.70978 1.90914 3.4036 1.15522 1.70823 1.21346
threshold=21.008389824618266 21.320823905444417 20.458770468831066 31.577099504182886 242.99379876268844 21.239385618943864 32.843752262578398
decision_type=2 2 2 2 2 2 2
left_child=4 -2 -3 -4 5 6 -1
right_child=1 2 3 -5 -6 -7 -8
leaf_value=0.015416235871386651 0.057693967656228119 -0.083710890561986953 0.10264393438190447 -0.0029321444679673413 -0.046285673646325423 -0.055496204255366 -0.037306546025766628
leaf_weight=30.113626435399055 5.5135235823690882 2.6377408429980269 3.2489246167242518 50.783284351229668 6.1974216029047957 4.8556998595595351 5.1056023687124243
leaf_count=163 33 14 22 308 35 27 30
internal_value=-6.36639e-06 0.00453284 -0.000639301 0.00341608 -0.00610642 0.000107136 0.00777321
internal_weight=108.456 62.1835 56.6699 54.0322 46.2724 40.0749 35.2192
internal_count=632 377 344 330 255 220 193
is_linear=0
shrinkage=0.1


Tree=99
num_leaves=7
num_cat=0
split_feature=4 4 6 4 3 4
split_gain=0.325173 0.821638 1.05242 0.810557 1.83379 1.52113
threshold=2.5357900061424457 2.2090433128679976 22.039072226723878 1.8381204494012444 49.48262866190499 1.7487013505618194
decision_type=2 2 2 2 2 2
left_child=1 3 -3 5 -5 -1
right_child=-2 2 -4 4 -6 -7
leaf_value=-0.0010670919098898187 -0.02282212153617455 -0.006994924401875522 0.076613376997991187 0.035947324934718111 -0.052078508635573319 0.053730642660066233
leaf_weight=79.48549017123878 5.9040347822010508 2.8552471473813048 3.1848932094871998 3.3617727644741517 7.9948804900050163 5.410553313791751
leaf_count=452 35 17 25 20 48 35
internal_value=-3.04948e-06 0.001314 0.0370907 -0.000931096 -0.0260213 0.00242525
internal_weight=108.197 102.293 6.04014 96.2527 11.3567 84.896
internal_count=632 597 42 555 68 487
is_linear=0
shrinkage=0.1


end of trees

feature_importances:
passing_yards_L10=92
passing_yards_L5=85
passing_yards_L3=82
passing_yards_std_L5=81
pass_tds_L3=74
pass_tds_L5=74
completions_L3=73
attempts_L3=64
completions_L5=56
attempts_L5=47

parameters:
[boosting: gbdt]
[objective: binary]
[metric: binary_logloss]
[tree_learner: serial]
[device_type: cpu]
[data_sample_strategy: bagging]
[data: ]
[valid: ]
[num_iterations: 100]
[learning_rate: 0.1]
[num_leaves: 31]
[num_threads: 2]
[seed: 42]
[deterministic: 0]
[force_col_wise: 0]
[force_row_wise: 0]
[histogram_pool_size: -1]
[max_depth: 4]
[min_data_in_leaf: 20]
[min_sum_hessian_in_leaf: 0.001]
[bagging_fraction: 1]
[pos_bagging_fraction: 1]
[neg_bagging_fraction: 1]
[bagging_freq: 0]
[bagging_seed: 400]
[bagging_by_query: 0]
[feature_fraction: 1]
[feature_fraction_bynode: 1]
[feature_fraction_seed: 30056]
[extra_trees: 0]
[extra_seed: 12879]
[early_stopping_round: 0]
[early_stopping_min_delta: 0]
[first_metric_only: 0]
[max_delta_step: 0]
[lambda_l1: 0]
[lambda_l2: 0]
[linear_lambda: 0]
[min_gain_to_split: 0]
[drop_rate: 0.1]
[max_drop: 50]
[skip_drop: 0.5]
[xgboost_dart_mode: 0]
[uniform_drop: 0]
[drop_seed: 17869]
[top_rate: 0.2]
[other_rate: 0.1]
[min_data_per_group: 100]
[max_cat_threshold: 32]
[cat_l2: 10]
[cat_smooth: 10]
[max_cat_to_onehot: 4]
[top_k: 20]
[monotone_constraints: ]
[monotone_constraints_method: basic]
[monotone_penalty: 0]
[feature_contri: ]
[forcedsplits_filename: ]
[refit_decay_rate: 0.9]
[cegb_tradeoff: 1]
[cegb_penalty_split: 0]
[cegb_penalty_feature_lazy: ]
[cegb_penalty_feature_coupled: ]
[path_smooth: 0]
[interaction_constraints: ]
[verbosity: -1]
[saved_feature_importance_type: 0]
[use_quantized_grad: 0]
[num_grad_quant_bins: 4]
[quant_train_renew_leaf: 0]
[stochastic_rounding: 1]
[linear_tree: 0]
[max_bin: 255]
[max_bin_by_feature: ]
[min_data_in_bin: 3]
[bin_construct_sample_cnt: 200000]
[data_random_seed: 175]
[is_enable_sparse: 1]
[enable_bundle: 1]
[use_missing: 1]
[zero_as_missing: 0]
[feature_pre_filter: 1]
[pre_partition: 0]
[two_round: 0]
[header: 0]
[label_column: ]
[weight_column: ]
[group_column: ]
[ignore_column: ]
[categorical_feature: ]
[forcedbins_filename: ]
[precise_float_parser: 0]
[parser_config_file: ]
[objective_seed: 16083]
[num_class: 1]
[is_unbalance: 0]
[scale_pos_weight: 0.80057]
[sigmoid: 1]
[boost_from_average: 1]
[reg_sqrt: 0]
[alpha: 0.9]
[fair_c: 1]
[poisson_max_delta_step: 0.7]
[tweedie_variance_power: 1.5]
[lambdarank_truncation_level: 30]
[lambdarank_norm: 1]
[label_gain: ]
[lambdarank_position_bias_regularization: 0]
[eval_at: ]
[multi_error_top_k: 1]
[auc_mu_weights: ]
[num_machines: 1]
[local_listen_port: 12400]
[time_out: 120]
[machine_list_filename: ]
[machines: ]
[gpu_platform_id: -1]
[gpu_device_id: -1]
[gpu_use_dp: 0]
[num_gpu: 1]

end of parameters

pandas_categorical:[]
