tree
version=v4
num_class=1
num_tree_per_iteration=1
label_index=0
max_feature_idx=9
objective=binary sigmoid:1
feature_names=passing_yards_L3 passing_yards_L5 passing_yards_L10 passing_yards_std_L5 pass_tds_L3 pass_tds_L5 completions_L3 completions_L5 attempts_L3 attempts_L5
feature_infos=[221.375:313.15625] [250:279.95653891965435] [198.11266325839796:307.65447878716304] [0:160.22415318271945] [0:3.8837966918945312] [0:3.2853941281011254] [16.049325007305015:33.01067649402794] [16.806707968750711:31.976037577804664] [24.456756591796875:51.423025466137247] [24.666666666666668:49.370546054647249]
tree_sizes=1061 1059 961 967 964 1371 1169 868 1065 1169 1072 1073 967 1069 1064 971 769 1275 1372 970 768 1579 1268 1068 869 1068 868 974 871 1069 1074 1171 1277 667 1175 978 974 667 666 669 668 868 1178 1276 1069 1075 672 1069 872 769 1385 770 870 770 1382 982 667 1485 1277 767 1076 1073 1075 977 971 1174 672 1078 975 973 977 1184 1174 1072 1073 976 1179 971 1071 1170 769 1068 870 874 773 1076 984 1073 1075 774 1173 1074 772 1069 1382 776 1077 874 1068 1076

Tree=0
num_leaves=9
num_cat=0
split_feature=2 4 0 0 8 1 5 3
split_gain=17.2746 9.45028 5.42492 5.3536 7.29066 6.72202 4.60572 2.36434
threshold=246.2958894324037 2.750318613252603 275.76787452614536 253.3564855454446 36.998914044625245 268.88295898138051 1.4670354090570055 76.762578159823605
decision_type=2 2 2 2 2 2 2 2
left_child=2 3 6 4 -2 -5 -1 -4
right_child=1 -3 7 5 -6 -7 -8 -9
leaf_value=-0.20714603651564872 0.082020155427652577 0.11593401607678418 0.013642844363223676 -0.039704617594369752 -0.049865024403187103 0.020210201067893153 -0.078452228753860223 -0.078452228753860223
leaf_weight=4.9999213218688983 15.337407469749452 7.7996777296066275 5.0218331813812238 39.128865480422974 5.7678374052047721 35.910788416862488 6.265837550163269 6.265837550163269
leaf_count=20 61 31 20 156 23 143 25 25
internal_value=-0.00714289 0.0100705 -0.0864764 0.00148246 0.0459773 -0.0110319 -0.135569 -0.0374796
internal_weight=126.498 103.945 22.5534 96.1449 21.1052 75.0397 11.2658 11.2877
internal_count=504 414 90 383 84 299 45 45
is_linear=0
shrinkage=1


Tree=1
num_leaves=9
num_cat=0
split_feature=2 4 4 0 8 1 0 0
split_gain=14.037 7.68743 4.70395 4.34348 5.91639 5.64531 3.2457 2.08942
threshold=246.2958894324037 2.750318613252603 1.7093419644998213 253.3564855454446 36.998914044625245 270.99562556260349 275.76787452614536 277.9960841489131
decision_type=2 2 2 2 2 2 2 2
left_child=2 3 6 4 -2 -5 -1 -4
right_child=1 -3 7 5 -6 -7 -8 -9
leaf_value=-0.16621958695605377 0.081100452764706982 0.11186958329991092 -0.064708828490381051 -0.02418366856233959 -0.03775946434632188 0.032381367797105931 -0.062019529476585983 0.024505193404204588
leaf_weight=5.9471963346004504 15.311883196234705 7.7736505568027487 5.5058415085077268 46.643176838755608 5.7643443644046775 28.378575935959816 6.0104334354400635 5.0175618529319763
leaf_count=24 61 31 22 186 23 113 24 20
internal_value=0.000712974 0.0162192 -0.070932 0.00848172 0.0485923 -0.00278674 -0.113844 -0.0221716
internal_weight=126.353 103.872 22.481 96.098 21.0762 75.0218 11.9576 10.5234
internal_count=504 414 90 383 84 299 48 42
is_linear=0
shrinkage=0.1


Tree=2
num_leaves=8
num_cat=0
split_feature=2 4 4 2 2 0 0
split_gain=11.4559 6.30533 3.90481 3.63802 7.75639 2.78814 1.69852
threshold=246.2958894324037 2.750318613252603 1.7093419644998213 249.73626195800657 254.67551352110752 275.76787452614536 277.9960841489131
decision_type=2 2 2 2 2 2 2
left_child=2 3 5 -2 -5 -1 -4
right_child=1 -3 6 4 -6 -7 -8
leaf_value=-0.15311748265408115 0.079740165179822173 0.10170070181041393 -0.058449026317705745 -0.077249667731127042 0.013276416560164473 -0.055946218531759899 0.022047557573114333
leaf_weight=5.8168620765209216 6.5237097740173331 7.6994779556989661 5.4869018346071226 10.758856952190397 78.69166761636734 5.9972383379936218 5.0190818756818771
leaf_count=24 26 31 22 43 314 24 20
internal_value=0.000640012 0.0146312 -0.0643471 0.00764608 0.00238819 -0.10379 -0.0199929
internal_weight=125.994 103.674 22.3201 95.9742 89.4505 11.8141 10.506
internal_count=504 414 90 383 357 48 42
is_linear=0
shrinkage=0.1


Tree=3
num_leaves=8
num_cat=0
split_feature=2 4 0 0 1 4 7
split_gain=9.37935 5.20468 3.51402 5.34435 4.58697 3.31117 3.91777
threshold=246.2958894324037 2.750318613252603 253.3564855454446 247.19332295656207 268.88295898138051 1.4863480418533797 22.382436069016698
decision_type=2 2 2 2 2 2 2
left_child=5 2 3 -2 -4 -1 -7
right_child=1 -3 4 -5 -6 6 -8
leaf_value=-0.10467803049347918 -0.0062817807753680899 0.092896017864509739 -0.026943061127991941 0.094694713828980967 0.022576327226522166 -0.092883211135010343 0.019218123093024526
leaf_weight=9.1386413425207156 10.725972056388857 7.5918616056442252 39.080262243747711 10.250732481479643 35.879425212740898 5.230155795812605 7.7182629555463791
leaf_count=38 43 31 156 41 143 21 31
internal_value=0.000569766 0.0131911 0.00688368 0.0430626 -0.00324063 -0.0585899 -0.0260621
internal_weight=125.615 103.528 95.9364 20.9767 74.9597 22.0871 12.9484
internal_count=504 414 383 84 299 90 52
is_linear=0
shrinkage=0.1


Tree=4
num_leaves=8
num_cat=0
split_feature=2 4 0 9 7 1 1
split_gain=7.68162 4.33692 3.48231 2.69968 6.43579 3.92036 1.4603
threshold=246.06691441284087 2.750318613252603 270.00215321779257 40.121154540174381 27.48399634202104 272.10225974390227 259.36598397335439
decision_type=2 2 2 2 2 2 2
left_child=2 3 -1 5 -5 -2 -4
right_child=1 -3 6 4 -6 -7 -8
leaf_value=-0.10498988944627992 -0.0002642764001368725 0.085139514665855842 0.020763394291876947 -0.11338714911746457 0.041615997801910193 0.049407358853854569 -0.04846828901016835
leaf_weight=8.2829485684633273 64.688982531428337 7.4619771391153327 4.9469859302043897 5.7511174082756025 5.0140697807073593 21.063177049160004 7.9315533488988876
leaf_count=35 259 31 20 23 20 84 32
internal_value=0.000512331 0.0116894 -0.0544073 0.00601076 -0.0411918 0.0119365 -0.0218746
internal_weight=125.141 103.979 21.1615 96.5173 10.7652 85.7522 12.8785
internal_count=504 417 87 386 43 343 52
is_linear=0
shrinkage=0.1


Tree=5
num_leaves=12
num_cat=0
split_feature=2 9 7 7 9 0 3 6 5 5 1
split_gain=6.60334 7.43854 7.7582 7.13739 4.37825 3.93232 5.26121 7.23787 6.26685 3.03422 1.52592
threshold=254.67551352110752 36.273664287825724 22.319895805768812 20.196194464882847 34.998891785393688 280.34555635383811 43.703831639255419 26.703477809945543 1.5546565346740755 1.7444176298300533 258.8979356224666
decision_type=2 2 2 2 2 2 2 2 2 2 2
left_child=1 2 3 -1 -4 6 8 -8 -2 -7 -3
right_child=5 10 4 -5 -6 9 7 -9 -10 -11 -12
leaf_value=0.050429292317974411 0.0099166425126763283 -0.067476875108396756 0.11240589246349129 -0.089187838029883532 -0.010367211216615175 0.12152991319309968 0.034424559701457573 -0.070799991397046028 -0.12212504323683526 0.020578339434810713 -0.14595259238055128
leaf_weight=5.1194596439600053 8.4960630536079389 4.7723987400531751 6.241267576813696 12.857267573475836 5.4332531243562698 5.7665930986404401 50.974218666553497 7.4985995739698401 6.2301941663026801 6.1552089899778366 5.1532776802778244
leaf_count=21 34 20 25 53 22 23 205 30 25 25 21
internal_value=0.000459167 -0.033289 -0.00820585 -0.0494273 0.055268 0.0161503 0.00747624 0.0209305 -0.0459458 0.0694088 -0.10822
internal_weight=124.698 39.5769 29.6512 17.9767 11.6745 85.1209 73.1991 58.4728 14.7263 11.9218 9.92568
internal_count=504 162 121 74 47 342 294 235 59 48 41
is_linear=0
shrinkage=0.1


Tree=6
num_leaves=10
num_cat=0
split_feature=2 7 9 7 0 8 5 4 9
split_gain=5.51925 8.30168 4.25676 4.66021 7.32515 5.37069 4.46758 4.96328 2.04139
threshold=276.97169168822251 23.565300096396758 37.591939659190892 22.28620476110132 250.36979917997203 32.629311544256595 1.2450726015381719 2.0544894341758075 38.735689447318883
decision_type=2 2 2 2 2 2 2 2 2
left_child=2 -2 3 5 -5 -1 -4 -8 -3
right_child=1 8 6 4 -6 -7 7 -9 -10
leaf_value=0.0062967514481866759 -0.058652616661786595 0.12816505981099977 0.037102848792733421 0.11539353842675149 0.0067389702933485542 -0.076512404733854733 -0.092929151824483872 0.011459934155378118 0.047765885285919601
leaf_weight=20.945011034607887 4.9211161434650448 7.4258574694395048 5.6808248460292843 7.4210769683122626 37.854643374681473 12.509852677583693 15.559341818094255 6.4398234635591498 5.4949859380722046
leaf_count=85 20 30 23 30 153 52 63 26 22
internal_value=0.000405646 0.0518761 -0.00822446 0.00363483 0.0245484 -0.0246683 -0.041956 -0.0623713 0.0939728
internal_weight=124.253 17.842 106.411 78.7306 45.2757 33.4549 27.68 21.9992 12.9208
internal_count=504 72 432 320 183 137 112 89 52
is_linear=0
shrinkage=0.1


Tree=7
num_leaves=7
num_cat=0
split_feature=2 4 0 2 2 9
split_gain=5.09165 3.46454 3.30369 2.75127 4.88781 2.73767
threshold=246.06691441284087 2.750318613252603 280.16758341171357 249.73626195800657 254.67551352110752 34.998891785393688
decision_type=2 2 2 2 2 2
left_child=2 3 5 -2 -5 -1
right_child=1 -3 -4 4 -6 -7
leaf_value=-0.041736370221780894 0.064029323783216283 0.076068003452707408 0.0047990671124953739 -0.063998314761672823 0.0082468016208843212 -0.13884976236367672
leaf_weight=7.9560802578926104 7.1596513092517844 7.2547572106122962 8.094532907009123 10.639958158135412 78.138694360852242 4.5703830122947693
leaf_count=34 29 31 33 43 314 20
internal_value=0.000370953 0.00943607 -0.0449934 0.00439744 -0.000411643 -0.077169
internal_weight=123.814 103.193 20.621 95.9383 88.7787 12.5265
internal_count=504 417 87 386 357 54
is_linear=0
shrinkage=0.1


Tree=8
num_leaves=9
num_cat=0
split_feature=5 5 2 7 5 9 2 0
split_gain=4.38966 6.55684 6.6658 4.28929 4.07912 3.88921 3.29989 5.25575
threshold=2.0418497941205724 1.9979423868312762 254.67551352110752 21.603057552760816 2.1459984868022857 36.273664287825724 280.98634903221051 278.14305127753352
decision_type=2 2 2 2 2 2 2 2
left_child=1 2 5 -4 -2 -1 7 -6
right_child=4 -3 3 -5 6 -7 -8 -9
leaf_value=-0.020323591457625339 0.092869605399212088 -0.11732673053671537 0.10006954815243832 0.0069921562920533965 -0.037720217383061277 -0.10175382245808867 0.085835078704922629 0.082538010207125367
leaf_weight=21.416495800018314 8.2191786170005781 5.4414106011390677 5.4865369051694861 50.72766786813736 14.336415186524397 8.077459365129469 4.752223625779151 4.8682212531566611
leaf_count=89 33 22 22 204 59 35 20 20
internal_value=0.000327553 -0.0108817 -0.00412378 0.0160766 0.0320816 -0.0426248 0.0112263 -0.00723572
internal_weight=123.326 91.1496 85.7082 56.2142 32.176 29.494 23.9569 19.2046
internal_count=504 372 350 226 132 124 99 79
is_linear=0
shrinkage=0.1


Tree=9
num_leaves=10
num_cat=0
split_feature=2 7 1 2 1 9 0 2 2
split_gain=3.75746 7.0613 3.39821 8.51429 5.37998 5.11021 4.89864 4.32896 1.96145
threshold=276.97169168822251 23.565300096396758 257.96904777891729 263.40540889883374 264.76698713344246 40.121154540174381 256.69563060998922 255.99427282507855 280.98634903221051
decision_type=2 2 2 2 2 2 2 2 2
left_child=2 -2 3 6 7 -6 -1 -4 -3
right_child=1 8 4 -5 5 -7 -8 -9 -10
leaf_value=-0.048361074506301456 -0.058895585992989621 0.12778677415760994 -0.10927271009444939 0.13102566613093686 0.013517897762506845 -0.094942721586348408 0.033829127343564053 -0.024517699688322247 0.048318692549081312
leaf_weight=13.150356143712999 4.8950219899415996 5.4529185742139799 9.5421783924102801 5.6502585709094992 39.536035642027855 4.8802732527256003 16.166479513049126 16.355748653411865 7.2162047475576401
leaf_count=55 20 22 40 23 160 20 68 66 30
internal_value=0.000291808 0.0431102 -0.0068516 0.018625 -0.019521 0.00160071 -0.0030381 -0.055746 0.0825226
internal_weight=122.845 17.5641 105.281 34.9671 70.3142 44.4163 29.3168 25.8979 12.6691
internal_count=504 72 432 146 286 180 123 106 52
is_linear=0
shrinkage=0.1


Tree=10
num_leaves=9
num_cat=0
split_feature=5 5 2 8 5 9 2 3
split_gain=3.70344 5.33867 4.7521 3.87445 3.32357 3.18911 2.88547 2.40443
threshold=2.0418497941205724 1.9979423868312762 254.67551352110752 36.656946897506721 2.1271825185417814 36.273664287825724 279.17958706473109 74.937194192285062
decision_type=2 2 2 2 2 2 2 2
left_child=1 2 5 -4 -2 -1 7 -6
right_child=4 -3 3 -5 6 -7 -8 -9
leaf_value=-0.01674679745546211 0.092186442591991727 -0.10683174226448433 0.037650865202750364 -0.015087965511810903 -0.027924938893444714 -0.091531673183781734 0.082004115476376982 0.044846143637010373
leaf_weight=21.304427802562717 6.6913531720638302 5.3647259771823874 29.876902863383293 26.097966998815536 13.579756468534475 7.7862013280391684 4.880186364054679 6.8209997415542594
leaf_count=89 27 22 121 105 56 35 21 28
internal_value=0.000263615 -0.0100792 -0.00397739 0.0130617 0.0295171 -0.0367632 0.0129298 -0.0035939
internal_weight=122.403 90.4302 85.0655 55.9749 31.9723 29.0906 25.2809 20.4008
internal_count=504 372 350 226 132 124 105 84
is_linear=0
shrinkage=0.1


Tree=11
num_leaves=9
num_cat=0
split_feature=5 5 2 0 5 0 2 9
split_gain=3.01855 4.40015 3.88615 3.59451 2.75943 2.72977 3.83899 2.71848
threshold=2.0418497941205724 1.9979423868312762 254.67551352110752 280.34555635383811 2.1459984868022857 278.14305127753352 261.15468611609953 36.273664287825724
decision_type=2 2 2 2 2 2 2 2
left_child=1 2 7 -4 -2 6 -6 -1
right_child=4 -3 3 -5 5 -7 -8 -9
leaf_value=-0.015105358321945365 0.076941949890452235 -0.097638934731168303 0.0016840299154966085 0.07549887607791772 -0.06782012327000822 0.076541321368865156 0.026126954323653084 -0.084901228439859949
leaf_weight=21.259985521435741 8.1368282735347766 5.2868483215570441 48.224380075931549 7.6425982713699332 6.7991115748882356 4.8285611420869818 12.073305666446684 7.5664983838796607
leaf_count=89 33 22 195 31 28 20 51 35
internal_value=0.000233479 -0.00913009 -0.00360507 0.0117819 0.0266969 0.00944714 -0.00771909 -0.0334257
internal_weight=121.818 89.9803 84.6935 55.867 31.8378 23.701 18.8724 28.8265
internal_count=504 372 350 226 132 99 79 124
is_linear=0
shrinkage=0.1


Tree=12
num_leaves=8
num_cat=0
split_feature=2 7 2 1 1 9 2
split_gain=2.64752 5.99595 3.82418 3.60984 5.75776 4.58732 1.80813
threshold=276.97169168822251 23.565300096396758 274.05323452879401 271.4465832191716 258.42033427906938 37.564258871187086 280.98634903221051
decision_type=2 2 2 2 2 2 2
left_child=2 -2 3 4 -1 -5 -3
right_child=1 6 -4 5 -6 -7 -8
leaf_value=0.019927341327745575 -0.05745462949680516 0.11745766913835086 -0.075444147284354279 0.079763855087516905 -0.03398393700790947 -0.030206952428454961 0.040264322655546546
leaf_weight=36.433668553829193 4.8749361932277706 5.3260191231966001 7.3316895663738242 10.950188413262369 43.419287025928497 5.8035644441843024 7.0522216409444809
leaf_count=154 20 22 30 45 179 24 30
internal_value=0.000205485 0.036483 -0.00581637 -0.000532167 -0.0093864 0.0416695 0.0734785
internal_weight=121.192 17.2532 103.938 96.6067 79.853 16.7538 12.3782
internal_count=504 72 432 402 333 69 52
is_linear=0
shrinkage=0.1


Tree=13
num_leaves=9
num_cat=0
split_feature=5 5 2 9 7 1 1 5
split_gain=2.54719 3.72497 3.23873 3.86738 3.11607 2.58447 3.54317 4.0843
threshold=2.0418497941205724 1.9979423868312762 250.53523376298378 35.049732037481697 22.319895805768812 273.02994605433793 267.85618834827824 2.1459984868022857
decision_type=2 2 2 2 2 2 2 2
left_child=1 2 4 -4 -1 6 7 -2
right_child=5 -3 3 -5 -6 -7 -8 -9
leaf_value=-0.0763439083848549 0.091355830525777379 -0.090670886750110383 0.041982248136124917 -0.010247977687407815 -0.001622188734722645 -0.028107233764908753 0.10213126471277521 -0.01417204278374954
leaf_weight=10.299530982971193 5.1849216669797995 5.1883922815322867 22.105891048908234 39.522974759340286 12.182229384779928 7.186930537223815 6.6888947337865821 12.532866626977919
leaf_count=45 21 22 90 161 54 31 28 52
internal_value=0.000196183 -0.00843772 -0.00336514 0.00848668 -0.0358543 0.0245998 0.0401202 0.0167096
internal_weight=120.893 89.299 84.1106 61.6289 22.4818 31.5936 24.4067 17.7178
internal_count=504 372 350 251 99 132 101 73
is_linear=0
shrinkage=0.1


Tree=14
num_leaves=9
num_cat=0
split_feature=4 0 6 9 4 5 0 8
split_gain=2.4805 2.96613 4.18752 4.95336 4.41582 3.33492 1.50859 1.27499
threshold=2.750318613252603 253.06262733919195 23.214217841625217 32.492506107491913 1.5452603261892153 1.561689946883051 247.19332295656207 34.895174026489265
decision_type=2 2 2 2 2 2 2 2
left_child=1 5 3 -3 -4 7 -7 -1
right_child=-2 2 4 -5 -6 6 -8 -9
leaf_value=0.022437990579792851 0.053684805322551855 0.001392478943500813 -0.025362717211438426 -0.073505333386294211 0.031433423224060029 0.030612864099113481 0.1014467910823784 -0.050485627414969848
leaf_weight=4.7456845343112963 8.0817937254905683 16.608390912413597 25.102337390184402 18.85385762155056 30.107677951455116 6.2616997808217985 5.7840200364589691 4.8455987870693207
leaf_count=20 36 69 106 79 124 26 24 20
internal_value=0.000175848 -0.00367467 -0.0116133 -0.0384277 0.00560992 0.0295933 0.0646253 -0.0144036
internal_weight=120.391 112.309 90.6723 35.4622 55.21 21.637 12.0457 9.59128
internal_count=504 468 378 148 230 90 50 40
is_linear=0
shrinkage=0.1


Tree=15
num_leaves=8
num_cat=0
split_feature=2 7 2 1 1 9 2
split_gain=2.17386 4.87886 3.2974 2.85517 4.90404 3.63492 1.57843
threshold=276.97169168822251 23.565300096396758 274.05323452879401 271.4465832191716 258.42033427906938 37.564258871187086 280.98634903221051
decision_type=2 2 2 2 2 2 2
left_child=2 -2 3 4 -1 -5 -3
right_child=1 6 -4 5 -6 -7 -8
leaf_value=0.018944642636105808 -0.051602435173497219 0.10882798535057477 -0.069965586843569433 0.071714263466361769 -0.031035854314032121 -0.026531704560983749 0.035953079620631455
leaf_weight=36.072798982262611 4.8375403583049801 5.1981968432664853 7.3253468871116629 10.780740320682527 43.072126150131226 5.7875489741563788 6.9403737634420395
leaf_count=154 20 22 30 45 179 24 30
internal_value=0.000160575 0.0333179 -0.00530226 -0.000353291 -0.00825566 0.0373955 0.0671609
internal_weight=120.015 16.9761 103.039 95.7132 79.1449 16.5683 12.1386
internal_count=504 72 432 402 333 69 52
is_linear=0
shrinkage=0.1


Tree=16
num_leaves=6
num_cat=0
split_feature=4 6 6 6 4
split_gain=2.07232 2.54502 6.48597 3.38194 2.64123
threshold=2.750318613252603 27.556564667339096 26.78932998210507 25.852294921875004 1.5598715733424555
decision_type=2 2 2 2 2
left_child=1 2 3 -1 -3
right_child=-2 4 -4 -5 -6
leaf_value=-0.0079903301220209579 0.049447993928909771 -0.002596989818293604 -0.11767498725142721 0.061694516516972456 0.095459886871170407
leaf_weight=87.894457295536995 7.9613774567842475 6.0201007574796659 5.1504470556974402 7.5638147890567771 5.0522690415382385
leaf_count=369 36 25 22 31 21
internal_value=0.000155383 -0.00335853 -0.00836646 -0.00246872 0.0421459
internal_weight=119.642 111.681 100.609 95.4583 11.0724
internal_count=504 468 422 400 46
is_linear=0
shrinkage=0.1


Tree=17
num_leaves=11
num_cat=0
split_feature=0 2 2 0 1 1 1 5 4 5
split_gain=1.97846 3.44811 3.17997 2.9587 2.59589 4.27687 4.51389 2.31175 3.63667 3.4761
threshold=253.06262733919195 262.25977654499377 275.31447599275197 248.08433535059183 270.99562556260349 273.02994605433793 274.32906413466111 2.0350748604162603 2.2744156058981448 1.5360953938413908
decision_type=2 2 2 2 2 2 2 2 2 2
left_child=1 3 -3 -1 7 -6 -7 9 -9 -2
right_child=4 2 -4 -5 5 6 -8 8 -10 -11
leaf_value=-0.07376052882490805 -0.0047860716425494427 0.097406440977350517 -0.0052606578293142719 0.036216647636994621 0.074793150825128427 -0.092322552959630072 0.017178178813605449 0.082397816816559666 -0.018639068761352764 -0.058470644741009638
leaf_weight=4.8492045849561709 27.500118151307106 8.3309832662343961 4.7296302765607825 4.9364568740129471 9.1972048282623309 4.7853784263134029 17.647915124893188 5.3833897262811652 10.53163707256317 21.483920395374298
leaf_count=20 118 35 20 21 39 20 75 22 44 90
internal_value=0.000137754 0.0266001 0.0602277 -0.0182816 -0.00612525 0.0173645 -0.00618007 -0.0175737 0.0155375 -0.0283316
internal_weight=119.376 22.8463 13.0606 9.78566 96.5296 31.6305 22.4333 64.8991 15.915 48.984
internal_count=504 96 55 41 408 134 95 274 66 208
is_linear=0
shrinkage=0.1


Tree=18
num_leaves=12
num_cat=0
split_feature=7 3 5 0 7 7 2 7 7 5 3
split_gain=1.81092 6.77318 7.02881 5.74377 5.10641 5.19436 3.91955 3.84115 3.78793 2.72835 1.96723
threshold=22.28620476110132 73.739336086531623 1.674664487521895 259.00026915222412 22.732064308168358 23.490136631349241 248.22114755841378 23.153298696857259 24.45423827456138 2.0840375147244519 69.210559057641845
decision_type=2 2 2 2 2 2 2 2 2 2 2
left_child=1 2 3 -1 10 7 -3 -6 -7 -4 -2
right_child=4 6 9 -5 5 8 -8 -9 -10 -11 -12
leaf_value=-0.07544068850247429 0.11006554501254191 -0.017706172696340793 -0.14683779729343807 0.066619626241980742 -0.014716073386318338 0.048245565205945487 0.10258672869428319 -0.11928093241246612 -0.0056948543502558261 -0.0475207199056722 0.023923290103736956
leaf_weight=5.0433918833732623 6.0441344380378705 5.1440402269363386 6.7045465409755689 6.5326198041439056 9.3419938087463361 19.313209131360054 5.7213176488876343 5.6304413080215445 39.946484640240669 4.7085294723510742 4.7224448621273041
leaf_count=22 25 22 29 28 39 83 24 24 168 20 20
internal_value=0.000132711 -0.0194261 -0.0501764 0.00472734 0.00792286 -0.00141171 0.0456359 -0.0540381 0.0118848 -0.105864 0.0722818
internal_weight=118.853 33.8544 22.9891 11.576 84.9987 74.2321 10.8654 14.9724 59.2597 11.4131 10.7666
internal_count=504 145 99 50 359 314 46 63 251 49 45
is_linear=0
shrinkage=0.1


Tree=19
num_leaves=8
num_cat=0
split_feature=5 1 1 2 1 8 0
split_gain=1.79119 2.47238 3.55266 3.82287 3.37206 4.52449 3.04077
threshold=0.89616777526030467 257.96904777891729 264.76698713344246 256.75457310820661 256.04351219212589 37.227998941697479 262.27302741725003
decision_type=2 2 2 2 2 2 2
left_child=-1 4 3 -3 5 -2 -4
right_child=1 2 6 -5 -6 -7 -8
leaf_value=-0.062010327139773946 0.0294110216344338 -0.091606764831823645 0.05584528064603194 -0.010047964523941008 0.079665536232705128 -0.076581155542894352 -0.0038134542563443663
leaf_weight=4.466285213828086 18.672258004546169 8.6555391252040881 10.530649513006209 17.1032854616642 8.5814128369092924 5.1349076330661765 45.275294244289398
leaf_count=20 80 39 44 71 36 23 191
internal_value=0.000112251 0.00254708 -0.00673486 -0.0374535 0.025922 0.00654984 0.00744422
internal_weight=118.42 113.953 81.5648 25.7588 32.3886 23.8072 55.8059
internal_count=504 484 345 110 139 103 235
is_linear=0
shrinkage=0.1


Tree=20
num_leaves=6
num_cat=0
split_feature=4 6 6 9 4
split_gain=1.71114 2.11949 4.87518 3.1157 2.21011
threshold=2.750318613252603 27.556564667339096 26.78932998210507 39.750734091044613 1.5598715733424555
decision_type=2 2 2 2 2
left_child=1 2 3 -1 -3
right_child=-2 4 -4 -5 -6
leaf_value=0.0018258201256024975 0.045533140240908765 -0.0024792799376018096 -0.10440617162548804 -0.076704760388545373 0.087471560584144917
leaf_weight=88.883149102330208 7.7428267300128928 5.9926184117794019 4.9547204226255408 5.3566507250070563 5.0194209218025208
leaf_count=378 36 25 22 22 21
internal_value=9.20315e-05 -0.00310054 -0.00772119 -0.00263791 0.0385214
internal_weight=117.949 110.207 99.1945 94.2398 11.012
internal_count=504 468 422 400 46
is_linear=0
shrinkage=0.1


Tree=21
num_leaves=14
num_cat=0
split_feature=6 4 4 6 5 3 6 4 4 9 2 9 8
split_gain=1.50831 3.81241 6.07895 4.91866 4.19263 3.56304 11.7072 6.16016 8.58329 3.53767 2.57984 1.98623 1.84761
threshold=23.214217841625217 1.7093419644998213 1.8496551241260022 26.619290299306162 1.2450726015381719 74.937194192285062 21.758158206939701 1.4067651904800147 0.96840482706546382 32.492506107491913 271.21848820180259 38.010516394872916 31.066116079688076
decision_type=2 2 2 2 2 2 2 2 2 2 2 2 2
left_child=5 4 -3 -4 11 7 12 8 -1 -9 -6 -2 -7
right_child=1 2 3 -5 10 6 -8 9 -10 -11 -12 -13 -14
leaf_value=-0.065400065036306798 -0.0021540884455150872 0.13774833159270633 0.044041506930431212 -0.058640780217177869 -0.05882494007484676 0.054357031975401204 -0.079400277272956427 -0.016239182599292391 0.10329664410872869 -0.092060334242188971 0.010061090788103296 0.079331656557306673 0.14254641451959071
leaf_weight=5.4050478935241681 6.2160401791334134 4.99665439128876 17.315479174256328 6.3853427469730368 15.909842714667322 4.8951165974140149 6.2066030800342551 11.18500827252865 6.8238011300563812 13.680154517292975 8.2587980180978757 5.7662251591682434 4.6156009882688522
leaf_count=24 27 21 74 28 69 21 27 48 29 58 34 24 20
internal_value=7.86679e-05 0.0102962 0.0375099 0.0163774 -0.0113067 -0.0124677 0.0274357 -0.0293754 0.0287341 -0.057954 -0.0352855 0.0370593 0.0971558
internal_weight=117.66 64.8484 28.6975 23.7008 36.1509 52.8113 15.7173 37.094 12.2288 24.8652 24.1686 11.9823 9.51072
internal_count=504 277 123 102 154 227 68 159 53 106 103 51 41
is_linear=0
shrinkage=0.1


Tree=22
num_leaves=11
num_cat=0
split_feature=7 3 5 0 7 6 3 2 5 3
split_gain=1.51419 4.85324 5.4564 4.62827 3.99531 4.58531 4.75223 2.98778 2.3097 1.80559
threshold=22.28620476110132 73.739336086531623 1.674664487521895 259.00026915222412 22.732064308168358 22.418974855545517 88.433634676421434 248.22114755841378 2.0840375147244519 69.210559057641845
decision_type=2 2 2 2 2 2 2 2 2 2
left_child=1 2 3 -1 9 -6 -7 -3 -4 -2
right_child=4 7 8 -5 5 6 -8 -9 -10 -11
leaf_value=-0.068495504452149511 0.10130405468565409 -0.017389260165082715 -0.13334576555757122 0.05967475341295856 -0.10423276478865058 0.014599250202308067 -0.06660072259822114 0.088849500945841153 -0.04109653304572039 0.017788660102112688
leaf_weight=4.9704530686140078 5.930380314588545 5.0958353579044324 6.3906913548707944 6.5039795637130737 4.0670175999402991 61.100131988525391 8.1714366525411588 5.5089675784111023 4.717756524682045 4.5941823720932007
leaf_count=22 25 22 29 28 17 262 35 24 20 20
internal_value=7.55466e-05 -0.0180045 -0.0442098 0.00415443 0.00723049 -0.00103798 0.00502071 0.0377995 -0.0941675 0.0648479
internal_weight=117.051 33.1877 22.5829 11.4744 83.8631 73.3386 69.2716 10.6048 11.1084 10.5246
internal_count=504 145 99 50 359 314 297 46 49 45
is_linear=0
shrinkage=0.1


Tree=23
num_leaves=9
num_cat=0
split_feature=8 6 8 9 7 9 0 5
split_gain=1.525 4.07709 2.95125 2.06212 2.24341 1.76613 1.63672 2.27888
threshold=39.56732608353758 25.191685265295018 38.993361040526977 37.591939659190892 22.28620476110132 38.312324607984216 279.67842578887945 1.4571768793742523
decision_type=2 2 2 2 2 2 2 2
left_child=2 -2 3 4 -1 -5 7 -3
right_child=1 6 -4 5 -6 -7 -8 -9
leaf_value=-0.014049636065875191 -0.10397354377806117 -0.071928619997657151 0.076230918567654293 -0.086840914241864964 0.020098894426279365 2.341998514157441e-05 0.050043763276095533 0.016361135106163362
leaf_weight=32.24253237247467 4.9139985591173199 4.9482349902391451 5.5575148165225974 4.6671559512615186 47.698502689599991 4.6955866515636444 4.6498800069093695 7.1445963233709335
leaf_count=142 22 21 24 20 204 20 20 31
internal_value=5.92295e-05 -0.0238843 0.0055255 0.00112539 0.0063258 -0.0432769 -0.000377986 -0.0197659
internal_weight=116.518 21.6567 94.8613 89.3038 79.941 9.36274 16.7427 12.0928
internal_count=504 94 410 386 346 40 72 52
is_linear=0
shrinkage=0.1


Tree=24
num_leaves=7
num_cat=0
split_feature=2 2 3 2 0 7
split_gain=1.43122 3.59115 2.90013 3.26995 2.49512 1.61185
threshold=246.2958894324037 249.73626195800657 95.711596590004987 254.67551352110752 280.16758341171357 21.300890505937776
decision_type=2 2 2 2 2 2
left_child=4 -2 3 -3 5 -1
right_child=1 2 -4 -5 -6 -7
leaf_value=-0.10088425170736735 0.076635350812708156 -0.063186734173320144 0.072469809739382496 0.0019512023007695841 0.019953080646919082 -0.024509997603402032
leaf_weight=4.4844109117984789 6.5249920934438697 8.5683106333017331 5.1795895397663108 76.648648738861084 7.5441757440567008 7.1999542266130447
leaf_count=22 27 38 22 327 33 35
internal_value=4.48956e-05 0.00498921 -0.000182337 -0.00459822 -0.024877 -0.0538221
internal_weight=116.15 96.9215 90.3965 85.217 19.2285 11.6844
internal_count=504 414 387 365 90 57
is_linear=0
shrinkage=0.1


Tree=25
num_leaves=9
num_cat=0
split_feature=0 0 8 4 6 7 0 1
split_gain=1.37808 2.2867 2.22205 1.842 2.12292 3.44626 2.80247 1.66279
threshold=253.06262733919195 247.19332295656207 33.95216163548676 2.750318613252603 23.214217841625217 20.570391825959593 285.91832318998064 255.38206110127254
decision_type=2 2 2 2 2 2 2 2
left_child=1 7 -3 4 5 -2 -6 -1
right_child=3 2 -4 -5 6 -7 -8 -9
leaf_value=-0.054554490995801119 0.025267843336992904 0.10654255022920167 0.015622780127089876 0.047055287307643974 -0.0052630441076202778 -0.047571348473265468 0.064014498638373829 0.023776901513025257
leaf_weight=4.7088416814804095 8.7745168358087522 4.7362304776906949 6.2158432900905609 6.279179409146308 46.975470826029778 25.009782090783119 6.6681086122989646 6.3840157389640808
leaf_count=20 39 21 27 30 202 109 28 28
internal_value=3.17643e-05 0.0225277 0.0549411 -0.0052605 -0.00901788 -0.0286534 0.00334843 -0.00947424
internal_weight=115.752 22.0449 10.9521 93.7071 87.4279 33.7843 53.6436 11.0929
internal_count=504 96 48 408 378 148 230 48
is_linear=0
shrinkage=0.1


Tree=26
num_leaves=7
num_cat=0
split_feature=2 8 2 6 8 9
split_gain=1.34143 1.46643 3.55038 2.89556 2.81525 1.855
threshold=224.90490346278196 39.56732608353758 255.99427282507855 25.767525349647489 38.993361040526977 37.591939659190892
decision_type=2 2 2 2 2 2
left_child=-1 4 -3 -4 5 -2
right_child=1 2 3 -5 -6 -7
leaf_value=-0.065737562409043424 0.0080127168926754661 -0.10217954151826253 -0.066885869229829462 0.02577395575476666 0.078389953113917124 -0.039360343373073446
leaf_weight=3.0198981612920752 77.010132193565369 4.3777533322572735 4.7327220439910915 11.733993813395498 5.2443439066410056 9.2595664709806424
leaf_count=15 336 22 20 49 22 40
internal_value=3.24687e-05 0.00180019 -0.0221372 -0.000857535 0.00725249 0.00292803
internal_weight=115.378 112.359 20.8445 16.4667 91.514 86.2697
internal_count=504 489 91 69 398 376
is_linear=0
shrinkage=0.1


Tree=27
num_leaves=8
num_cat=0
split_feature=9 6 7 9 4 7 7
split_gain=1.24847 8.94983 1.76137 5.01361 3.45388 4.61958 2.31858
threshold=41.013281708495292 28.388662338256839 23.490136631349241 35.998846796087868 1.136593818664551 24.357909337711916 23.034192616557203
decision_type=2 2 2 2 2 2 2
left_child=2 -2 3 6 -4 -6 -1
right_child=1 -3 4 -5 5 -7 -8
leaf_value=0.0094962175195495643 -0.13742944611576535 0.059858977344844459 0.077869008449552329 -0.088453796938669019 0.049942900029189774 -0.019906612555161549 -0.061398124409761813
leaf_weight=44.862607330083847 4.4416083842515928 4.7674555033445358 7.8345462679862967 6.9473102390766135 14.848668940365313 26.131090611219406 5.1418870985507956
leaf_count=198 20 20 33 32 66 113 22
internal_value=1.95395e-05 -0.0352949 0.00309437 -0.00885298 0.0170334 0.00540277 0.00220626
internal_weight=114.975 9.20906 105.766 56.9518 48.8143 40.9798 50.0045
internal_count=504 40 464 252 212 179 220
is_linear=0
shrinkage=0.1


Tree=28
num_leaves=7
num_cat=0
split_feature=2 7 2 5 5 6
split_gain=1.14707 3.17413 2.95892 2.31299 4.3174 1.53741
threshold=276.97169168822251 23.565300096396758 274.05323452879401 0.89616777526030467 1.0017678890608301 24.851562500000004
decision_type=2 2 2 2 2 2
left_child=2 -2 3 -1 -5 -3
right_child=1 5 -4 4 -6 -7
leaf_value=-0.076230543439002776 -0.046167195180864991 0.094010064838801033 -0.065852557212918036 0.10319697992007196 -0.00084700601013854037 0.020179208157847722
leaf_weight=3.7352492660284033 4.5064722150564185 5.069632411003111 7.1744533181190482 4.1881614923477164 83.577784031629562 6.3571330308914185
leaf_count=18 20 24 30 18 366 28
internal_value=9.12454e-06 0.0249056 -0.00401093 0.000837963 0.00411794 0.0529352
internal_weight=114.609 15.9332 98.6756 91.5012 87.7659 11.4268
internal_count=504 72 432 402 384 52
is_linear=0
shrinkage=0.1


Tree=29
num_leaves=9
num_cat=0
split_feature=0 5 2 4 6 3 3 3
split_gain=1.17539 2.35247 1.54364 1.53122 1.86317 5.45471 5.01639 1.18612
threshold=253.06262733919195 1.561689946883051 262.25977654499377 2.750318613252603 22.473231676965955 73.739336086531623 88.433634676421434 60.642635922744354
decision_type=2 2 2 2 2 2 2 2
left_child=1 7 -3 4 5 -2 -6 -1
right_child=3 2 -4 -5 6 -7 -8 -9
leaf_value=-0.054404333740053018 -0.059087343976756239 0.0084270066491488257 0.079118997206770375 0.043318834401810648 0.011925863828763148 0.057810992180751988 -0.068506370868444313 0.017732311169601538
leaf_weight=4.4871070981025714 17.744030207395557 5.3953725397586805 7.2256902009248734 6.1481634601950637 54.499716654419899 5.1502660661935797 9.040322504937647 4.6327121555805206
leaf_count=20 80 23 33 30 236 22 40 20
internal_value=1.26745e-05 0.0209369 0.0488989 -0.0049009 -0.00833082 -0.0327901 0.000482161 -0.0177602
internal_weight=114.323 21.7409 12.6211 92.5825 86.4343 22.8943 63.54 9.11982
internal_count=504 96 56 408 378 102 276 40
is_linear=0
shrinkage=0.1


Tree=30
num_leaves=9
num_cat=0
split_feature=1 1 2 0 5 5 0 0
split_gain=1.12561 4.24926 3.92295 4.38305 3.70131 2.84867 2.60651 2.36434
threshold=258.42033427906938 259.36598397335439 263.12408522490421 257.42943035078684 1.4670354090570055 1.0136280954247214 255.54136441367061 253.06262733919195
decision_type=2 2 2 2 2 2 2 2
left_child=2 -2 3 7 -5 -3 -7 -1
right_child=1 5 -4 4 -6 6 -8 -9
leaf_value=-0.013399166990392007 -0.08719508168078903 0.067372602043347593 0.082780634693212493 -0.027353349816280167 0.075800644340287077 0.047031223787252684 -0.013181873488389687 -0.10202631043839448
leaf_weight=9.2786260247230548 6.0465629845857611 5.7856303304433814 6.8500804752111426 5.6301734149456015 9.101563408970831 8.1970713287591916 58.466943025588989 4.4554499834775916
leaf_count=40 27 25 31 27 40 36 257 21
internal_value=1.25836e-05 -0.00665794 0.0148391 -0.00151054 0.0363773 6.35948e-05 -0.00577801 -0.0421506
internal_weight=113.812 78.4962 35.3159 28.4658 14.7317 72.4496 66.664 13.7341
internal_count=504 345 159 128 67 318 293 61
is_linear=0
shrinkage=0.1


Tree=31
num_leaves=10
num_cat=0
split_feature=9 6 1 0 9 8 3 7 1
split_gain=1.03918 7.44458 1.71225 3.36156 4.6349 2.50941 6.97883 3.43673 1.46514
threshold=41.013281708495292 28.388662338256839 270.99562556260349 276.19567651295307 36.499582920041391 35.301319417184693 84.341264353087027 22.28620476110132 275.40103835602525
decision_type=2 2 2 2 2 2 2 2 2
left_child=2 -2 5 4 -4 7 -7 -1 -5
right_child=1 -3 3 8 -6 6 -8 -9 -10
leaf_value=-0.013570937450032815 -0.12741699126665282 0.05424548333249244 -0.08342382764089569 0.094335866031018012 0.040103903452017912 -0.0056490562746382977 -0.12957344899524684 0.044206938273759613 0.029713114460386211
leaf_weight=23.252223655581474 4.3181005418300611 4.723465695977211 5.3636906445026415 6.1959830522537223 7.0036371946334839 30.634981565177441 5.3358209431171408 18.474429994821548 8.0883133709430677
leaf_count=105 20 20 24 27 31 135 25 81 36
internal_value=8.61932e-06 -0.0325135 0.00282657 0.0246982 -0.0134699 -0.00467578 -0.0240317 0.0120102 0.057744
internal_weight=113.391 9.04157 104.349 26.6516 12.3673 77.6975 35.9708 41.7267 14.2843
internal_count=504 40 464 118 55 346 160 186 63
is_linear=0
shrinkage=0.1


Tree=32
num_leaves=11
num_cat=0
split_feature=1 7 5 4 1 7 5 0 2 0
split_gain=0.988327 3.47134 4.36958 3.24407 2.70781 3.54326 2.61636 2.54881 1.73428 1.72261
threshold=257.96904777891729 22.28620476110132 1.674664487521895 1.1832722891913365 261.49661963178369 24.28271151289626 1.0017678890608301 262.27302741725003 256.99876651739368 256.03068733215338
decision_type=2 2 2 2 2 2 2 2 2 2
left_child=1 9 3 -3 5 8 -6 -8 -2 -1
right_child=4 2 -4 -5 6 -7 7 -9 -10 -11
leaf_value=-0.061683164255238981 -0.06062241939273201 0.067637328667985053 0.094952209013594566 -0.043854536354010251 0.078813329545507488 -0.11781078098774865 0.034655288065302138 -0.013795455397531639 0.024716345331613054 0.010148394631069335
leaf_weight=6.4817844033241254 4.1187467873096448 4.2796304821968096 8.5694765597581846 6.6885458528995514 4.2158429920673361 4.5899139344692221 14.108390033245085 47.122924111783504 5.6454246342182159 6.8845358416438103
leaf_count=30 20 19 39 30 18 21 62 208 25 32
internal_value=8.66958e-07 0.0145843 0.0414497 -0.000351955 -0.00601222 -0.0453457 0.00261452 -0.00263185 -0.0112815 -0.0246852
internal_weight=112.705 32.904 19.5377 10.9682 79.8012 14.3541 65.4472 61.2313 9.76417 13.3663
internal_count=504 150 88 49 354 66 288 270 45 62
is_linear=0
shrinkage=0.1


Tree=33
num_leaves=5
num_cat=0
split_feature=8 7 6 3
split_gain=2.48798 3.32371 3.52718 2.62221
threshold=27.733256340026859 20.196194464882847 20.067046026633388 88.433634676421434
decision_type=2 2 2 2
left_child=-1 -2 -3 -4
right_child=1 2 3 -5
leaf_value=-0.09532118668755761 0.063628991464420234 -0.11379486232860066 0.0068596519388571036 -0.0413678310938159
leaf_weight=2.6730921715497962 8.1829523742198926 2.7758810371160498 85.561790183186531 12.984990008175371
leaf_count=12 36 12 385 59
internal_value=-2.2026e-06 0.00232459 -0.00262644 0.000504971
internal_weight=112.179 109.506 101.323 98.5468
internal_count=504 492 456 444
is_linear=0
shrinkage=0.1


Tree=34
num_leaves=10
num_cat=0
split_feature=8 3 7 8 9 8 4 2 9
split_gain=1.01781 4.35032 4.32597 3.73795 2.46657 3.76788 2.60701 2.07953 1.02652
threshold=33.072997152749572 73.739336086531623 21.652263374485603 32.243361250805329 35.049732037481697 34.011730016083412 1.5371883683054588 257.50537731153582 31.542202025612895
decision_type=2 2 2 2 2 2 2 2 2
left_child=1 3 -2 7 5 -4 -6 -1 -3
right_child=2 8 4 -5 6 -7 -8 -9 -10
leaf_value=-0.081101446704759689 -0.086664409106460838 0.035684741630307208 -0.039670363246690599 0.062349825563507183 -0.030873112832005625 0.07513172134999381 0.010875363975794559 -0.0070472891749020355 0.0976724205754399
leaf_weight=6.0521515458822313 6.1444831416010848 5.2635085284709913 4.1434261202812186 5.2553233951330176 27.220471598207951 9.2217340692877752 33.201918259263039 10.153950974345205 5.4250193983316422
leaf_count=28 31 23 19 24 122 40 147 45 25
internal_value=-3.19472e-06 0.0150225 -0.00604679 -0.0109372 0.000666451 0.0395411 -0.00793245 -0.0347027 0.0671469
internal_weight=112.082 32.15 79.932 21.4614 73.7876 13.3652 60.4224 16.2061 10.6885
internal_count=504 145 359 97 328 59 269 73 48
is_linear=0
shrinkage=0.1


Tree=35
num_leaves=8
num_cat=0
split_feature=1 1 1 7 6 2 2
split_gain=0.945757 3.11104 3.10201 2.23296 2.64862 2.08867 2.80354
threshold=258.42033427906938 257.08081290929346 259.36598397335439 20.570391825959593 22.389531553194892 263.40540889883374 252.06915636783535
decision_type=2 2 2 2 2 2 2
left_child=1 5 -2 -4 -5 6 -1
right_child=2 -3 3 4 -6 -7 -8
leaf_value=0.015911325156064002 -0.076338319798916032 0.078814245711201159 0.06075787446621788 -0.047035239926768391 0.0041519586042318675 0.061504594154316222 -0.054314810581596477
leaf_weight=14.255216449499136 5.8213036358356467 6.0613089948892585 5.5055953562259665 12.468247368931769 53.416606485843658 4.6048587858676902 9.4553239196538907
leaf_count=69 27 27 25 55 238 22 41
internal_value=-3.14559e-06 0.013794 -0.006146 -0.000422398 -0.00553486 -0.000124483 -0.0120936
internal_weight=111.588 34.3767 77.2118 71.3904 65.8849 28.3154 23.7105
internal_count=504 159 345 318 293 132 110
is_linear=0
shrinkage=0.1


Tree=36
num_leaves=8
num_cat=0
split_feature=2 2 3 6 0 5 3
split_gain=0.870541 2.49357 2.44745 2.45499 2.30455 2.06881 1.70283
threshold=246.2958894324037 249.73626195800657 95.016277182876522 19.665370085412913 275.76787452614536 1.4670354090570055 76.762578159823605
decision_type=2 2 2 2 2 2 2
left_child=4 -2 3 -3 5 -1 -6
right_child=1 2 -4 -5 6 -7 -8
leaf_value=-0.12553463486769689 0.064851947924523201 -0.081238900438574388 0.065073811085393465 -0.00085369543890883779 0.059392972901571674 -0.021522223243046291 -0.024628569980027489
leaf_weight=2.9782091453671473 6.2595211863517752 3.9947094321250907 5.3428911566734305 77.643270432949066 4.3571190834045392 5.3428952991962433 5.4033164978027344
leaf_count=20 27 18 24 345 20 25 25
internal_value=-3.03769e-06 0.00389118 -0.000495824 -0.0047871 -0.0200842 -0.0587493 0.0128792
internal_weight=111.322 93.2404 86.9809 81.638 18.0815 8.3211 9.76044
internal_count=504 414 387 363 90 45 45
is_linear=0
shrinkage=0.1


Tree=37
num_leaves=5
num_cat=0
split_feature=8 8 8 9
split_gain=1.7601 3.04126 5.05719 2.01635
threshold=27.733256340026859 29.748019092087052 30.404267311096195 32.223059890733992
decision_type=2 2 2 2
left_child=-1 -2 -3 -4
right_child=1 2 3 -5
leaf_value=-0.081396953688164242 0.064775432049520396 -0.13836415204527241 0.045112275739297401 -0.0035080029300268525
leaf_weight=2.5953727513551703 7.1903347373008719 2.668660342693328 9.4330139607191068 89.064827866852283
leaf_count=12 33 12 42 405
internal_value=-1.47836e-05 0.00193449 -0.00253188 0.0011483
internal_weight=110.952 108.357 101.167 98.4978
internal_count=504 492 459 447
is_linear=0
shrinkage=0.1


Tree=38
num_leaves=5
num_cat=0
split_feature=8 8 8 3
split_gain=1.44225 2.48514 4.1449 1.93287
threshold=27.733256340026859 29.748019092087052 30.404267311096195 88.433634676421434
decision_type=2 2 2 2
left_child=-1 -2 -3 -4
right_child=1 2 3 -5
leaf_value=-0.074085071628903196 0.058789163202222494 -0.12592614472640135 0.0064178404980117483 -0.035411555383038286
leaf_weight=2.5678351670503607 7.1333012357354155 2.6404126286506644 85.819743655622005 12.6789134144783
leaf_count=12 33 12 389 58
internal_value=-1.42281e-05 0.00174247 -0.00228101 0.00103349
internal_weight=110.84 108.272 101.139 98.4987
internal_count=504 492 459 447
is_linear=0
shrinkage=0.1


Tree=39
num_leaves=5
num_cat=0
split_feature=8 7 6 0
split_gain=1.18305 2.34629 2.792 2.19541
threshold=27.733256340026859 20.196194464882847 20.067046026633388 250.36979917997203
decision_type=2 2 2 2
left_child=-1 -2 -3 -4
right_child=1 2 3 -5
leaf_value=-0.067500232242305377 0.054247387622908982 -0.10351214923890423 0.039719336864068838 -0.0054849879950395926
leaf_weight=2.5380934923887244 7.8418847024440756 2.6662331074476233 12.291556887328623 85.317872785031796
leaf_count=12 36 12 59 385
internal_value=-1.50257e-05 0.00156921 -0.00255039 0.000207408
internal_weight=110.656 108.118 100.276 97.6094
internal_count=504 492 456 444
is_linear=0
shrinkage=0.1


Tree=40
num_leaves=5
num_cat=0
split_feature=8 7 6 3
split_gain=0.971111 1.9089 2.28165 2.03696
threshold=27.733256340026859 20.196194464882847 20.067046026633388 88.433634676421434
decision_type=2 2 2 2
left_child=-1 -2 -3 -4
right_child=1 2 3 -5
leaf_value=-0.061537700263337373 0.049032521756325269 -0.093934353257466394 0.0058003821245109716 -0.0370330810760078
leaf_weight=2.5072724223136893 7.8100135922431937 2.6453418135642996 84.741613194346428 12.776261657476423
leaf_count=12 36 12 385 59
internal_value=-1.309e-05 0.00141559 -0.00229724 0.000188575
internal_weight=110.481 107.973 100.163 97.5179
internal_count=504 492 456 444
is_linear=0
shrinkage=0.1


Tree=41
num_leaves=7
num_cat=0
split_feature=4 5 5 6 5 6
split_gain=0.938317 1.43862 2.49575 4.7024 2.11772 1.68194
threshold=2.750318613252603 2.2424231569216224 2.0418497941205724 23.817643600708951 1.9979423868312762 23.142012882882458
decision_type=2 2 2 2 2 2
left_child=1 2 4 -4 -1 -3
right_child=-2 5 3 -5 -6 -7
leaf_value=-0.0011761810983750935 0.03520347185285199 0.0035223881519002007 -0.016784701928161134 0.10700658361378962 -0.073115852217288835 -0.08031649993508358
leaf_weight=77.0640929043293 7.0800340175628653 4.679745212197302 6.3158324807882291 5.9683760553598404 4.3214159756898871 4.8966289758682251
leaf_count=350 36 21 28 26 22 21
internal_value=-1.37195e-05 -0.00242872 0.00134559 0.0433602 -0.00499604 -0.0393464
internal_weight=110.326 103.246 93.6697 12.2842 81.3855 9.57637
internal_count=504 468 426 54 372 42
is_linear=0
shrinkage=0.1


Tree=42
num_leaves=10
num_cat=0
split_feature=8 7 8 3 2 9 8 7 0
split_gain=0.889123 3.48275 3.34592 2.93859 2.62423 2.02737 3.04435 2.22632 1.92465
threshold=33.072997152749572 21.652263374485603 32.243361250805329 80.068491433458675 257.50537731153582 35.049732037481697 34.011730016083412 23.490136631349241 260.12156952607535
decision_type=2 2 2 2 2 2 2 2 2
left_child=2 -2 3 4 -1 6 -3 -7 -4
right_child=1 5 8 -5 -6 7 -8 -9 -10
leaf_value=-0.078390219810703127 -0.079428803482700525 -0.035585923499705026 0.1158920568084217 0.055063890896413184 0.0034692642876308459 -0.048835027919247098 0.068184348816972246 0.0015104117551043232 0.020822892137660781
leaf_weight=6.2631689757108786 5.9185091331601134 4.1074617803096762 4.2019441276788694 5.8653205186128607 10.450839169323443 10.695694275200365 9.0699359849095327 49.129968449473381 4.3175207898020744
leaf_count=30 31 19 20 27 48 50 40 219 20
internal_value=-7.54561e-06 -0.00565065 0.0143134 -0.00583485 -0.0272056 0.000330696 0.0358386 -0.0074904 0.0677126
internal_weight=110.02 78.9216 31.0988 22.5793 16.714 73.0031 13.1774 59.8257 8.51946
internal_count=504 359 145 105 78 328 59 269 40
is_linear=0
shrinkage=0.1


Tree=43
num_leaves=11
num_cat=0
split_feature=1 0 5 3 3 1 7 5 2 8
split_gain=0.939929 2.21868 2.3154 3.43685 3.16691 2.14716 2.97814 1.78792 2.4611 1.75639
threshold=257.96904777891729 244.74241209030154 1.4611199102867676 64.421146096855793 58.552029872971772 261.49661963178369 24.28271151289626 1.0017678890608301 276.97169168822251 33.626757335995542
decision_type=2 2 2 2 2 2 2 2 2 2
left_child=1 -1 4 -4 -3 6 9 -7 -9 -2
right_child=5 2 3 -5 -6 7 -8 8 -10 -11
leaf_value=-0.049999949398623567 -0.050175137485551961 -0.07224142828637023 0.089241970653942126 -0.0025422989953381874 0.038808220234943284 0.065614364140976364 -0.10953657407356188 -0.01348576876571022 0.034945503260555934 0.036588870994109117
leaf_weight=4.5497367233037975 5.0201719477772695 4.6998879909515399 9.2406160384416598 7.304577834904193 5.6615089997649193 4.1089023798704138 4.404298558831214 46.54578260332346 13.546075992286204 4.3590099141001701
leaf_count=22 24 24 43 33 28 18 21 206 64 21
internal_value=-7.09351e-06 0.0145847 0.0255055 0.0487199 -0.0115635 -0.00589294 -0.0417042 0.00179549 -0.00256826 -0.00985124
internal_weight=109.441 31.4563 26.9066 16.5452 10.3614 77.9842 13.7835 64.2008 60.0919 9.37918
internal_count=504 150 128 76 52 354 66 288 270 45
is_linear=0
shrinkage=0.1


Tree=44
num_leaves=9
num_cat=0
split_feature=9 6 1 1 8 3 9 1
split_gain=0.80846 6.29292 1.30764 3.11568 2.16408 4.90166 2.97764 1.77735
threshold=41.013281708495292 28.388662338256839 270.99562556260349 273.02994605433793 35.301319417184693 84.341264353087027 35.1865061915788 275.12551440329224
decision_type=2 2 2 2 2 2 2 2
left_child=2 -2 4 -4 6 -6 -1 -5
right_child=1 -3 3 7 5 -7 -8 -9
leaf_value=0.0017570973966645543 -0.11939426410144899 0.050665964871288917 0.07674929114739823 -0.04491441157247069 -0.0073706779173691676 -0.11605963593527957 0.087107606871099363 0.021203574970376809
leaf_weight=34.943466432392597 4.1022406518459302 4.6338712424039841 7.3916824758052853 5.9780460447073009 29.845684044063091 4.8192745372652999 4.6290053576230994 12.709266096353529
leaf_count=165 20 20 34 26 135 25 21 58
internal_value=-1.28573e-05 -0.0291897 0.00252802 0.021791 -0.00423891 -0.0224811 0.011741 5.25199e-05
internal_weight=109.053 8.73611 100.316 26.079 74.2374 34.665 39.5725 18.6873
internal_count=504 40 464 118 346 160 186 84
is_linear=0
shrinkage=0.1


Tree=45
num_leaves=9
num_cat=0
split_feature=1 2 0 5 5 1 7 7
split_gain=0.786665 2.06466 2.94022 2.03406 2.00158 1.70445 1.65076 2.11206
threshold=257.96904777891729 263.40540889883374 260.52537455317423 1.9183740643905678 1.4670354090570055 259.36598397335439 20.570391825959593 23.918261931520572
decision_type=2 2 2 2 2 2 2 2
left_child=1 2 3 -1 -4 -2 -7 -8
right_child=5 -3 4 -5 -6 6 7 -9
leaf_value=-0.052813370122435532 -0.050908677649493542 0.070253098484682058 -0.017424613971641686 0.025769883255430327 0.071987734506318152 0.053921242263386286 -0.025112533508240154 0.011286158938028057
leaf_weight=10.073557697236543 7.4503583982586852 5.297200232744216 3.8376578539609891 4.8941314518451682 7.202692061662674 5.1458014994859687 28.754194967448711 35.776852920651436
leaf_count=47 36 27 21 23 32 25 131 162
internal_value=-2.06963e-05 0.0133487 0.00175863 -0.0271182 0.0409077 -0.0054472 -0.000586126 -0.00493262
internal_weight=108.432 31.3052 26.008 14.9677 11.0403 77.1272 69.6768 64.531
internal_count=504 150 123 70 53 354 318 293
is_linear=0
shrinkage=0.1


Tree=46
num_leaves=5
num_cat=0
split_feature=8 8 8 9
split_gain=0.806054 1.87437 3.43668 1.51557
threshold=27.733256340026859 29.748019092087052 30.404267311096195 32.859996017794288
decision_type=2 2 2 2
left_child=-1 -2 -3 -4
right_child=1 2 3 -5
leaf_value=-0.057143238776630849 0.052104829943342958 -0.11611241709354975 0.033594138843846134 -0.0039596971589593785
leaf_weight=2.4146981909871092 6.7920766100287429 2.5794796943664542 12.325190111994742 83.900187090039253
leaf_count=12 33 12 56 391
internal_value=-1.62805e-05 0.00129005 -0.00220308 0.000850449
internal_weight=108.012 105.597 98.8049 96.2254
internal_count=504 492 459 447
is_linear=0
shrinkage=0.1


Tree=47
num_leaves=9
num_cat=0
split_feature=0 0 0 3 3 3 0 8
split_gain=0.759571 2.07727 1.49123 2.14514 1.38105 3.89123 3.63759 1.26343
threshold=253.06262733919195 253.90383256706994 247.68654110729378 65.300205146712159 47.291797239031375 54.509156429520978 260.00073680756856 33.95216163548676
decision_type=2 2 2 2 2 2 2 2
left_child=2 -2 3 -1 6 -6 -3 -4
right_child=1 4 7 -5 5 -7 -8 -9
leaf_value=-0.061975028908395527 -0.10531442726628913 -0.10082393758903446 0.088547327798513903 0.028216270617871183 0.062054580870886424 -0.0050634075883543503 -0.0015426534348243635 0.01262310630873819
leaf_weight=4.3052364587783831 1.9785502403974522 4.7590272948145893 4.1430276781320554 6.8059841990470886 10.264538235962389 54.508613161742687 16.435799792408943 4.653564527630806
leaf_count=20 9 24 20 34 47 255 73 22
internal_value=-1.63869e-05 -0.0040091 0.0176222 -0.00672992 -0.00167756 0.00557271 -0.023835 0.048382
internal_weight=107.854 87.9465 19.9078 11.1112 85.968 64.7732 21.1948 8.79659
internal_count=504 408 96 54 399 302 97 42
is_linear=0
shrinkage=0.1


Tree=48
num_leaves=7
num_cat=0
split_feature=4 5 5 6 5 6
split_gain=0.718235 1.37339 1.9615 3.94758 1.57915 1.34299
threshold=2.750318613252603 2.2424231569216224 2.0418497941205724 23.817643600708951 1.9778822447844753 23.142012882882458
decision_type=2 2 2 2 2 2
left_child=1 2 4 -4 -1 -3
right_child=-2 5 3 -5 -6 -7
leaf_value=-0.00033130704471548905 0.03138749593620313 0.00053028778254377517 -0.015850741765064239 0.099192740085209646 -0.05701250766247104 -0.075243722951721048
leaf_weight=74.060338027775288 6.820239193737506 4.5279386192560178 6.2143832296133024 5.7355447858572006 5.2646390423178664 4.8383754044771194
leaf_count=345 36 21 28 26 27 21
internal_value=-1.72267e-05 -0.00214546 0.00159666 0.0393661 -0.00409312 -0.0386124
internal_weight=107.461 100.641 91.2749 11.9499 79.325 9.36631
internal_count=504 468 426 54 372 42
is_linear=0
shrinkage=0.1


Tree=49
num_leaves=6
num_cat=0
split_feature=9 6 5 5 4
split_gain=0.692331 5.19797 1.11799 1.91026 1.48443
threshold=41.013281708495292 28.388662338256839 0.78706965326560752 0.90909142066506765 1.2248492060755278
decision_type=2 2 2 2 2
left_child=2 -2 -1 -4 -5
right_child=1 -3 3 4 -6
leaf_value=0.081950024148056369 -0.11180694803893505 0.044964581875674176 -0.095421037732426786 0.027881929645779527 -0.003306721834214757
leaf_weight=1.7334870100021351 3.927047558128832 4.5833531469106674 2.0150348320603362 19.107453174889088 75.795015707612038
leaf_count=9 20 20 11 88 356
internal_value=-1.00822e-05 -0.0273762 0.00235073 0.000927004 0.00297273
internal_weight=107.161 8.5104 98.651 96.9175 94.9025
internal_count=504 40 464 455 444
is_linear=0
shrinkage=0.1


Tree=50
num_leaves=12
num_cat=0
split_feature=4 4 4 2 9 2 6 6 4 9 7
split_gain=0.750473 3.82817 2.18579 3.15888 4.98877 2.56745 2.0675 2.63237 1.80533 2.47173 1.91176
threshold=1.720857339373713 1.8347709675563948 1.2802269458770754 261.32110410502236 36.387114529192061 267.89285411421218 26.703477809945543 23.152399305570587 0.96840482706546382 35.049732037481697 23.644652223847643
decision_type=2 2 2 2 2 2 2 2 2 2 2
left_child=2 -2 8 4 -4 -5 7 -3 10 -10 -1
right_child=1 6 3 5 -6 -7 -8 -9 9 -11 -12
leaf_value=-0.054238382934494948 0.075724655660576637 -0.018206571325889709 -0.0031508855757892452 0.066165728388390133 -0.13084667837759342 -0.023003711445734713 -0.060091539120514861 0.034845749656684681 0.079513565987445467 0.00071177666437703322 0.027634942222935471
leaf_weight=6.5052557513117808 7.3170746117830268 20.654293596744537 6.2354104369878787 4.4525217711925533 6.0065759047865868 11.750822424888609 5.4462851211428633 17.092693440616131 6.7737222686409977 9.6524651050567609 5.0784656852483749
leaf_count=34 34 100 27 20 32 52 26 80 32 45 22
internal_value=-1.81632e-05 0.00883722 -0.00794105 -0.0274666 -0.0658053 0.00149919 -0.00249372 0.00581673 0.011888 0.0332075 -0.018344
internal_weight=106.966 50.5103 56.4552 28.4453 12.242 16.2033 43.1933 37.747 28.0099 16.4262 11.5837
internal_count=504 240 264 131 59 72 206 180 133 77 56
is_linear=0
shrinkage=0.1


Tree=51
num_leaves=6
num_cat=0
split_feature=0 3 3 6 1
split_gain=0.681929 2.49942 2.08864 2.41417 2.93265
threshold=284.39550781250006 76.762578159823605 95.016277182876522 19.665370085412913 262.43850022862381
decision_type=2 2 2 2 2
left_child=2 -2 3 -1 -5
right_child=1 -3 -4 4 -6
leaf_value=-0.076091689468386431 0.065692528799714517 -0.023255119976058024 0.054458463581946163 0.017687314831453919 -0.02005723877043631
leaf_weight=4.762713059782981 6.3979584723710996 6.240594744682312 5.9315094724297515 37.774246320128441 45.23690889030695
leaf_count=25 29 30 29 184 207
internal_value=-3.20864e-05 0.0217725 -0.00297298 -0.00685404 -0.00288157
internal_weight=106.344 12.6386 93.7054 87.7739 83.0112
internal_count=504 59 445 416 391
is_linear=0
shrinkage=0.1


Tree=52
num_leaves=7
num_cat=0
split_feature=2 2 0 2 3 3
split_gain=0.693783 2.71644 2.1316 1.60917 2.03884 1.6358
threshold=246.2958894324037 243.40632639696415 275.76787452614536 249.37824027694776 95.016277182876522 87.004958325980283
decision_type=2 2 2 2 2 2
left_child=1 2 -1 -2 5 -5
right_child=3 -3 -4 4 -6 -7
leaf_value=-0.044535810907568092 0.057139539851340321 -0.093277432846738312 0.03700350554681163 -0.00016702280434036977 0.061759288635366741 -0.060755426322791156
leaf_weight=5.5141269117593783 5.2618891447782508 3.7817876040935507 7.6595281511545181 74.242879055440426 5.0461954325437537 4.740581050515174
leaf_count=33 24 21 36 345 24 21
internal_value=-2.83027e-05 -0.0185723 0.00287341 0.003493 0.000133681 -0.00380353
internal_weight=106.247 16.9554 13.1737 89.2915 84.0297 78.9835
internal_count=504 90 69 414 390 366
is_linear=0
shrinkage=0.1


Tree=53
num_leaves=6
num_cat=0
split_feature=4 5 8 7 1
split_gain=0.661746 0.930727 1.7124 2.18258 1.30779
threshold=2.750318613252603 2.2424231569216224 28.313012309078228 22.319895805768812 266.46446387477039
decision_type=2 2 2 2 2
left_child=1 2 -1 -4 -3
right_child=-2 4 3 -5 -6
leaf_value=0.096660982701091441 0.03033583272756106 -0.072239797015051399 -0.027583387440830109 0.0083451119382930653 0.0028955936641792651
leaf_weight=1.834172599017619 6.7209883108735076 4.3461879193782789 22.820208631455898 65.26170652359724 4.9607152789831161
leaf_count=10 36 20 114 302 22
internal_value=-3.08297e-05 -0.00208775 0.00102819 -0.000963222 -0.0321915
internal_weight=105.944 99.223 89.9161 88.0819 9.3069
internal_count=504 468 426 416 42
is_linear=0
shrinkage=0.1


Tree=54
num_leaves=12
num_cat=0
split_feature=1 7 9 4 6 1 7 1 2 2 2
split_gain=0.666619 1.89749 3.04828 1.90408 1.78852 1.58605 2.62987 1.78916 1.90119 1.59854 1.24209
threshold=257.96904777891729 22.28620476110132 34.002835821555436 1.2993530070718442 21.439539551734928 261.49661963178369 24.28271151289626 262.60561222289181 260.46942593901639 256.99876651739368 252.35755437322754
decision_type=2 2 2 2 2 2 2 2 2 2 2
left_child=1 4 -3 -4 10 6 9 -7 -9 -2 -1
right_child=5 2 3 -5 -6 7 -8 8 -10 -11 -12
leaf_value=0.046818341733980307 -0.056250518874166391 0.11718823995899991 0.060178609819218576 -0.014527763091235059 -0.074323885374091958 0.074580424583081714 -0.10264058007622551 0.025853117217612655 -0.013737123829693623 0.029149793516988973 -0.030632755752210968
leaf_weight=4.1428615525364894 3.7504247575998289 3.4758978709578541 5.4053435027599326 9.2500319331884366 3.8581987619400016 3.1877243891358367 4.1353508830070487 17.039237424731255 42.097466520965099 5.2740955650806427 4.1395536959171295
leaf_count=21 20 18 25 45 21 15 21 81 192 25 20
internal_value=-2.91277e-05 0.0125079 0.0329948 0.0130262 -0.0180881 -0.00505692 -0.0366021 0.00160388 -0.00232987 -0.00634101 0.00810826
internal_weight=105.756 30.2719 18.1313 14.6554 12.1406 75.4843 13.1599 62.3244 59.1367 9.02452 8.28242
internal_count=504 150 88 70 62 354 66 288 273 45 41
is_linear=0
shrinkage=0.1


Tree=55
num_leaves=8
num_cat=0
split_feature=4 4 4 7 9 1 3
split_gain=0.643189 3.13688 1.85936 4.25321 2.45037 1.71465 1.9957
threshold=1.720857339373713 1.8347709675563948 1.5745199700365691 20.814152464713867 33.197152969596544 252.66771515010228 61.273195139538707
decision_type=2 2 2 2 2 2 2
left_child=2 -2 3 -1 -5 -3 -7
right_child=1 5 -4 4 -6 6 -8
leaf_value=0.091156058054764483 0.069154955877782406 0.055787451883189967 -0.050333533066177688 -0.070053538130126047 -2.4516029143434201e-05 -0.034161519755437138 0.011859940143177315
leaf_weight=4.6502206847071639 7.2235405296087256 4.5655928924679747 8.5461303144693357 5.7873912006616584 36.567823059856892 17.284310922026634 20.716444469988346
leaf_count=24 34 22 39 28 173 84 100
internal_value=-2.94375e-05 0.00822424 -0.00742706 0.00037383 -0.00959324 -0.00211575 -0.00907252
internal_weight=105.341 49.7899 55.5516 47.0054 42.3552 42.5663 38.0008
internal_count=504 240 264 225 201 206 184
is_linear=0
shrinkage=0.1


Tree=56
num_leaves=5
num_cat=0
split_feature=8 8 9 9
split_gain=0.658603 1.32512 3.03645 1.33014
threshold=27.733256340026859 29.748019092087052 30.860365419479425 32.426554403397766
decision_type=2 2 2 2
left_child=-1 -2 -3 -4
right_child=1 2 3 -5
leaf_value=-0.052322658995409888 0.045106895258838126 -0.1073969544170921 0.035927937430658682 -0.0028691497962741465
leaf_weight=2.3540858104825011 6.4353239983320227 2.646383970975875 9.8785874396562559 83.800056427717209
leaf_count=12 33 13 46 400
internal_value=-2.49801e-05 0.00117308 -0.00176207 0.00122208
internal_weight=105.114 102.76 96.325 93.6786
internal_count=504 492 459 446
is_linear=0
shrinkage=0.1


Tree=57
num_leaves=13
num_cat=0
split_feature=6 4 5 4 6 2 8 0 3 0 4 0
split_gain=0.623868 2.2591 3.75031 3.54699 3.00557 2.93981 1.62274 4.14138 3.80337 3.36371 1.60536 1.57781
threshold=23.214217841625217 1.5452603261892153 1.5419053265342149 1.1656147500648244 23.673363437292178 271.21848820180259 34.260908837057464 279.67842578887945 74.937194192285062 271.63702204100974 0.92989908158779155 259.41148597300543
decision_type=2 2 2 2 2 2 2 2 2 2 2 2
left_child=6 3 -3 10 -4 -5 7 8 -1 11 -2 -8
right_child=1 2 4 5 -6 -7 9 -9 -10 -11 -12 -13
leaf_value=-0.03333126525262068 -0.013548471072543934 0.11510084862059188 0.089832152081017871 -0.081104285461389952 -0.0016574465855843101 0.012888435112452426 -0.041602043655648381 0.093369637024716401 0.051170007718205235 -0.11033574682432415 0.061270901116810543 0.037869624871292619
leaf_weight=19.91091154515744 5.3853132054209727 3.9906557351350775 4.2030611187219646 9.4345717057585698 24.64695168286562 5.1407552659511557 5.4055851697921735 4.4472009241580954 7.2718358635902396 4.3260894492268553 6.1344784796237946 4.6448626294732094
leaf_count=98 25 17 20 47 117 22 28 21 37 22 29 21
internal_value=-2.48489e-05 0.00678741 0.0242397 -0.0151762 0.0116714 -0.0479528 -0.00875157 0.00391014 -0.0107258 -0.0366087 0.0262941 -0.00487383
internal_weight=104.942 58.9358 32.8407 26.0951 28.85 14.5753 46.0065 31.6299 27.1827 14.3765 11.5198 10.0504
internal_count=504 277 154 123 137 69 227 156 135 71 54 49
is_linear=0
shrinkage=0.1


Tree=58
num_leaves=11
num_cat=0
split_feature=2 2 4 0 6 6 6 2 0 4
split_gain=0.628356 1.68236 2.41108 2.79456 1.27162 3.13497 1.99748 2.0571 1.78681 0.993598
threshold=246.2958894324037 243.26706553807705 1.8753549769682201 270.00215321779257 21.101316364482049 20.224257160446157 23.545767481880286 258.27272106654027 251.6366369724274 1.682459075747998
decision_type=2 2 2 2 2 2 2 2 2 2
left_child=1 2 3 -1 5 9 8 -8 -6 -2
right_child=4 -3 -4 -5 6 -7 7 -9 -10 -11
leaf_value=-0.053704552408920539 0.026435975605472836 -0.07385183245988787 -0.058083155147524358 0.074335408760064808 0.028963722342838047 0.082989665775202032 0.048139443124503009 -0.0012022860777597937 -0.035098020017525412 -0.044320191977981274
leaf_weight=2.4963708594441432 3.7334756851196271 4.0572259351611129 4.4937088042497635 5.3744329735636711 5.3807039484381702 6.3538241982460022 11.232671923935412 34.099895849823952 22.816469006240368 4.2368860170245171
leaf_count=18 18 24 21 27 28 31 54 156 104 23
internal_value=-2.1183e-05 -0.0179761 0.000358721 0.0337252 0.00333496 0.030593 -0.00197513 0.0110238 -0.0228735 -0.0111766
internal_weight=104.276 16.4217 12.3645 7.8708 87.8539 14.3242 73.5297 45.3326 28.1972 7.97036
internal_count=504 90 66 45 414 72 342 210 132 41
is_linear=0
shrinkage=0.1


Tree=59
num_leaves=6
num_cat=0
split_feature=4 6 6 6 0
split_gain=0.629804 0.840532 2.74948 1.957 1.1295
threshold=2.750318613252603 27.556564667339096 26.78932998210507 25.852294921875004 277.3054831102491
decision_type=2 2 2 2 2
left_child=1 2 3 -1 -3
right_child=-2 4 -4 -5 -6
leaf_value=-0.0058153745525247689 0.029902995626331794 -0.0044078047904756532 -0.084121925631962635 0.050138511502833751 0.062799001119988013
leaf_weight=76.1344108954072 6.5867413431406012 5.6780901253223401 4.2034519985318175 6.8098137974739066 4.4687729775905609
leaf_count=369 36 26 22 31 20
internal_value=-2.26104e-05 -0.00204854 -0.00522009 -0.0012215 0.0251907
internal_weight=103.881 97.2945 87.1477 82.9442 10.1469
internal_count=504 468 422 400 46
is_linear=0
shrinkage=0.1


Tree=60
num_leaves=9
num_cat=0
split_feature=1 0 5 3 3 1 5 2
split_gain=0.618637 1.89105 1.88708 3.29903 2.54938 1.53818 1.61458 1.88271
threshold=257.96904777891729 244.74241209030154 1.4611199102867676 64.421146096855793 58.552029872971772 259.36598397335439 1.0389850564305354 276.97169168822251
decision_type=2 2 2 2 2 2 2 2
left_child=1 -1 4 -4 -3 -2 -7 -8
right_child=5 2 3 -5 -6 6 7 -9
leaf_value=-0.050180752095265214 -0.049231800175432945 -0.068308811365175109 0.085365265042594021 -0.0071065376438025421 0.034547760701318139 0.050103838302168607 -0.014202325965808456 0.028420514249374806
leaf_weight=4.1694882437586811 7.0783703327178946 4.4083251580595988 8.632771320641039 6.9754180312156668 5.3152361139655113 5.822565369307994 48.011317558586597 13.216040365397928
leaf_count=22 36 24 43 33 28 27 226 65
internal_value=-2.28894e-05 0.0122246 0.0224963 0.0440389 -0.0120838 -0.0048971 -0.000216747 -0.00500211
internal_weight=103.63 29.5012 25.3318 15.6082 9.72356 74.1283 67.0499 61.2274
internal_count=504 150 128 76 52 354 318 291
is_linear=0
shrinkage=0.1


Tree=61
num_leaves=9
num_cat=0
split_feature=9 6 8 2 9 7 8 7
split_gain=0.601513 4.50837 0.931515 2.35287 3.64384 1.68335 3.29377 1.26194
threshold=41.013281708495292 28.388662338256839 38.383194962067371 252.06915636783535 38.510389498395192 24.858659652770523 36.923125107049465 24.14380517700771
decision_type=2 2 2 2 2 2 2 2
left_child=2 -2 5 -4 -5 7 -7 -1
right_child=1 -3 3 4 -6 6 -8 -9
leaf_value=-0.0029358679150341656 -0.1078272917232833 0.040844053725218474 -0.050231748538977453 0.10537477933379913 0.0056116422527821373 0.018525745336432361 -0.10678088649725011 0.038557107231956468
leaf_weight=57.448448918759823 3.7027856037020666 4.5412663519382477 3.8017136603593853 5.3239293992519405 11.722517907619475 4.1251877248287183 4.2680787965655327 8.4017490893602353
leaf_count=283 20 20 24 24 54 19 21 39
internal_value=-1.93046e-05 -0.0259311 0.00222714 0.0209047 0.0367696 -0.00301765 -0.0451942 0.00235817
internal_weight=103.336 8.24405 95.0916 20.8482 17.0464 74.2435 8.39327 65.8502
internal_count=504 40 464 102 78 362 40 322
is_linear=0
shrinkage=0.1


Tree=62
num_leaves=9
num_cat=0
split_feature=0 0 5 4 4 1 8 8
split_gain=0.601889 2.20313 1.70627 1.03592 2.50832 3.15894 1.7856 2.27661
threshold=250.36979917997203 247.68654110729378 1.5948114006936167 1.2802269458770754 1.3883835466131915 277.62399906822026 33.268689632415779 38.04446982639093
decision_type=2 2 2 2 2 2 2 2
left_child=1 2 -1 6 -5 -6 -2 -8
right_child=3 -3 -4 4 5 -7 7 -9
leaf_value=-0.050548972564493921 0.070141763058082882 0.082827327194108152 0.030412497120515549 -0.07446293851197526 -0.0098464055023698444 0.079187476549046537 -0.034967847017033031 0.037229413693460098
leaf_weight=4.6144077330827695 4.7214439660310772 3.9264952093362799 5.9721079394221306 5.4367629811167708 56.500334970653057 4.2874243184924117 8.8082556277513522 8.6635029092431051
leaf_count=22 23 21 32 26 274 20 44 42
internal_value=-2.2891e-05 0.0188517 -0.00487666 -0.00312099 -0.00938704 -0.00356675 0.0155769 0.000831708
internal_weight=102.931 14.513 10.5865 88.4177 66.2245 60.7878 22.1932 17.4718
internal_count=504 75 54 429 320 294 109 86
is_linear=0
shrinkage=0.1


Tree=63
num_leaves=8
num_cat=0
split_feature=9 6 4 3 3 2 0
split_gain=0.54701 3.85255 0.899724 1.20354 3.62249 1.71705 1.18564
threshold=41.013281708495292 28.388662338256839 2.5369745837524538 69.210559057641845 61.273195139538707 248.22114755841378 267.15087890625006
decision_type=2 2 2 2 2 2 2
left_child=2 -2 3 4 -1 -5 -4
right_child=1 -3 6 5 -6 -7 -8
leaf_value=-0.0049305489339712127 -0.10239698750426318 0.036497910140262539 -0.011654859294002182 -0.054350826429900745 0.060056979692666539 -0.0023607211040020618 0.062359377090870562
leaf_weight=42.258027222007513 3.5819939300417882 4.5130482465028763 3.6481504812836629 8.6481015644967538 10.761544331908224 23.930791512131691 5.3211943730711937
leaf_count=205 20 20 21 48 50 113 27
internal_value=-1.30104e-05 -0.024962 0.00212263 -0.00103477 0.00826017 -0.0161615 0.0322552
internal_weight=102.663 8.09504 94.5678 85.5985 53.0196 32.5789 8.96934
internal_count=504 40 464 416 255 161 48
is_linear=0
shrinkage=0.1


Tree=64
num_leaves=8
num_cat=0
split_feature=1 1 1 2 0 5 3
split_gain=0.577996 2.38302 2.18362 1.19452 1.59128 1.03291 2.05831
threshold=258.42033427906938 258.8979356224666 257.08081290929346 263.40540889883374 257.42943035078684 1.0389850564305354 47.801762283762123
decision_type=2 2 2 2 2 2 2
left_child=2 -2 3 4 -1 -3 -7
right_child=1 5 -4 -5 -6 6 -8
leaf_value=-0.037064596349094002 -0.10205306821239538 0.038467674075736862 0.068160338216849789 0.048740602314111758 0.01750533364021719 -0.040152709275397359 0.0040958189503331873
leaf_weight=10.959750019013891 2.441962242126464 5.9027015045285216 5.5589153766632071 4.0548016577959052 10.42815689742565 13.33964993059635 49.60584669932723
leaf_count=55 12 28 27 22 55 62 243
internal_value=-1.69356e-05 -0.00497394 0.011382 -0.00102335 -0.0104578 -0.00153066 -0.0052815
internal_weight=102.292 71.2902 31.0016 25.4427 21.3879 68.8482 62.9455
internal_count=504 345 159 132 110 333 305
is_linear=0
shrinkage=0.1


Tree=65
num_leaves=10
num_cat=0
split_feature=0 2 2 0 6 6 0 5 3
split_gain=0.522933 1.02374 1.78317 0.901698 0.835064 3.90048 5.49664 1.32194 1.92632
threshold=253.06262733919195 274.82612266964435 262.25977654499377 248.08433535059183 25.852294921875004 26.703477809945543 280.16758341171357 1.0136280954247214 35.673705933307907
decision_type=2 2 2 2 2 2 2 2 2
left_child=1 2 3 -1 7 -6 -7 -2 -9
right_child=4 -3 -4 -5 5 6 -8 8 -10
leaf_value=-0.035142002968962895 0.038294579738464812 -0.030622859519954554 0.068290212203384895 0.029454254080628559 0.08614195372075778 -0.059541054517704251 0.071554953178159048 -0.076943537950742602 -0.0081380177853913986
leaf_weight=4.2330968528985995 5.4226135276257983 3.8779580593109122 6.1444547921419135 4.4145398959517479 5.4911549389362362 9.0663596168160421 4.9414748921990386 4.4003639295697203 54.024934891611338
leaf_count=20 30 21 34 21 26 45 23 25 259
internal_value=-1.641e-05 0.0151108 0.0271005 -0.0021662 -0.00340497 0.0147077 -0.013295 -0.00893653 -0.0133202
internal_weight=102.017 18.67 14.7921 8.64764 83.3469 19.499 14.0078 63.8479 58.4253
internal_count=504 96 75 41 408 94 68 314 284
is_linear=0
shrinkage=0.1


Tree=66
num_leaves=5
num_cat=0
split_feature=5 8 9 1
split_gain=0.576676 1.16166 2.25316 1.06191
threshold=0.89616777526030467 43.414271422340924 40.121154540174381 272.10225974390227
decision_type=2 2 2 2
left_child=-1 2 3 -2
right_child=1 -3 -4 -5
leaf_value=-0.040226599004866442 -0.0035842349249798934 0.046866878348563928 -0.069047259768312497 0.022585361379638569
leaf_weight=3.4443626403808585 68.061662316322327 5.3156783357262603 4.6496105864644042 20.080580472946167
leaf_count=20 339 26 23 96
internal_value=-8.76828e-06 0.0014032 -0.00120123 0.00237773
internal_weight=101.552 98.1075 92.7919 88.1422
internal_count=504 484 458 435
is_linear=0
shrinkage=0.1


Tree=67
num_leaves=9
num_cat=0
split_feature=4 4 3 0 0 3 6 9
split_gain=0.562775 2.50206 1.78736 1.64221 5.89648 1.64424 1.56589 2.10672
threshold=1.720857339373713 1.8347709675563948 31.929052801710402 275.17773581407732 265.60909787158022 65.300205146712159 26.703477809945543 36.221191650858522
decision_type=2 2 2 2 2 2 2 2
left_child=2 -2 -1 4 -4 -5 7 -3
right_child=1 6 3 5 -6 -7 -8 -9
leaf_value=0.063946342874480394 0.06327771182567643 -0.0090292854313534336 0.00040500660363650023 0.051268372090504943 -0.093311595210523041 -0.015568998165105562 -0.053496444059722564 0.045414272914482252
leaf_weight=3.3241761550307265 6.9632937312126151 26.09185066819191 26.358409941196442 7.0248329266905767 9.0080956630408746 7.731723465025425 5.0848185643553725 9.7683351263403875
leaf_count=17 34 132 130 33 45 39 26 48
internal_value=-8.94204e-06 0.00786153 -0.00706377 -0.0117732 -0.0234653 0.0162488 -0.00156279 0.00580117
internal_weight=101.356 47.9083 53.4472 50.1231 35.3665 14.7566 40.945 35.8602
internal_count=504 240 264 247 175 72 206 180
is_linear=0
shrinkage=0.1


Tree=68
num_leaves=8
num_cat=0
split_feature=9 9 9 5 2 2 2
split_gain=0.532227 2.3178 1.86565 1.31467 1.08651 1.05094 1.11956
threshold=33.656945472801297 34.133972871904653 33.197152969596544 1.1325513316250879 266.79633339429876 235.51025930217631 255.57555130087599
decision_type=2 2 2 2 2 2 2
left_child=2 -2 3 -1 -5 -3 -7
right_child=1 5 -4 4 -6 6 -8
leaf_value=-0.056391322870551236 -0.070951774901844428 0.058239796635637914 0.076436871273947798 0.021093993513888937 -0.036210980185959224 -0.028110162290363699 0.0043539939230294788
leaf_weight=3.3918448910117212 4.9101413860917082 2.9837293922901145 3.8294280394911757 17.899854682385925 4.0589061900973311 13.454028494656084 50.480070285499096
leaf_count=18 27 17 21 91 20 71 239
internal_value=-9.65403e-06 -0.00463631 0.0113791 0.00155151 0.0105016 0.000229637 -0.00247763
internal_weight=101.008 71.828 29.18 25.3506 21.9588 66.9178 63.9341
internal_count=504 354 150 129 111 327 310
is_linear=0
shrinkage=0.1


Tree=69
num_leaves=8
num_cat=0
split_feature=2 2 3 3 2 4 5
split_gain=0.519538 1.35685 1.49636 1.55511 1.29411 1.94158 2.04534
threshold=246.2958894324037 249.37824027694776 95.016277182876522 87.004958325980283 243.26706553807705 1.8753549769682201 1.3140439056955189
decision_type=2 2 2 2 2 2 2
left_child=4 -2 3 -3 5 6 -1
right_child=1 2 -4 -5 -6 -7 -8
leaf_value=-0.026644897313445839 0.053841904188708767 0.0001450556095406162 0.053952921050158524 -0.05985924565089016 -0.0674497000046127 -0.053514964969041713 0.077852070570329557
leaf_weight=3.4424005597829801 4.9583733379840842 70.76739788427949 4.8203229904174796 4.5998669713735572 3.8087208569049826 4.3735625892877579 4.1087636947631836
leaf_count=22 24 345 24 21 24 21 23
internal_value=-8.28085e-06 0.00307659 -6.24642e-05 -0.00351717 -0.0167029 -0.000494577 0.0302143
internal_weight=100.879 85.146 80.1876 75.3673 15.7334 11.9247 7.55116
internal_count=504 414 390 366 90 66 45
is_linear=0
shrinkage=0.1


Tree=70
num_leaves=8
num_cat=0
split_feature=1 1 1 3 3 6 8
split_gain=0.495159 1.83772 1.459 1.71605 3.84082 0.998849 4.41029
threshold=258.42033427906938 257.08081290929346 259.36598397335439 39.358596056975038 46.551439383357994 25.191685265295018 36.391060234115763
decision_type=2 2 2 2 2 2 2
left_child=1 5 -2 -4 -5 6 -1
right_child=2 -3 3 4 -6 -7 -8
leaf_value=0.012886824727985025 -0.056784683900505499 0.063351454988547787 0.045091815046682721 -0.079231747645531037 0.0027078375972083776 0.043853715650382132 -0.10313620607675407
leaf_weight=16.803260419517766 4.9836028069257727 5.4332178756594649 7.2858063876628867 6.4362504184246054 51.442905209958553 4.1736526414751998 4.069779470562934
leaf_count=89 27 27 34 30 254 21 22
internal_value=-1.08013e-05 0.010631 -0.00463471 -0.000646453 -0.00640397 -0.000805327 -0.00973509
internal_weight=100.628 30.4799 70.1486 65.165 57.8792 25.0467 20.873
internal_count=504 159 345 318 284 132 111
is_linear=0
shrinkage=0.1


Tree=71
num_leaves=10
num_cat=0
split_feature=3 3 3 9 9 3 4 6 7
split_gain=0.522861 2.75832 2.38231 1.47667 2.25189 1.37558 3.85022 2.08175 0.455925
threshold=54.509156429520978 52.352938003170756 58.552029872971772 31.542202025612895 33.093852957728352 66.862194254103443 1.3748334238509499 21.692365415431755 23.59143022505452
decision_type=2 2 2 2 2 2 2 2 2
left_child=1 3 8 -1 -5 6 -4 -7 -2
right_child=2 -3 5 4 -6 7 -8 -9 -10
leaf_value=-0.059542378217109185 -0.081268198023600038 0.086808041380224216 0.090147412497904242 0.081815928291735035 -0.0036169257415830519 0.029993011438538705 -0.014576674373568117 -0.020063046049696685 -0.033637162235050942
leaf_weight=3.7120907083153751 3.8134521432220918 4.1130611896514884 5.9659150540828696 3.5597418472170856 23.14919888228178 11.219802983105181 8.5305807814002019 32.017859872430563 4.2484901025891304
leaf_count=19 20 21 28 18 113 60 44 159 22
internal_value=-1.67509e-05 0.0099477 -0.00524674 -0.000444168 0.00776948 0.00186379 0.0285217 -0.00707393 -0.0561675
internal_weight=100.33 34.5341 65.7961 30.421 26.7089 57.7342 14.4965 43.2377 8.06194
internal_count=504 171 333 150 131 291 72 219 42
is_linear=0
shrinkage=0.1


Tree=72
num_leaves=10
num_cat=0
split_feature=5 4 6 3 3 3 7 7 7
split_gain=0.581228 2.10879 2.03352 2.93227 2.24072 2.02229 1.92784 4.28632 1.32664
threshold=1.4024912119180792 1.4067651904800147 23.253926813602451 74.937194192285062 44.707719178833429 33.640737479048759 24.14380517700771 25.043184250349977 22.732064308168358
decision_type=2 2 2 2 2 2 2 2 2
left_child=5 -2 3 -3 -4 -1 8 -8 -7
right_child=1 2 4 -5 -6 6 7 -9 -10
leaf_value=0.063124871954726866 0.054262483697149588 -0.041629020385872108 0.07184581727398158 0.027630877757633367 0.003756437841642599 -0.020736647046818383 0.09095194080907619 -0.036985300086921968 -0.082075781966937267
leaf_weight=3.2023623362183598 7.7095056548714629 20.16734974086285 5.83192104846239 8.7714481167495233 28.220458187162876 8.9761139824986476 4.1431489512324315 7.1173288151621819 5.8070633299648753
leaf_count=16 37 102 29 46 140 49 20 34 31
internal_value=-8.54365e-06 0.00489614 -0.00114582 -0.0206361 0.0154176 -0.0118653 -0.0210862 0.0100876 -0.0448316
internal_weight=99.9467 70.7007 62.9912 28.9388 34.0524 29.246 26.0437 11.2605 14.7832
internal_count=504 354 317 148 169 150 134 54 80
is_linear=0
shrinkage=0.1


Tree=73
num_leaves=9
num_cat=0
split_feature=0 5 5 4 4 1 8 8
split_gain=0.495545 1.8398 1.11255 0.723291 2.03239 2.54346 1.44867 1.98656
threshold=250.36979917997203 1.5948114006936167 2.0062907876552498 1.2802269458770754 1.3883835466131915 277.62399906822026 33.268689632415779 38.04446982639093
decision_type=2 2 2 2 2 2 2 2
left_child=1 -1 -3 6 -5 -6 -2 -8
right_child=3 2 -4 4 5 -7 7 -9
leaf_value=-0.0243585796918139 0.063246472837986567 0.08890529645521672 0.013758708057918746 -0.067252734593310104 -0.0085080154054306464 0.072663720762459597 -0.034496719333010538 0.034255799030577426
leaf_weight=5.9751964882016164 4.5370245948433903 3.7255804911255836 4.1813554726541042 5.3339800387620917 54.854389347136021 4.1524621173739424 8.4817101769149321 8.330335218459366
leaf_count=31 23 20 24 26 274 20 44 42
internal_value=-7.68169e-06 0.0175194 0.0491662 -0.00284714 -0.00813936 -0.00279575 0.0131023 -0.000429983
internal_weight=99.572 13.8821 7.90694 85.6899 64.3408 59.0069 21.3491 16.812
internal_count=504 75 44 429 320 294 109 86
is_linear=0
shrinkage=0.1


Tree=74
num_leaves=9
num_cat=0
split_feature=5 4 7 7 0 2 6 8
split_gain=0.477329 2.32002 1.87265 2.30848 1.7729 1.45002 1.65647 1.77906
threshold=2.0418497941205724 2.1231002731981516 22.697403480720055 21.393446992336003 272.52292633056646 282.52341738453083 27.556564667339096 36.923125107049465
decision_type=2 2 2 2 2 2 2 2
left_child=5 -2 3 -3 -4 6 7 -1
right_child=1 2 4 -5 -6 -7 -8 -9
leaf_value=0.00552905213290309 0.082123087182411847 -0.010840150312033071 -0.058314713563582525 0.08720004496389637 0.018087482284962968 -0.058238585802092013 0.043815566046171317 -0.031394389569460016
leaf_weight=41.978807561099529 3.957811892032626 5.5167038440704363 7.3136802539229375 4.253422386944294 5.1942140832543373 4.6420698761939994 7.5138336792588225 18.935484167188406
leaf_count=213 19 27 37 22 27 21 36 102
internal_value=9.05097e-07 0.0115712 -0.000962751 0.0318416 -0.0265868 -0.0041534 -0.000484334 -0.00594877
internal_weight=99.306 26.2358 22.278 9.77013 12.5079 73.0702 68.4281 60.9143
internal_count=504 132 113 49 64 372 351 315
is_linear=0
shrinkage=0.1


Tree=75
num_leaves=8
num_cat=0
split_feature=9 6 4 3 3 2 0
split_gain=0.493392 3.37043 0.788853 1.05849 2.69987 1.45196 1.0054
threshold=41.013281708495292 28.388662338256839 2.5369745837524538 69.210559057641845 61.273195139538707 248.22114755841378 267.15087890625006
decision_type=2 2 2 2 2 2 2
left_child=2 -2 3 4 -1 -5 -4
right_child=1 -3 6 5 -6 -7 -8
leaf_value=-0.00366811460218598 -0.098748831282712404 0.033372826086905491 -0.010100140168555628 -0.051464957623543063 0.053468566878763994 -0.0025767856826408777 0.059186385720469914
leaf_weight=40.627124663442373 3.4143579900264731 4.4436624348163605 3.5484014861285669 8.2260425537824649 10.383886724710463 23.232416853308678 5.1107726916670799
leaf_count=205 20 20 21 48 50 113 27
internal_value=7.58916e-06 -0.0240348 0.00208077 -0.000934058 0.00796272 -0.0153605 0.0307938
internal_weight=98.9867 7.85802 91.1286 82.4695 51.011 31.4585 8.65917
internal_count=504 40 464 416 255 161 48
is_linear=0
shrinkage=0.1


Tree=76
num_leaves=10
num_cat=0
split_feature=1 0 5 3 2 6 2 6 1
split_gain=0.44145 1.51945 1.35158 1.56946 1.18847 1.58739 1.91911 1.79585 1.39912
threshold=257.96904777891729 244.39163480033554 1.1325513316250879 67.173100821351355 251.36552224003736 21.101316364482049 266.79633339429876 22.437365998890744 263.83138496580665
decision_type=2 2 2 2 2 2 2 2 2
left_child=1 -1 -3 -4 8 6 -6 -7 -2
right_child=4 2 3 -5 5 7 -8 -9 -10
leaf_value=-0.050492144196452163 -0.07456726560396934 -0.043421081887045396 0.050796731846693179 -0.0040518856041522654 0.090629245472885964 -0.046800069362471511 -0.0074168186776476588 0.003310935794362993 -0.002987039055044619
leaf_weight=3.5556523129344013 4.8489724509417993 3.0007864311337498 12.670952722430231 8.8683361038565618 4.0971709415316573 8.584232456982134 3.8934885412454605 42.852276414632797 6.2506917417049408
leaf_count=20 31 18 66 46 23 41 20 206 33
internal_value=2.21652e-06 0.0106023 0.0194544 0.028214 -0.00422054 0.00138968 0.0428558 -0.00505208 -0.0342574
internal_weight=98.6226 28.0957 24.5401 21.5393 70.5268 59.4272 7.99066 51.4365 11.0997
internal_count=504 150 130 112 354 290 43 247 64
is_linear=0
shrinkage=0.1


Tree=77
num_leaves=8
num_cat=0
split_feature=2 2 2 5 4 4 4
split_gain=0.443427 2.1595 1.31734 1.90765 1.04479 3.6416 1.8215
threshold=276.97169168822251 274.05323452879401 280.78672087635135 2.0760432992894278 1.2802269458770754 1.5452603261892153 0.92989908158779155
decision_type=2 2 2 2 2 2 2
left_child=1 4 -2 -4 6 -6 -1
right_child=2 -3 3 -5 5 -7 -8
leaf_value=-0.018329246336502278 0.060764739163629601 -0.058331103833183455 -0.040328627283184239 0.053112814018696101 -0.052445840884594377 0.0082910783987960972 0.044558642822105025
leaf_weight=7.243071652948859 4.5372974798083296 6.4493718445301047 5.7744234055280668 3.5146724209189415 12.608937080949543 45.471056692302227 12.648649357259272
leaf_count=40 24 30 27 21 66 231 65
internal_value=-1.29586e-06 -0.00272011 0.0165992 -0.00497362 0.00187971 -0.00489467 0.0216596
internal_weight=98.2475 84.4211 13.8264 9.2891 77.9717 58.08 19.8917
internal_count=504 432 72 48 402 297 105
is_linear=0
shrinkage=0.1


Tree=78
num_leaves=9
num_cat=0
split_feature=9 7 1 1 1 1 0 8
split_gain=0.410505 2.99892 0.788032 2.60228 1.83138 2.00522 1.86879 1.44028
threshold=41.013281708495292 27.89934914170578 270.99562556260349 273.02994605433793 266.63454303431718 264.76698713344246 277.3054831102491 35.111926113628506
decision_type=2 2 2 2 2 2 2 2
left_child=2 -2 4 -4 5 -1 -6 -5
right_child=1 -3 3 7 6 -7 -8 -9
leaf_value=-0.0029109930215526943 -0.08666687993343003 0.038321818471440061 0.069422249300840663 -0.041887039190509887 -0.011561813305957409 0.054637150158803598 -0.092117038798880307 0.018660588513059569
leaf_weight=46.116666235029697 3.7208634465932837 3.9655627384781837 6.8683843687176731 6.2080304324626949 9.223011411726473 6.9699094966053954 4.1873563528060904 10.700642906129358
leaf_count=249 21 19 34 31 43 34 20 53
internal_value=1.67431e-06 -0.022183 0.0018906 0.0175153 -0.00369627 0.00464469 -0.036715 -0.00356951
internal_weight=97.9604 7.68643 90.274 23.7771 66.4969 53.0866 13.4104 16.9087
internal_count=504 40 464 118 346 283 63 84
is_linear=0
shrinkage=0.1


Tree=79
num_leaves=10
num_cat=0
split_feature=0 7 5 8 9 9 2 9 6
split_gain=0.41583 1.7482 1.70254 0.68425 1.80423 3.32271 1.7842 4.31708 1.4827
threshold=250.36979917997203 22.28620476110132 1.7610629668954523 38.04446982639093 33.656945472801297 34.133972871904653 252.06915636783535 38.510389498395192 21.599984645843509
decision_type=2 2 2 2 2 2 2 2 2
left_child=1 -1 -3 4 8 -6 -5 -8 -2
right_child=3 2 -4 6 5 -7 7 -9 -10
leaf_value=-0.032781836888918614 0.037208773124037198 0.0015401223838935828 0.089419899325647353 -0.043687677309049454 -0.11833503962129002 -0.013366675579887414 0.090663212910424548 -0.0052745855615871388 -0.013470581652294231
leaf_weight=4.742158278822898 11.769346170127394 4.7358396798372251 4.1245103068649769 5.0650003664195564 3.3611978068947783 29.330316584557295 6.5382718369364765 16.595944195985794 11.330460432916878
leaf_count=25 62 25 25 34 19 142 31 81 60
internal_value=1.17887e-06 0.0162213 0.0424483 -0.00262572 -0.00904265 -0.0241591 0.01007 0.0218397 0.0123505
internal_weight=97.593 13.6025 8.86035 83.9905 55.7913 32.6915 28.1992 23.1342 23.0998
internal_count=504 75 50 429 283 161 146 112 122
is_linear=0
shrinkage=0.1


Tree=80
num_leaves=6
num_cat=0
split_feature=8 9 1 1 8
split_gain=0.436035 1.32482 1.21176 2.19602 1.54329
threshold=43.414271422340924 40.121154540174381 272.10225974390227 273.26741482689118 35.069948929820804
decision_type=2 2 2 2 2
left_child=1 2 4 -4 -1
right_child=-2 -3 3 -5 -6
leaf_value=0.0093688586753883432 0.027014494234177251 -0.053137026687070023 0.087359107110165826 0.0055782349510812897 -0.020931863084607205
leaf_weight=34.95218551158905 5.6306243985891333 4.74007474631071 4.1791722774505642 15.320122629404066 32.381692375987768
leaf_count=184 29 24 21 77 169
internal_value=4.48469e-06 -0.0016563 0.00115395 0.0231059 -0.00520313
internal_weight=97.2039 91.5732 86.8332 19.4993 67.3339
internal_count=504 475 451 98 353
is_linear=0
shrinkage=0.1


Tree=81
num_leaves=9
num_cat=0
split_feature=1 3 3 7 1 0 5 3
split_gain=0.405268 1.53094 2.54759 1.80758 0.97225 0.920701 1.31081 1.1777
threshold=257.96904777891729 86.36358452158548 72.151642844847331 21.143258802905283 258.8979356224666 255.54136441367061 1.0389850564305354 72.426428043785464
decision_type=2 2 2 2 2 2 2 2
left_child=1 2 3 -1 -2 7 -7 -6
right_child=4 -3 -4 -5 5 6 -8 -9
leaf_value=-0.045716070385448407 -0.053158228440751278 0.070167027919181085 -0.054661217890456061 0.035300613876720233 0.065642889810921701 0.04314140374799405 -0.010444790388784639 -0.0098992891319180029
leaf_weight=3.3950431793928244 3.8154121637344351 3.692506104707717 6.1279114261269561 14.58272824063897 4.3662063702940923 5.0036298260092726 52.067034784704447 3.91349858045578
leaf_count=22 21 21 32 75 23 25 265 20
internal_value=8.12314e-06 0.0102059 0.00102101 0.0200009 -0.00409041 -0.00122564 -0.00574666 0.029937
internal_weight=96.964 27.7982 24.1057 17.9778 69.1658 65.3504 57.0707 8.2797
internal_count=504 150 129 97 354 333 290 43
is_linear=0
shrinkage=0.1


Tree=82
num_leaves=7
num_cat=0
split_feature=4 5 6 5 6 5
split_gain=0.386235 0.826014 0.997457 0.985838 2.90613 1.15285
threshold=2.750318613252603 2.2424231569216224 23.142012882882458 2.0418497941205724 23.817643600708951 1.9778822447844753
decision_type=2 2 2 2 2 2
left_child=1 3 -3 5 -5 -1
right_child=-2 2 -4 4 -6 -7
leaf_value=0.00050072437129147795 0.024521839095968556 0.0042960960540897545 -0.064466164922546601 -0.019250871726428 0.08417746220620223 -0.051200929041154621
leaf_weight=66.758233055472374 6.0277702361345282 4.0646564364433271 4.3858286738395691 5.7701531499624235 5.1336616277694702 4.6107186749577513
leaf_count=345 36 21 21 28 26 27
internal_value=9.81009e-06 -0.0016188 -0.0313917 0.00143927 0.0294446 -0.00283941
internal_weight=96.751 90.7233 8.45049 82.2728 10.9038 71.369
internal_count=504 468 42 426 54 372
is_linear=0
shrinkage=0.1


Tree=83
num_leaves=7
num_cat=0
split_feature=4 4 8 5 0 0
split_gain=0.386957 1.05553 2.32032 1.69692 0.805986 0.768278
threshold=0.92989908158779155 1.1832722891913365 38.04446982639093 1.3140439056955189 250.36979917997203 258.21592598145855
decision_type=2 2 2 2 2 2
left_child=5 2 -2 -3 -5 -1
right_child=1 3 -4 4 -6 -7
leaf_value=0.01575440070011884 -0.00078197306625373865 -0.058772592624116327 0.096228268228933711 0.029410162927403546 -0.0023547094707000379 -0.045098204321589598
leaf_weight=3.5068186931312066 7.6307034790515882 4.9606871232390395 3.6424395889043808 9.1584441587328893 62.498859640210867 5.080443412065506
leaf_count=18 39 26 20 52 320 29
internal_value=1.34728e-05 0.00199304 0.0305628 -0.00221055 0.00170513 -0.0202476
internal_weight=96.4784 87.8911 11.2731 76.618 71.6573 8.58726
internal_count=504 457 59 398 372 47
is_linear=0
shrinkage=0.1


Tree=84
num_leaves=6
num_cat=0
split_feature=9 8 8 8 8
split_gain=0.350756 0.710144 0.936482 1.28104 0.439339
threshold=41.013281708495292 40.614828375167143 39.56732608353758 38.993361040526977 44.791992187500007
decision_type=2 2 2 2 2
left_child=1 2 3 -1 -2
right_child=4 -3 -4 -5 -6
leaf_value=-0.0010180328463008164 -0.046342518059236948 0.036945304545474809 -0.04456360968597857 0.055113075336446715 0.0021391090043124468
leaf_weight=74.585468526929617 3.541334055364131 5.3902925923466674 4.560735546052455 4.3003293909132472 3.9584843665361404
leaf_count=386 20 27 27 24 20
internal_value=1.38097e-05 0.00176703 -0.000505341 0.00204186 -0.0207534
internal_weight=96.3366 88.8368 83.4465 78.8858 7.49982
internal_count=504 464 437 410 40
is_linear=0
shrinkage=0.1


Tree=85
num_leaves=9
num_cat=0
split_feature=5 4 5 0 3 2 5 5
split_gain=0.341103 1.96539 1.7459 1.50224 2.00904 0.787406 2.80679 1.82688
threshold=1.4024912119180792 1.2993530070718442 1.3335198245026225 275.17773581407732 33.640737479048759 256.99876651739368 1.513717421124829 1.641223725783153
decision_type=2 2 2 2 2 2 2 2
left_child=2 -2 3 4 -1 7 -7 -3
right_child=1 5 -4 -5 -6 6 -8 -9
leaf_value=0.05876278795352087 0.080651160900888794 -0.06520421419207989 -0.069315775839009483 0.041871734240043347 -0.030147866982842511 0.081207077016713355 -0.00094112646562536447 0.0010660788731822689
leaf_weight=3.0923561304807761 3.1752750203013411 5.4850173518061665 4.1294885836541644 6.5578540861606589 14.265698619186876 4.6762975975871077 37.616439070552588 17.217264927923679
leaf_count=16 16 30 21 35 78 21 195 92
internal_value=1.17451e-05 0.00383077 -0.00927121 0.0010965 -0.0143083 7.77806e-05 0.00814198 -0.0149452
internal_weight=96.2157 68.1703 28.0454 23.9159 17.3581 64.995 42.2927 22.7023
internal_count=504 354 150 129 94 338 216 122
is_linear=0
shrinkage=0.1


Tree=86
num_leaves=8
num_cat=0
split_feature=1 1 1 3 3 2 2
split_gain=0.364668 1.65839 1.16438 1.0284 3.34486 0.984063 1.97494
threshold=258.42033427906938 257.18974865416004 259.36598397335439 39.358596056975038 47.801762283762123 263.40540889883374 256.11234468425113
decision_type=2 2 2 2 2 2 2
left_child=1 5 -2 -4 -5 6 -1
right_child=2 -3 3 4 -6 -7 -8
leaf_value=0.0091117529061939592 -0.052174379730905468 0.064490497673757058 0.035855137979938771 -0.068553849840687006 0.0045372832761941678 0.045603860009430619 -0.060589135175515785
leaf_weight=15.154065866023311 4.6775533258914939 4.5938857942819586 6.9360664933919898 7.2004713118076316 47.990752257406712 3.8279484026134005 5.5554272383451453
leaf_count=86 27 24 34 35 249 23 26
internal_value=1.13155e-05 0.00934776 -0.00405999 -0.000437469 -0.00499848 -0.000976027 -0.00958587
internal_weight=95.9362 29.1313 66.8048 62.1273 55.1912 24.5374 20.7095
internal_count=504 159 345 318 284 135 112
is_linear=0
shrinkage=0.1


Tree=87
num_leaves=9
num_cat=0
split_feature=2 2 4 7 2 2 2 6
split_gain=0.3891 1.93311 1.57465 1.46929 1.27398 1.69956 1.26385 1.10202
threshold=272.96724305612639 276.97169168822251 1.6088109051925132 23.565300096396758 270.20315350056859 268.34169345326899 264.28559963994763 24.851562500000004
decision_type=2 2 2 2 2 2 2 2
left_child=4 2 -2 -3 5 6 -1 -5
right_child=1 3 -4 7 -6 -7 -8 -9
leaf_value=-0.0018275470338491675 0.00074119101414779631 -0.041228495331753226 -0.082047462452323819 0.072502765811321798 0.049473375548233535 -0.062715181693724295 0.039278953547478478 0.0042757607195284082
leaf_weight=54.671941794455051 4.0474312230944651 3.6259227320551863 5.3135749697685242 4.1316099166870099 5.5819673538207999 4.0899826884269705 8.6649787947535497 5.5444197058677673
leaf_count=294 20 20 25 24 27 21 45 28
internal_value=9.33933e-06 -0.011437 -0.046252 0.0130634 0.00356245 -0.000238306 0.00379614 0.0334083
internal_weight=95.6718 22.663 9.36101 13.302 73.0089 67.4269 63.3369 9.67603
internal_count=504 117 45 72 387 360 339 52
is_linear=0
shrinkage=0.1


Tree=88
num_leaves=9
num_cat=0
split_feature=4 4 2 2 6 4 7 9
split_gain=0.372098 2.29487 1.36515 2.8867 1.4268 1.32589 2.83366 1.85117
threshold=1.720857339373713 1.8347709675563948 272.53169311717733 280.36682789011957 23.152399305570587 1.5745199700365691 20.814152464713867 33.197152969596544
decision_type=2 2 2 2 2 2 2 2
left_child=5 -2 4 -4 -3 6 -1 -8
right_child=1 2 3 -5 -6 -7 7 -9
leaf_value=0.080867716393348776 0.061088316871588472 -0.013193023337109736 -0.091287179612415573 0.024153493881273268 0.030604428661936817 -0.043609120413542202 -0.061906390876623953 0.0015465733735344118
leaf_weight=4.0293663293123236 6.6004656776785842 15.790810998529198 4.6547378823161107 4.0515513345599174 14.062033627182243 7.866701863706111 5.3411560319364062 33.032137747853994
leaf_count=24 34 84 23 25 74 39 28 173
internal_value=1.47248e-05 0.0066029 -0.00272379 -0.0375658 0.00743755 -0.00590378 0.00109145 -0.00728541
internal_weight=95.429 45.1596 38.5591 8.70629 29.8528 50.2694 42.4027 38.3733
internal_count=504 240 206 48 158 264 225 201
is_linear=0
shrinkage=0.1


Tree=89
num_leaves=6
num_cat=0
split_feature=4 5 2 2 1
split_gain=0.355973 0.687527 1.15841 1.50694 0.885683
threshold=2.750318613252603 2.2424231569216224 282.52341738453083 278.48606502363492 266.46446387477039
decision_type=2 2 2 2 2
left_child=1 2 3 -1 -3
right_child=-2 4 -4 -5 -6
leaf_value=0.00088167396721997244 0.023731656117056604 -0.064262638434893174 -0.047064264063834904 0.063632319703672627 0.0013836112933578795
leaf_weight=72.235709007829428 5.9347056671977034 3.8297593444585782 4.6770678758621207 4.0410910695791236 4.4355190843343735
leaf_count=381 36 20 22 23 22
internal_value=1.65687e-05 -0.00156092 0.00124404 0.00420616 -0.0290339
internal_weight=95.1539 89.2191 80.9539 76.2768 8.26528
internal_count=504 468 426 404 42
is_linear=0
shrinkage=0.1


Tree=90
num_leaves=10
num_cat=0
split_feature=0 0 5 6 7 4 5 5 8
split_gain=0.335592 1.69651 1.10253 0.652311 2.31153 1.94018 2.83766 2.3485 1.40596
threshold=250.36979917997203 247.4666991233826 1.5948114006936167 23.214217841625217 23.034192616557203 1.5452603261892153 1.5419053265342149 1.2168429812435955 35.069948929820804
decision_type=2 2 2 2 2 2 2 2 2
left_child=1 2 -1 4 8 7 -7 -5 -2
right_child=3 -3 -4 5 -6 6 -8 -9 -10
leaf_value=-0.050865577627734498 0.007822857236896406 0.069099901143437892 0.019921351383615359 0.022372832353773631 -0.08186334627483613 0.1032056331288288 0.0096676214360074762 -0.045548456026712307 -0.048743965078776742
leaf_weight=3.7191503494977933 22.97397252172232 4.0062244087457648 5.3878336511552334 8.5648781880736369 4.2755762934684745 3.7410820275545147 24.373857289552689 12.550144217908381 5.4329932406544676
leaf_count=19 123 24 32 44 21 17 127 67 30
internal_value=1.6714e-05 0.0148694 -0.00898693 -0.00236103 -0.0133134 0.00490999 0.0221141 -0.0179976 -0.00299587
internal_weight=95.0257 13.1132 9.10698 81.9125 32.6825 49.23 28.1149 21.115 28.407
internal_count=504 75 51 429 174 255 144 111 153
is_linear=0
shrinkage=0.1


Tree=91
num_leaves=9
num_cat=0
split_feature=7 7 6 8 8 8 0 4
split_gain=0.351266 2.60613 2.51537 2.22503 3.45549 3.12208 1.39717 1.22872
threshold=22.319895805768812 22.697403480720055 22.418974855545517 32.629311544256595 31.280410766601566 29.748019092087052 265.60909787158022 1.3748334238509499
decision_type=2 2 2 2 2 2 2 2
left_child=3 -2 -3 4 5 -1 -4 -5
right_child=1 2 6 7 -6 -7 -8 -9
leaf_value=0.022676177976334214 0.059427869883048483 -0.086897252350558327 0.018264881991287292 -0.0045073834835406331 0.082184028543344126 -0.084721776730528275 -0.013015332412740641 -0.076185538014356097
leaf_weight=7.2693355157971435 7.4996450953185549 3.379326604306697 27.273725472390652 4.0162899084389192 4.9961237534880629 4.3125951960682869 29.970768928527832 5.9118131399154663
leaf_count=41 39 19 140 25 27 22 158 33
internal_value=1.77488e-05 0.00381815 -0.00306121 -0.00974966 0.0126717 -0.017314 0.0018879 -0.047189
internal_weight=94.6296 68.1235 60.6238 26.5062 16.5781 11.5819 57.2445 9.9281
internal_count=504 356 317 148 90 63 298 58
is_linear=0
shrinkage=0.1


Tree=92
num_leaves=6
num_cat=0
split_feature=4 8 9 1 0
split_gain=0.347358 0.848762 1.67254 1.08255 0.77187
threshold=0.92989908158779155 43.414271422340924 40.121154540174381 277.62399906822026 258.21592598145855
decision_type=2 2 2 2 2
left_child=4 2 3 -2 -1
right_child=1 -3 -4 -5 -6
leaf_value=0.017056783518740039 -4.7943593131387604e-06 0.043848794815500851 -0.060699898970614653 0.050270641485398726 -0.044478716323306119
leaf_weight=3.44548127427697 72.23102679848671 4.5698708705604068 4.3591655790805808 4.5528361275792113 4.9914728179574013
leaf_count=18 387 24 23 23 29
internal_value=1.13079e-05 0.00191698 -0.000444563 0.00297625 -0.0193489
internal_weight=94.1499 85.7129 81.143 76.7839 8.43695
internal_count=504 457 433 410 47
is_linear=0
shrinkage=0.1


Tree=93
num_leaves=9
num_cat=0
split_feature=7 7 5 7 4 5 4 7
split_gain=0.324683 2.77252 2.00049 4.28005 1.99915 1.24831 1.74785 1.58943
threshold=24.45423827456138 24.14380517700771 1.2450726015381719 25.073995142853729 1.424885172763404 1.208583863339362 1.2248492060755278 21.025440146943861
decision_type=2 2 2 2 2 2 2 2
left_child=1 5 -2 -4 -5 7 -7 -1
right_child=2 -3 3 4 -6 6 -8 -9
leaf_value=0.027316301271913673 0.04412281987116342 0.07437625687247422 -0.089042365530976414 -0.053259804615700734 0.021349833971086224 0.067336406111144706 -0.0013826092546068067 -0.06191167238890545
leaf_weight=2.8504089787602407 5.983293965458869 5.1682532578706732 6.6891729906201389 4.7196547687053707 15.022121056914328 4.0509648174047461 42.876335345208645 6.6628917157649994
leaf_count=18 31 27 35 23 79 22 232 37
internal_value=1.0373e-05 0.00427282 -0.00809114 -0.019911 0.00351295 -0.00214654 0.00454951 -0.0351769
internal_weight=94.0231 61.6089 32.4142 26.4309 19.7418 56.4406 46.9273 9.5133
internal_count=504 336 168 137 102 309 254 55
is_linear=0
shrinkage=0.1


Tree=94
num_leaves=12
num_cat=0
split_feature=2 2 3 3 9 6 2 5 9 3 2
split_gain=0.357687 2.09479 1.01873 2.69028 1.35654 0.990437 2.1739 2.09868 1.57129 0.770826 0.698106
threshold=256.99876651739368 258.58608313041628 46.551439383357994 54.752388592809034 38.11796982167354 23.214217841625217 253.9165370297045 2.0596551154697202 36.273664287825724 66.240509561582172 250.53523376298378
decision_type=2 2 2 2 2 2 2 2 2 2 2
left_child=5 -2 4 -4 -3 6 7 -1 9 -7 -10
right_child=1 2 3 -5 -6 8 -8 -9 10 -11 -12
leaf_value=-0.030479937916853623 0.072012907608770049 -0.048277338324267186 0.056852227420044123 -0.005745667768958837 0.014912913052776556 0.0073161012880973422 -0.087438703067407988 0.057845269880714249 -0.047875098687196471 0.06623603931033259 0.01438903711708458
leaf_weight=9.2555811256170291 4.2859522923827162 8.6925289034843427 8.6916878595948202 32.678288467228413 5.5769063010811797 4.2858539521694201 4.2115724235773078 3.7924185842275611 4.7029634378850451 4.6073780730366707 2.9179827198386192
leaf_count=57 21 46 44 173 28 22 21 19 33 23 17
internal_value=9.76231e-06 0.00464816 -0.000541002 0.00740593 -0.0235808 -0.00822023 -0.0249711 -0.0048081 0.00928671 0.0378412 -0.0240348
internal_weight=93.6991 59.9254 55.6394 41.37 14.2694 33.7738 17.2596 13.048 16.5142 8.89323 7.62095
internal_count=504 312 291 217 74 192 97 76 95 45 50
is_linear=0
shrinkage=0.1


Tree=95
num_leaves=6
num_cat=0
split_feature=9 6 9 7 5
split_gain=0.320902 1.85999 0.598524 0.933752 0.747749
threshold=41.013281708495292 28.781205665793159 39.642240450966447 26.658728508941476 0.98149685918474427
decision_type=2 2 2 2 2
left_child=2 -2 3 4 -1
right_child=1 -3 -4 -5 -6
leaf_value=0.043496610517638777 -0.07002243560758882 0.031198346492020114 0.036071581035812525 -0.049772393076865318 -0.0003099520904376269
leaf_weight=4.1147845201194277 3.6863086298108092 3.5769319087266922 4.7882820889353743 3.6454375758767119 73.460998486727476
leaf_count=26 23 17 24 19 395
internal_value=1.02773e-05 -0.0201742 0.00171479 -0.000310662 0.00201364
internal_weight=93.2727 7.26324 86.0095 81.2212 77.5758
internal_count=504 40 464 440 421
is_linear=0
shrinkage=0.1


Tree=96
num_leaves=9
num_cat=0
split_feature=5 4 0 4 7 5 0 3
split_gain=0.338916 1.60604 3.35541 1.8131 1.47411 1.30115 1.17392 1.56595
threshold=1.4024912119180792 1.4820670772067654 262.93794502315728 1.5452603261892153 20.914109610160683 1.3335198245026225 275.17773581407732 33.640737479048759
decision_type=2 2 2 2 2 2 2 2
left_child=5 2 -2 -3 -5 6 7 -1
right_child=1 3 -4 4 -6 -7 -8 -9
leaf_value=0.051736563853905196 0.091756213122549724 -0.079096626293512884 -0.021483466616055037 -0.042210249049527283 0.0077957417449919068 -0.062298247459896754 0.036252895530920357 -0.028370283214001476
leaf_weight=2.9643716812133887 5.688572168350218 2.9581181779503813 4.8455530256032944 6.7651391252875319 45.834521505981684 3.9703717976808539 6.3589273691177359 13.80241686105728
leaf_count=16 30 16 25 40 243 21 35 78
internal_value=6.56238e-06 0.00386797 0.0396675 -0.00291987 0.00136419 -0.00941205 -0.000332208 -0.0142074
internal_weight=93.188 66.0919 10.5341 55.5578 52.5997 27.0961 23.1257 16.7668
internal_count=504 354 55 299 283 150 129 94
is_linear=0
shrinkage=0.1


Tree=97
num_leaves=7
num_cat=0
split_feature=2 0 4 2 3 3
split_gain=0.336315 1.29006 1.39548 1.24934 1.38045 1.34197
threshold=246.2958894324037 270.00215321779257 1.9046185014885855 249.37824027694776 95.016277182876522 88.433634676421434
decision_type=2 2 2 2 2 2
left_child=1 -1 -3 -2 5 -5
right_child=3 2 -4 4 -6 -7
leaf_value=-0.052871131317237821 0.052926346530998952 0.040506983499563283 -0.040025143290106154 -0.00070038554108116618 0.053275275045022476 -0.061826720841446407
leaf_weight=5.3671211786568156 4.6385350525379172 5.5042369179427606 3.5327250882983208 65.554853200912476 4.4717240929603568 3.7997643351554862
leaf_count=38 24 33 19 347 24 19
internal_value=7.41735e-06 -0.0140379 0.0090254 0.00258577 -0.000577142 -0.00404934
internal_weight=92.869 14.4041 9.03696 78.4649 73.8263 69.3546
internal_count=504 90 52 414 390 366
is_linear=0
shrinkage=0.1


Tree=98
num_leaves=9
num_cat=0
split_feature=0 7 6 0 3 4 0 0
split_gain=0.361368 1.5136 1.65238 0.545215 1.8797 2.20602 1.70413 0.972162
threshold=250.36979917997203 22.28620476110132 23.443503944078795 260.00073680756856 43.703831639255419 1.136593818664551 262.02523898495718 263.82516874955093
decision_type=2 2 2 2 2 2 2 2
left_child=1 -1 -3 4 -2 -6 -5 -8
right_child=3 2 -4 6 5 -7 7 -9
leaf_value=-0.031891261226546695 -0.08038557433023806 0.079231192262315286 -0.010841739012746307 0.056744397109938643 0.066613287133382257 -0.023252389166976414 -0.051558408165416625 0.0005559828550336615
leaf_weight=4.3826415464282027 3.7836775779724148 4.7636535540223104 3.5577797964215279 5.2156287655234328 3.6073147654533377 11.252669148147104 3.8428865708410731 52.227767765522003
leaf_count=25 24 30 20 27 19 60 21 278
internal_value=4.77535e-06 0.0156713 0.040721 -0.00248527 -0.0174595 -0.00143717 0.00207 -0.00301576
internal_weight=92.634 12.7041 8.32143 79.9299 18.6437 14.86 61.2863 56.0707
internal_count=504 75 50 429 103 79 326 299
is_linear=0
shrinkage=0.1


Tree=99
num_leaves=9
num_cat=0
split_feature=2 3 9 0 2 6 4 5
split_gain=0.36121 1.34381 1.45003 2.38269 1.04169 2.18532 0.949914 1.6883
threshold=254.67551352110752 101.19178539480019 36.45788888208785 283.39249329480879 258.27272106654027 23.513919862229418 2.5369745837524538 1.9685917184675665
decision_type=2 2 2 2 2 2 2 2
left_child=1 2 3 -1 5 -2 7 -6
right_child=4 -3 -4 -5 6 -7 -8 -9
leaf_value=-0.0061780909242526178 -0.016251806512385465 -0.068340431242120775 -0.054013379433237099 0.084297884311468896 0.005381405624190874 0.0830765510362904 0.036833717374613655 -0.036462026224489533
leaf_weight=16.010818757116805 4.2204166799783689 3.4136459454894057 4.2756617069244376 3.5574649795889846 37.27511040866375 4.6613727435469627 5.9428790993988505 13.007546402513979
leaf_count=91 21 20 32 19 191 24 37 69
internal_value=6.58473e-06 -0.00965832 -0.00125703 0.0102702 0.00405286 0.0358781 -0.00097448 -0.00544301
internal_weight=92.3649 27.2576 23.8439 19.5683 65.1073 8.88179 56.2255 50.2827
internal_count=504 162 142 110 342 45 297 260
is_linear=0
shrinkage=0.1


end of trees

feature_importances:
passing_yards_L10=105
passing_yards_L3=85
pass_tds_L5=83
pass_tds_L3=78
passing_yards_L5=69
passing_yards_std_L5=69
completions_L5=66
completions_L3=64
attempts_L5=62
attempts_L3=61

parameters:
[boosting: gbdt]
[objective: binary]
[metric: binary_logloss]
[tree_learner: serial]
[device_type: cpu]
[data_sample_strategy: bagging]
[data: ]
[valid: ]
[num_iterations: 100]
[learning_rate: 0.1]
[num_leaves: 31]
[num_threads: 2]
[seed: 42]
[deterministic: 0]
[force_col_wise: 0]
[force_row_wise: 0]
[histogram_pool_size: -1]
[max_depth: 4]
[min_data_in_leaf: 20]
[min_sum_hessian_in_leaf: 0.001]
[bagging_fraction: 1]
[pos_bagging_fraction: 1]
[neg_bagging_fraction: 1]
[bagging_freq: 0]
[bagging_seed: 400]
[bagging_by_query: 0]
[feature_fraction: 1]
[feature_fraction_bynode: 1]
[feature_fraction_seed: 30056]
[extra_trees: 0]
[extra_seed: 12879]
[early_stopping_round: 0]
[early_stopping_min_delta: 0]
[first_metric_only: 0]
[max_delta_step: 0]
[lambda_l1: 0]
[lambda_l2: 0]
[linear_lambda: 0]
[min_gain_to_split: 0]
[drop_rate: 0.1]
[max_drop: 50]
[skip_drop: 0.5]
[xgboost_dart_mode: 0]
[uniform_drop: 0]
[drop_seed: 17869]
[top_rate: 0.2]
[other_rate: 0.1]
[min_data_per_group: 100]
[max_cat_threshold: 32]
[cat_l2: 10]
[cat_smooth: 10]
[max_cat_to_onehot: 4]
[top_k: 20]
[monotone_constraints: ]
[monotone_constraints_method: basic]
[monotone_penalty: 0]
[feature_contri: ]
[forcedsplits_filename: ]
[refit_decay_rate: 0.9]
[cegb_tradeoff: 1]
[cegb_penalty_split: 0]
[cegb_penalty_feature_lazy: ]
[cegb_penalty_feature_coupled: ]
[path_smooth: 0]
[interaction_constraints: ]
[verbosity: -1]
[saved_feature_importance_type: 0]
[use_quantized_grad: 0]
[num_grad_quant_bins: 4]
[quant_train_renew_leaf: 0]
[stochastic_rounding: 1]
[linear_tree: 0]
[max_bin: 255]
[max_bin_by_feature: ]
[min_data_in_bin: 3]
[bin_construct_sample_cnt: 200000]
[data_random_seed: 175]
[is_enable_sparse: 1]
[enable_bundle: 1]
[use_missing: 1]
[zero_as_missing: 0]
[feature_pre_filter: 1]
[pre_partition: 0]
[two_round: 0]
[header: 0]
[label_column: ]
[weight_column: ]
[group_column: ]
[ignore_column: ]
[categorical_feature: ]
[forcedbins_filename: ]
[precise_float_parser: 0]
[parser_config_file: ]
[objective_seed: 16083]
[num_class: 1]
[is_unbalance: 0]
[scale_pos_weight: 1.00797]
[sigmoid: 1]
[boost_from_average: 1]
[reg_sqrt: 0]
[alpha: 0.9]
[fair_c: 1]
[poisson_max_delta_step: 0.7]
[tweedie_variance_power: 1.5]
[lambdarank_truncation_level: 30]
[lambdarank_norm: 1]
[label_gain: ]
[lambdarank_position_bias_regularization: 0]
[eval_at: ]
[multi_error_top_k: 1]
[auc_mu_weights: ]
[num_machines: 1]
[local_listen_port: 12400]
[time_out: 120]
[machine_list_filename: ]
[machines: ]
[gpu_platform_id: -1]
[gpu_device_id: -1]
[gpu_use_dp: 0]
[num_gpu: 1]

end of parameters

pandas_categorical:[]
