tree
version=v4
num_class=1
num_tree_per_iteration=1
label_index=0
max_feature_idx=9
objective=binary sigmoid:1
feature_names=pass_tds_L3 pass_tds_L5 pass_tds_L10 pass_tds_std_L5 completions_L3 completions_L5 completions_L10 attempts_L3 attempts_L5 attempts_L10
feature_infos=[0.546875:1.875] [1:1.4968632028132105] [0.54545454545454541:2.0900211734171159] [0:2.3144034057407459] [1:36] [1:36] [1:36] [1:51.423025466137247] [1:49.370546054647249] [1:47.37114951164537]
tree_sizes=1267 1364 1367 1366 762 1373 754 1269 761 1065 1577 659 1167 962 1264 861 1275 1073 666 764 1169 1384 1380 970 967 866 1274 875 1175 870 1486 766 1072 869 1067 974 1277 973 971 667 771 869 766 1173 975 875 1276 1071 1273 1282 874 1285 870 670 771 1178 772 772 674 972 772 670 1380 773 1490 874 776 1178 967 1077 1076 980 674 1276 1182 1281 1280 1176 1077 772 1287 1078 676 1071 870 1186 979 977 1182 873 1286 1072 1286 670 1383 1179 1073 1079 1075 1383

Tree=0
num_leaves=11
num_cat=0
split_feature=6 3 1 4 0 6 7 1 5 1
split_gain=21.6206 14.7049 14.6913 11.1685 9.56953 7.91897 6.5269 5.14208 7.34082 1.9976
threshold=21.271457266497865 0.96392009667764222 1.4150998139547941 12.875521574169399 1.5090531894607764 19.700496674815643 34.384699901333086 1.3656768259585355 23.358645396908127 1.4571105770735042
decision_type=2 2 2 2 2 2 2 2 2 2
left_child=1 3 7 -1 6 -5 -3 8 -2 -4
right_child=2 4 9 5 -6 -7 -8 -9 -10 -11
leaf_value=-0.56887199048914816 -0.41079226505559197 -0.36373657416509741 -0.32586483154034857 -0.41793310270709472 -0.48321327344725451 -0.49048237563691249 -0.45205326217286251 -0.45205326217286251 -0.34278844784122009 -0.26774414858495038
leaf_weight=7.6448200345039359 29.828877329826355 53.958979845046997 11.002337634563448 46.409210681915283 9.8745890259742719 22.262670814990997 9.9038904905319196 9.9038904905319196 33.929651260375977 12.785438179969786
leaf_count=31 104 179 35 163 37 84 36 36 110 38
internal_value=-0.399627 -0.423446 -0.362952 -0.454217 -0.391598 -0.441453 -0.377433 -0.385017 -0.374603 -0.294626
internal_weight=247.504 150.054 97.4502 76.3167 73.7375 68.6719 63.8629 73.6624 63.7585 23.7878
internal_count=853 530 323 278 252 247 215 250 214 73
is_linear=0
shrinkage=1


Tree=1
num_leaves=12
num_cat=0
split_feature=6 3 1 4 0 8 1 6 8 7 2
split_gain=16.9732 11.741 11.2463 9.36437 7.87659 8.88348 7.26127 6.43772 4.71669 11.6648 1.56793
threshold=21.271457266497865 0.96392009667764222 1.4150998139547941 12.875521574169399 1.3184689986055673 31.467225752331611 1.1005123342070846 19.700496674815643 31.51031251760519 32.14118289858289 1.5032698737257886
decision_type=2 2 2 2 2 2 2 2 2 2 2
left_child=1 3 8 -1 6 -6 -3 -5 -2 -10 -4
right_child=2 4 10 7 5 -7 -8 -9 9 -11 -12
leaf_value=-0.11449488624615022 0.12640379355318332 0.018457989035287208 0.1056065781105527 0.024822705911566087 -0.030862868056386546 0.091384689750773365 0.10185608145193036 -0.040756564184963068 -0.07689212766859195 0.059530038704577681 0.15630166460648387
leaf_weight=7.4145616292953482 8.0076660960912687 15.849157005548475 11.696046978235247 46.683860540390015 19.548619866371158 8.5416713953018171 30.589851096272469 22.034621611237526 7.005088508129119 59.542205616831779 12.753357902169226
leaf_count=31 25 55 36 163 72 28 97 84 27 198 37
internal_value=0.0410309 0.0198948 0.0731954 -0.00772549 0.0481094 0.00631006 0.0733932 0.00379467 0.0538946 0.0451696 0.13205
internal_weight=249.667 150.662 99.0044 76.133 74.5293 28.0903 46.439 68.7185 74.555 66.5473 24.4494
internal_count=853 530 323 278 252 100 152 247 250 225 73
is_linear=0
shrinkage=0.1


Tree=2
num_leaves=12
num_cat=0
split_feature=6 3 6 2 1 9 1 5 1 2 4
split_gain=13.4651 10.7853 9.36413 11.4649 8.87173 7.14624 3.95178 5.49002 1.54582 4.11747 0.727023
threshold=21.271457266497865 1.4335419820855517 15.672626683778605 1.1534512850498788 1.4150998139547941 27.714091151884961 1.3656768259585355 23.358645396908127 1.4605007693188317 1.5108396728807512 16.794432200253507
decision_type=2 2 2 2 2 2 2 2 2 2 2
left_child=1 2 3 -1 6 -4 7 -2 9 -6 -3
right_child=4 10 5 -5 8 -7 -8 -9 -10 -11 -12
leaf_value=-0.0090547745296875228 0.025850126463806519 0.1272625104213112 0.074357483133906346 -0.16482172047324073 0.036349039215212368 0.010291374063535407 -0.0105532099807786 0.084014542886655219 0.14424518087524435 0.14690128954921861 0.079986461967544831
leaf_weight=23.307647034525875 30.307455718517303 6.8314014375209791 21.769542634487152 5.9267536699771872 6.4454265534877795 86.95981140434742 9.9872290939092618 34.931401565670967 11.312729626893995 7.0581893622875214 6.2096901684999466
leaf_count=86 104 21 71 25 21 307 36 110 32 20 20
internal_value=0.0366767 0.0178261 0.00960949 -0.0406337 0.0651299 0.0231185 0.0480259 0.0569936 0.116977 0.0941335 0.104751
internal_weight=251.047 151.005 137.964 29.2344 100.042 108.729 75.2261 65.2389 24.8163 13.5036 13.0411
internal_count=853 530 489 111 323 378 250 214 73 41 41
is_linear=0
shrinkage=0.1


Tree=3
num_leaves=12
num_cat=0
split_feature=2 3 4 0 5 9 8 8 3 3 7
split_gain=11.1205 9.3616 11.1908 8.25411 7.481 3.74374 12.1382 8.04019 7.37683 6.24749 4.77389
threshold=1.3200684416011674 1.448509542197977 14.902391600488047 1.6059265136718752 14.64405838251885 35.022770135210571 32.857499476647128 34.350825584148154 0.79876152291244096 0.83372972080427232 36.459859848022468
decision_type=2 2 2 2 2 2 2 2 2 2 2
left_child=1 2 4 -4 -1 6 9 -8 -7 -2 -10
right_child=5 -3 3 -5 -6 8 7 -9 10 -11 -12
leaf_value=-0.026000557333507552 0.0092977502140367905 0.10676903077896596 0.027015024078399272 -0.076027839164883787 -0.17025553056645351 0.16229014584573087 -0.12281289839670939 0.031213684582699228 0.10583040872114124 0.088205067323669256 0.024679611024318676
leaf_weight=14.028226822614672 13.916040703654287 10.454407051205633 112.09686060249805 8.3530986160039884 4.8337258398532859 8.9691800177097303 6.3266873359680158 7.2987666726112366 12.515293642878534 35.968228593468666 17.227954760193825
leaf_count=54 49 32 384 32 20 25 25 24 38 113 57
internal_value=0.0328579 0.0155023 0.0086534 0.0198691 -0.0629686 0.0582856 0.0433444 -0.0403053 0.0827974 0.0661926 0.0588261
internal_weight=251.988 149.766 139.312 120.45 18.862 102.222 63.5097 13.6255 38.7124 49.8843 29.7432
internal_count=853 522 490 416 74 331 211 49 120 162 95
is_linear=0
shrinkage=0.1


Tree=4
num_leaves=6
num_cat=0
split_feature=4 0 3 8 0
split_gain=9.96144 9.54945 8.34907 8.16222 5.37946
threshold=8.5719451904296893 1.6880075117410345 1.1147767907593156 37.505318841532336 0.87112751929089438
decision_type=2 2 2 2 2
left_child=-1 2 3 -2 -4
right_child=1 -3 4 -5 -6
leaf_value=-0.11695090114261127 0.014067348803953151 -0.091413379230566028 -0.0014999053162179537 0.073966615199548613 0.076141097107470454
leaf_weight=4.5629576742649069 145.26512321829796 6.1003166586160651 10.505701646208761 26.973287597298622 59.2707689255476
leaf_count=20 503 24 36 84 186
internal_value=0.0294624 0.032155 0.0352697 0.0234478 0.0644513
internal_weight=252.678 248.115 242.015 172.238 69.7765
internal_count=853 833 809 587 222
is_linear=0
shrinkage=0.1


Tree=5
num_leaves=12
num_cat=0
split_feature=6 1 3 4 8 0 7 8 7 0 6
split_gain=8.78683 7.28597 6.48365 6.13388 7.58841 5.95357 4.77508 4.08348 8.55494 1.45574 3.54021
threshold=21.271457266497865 1.4150998139547941 0.96392009667764222 12.875521574169399 23.626807608563848 1.5090531894607764 34.384699901333086 31.411663389408769 31.61376951182709 1.543615903227874 22.878873117268757
decision_type=2 2 2 2 2 2 2 2 2 2 2
left_child=2 7 3 -1 -5 6 -4 -2 -9 10 -3
right_child=1 9 5 4 -6 -7 -8 8 -10 -11 -12
leaf_value=-0.099564830961513362 0.10330760537599036 0.13122774539995083 0.054171999750199221 0.092642233801950288 -0.012223191286888098 -0.040590384024826655 -0.020393860105283608 -0.088696171165353194 0.037088978849763934 0.13474106179388892 0.041404840853352783
leaf_weight=6.862284615635871 7.6427461206912986 7.8575074374675813 55.954222589731216 7.7737388908863059 61.436458110809326 9.8550738990306836 10.145344644784926 5.916771098971366 62.760723203420639 7.0573226213455191 9.937017083168028
leaf_count=31 23 22 179 25 222 37 36 23 204 20 31
internal_value=0.0264463 0.049282 0.0112494 -0.00938599 -0.000444632 0.0319168 0.0427272 0.0339686 0.0262522 0.0963097 0.0810678
internal_weight=253.199 101.172 152.027 76.0725 69.2102 75.9546 66.0996 76.3202 68.6775 24.8518 17.7945
internal_count=853 323 530 278 247 252 215 250 227 73 53
is_linear=0
shrinkage=0.1


Tree=6
num_leaves=6
num_cat=0
split_feature=0 4 3 2 0
split_gain=7.296 7.48637 6.33212 6.39284 2.7702
threshold=1.6880075117410345 8.5719451904296893 1.4242009313336708 1.4131923142459606 1.1244599903328665
decision_type=2 2 2 2 2
left_child=1 -1 3 -3 -4
right_child=-2 2 4 -5 -6
leaf_value=-0.10554336790259676 -0.085515286130488116 0.013189019771890837 0.045121029064817499 0.051576744311302873 0.1150174295727904
leaf_weight=4.2243845760822287 5.9617242366075507 160.76320916414261 11.692288383841516 59.415149658918381 11.009210109710692
leaf_count=20 24 551 37 189 32
internal_value=0.0237997 0.0264371 0.0287326 0.023548 0.0790177
internal_weight=253.066 247.104 242.88 220.178 22.7015
internal_count=853 829 809 740 69
is_linear=0
shrinkage=0.1


Tree=7
num_leaves=11
num_cat=0
split_feature=6 1 3 6 2 9 8 5 6 0
split_gain=6.64465 6.03556 4.91853 5.33494 10.2097 5.76895 3.84341 6.78684 3.41825 0.756434
threshold=21.271457266497865 1.4571105770735042 1.4335419820855517 15.672626683778605 1.1534512850498788 27.714091151884961 32.346670123181738 23.200604582634764 22.107499001575263 1.2286377279970113
decision_type=2 2 2 2 2 2 2 2 2 2
left_child=2 6 3 4 -1 -5 8 -8 -2 -4
right_child=1 -3 9 5 -6 -7 7 -9 -10 -11
leaf_value=-0.0062409903718897231 0.11947665151744841 0.10429563787621561 0.089475202769697615 0.05815320116927513 -0.15662749281772104 0.001067309474195746 -0.021216009979133699 0.043688363067081668 0.023729932974418229 0.041919947124013368
leaf_weight=22.771787196397785 8.5285992026329023 13.205361574888228 6.7971519976854307 22.16193513572216 5.6305715739727011 87.980494230985641 24.048870757222176 48.809433728456497 6.6252310872077933 6.5855055451393127
leaf_count=86 25 38 20 71 25 307 84 154 22 21
internal_value=0.0214049 0.041254 0.00818094 0.00258883 -0.0360541 0.0125537 0.0317953 0.0222649 0.0776163 0.0660736
internal_weight=253.145 101.217 151.927 138.545 28.4024 110.142 88.0121 72.8583 15.1538 13.3827
internal_count=853 323 530 489 111 378 285 238 47 41
is_linear=0
shrinkage=0.1


Tree=8
num_leaves=6
num_cat=0
split_feature=0 4 3 0 2
split_gain=5.89424 5.86835 4.95171 5.71031 5.15605
threshold=1.6880075117410345 8.5719451904296893 1.1147767907593156 0.87668322001627541 1.1135749535035673
decision_type=2 2 2 2 2
left_child=1 -1 3 -3 -4
right_child=-2 2 4 -5 -6
leaf_value=-0.098509346494149552 -0.080190227256177624 0.11268246560654063 0.09666602913099466 0.011147459212211316 0.031504098286441733
leaf_weight=3.9998335242271414 5.8191836029291144 5.7288931161165229 15.623022526502607 167.06729675829411 54.515965685248375
leaf_count=20 24 17 47 570 175
internal_value=0.0192873 0.0216316 0.0236096 0.0145138 0.0460185
internal_weight=252.754 246.935 242.935 172.796 70.139
internal_count=853 829 809 587 222
is_linear=0
shrinkage=0.1


Tree=9
num_leaves=9
num_cat=0
split_feature=5 9 5 6 7 8 6 8
split_gain=5.76864 7.79615 8.38993 5.21574 5.00474 8.66623 4.58711 3.5303
threshold=17.554766795700221 27.714091151884961 16.775099938288907 16.413822935051751 25.713248501531783 27.761021827678608 13.544679011363964 41.068971350918936
decision_type=2 2 2 2 2 2 2 2
left_child=1 3 -3 6 -2 -6 -1 -7
right_child=4 2 -4 -5 5 7 -8 -9
leaf_value=0.022108853097686856 0.12642586213923887 -0.0069440690777670087 -0.16056142000142609 0.06729225025030415 -0.13721926684000027 0.029618456677186357 -0.052536360442626898 -0.028216215932567269
leaf_weight=19.410550579428673 4.8189222365617743 8.1890662610530836 6.2831812202930442 11.969905257225035 3.30756552517414 173.18246908485889 14.295842647552488 11.239396616816519
leaf_count=73 14 29 25 37 13 570 54 38
internal_value=0.0173548 -0.00967815 -0.0736376 0.010587 0.0257994 0.0232164 -0.00955031 0.0260938
internal_weight=252.697 60.1485 14.4722 45.6763 192.548 187.729 33.7064 184.422
internal_count=853 218 54 164 635 621 127 608
is_linear=0
shrinkage=0.1


Tree=10
num_leaves=14
num_cat=0
split_feature=6 1 3 0 8 7 0 2 4 1 1 0 6
split_gain=5.02296 5.44626 3.6251 4.8764 7.8245 4.40809 3.9086 8.19207 5.79854 3.27342 3.51424 1.42497 2.81316
threshold=21.271457266497865 1.4150998139547941 0.96392009667764222 1.3184689986055673 31.467225752331611 34.384699901333086 1.2708454442899741 1.1450106432583274 19.161480963230137 1.3656768259585355 1.3233129208828329 1.543615903227874 22.878873117268757
decision_type=2 2 2 2 2 2 2 2 2 2 2 2 2
left_child=2 9 6 5 -5 -4 7 -1 -8 10 -2 12 -3
right_child=1 11 3 4 -6 -7 8 -9 -10 -11 -12 -13 -14
leaf_value=0.0053526628144905143 0.019780436758304917 0.10454434554201197 0.051215438801646952 -0.048325627450616006 0.065309899448026162 -0.037468367895567414 0.056686667019482342 -0.08154436548328442 -0.030070514645935176 -0.032776187363069705 0.092751639586816426 0.11248410067418191 0.023335672640344123
leaf_weight=26.501178964972496 59.057635352015495 7.5807696878910127 41.083600804209709 19.630970448255542 8.7647413462400419 6.4902534782886496 16.41983133554459 18.368330150842667 14.513104408979414 10.250205323100088 7.4300848990678778 6.9348399341106406 9.7546162605285627
leaf_count=98 192 22 129 72 28 23 55 72 53 36 22 20 31
internal_value=0.0156051 0.0328844 0.00410529 0.0195431 -0.0132504 0.0391168 -0.0113666 -0.0302206 0.015982 0.0198256 0.0279351 0.0741739 0.0588483
internal_weight=252.78 101.008 151.772 75.9696 28.3957 47.5739 75.8024 44.8695 30.9329 76.7379 66.4877 24.2702 17.3354
internal_count=853 323 530 252 100 152 278 170 108 250 214 73 53
is_linear=0
shrinkage=0.1


Tree=11
num_leaves=5
num_cat=0
split_feature=0 4 8 5
split_gain=4.96305 4.85475 4.64802 8.34936
threshold=1.6827736932722248 8.5719451904296893 18.502194975547621 12.550453703546902
decision_type=2 2 2 2
left_child=1 -1 -3 -4
right_child=-2 2 3 -5
leaf_value=-0.094729930409556393 -0.071629276944740833 0.11178146577953391 -0.15908437463911279 0.018114147023754853
leaf_weight=3.8709004372358313 6.5802393853664389 5.1883105188608161 2.6896794885396949 233.80048687756062
leaf_count=20 27 16 12 778
internal_value=0.0140766 0.0163734 0.0181529 0.0160988
internal_weight=252.13 245.549 241.678 236.49
internal_count=853 826 806 790
is_linear=0
shrinkage=0.1


Tree=12
num_leaves=10
num_cat=0
split_feature=5 8 4 4 3 8 1 1 9
split_gain=4.44875 5.8635 5.40177 6.93277 5.2898 5.19143 5.14041 4.38491 4.37449
threshold=23.426154549611347 41.068971350918936 22.617270680842925 22.099155426025394 1.4335419820855517 36.407080100247377 1.4247925810616051 1.3668642098372168 33.311063664705507
decision_type=2 2 2 2 2 2 2 2 2
left_child=2 6 3 4 -1 8 7 -2 -4
right_child=1 -3 5 -5 -6 -7 -8 -9 -10
leaf_value=0.00094524834377610967 0.054691939789470345 -0.026731925807801871 -0.048159957889918469 0.088606843060472215 0.06273449787389726 -0.12751681785390009 0.12515859489914782 -0.039375049743101229 0.055619320635583641
leaf_weight=148.83706291019917 27.698296114802361 10.976995274424551 12.428032711148267 11.027590617537497 15.277399137616156 5.1816363036632529 8.4313359558582288 6.0352455824613562 6.0335417538881293
leaf_count=521 85 37 45 34 47 20 24 21 19
internal_value=0.0126687 0.03837 0.00579787 0.0118545 0.0066972 -0.0390682 0.0553183 0.0378625 -0.0142432
internal_weight=251.927 53.1419 198.785 175.142 164.114 23.6432 42.1649 33.7335 18.4616
internal_count=853 167 686 602 568 84 130 106 64
is_linear=0
shrinkage=0.1


Tree=13
num_leaves=8
num_cat=0
split_feature=0 3 6 8 2 7 4
split_gain=4.15861 4.1571 7.42109 7.11293 7.01018 5.41401 6.02945
threshold=1.6827736932722248 1.1546016161004207 15.672626683778605 24.249914655355521 1.1284008513881216 38.273982855349466 20.807128906250004
decision_type=2 2 2 2 2 2 2
left_child=1 2 4 -4 -1 6 -3
right_child=-2 5 3 -5 -6 -7 -8
leaf_value=-0.017062880048737676 -0.067819899582118565 0.024882502558916192 0.12787244655926661 0.0094996362815100918 -0.1510201231161391 -0.027437753159136016 0.098144531329676293
leaf_weight=16.167105391621593 6.4518403261899939 32.368664860725403 5.2448607087135306 157.92137739062309 5.1513327211141577 10.932269275188444 17.204495817422867
leaf_count=64 27 104 15 531 24 37 51
internal_value=0.011428 0.013515 0.00605501 0.0133046 -0.049432 0.0362609 0.0503083
internal_weight=251.442 244.99 184.485 163.166 21.3184 60.5054 49.5732
internal_count=853 826 634 546 88 192 155
is_linear=0
shrinkage=0.1


Tree=14
num_leaves=11
num_cat=0
split_feature=5 5 0 4 8 3 3 4 6 7
split_gain=3.76528 7.17928 5.7353 6.31536 5.28645 4.506 4.42849 4.40795 3.65045 1.0271
threshold=23.200604582634764 22.685185185185187 1.4221323209653196 24.990722656250004 35.951435587172007 0.80423050539974372 1.4335419820855517 15.999511718750002 19.209096099193541 37.398437500000007
decision_type=2 2 2 2 2 2 2 2 2 2
left_child=1 6 3 4 -2 -5 7 -1 -8 -4
right_child=2 -3 9 5 -6 -7 8 -9 -10 -11
leaf_value=-0.029548876782618153 -0.017464720287210904 -0.076366292906398667 0.061797408545198509 0.031848619915154829 0.094029033721035146 -0.053288635880239424 0.013158503873908817 0.011460581841325566 0.10943088275391054 0.11747300347364427
leaf_weight=32.60595577955246 6.2567847520113018 10.618334889411924 6.4573610574007017 10.776094794273378 13.276865109801291 14.692479789257048 8.3034905642271024 133.61917273700237 7.4925758540630332 6.8056205213069916
leaf_count=127 21 39 20 34 39 51 27 453 22 20
internal_value=0.0102992 0.003562 0.0325739 0.0155414 0.0583167 -0.0172659 0.00822467 0.00341636 0.0588235 0.0903662
internal_weight=250.905 192.64 58.2652 45.0022 19.5336 25.4686 182.021 166.225 15.7961 13.263
internal_count=853 668 185 145 60 85 629 580 49 40
is_linear=0
shrinkage=0.1


Tree=15
num_leaves=7
num_cat=0
split_feature=0 3 1 1 5 9
split_gain=3.49023 3.43234 6.68004 6.57655 2.3857 5.24274
threshold=1.6827736932722248 0.488992675359606 1.0042752629827219 1.0188707206679819 12.16666666666667 32.356889815179159
decision_type=2 2 2 2 2 2
left_child=1 4 -3 -4 -1 -6
right_child=-2 2 3 -5 5 -7
leaf_value=-0.09560566596405605 -0.063962586444466035 0.14437069385454149 -0.088734462178666609 0.015521793391742237 0.050203915005413546 -0.060671636896804021
leaf_weight=4.1067713499069241 6.3387060314416876 3.913243740797042 6.2278289049863806 212.53798860311508 7.7523596882820156 9.4794839173555356
leaf_count=22 27 11 23 710 26 34
internal_value=0.00929594 0.0111989 0.0148703 0.0125538 -0.0271136 -0.0107903
internal_weight=250.356 244.018 222.679 218.766 21.3386 17.2318
internal_count=853 826 744 733 82 60
is_linear=0
shrinkage=0.1


Tree=16
num_leaves=11
num_cat=0
split_feature=5 0 7 0 6 9 3 0 5 9
split_gain=3.24669 4.60749 4.40061 6.55274 5.23374 5.20173 7.70843 4.41943 3.85707 3.59435
threshold=23.426154549611347 1.4976477622985842 36.285496501937907 1.3475362457688986 21.011473228886256 33.747297233559841 0.83139283206526648 1.5090531894607764 26.553513299795487 35.022770135210571
decision_type=2 2 2 2 2 2 2 2 2 2
left_child=2 8 5 4 -4 7 -7 -1 9 -2
right_child=1 -3 3 -5 -6 6 -8 -9 -10 -11
leaf_value=0.0059699693346084055 -0.029580753122095849 0.10383352731409595 -0.027824909953574284 0.033246355491415247 -0.16324915344161023 -0.046940261261381233 0.076946512171283898 -0.048889724345818647 -0.031552092143615554 0.052003207947331903
leaf_weight=135.21403887867928 6.7593997418880454 7.3625181913375846 6.181860953569414 6.8490391969680777 5.3008302748203278 6.6064336150884655 20.947537124156952 16.473553314805031 11.473346874117849 26.856030806899071
leaf_count=469 23 22 22 23 21 24 64 63 39 83
internal_value=0.00837129 0.0304877 0.00249987 -0.0441671 -0.0903417 0.00727269 0.047243 1.2105e-05 0.0185111 0.0355983
internal_weight=250.025 52.4513 197.573 18.3317 11.4827 179.242 27.554 151.688 45.0888 33.6154
internal_count=853 167 686 66 43 620 88 532 145 106
is_linear=0
shrinkage=0.1


Tree=17
num_leaves=9
num_cat=0
split_feature=2 2 9 1 3 4 8 7
split_gain=2.91293 5.19491 4.53057 5.41667 4.2723 4.18032 8.85797 3.11515
threshold=1.4131923142459606 1.4295649366085932 29.429644828642754 1.4150998139547941 1.5741185971148637 15.830360356602748 23.626807608563848 25.907701799351347
decision_type=2 2 2 2 2 2 2 2
left_child=4 -2 -3 -4 5 6 -1 -7
right_child=1 2 3 -5 -6 7 -8 -9
leaf_value=0.0046966018490898452 0.09628890070175565 0.076700394465425079 -0.025126379558406117 0.042739334973983106 0.084097026629931543 0.061946021757923048 -0.11278612759345102 0.001146501245022119
leaf_weight=17.932145059108738 8.9382466673850995 9.7520688176155073 29.355398967862129 19.621725395321846 5.9780473262071601 8.9714128673076612 9.9949221909046155 138.89968778192997
leaf_count=72 27 30 100 63 18 29 40 474
internal_value=0.00755411 0.0252657 0.0144564 0.00206269 0.000960849 -0.00186621 -0.0373497 0.00483524
internal_weight=249.444 67.6674 58.7292 48.9771 181.776 175.798 27.9271 147.871
internal_count=853 220 193 163 633 615 112 503
is_linear=0
shrinkage=0.1


Tree=18
num_leaves=5
num_cat=0
split_feature=0 0 3 5
split_gain=2.83662 3.10002 4.39125 4.1619
threshold=0.74427873978856962 0.83432848129262138 1.5741185971148637 17.386309034969162
decision_type=2 2 2 2
left_child=-1 -2 3 -3
right_child=1 2 -4 -5
leaf_value=0.074929974209795497 -0.064475016713909011 -0.020444801869656304 0.087669118992626388 0.011872008032964313
leaf_weight=5.9668768346309653 6.2327071577310553 51.270386695861816 6.5566116571426383 178.91368192434311
leaf_count=18 22 195 20 598
internal_value=0.00681251 0.0051397 0.00697246 0.00467388
internal_weight=248.94 242.973 236.741 230.184
internal_count=853 835 813 793
is_linear=0
shrinkage=0.1


Tree=19
num_leaves=6
num_cat=0
split_feature=0 7 7 7 3
split_gain=2.76224 2.61276 4.0577 7.11038 1.70512
threshold=1.6827736932722248 13.310836791992189 21.39627014379192 23.369704078504348 1.0151942424462483
decision_type=2 2 2 2 2
left_child=1 -1 4 -4 -3
right_child=-2 2 3 -5 -6
leaf_value=-0.081241877153276951 -0.059843161311413595 0.025889543007260242 -0.078507800167310599 0.0097607943607681599 0.10189890570833687
leaf_weight=3.2493830621242514 6.1862644255161277 5.5793686956167203 9.5250955224037153 217.80880871415138 6.265797421336174
leaf_count=19 27 21 37 730 19
internal_value=0.00614174 0.00782553 0.00903556 0.00606242 0.0660966
internal_weight=248.615 242.428 239.179 227.334 11.8452
internal_count=853 826 807 767 40
is_linear=0
shrinkage=0.1


Tree=20
num_leaves=10
num_cat=0
split_feature=5 4 4 4 0 8 9 5 9
split_gain=2.48592 4.0632 5.50619 4.44801 3.86969 3.79416 3.51628 3.17814 2.95761
threshold=23.426154549611347 22.617270680842925 22.099155426025394 21.097843830822971 1.4976477622985842 36.407080100247377 33.311063664705507 26.553513299795487 35.022770135210571
decision_type=2 2 2 2 2 2 2 2 2
left_child=1 2 3 -1 7 6 -3 8 -2
right_child=4 5 -4 -5 -6 -7 -8 -9 -10
leaf_value=0.0080247688429914005 -0.029331675591225799 -0.04806647075038193 0.074300940876960417 -0.038219911934018878 0.093509446270262753 -0.1154818584964763 0.045500114499413935 -0.031314703726678904 0.044763037853677662
leaf_weight=137.57680748403072 6.7577780634164801 12.328936770558363 10.950165271759031 24.503462806344032 7.1138270944356909 5.0528693050146094 5.9571112990379325 11.45947006344795 26.563024565577507
leaf_count=481 23 45 34 87 22 20 19 39 83
internal_value=0.0055313 0.000387207 0.00567016 0.00103345 0.0249968 -0.0387796 -0.0175849 0.0141128 0.0297359
internal_weight=248.263 196.369 173.03 162.08 51.8941 23.3389 18.286 44.7803 33.3208
internal_count=853 686 602 568 167 84 64 145 106
is_linear=0
shrinkage=0.1


Tree=21
num_leaves=12
num_cat=0
split_feature=2 2 2 4 0 3 2 8 7 6 4
split_gain=2.17102 5.168 9.0333 5.05052 3.86998 3.52692 3.26103 2.63956 2.42296 2.28951 3.24573
threshold=1.3200684416011674 1.1095179534149755 1.0423327863845691 16.464506464018474 1.5833947140834541 1.2401039880528255 1.3362149686032623 23.626807608563848 30.743545119701864 25.638573527566049 19.614350758017107
decision_type=2 2 2 2 2 2 2 2 2 2 2
left_child=1 2 5 7 -5 -1 -2 -3 -4 10 -8
right_child=6 3 8 4 -6 -7 9 -9 -10 -11 -12
leaf_value=-0.017327902612519701 0.088103587104066655 -0.025599456013813599 0.039273514395065767 -0.0026317042293774492 -0.093190107091612184 0.048909032679708808 0.031064514303974035 -0.12159276047797947 0.11064146020613388 0.055270403095128796 -0.0094302990095402016
leaf_weight=42.587566018104553 5.9576620161533347 4.9493929743766767 9.3484686017036456 59.16717566549778 5.1280080527067176 9.9093668758869153 32.265811994671822 6.800183042883873 9.6857851147651655 10.742270454764364 51.203101381659508
leaf_count=158 18 20 31 201 21 33 105 29 29 34 174
internal_value=0.00499077 -0.00272161 0.0165732 -0.0208712 -0.00985439 -0.00482496 0.0163532 -0.0811565 0.0755899 0.0118159 0.00622341
internal_weight=247.745 147.576 71.5312 76.0448 64.2952 52.4969 100.169 11.7496 19.0343 94.2112 83.4689
internal_count=853 522 251 271 222 191 331 49 60 313 279
is_linear=0
shrinkage=0.1


Tree=22
num_leaves=12
num_cat=0
split_feature=6 6 1 5 5 4 0 1 7 7 4
split_gain=2.10611 7.70026 5.49197 4.269 4.15553 5.59103 3.32737 6.27319 2.24581 1.50028 2.88255
threshold=20.2314526450958 19.71923322650327 1.4362648599037462 20.368420468590767 20.651840651511019 20.967315673828129 1.4976477622985842 1.2608016478973945 29.553411461310489 33.105712890625007 24.464880109822847
decision_type=2 2 2 2 2 2 2 2 2 2 2
left_child=1 4 6 8 5 -1 7 -2 -3 -4 -11
right_child=2 3 9 -5 -6 -7 -8 -9 -10 10 -12
leaf_value=0.0060886408242019179 0.018633305504846938 -0.079646550143898723 0.10043986204585829 -0.14586325978922063 0.075729928770947433 -0.088079697081668101 0.059797869825291755 -0.033607630322275393 0.0087515034007905595 -0.0076838698235286666 0.089358280168135157
leaf_weight=88.892074763774872 61.630121201276779 5.6921168863773364 6.8362595587968853 4.9786627292633048 7.7089922428131095 6.786293387413024 9.9629079103469831 36.658823490142822 5.8050345033407211 5.9827950149774534 6.2676155269145966
leaf_count=318 202 21 21 20 25 26 32 127 20 21 20
internal_value=0.00449585 -0.00501789 0.0134511 -0.06851 0.00510022 -0.000590549 0.0047308 -0.000850994 -0.0350134 0.0629091 0.0419653
internal_weight=247.202 119.863 127.339 16.4758 103.387 95.6784 108.252 98.2889 11.4972 19.0867 12.2504
internal_count=853 430 423 61 369 344 361 329 41 62 41
is_linear=0
shrinkage=0.1


Tree=23
num_leaves=8
num_cat=0
split_feature=0 3 7 4 6 6 8
split_gain=2.16629 2.24746 4.91844 5.29232 3.99489 7.10097 6.04507
threshold=1.6699166694953425 1.1546016161004207 38.273982855349466 20.807128906250004 15.672626683778605 12.49992419954833 24.249914655355521
decision_type=2 2 2 2 2 2 2
left_child=1 4 3 -3 5 -1 -6
right_child=-2 2 -4 -5 6 -7 -8
leaf_value=0.026969165849019101 -0.052643203116712126 0.011928366212688359 -0.039952073070176071 0.081561458658450964 0.11154282223471496 -0.092440758646433363 0.0018528593986144944
leaf_weight=8.6707892715930956 6.5595567673444739 31.478714734315872 10.334935963153837 16.708041116595268 5.1912976354360572 11.700017407536505 156.09806443750858
leaf_count=38 29 104 36 51 15 50 530
internal_value=0.00405513 0.00560361 0.0226466 0.0360726 0.000113207 -0.0416142 0.00538337
internal_weight=246.741 240.182 58.5217 48.1868 181.66 20.3708 161.289
internal_count=853 824 191 155 633 88 545
is_linear=0
shrinkage=0.1


Tree=24
num_leaves=8
num_cat=0
split_feature=2 7 8 2 4 6 4
split_gain=1.84503 3.70379 4.08633 2.46479 2.84835 6.87683 3.93784
threshold=1.5476430565726513 31.121101453328624 37.394066268907572 1.5042870401357924 15.830360356602748 13.966572948713674 16.291263599494499
decision_type=2 2 2 2 2 2 2
left_child=3 -2 -3 4 5 -1 -6
right_child=1 2 -4 -5 6 -7 -8
leaf_value=0.02842805010055019 0.077900708571651767 -0.047294922586649052 0.046532057826354202 -0.049129218677043812 0.082962814279407104 -0.066918962835113491 0.0047349832272874934
leaf_weight=13.427935495972635 9.6674761772155779 8.9080371260643023 9.6918366700410825 9.5539274960756284 6.6865726560354224 17.323009632527828 170.89705583453178
leaf_count=56 30 32 31 34 22 68 580
internal_value=0.00365551 0.027692 0.0015955 0.000537187 0.00281482 -0.025284 0.0076805
internal_weight=246.156 28.2673 18.5999 217.889 208.335 30.7509 177.584
internal_count=853 93 63 760 726 124 602
is_linear=0
shrinkage=0.1


Tree=25
num_leaves=7
num_cat=0
split_feature=3 1 1 8 9 6
split_gain=1.83731 5.05274 5.12075 3.68591 2.0958 2.90631
threshold=0.488992675359606 1.0042752629827219 1.0188707206679819 41.068971350918936 33.627435761658596 17.305092106684175
decision_type=2 2 2 2 2 2
left_child=4 -2 -3 -4 5 -1
right_child=1 2 3 -5 -6 -7
leaf_value=-0.038367091012160792 0.12168836431425356 -0.085930807720572197 0.009274612973440453 -0.056725840871915525 -0.067638162251451889 0.056634639118279685
leaf_weight=8.321353033185007 3.7087814807891837 6.1563668847084037 206.27418126910925 8.8235138505697233 7.4408745914697638 5.252924144268035
leaf_count=38 11 23 706 31 27 17
internal_value=0.00329229 0.00593381 0.00399347 0.00656721 -0.0249846 -0.00160367
internal_weight=245.978 224.963 221.254 215.098 21.0152 13.5743
internal_count=853 771 760 737 82 55
is_linear=0
shrinkage=0.1


Tree=26
num_leaves=11
num_cat=0
split_feature=5 5 0 4 8 3 0 0 2 7
split_gain=2.02962 5.40619 3.46255 4.3549 4.19546 3.6157 2.83989 4.57144 2.95288 0.987936
threshold=23.200604582634764 22.685185185185187 1.4221323209653196 24.990722656250004 35.951435587172007 0.80423050539974372 0.98293699376336019 0.94219356021800493 1.4730676580975761 37.398437500000007
decision_type=2 2 2 2 2 2 2 2 2 2
left_child=1 6 3 4 -2 -5 7 -1 -8 -4
right_child=2 -3 9 5 -6 -7 8 -9 -10 -11
leaf_value=0.0089195660302204688 -0.024934655505888716 -0.071981659432431511 0.037568365721883212 0.023571837890514796 0.075605238462003399 -0.053230724449922301 -0.0086775325509941201 0.10659768914815344 0.031678962180116635 0.094029447036419286
leaf_weight=19.800136849284176 6.1637570112943676 10.429073095321653 6.091901019215582 10.609489858150484 12.707330241799353 14.517133221030234 131.75449994951487 6.3209335952997199 21.023989841341972 6.3081268221139908
leaf_count=66 21 39 20 34 39 51 475 19 69 20
internal_value=0.00296593 -0.00199432 0.0196176 0.00646346 0.0427665 -0.0208015 0.00208564 0.0325563 -0.00312404 0.0662912
internal_weight=245.726 189.329 56.3977 43.9977 18.8711 25.1266 178.9 26.1211 152.778 12.4
internal_count=853 668 185 145 60 85 629 85 544 40
is_linear=0
shrinkage=0.1


Tree=27
num_leaves=7
num_cat=0
split_feature=0 1 1 3 3 0
split_gain=1.87103 1.87359 4.11227 2.54627 4.04375 3.22229
threshold=1.6699166694953425 1.4522076512484492 1.4706515937741462 1.1546016161004207 1.2831143240794749 1.0558368502825035
decision_type=2 2 2 2 2 2
left_child=1 3 -3 5 -5 -1
right_child=-2 2 -4 4 -6 -7
leaf_value=0.017324410459447409 -0.050396736778864894 0.093585953736314495 -0.0064632856403345207 0.055635209219913141 -0.00090525954030934951 -0.013198075308616788
leaf_weight=48.673819929361343 6.4655898660421363 7.1796159893274334 9.6032856553792936 20.449648961424828 33.161712735891342 119.51904443651438
leaf_count=171 29 23 34 64 112 420
internal_value=0.00268319 0.00412163 0.0363371 0.00168403 0.0206617 -0.00436508
internal_weight=245.053 238.587 16.7829 221.804 53.6114 168.193
internal_count=853 824 57 767 176 591
is_linear=0
shrinkage=0.1


Tree=28
num_leaves=10
num_cat=0
split_feature=8 7 0 3 8 0 7 0 0
split_gain=1.68189 4.67277 4.36468 5.32572 4.21403 4.04482 3.86476 3.92935 0.536223
threshold=37.846637241661902 36.285496501937907 1.3940940900344427 1.058981672338889 41.068971350918936 1.000133875757456 35.566563128978949 1.4506875815859532 1.3118320434336967
decision_type=2 2 2 2 2 2 2 2 2
left_child=1 6 3 -3 5 -2 7 -1 -7
right_child=4 2 -4 -5 -6 8 -8 -9 -10
leaf_value=0.0073149304526363389 -0.021572266732414039 -0.13111443971764281 0.025492303621704362 -0.013449449046271432 -0.028576771335545582 0.054909730201987618 0.063414267047238862 -0.032476708857462525 0.089922278912729331
leaf_weight=147.71299847960472 6.4615518301725414 7.8675254881382006 6.2522661834955207 7.5266663581132889 11.007607713341711 9.5662945210933703 10.37740585207939 29.827392041683197 8.0593179464340192
leaf_count=513 22 31 22 26 38 30 33 112 26
internal_value=0.00242191 -0.000971066 -0.0449677 -0.0735846 0.0226827 0.0461077 0.00409695 0.000629799 0.0709192
internal_weight=244.659 209.564 21.6465 15.3942 35.0948 24.0872 187.918 177.54 17.6256
internal_count=853 737 79 57 116 78 658 625 56
is_linear=0
shrinkage=0.1


Tree=29
num_leaves=7
num_cat=0
split_feature=3 3 3 3 9 8
split_gain=1.56353 3.54752 3.52604 3.06768 1.69134 2.36818
threshold=0.488992675359606 0.55233498672015457 0.59853796820781835 0.74628880960707022 33.627435761658596 29.078125387291824
decision_type=2 2 2 2 2 2
left_child=4 -2 -3 -4 5 -1
right_child=1 2 3 -5 -6 -7
leaf_value=-0.03643305771342413 0.085171552252287092 -0.064946151097459132 0.034820702900353544 0.00015920824922607962 -0.06234714156658732 0.049278909997543176
leaf_weight=8.2431565523147601 5.338804453611373 7.4501153528690329 29.735398694872856 180.70611613988876 7.4092045724391928 5.2936504632234564
leaf_count=38 17 28 101 625 27 17
internal_value=0.00218545 0.00463662 0.00266335 0.00505688 -0.0239378 -0.00291487
internal_weight=244.176 223.23 217.892 210.442 20.946 13.5368
internal_count=853 771 754 726 82 55
is_linear=0
shrinkage=0.1


Tree=30
num_leaves=13
num_cat=0
split_feature=9 0 2 7 2 5 5 8 9 0 9 0
split_gain=1.59961 4.21368 3.44675 7.01768 6.40536 4.00877 6.85281 4.35047 3.13323 4.81607 3.47789 2.78699
threshold=34.180769330013554 1.4976477622985842 1.1664655704490696 34.295884867664434 1.2293443771475352 18.309368439253191 16.775099938288907 30.157165319084779 36.168181194795409 1.2382306903382416 35.307071404446667 1.2832040050805009
decision_type=2 2 2 2 2 2 2 2 2 2 2 2
left_child=2 8 5 4 -4 6 -1 -7 10 -10 -2 -5
right_child=1 -3 3 11 -6 7 -8 -9 9 -11 -12 -13
leaf_value=0.0091565235042760634 0.0052195389400270208 0.073982771922150414 -0.068365353304472132 -0.13252319497295714 0.0071340028027374915 0.10367706391349372 -0.105094748198113 0.018590903360083254 0.0091262085939323011 -0.067254412370848782 0.083991031044312783 -0.039344127146252461
leaf_weight=29.241964966058731 15.874570637941362 10.152073383331297 13.45302391797304 6.268695190548895 68.224107354879379 7.4797362089157096 6.3985914438962928 30.565907254815102 29.673522561788559 11.436931222677229 8.664201617240904 6.5785721987485886
leaf_count=112 54 34 55 25 232 23 25 102 99 42 26 24
internal_value=0.00196593 0.0140271 -0.00346925 -0.0161079 -0.00530148 0.0127435 -0.0113551 0.0353188 0.00475551 -0.0121229 0.0330323 -0.0848099
internal_weight=244.012 75.8013 168.211 94.5244 81.6771 73.6862 35.6406 38.0456 65.6492 41.1105 24.5388 12.8473
internal_count=853 255 598 336 287 262 137 125 221 141 80 49
is_linear=0
shrinkage=0.1


Tree=31
num_leaves=6
num_cat=0
split_feature=0 0 0 0 5
split_gain=1.53485 1.62715 2.80016 3.89141 2.34005
threshold=1.6699166694953425 1.5505385981400321 1.5090531894607764 1.4976477622985842 21.134217574899612
decision_type=2 2 2 2 2
left_child=1 2 3 -1 -3
right_child=-2 4 -4 -5 -6
leaf_value=3.1907984421116893e-05 -0.046889600482467673 -0.0031604717572920483 -0.066277001521462819 0.064514394900978711 0.081861307685969401
leaf_weight=208.30626781284809 6.313845843076705 6.7690170407295209 6.0075330287218085 9.7991403639316541 6.2042270749807358
leaf_count=724 29 24 23 33 20
internal_value=0.0017712 0.00306709 0.00107388 0.00292901 0.0374997
internal_weight=243.4 237.086 224.113 218.105 12.9732
internal_count=853 824 780 757 44
is_linear=0
shrinkage=0.1


Tree=32
num_leaves=9
num_cat=0
split_feature=5 5 1 1 1 3 3 3
split_gain=1.40321 4.51246 2.54731 5.49685 3.40836 1.82061 3.34038 2.25711
threshold=23.200604582634764 22.867365950666599 1.434316321096792 1.3656768259585355 1.2992854710100563 1.4335419820855517 1.542685286670761 1.3627804101564067
decision_type=2 2 2 2 2 2 2 2
left_child=1 5 3 4 -2 7 -7 -1
right_child=2 -3 -4 -5 -6 6 -8 -9
leaf_value=-0.00023031069090391693 0.0067572912571318786 -0.086647863819192358 0.064371886024034985 -0.066079977552125801 0.079657334507530167 0.08619315106147489 -0.0092387882891924542 -0.058552185962113673
leaf_weight=159.92831771820784 29.540505662560463 6.16702115535736 8.9714870452880842 8.5827133506536466 8.1919466555118543 6.6986649036407462 8.1065145432949048 6.9229905456304541
leaf_count=567 98 24 31 31 25 21 29 27
internal_value=0.00159789 -0.00252399 0.015601 0.00615386 0.0225843 0.000331919 0.0339398 -0.0026502
internal_weight=243.11 187.824 55.2867 46.3152 37.7325 181.656 14.8052 166.851
internal_count=853 668 185 154 123 644 50 594
is_linear=0
shrinkage=0.1


Tree=33
num_leaves=7
num_cat=0
split_feature=2 7 8 2 9 2
split_gain=1.37631 2.64908 3.32633 2.32235 2.57843 2.04821
threshold=1.5476430565726513 31.121101453328624 37.394066268907572 1.5042870401357924 40.326123401903743 1.4851599859369322
decision_type=2 2 2 2 2 2
left_child=3 -2 -3 4 5 -1
right_child=1 2 -4 -5 -6 -7
leaf_value=-0.0029856577466210342 0.065589218969823448 -0.044005596544644317 0.041452003055833186 -0.049770052579542035 0.062620777447361428 0.052459530266917069
leaf_weight=192.0189802646637 9.3965516835451144 8.7985616028308886 9.4432096779346448 9.4331435114145261 6.567816659808158 6.9021238386631003
leaf_count=683 30 32 31 34 21 22
internal_value=0.00144764 0.0224531 0.000233201 -0.0012536 0.000973585 -0.00106183
internal_weight=242.56 27.6383 18.2418 214.922 205.489 198.921
internal_count=853 93 63 760 726 705
is_linear=0
shrinkage=0.1


Tree=34
num_leaves=9
num_cat=0
split_feature=8 8 5 2 8 8 3 4
split_gain=1.4019 15.6104 3.75094 5.78996 3.73452 6.53413 3.28526 1.20119
threshold=24.131558594999539 25.459729302029771 12.837456185333314 0.99879482250142926 26.894251004623566 28.380118946983092 0.86207387456273599 16.464506464018474
decision_type=2 2 2 2 2 2 2 2
left_child=2 -2 3 -1 7 -6 -4 -3
right_child=1 4 6 -5 5 -7 -8 -9
leaf_value=0.062804611221042347 -0.1521026798355177 0.025191159642206085 0.11511937355194422 -0.080019901772543048 -0.063769664353339722 0.0052953342383324853 0.020297300775857525 0.088105048006729636
leaf_weight=4.8645283132791537 6.6618339717388144 5.9610505253076536 5.6754720807075492 6.8145701214671135 14.819698765873907 181.05776330828667 10.257761180400847 6.1818423867225647
leaf_count=17 29 21 18 36 56 620 37 19
internal_value=0.00130842 -0.00141955 0.022518 -0.0205312 0.00340607 7.0014e-05 0.0540732 0.0572201
internal_weight=242.295 214.682 27.6123 11.6791 208.02 195.877 15.9332 12.1429
internal_count=853 745 108 53 716 676 55 40
is_linear=0
shrinkage=0.1


Tree=35
num_leaves=8
num_cat=0
split_feature=0 3 2 5 3 1 8
split_gain=1.29138 1.39313 4.78634 3.32253 2.95789 5.54151 3.98596
threshold=1.6699166694953425 0.62017884246745247 1.1953488621149024 12.16666666666667 0.7673208088780904 1.3233129208828329 40.822112447298373
decision_type=2 2 2 2 2 2 2
left_child=1 2 3 -1 5 -3 -6
right_child=-2 4 -4 -5 6 -7 -8
leaf_value=-0.083525641039458032 -0.044024530760917557 -0.00017706043501698312 -0.078320349713937309 0.019977222061329819 0.0035690358169711994 0.083723417683820023 -0.070252504768797769
leaf_weight=3.594866335392001 6.1618429794907561 19.925511792302132 9.127594128251074 22.59586164355278 159.65751437842846 13.013794124126433 7.6653695851564398
leaf_count=22 29 70 35 78 549 42 28
internal_value=0.00116791 0.00234996 -0.0159616 0.00577071 0.0055794 0.0329707 0.000187135
internal_weight=241.742 235.581 35.3183 26.1907 200.262 32.9393 167.323
internal_count=853 824 135 100 689 112 577
is_linear=0
shrinkage=0.1


Tree=36
num_leaves=11
num_cat=0
split_feature=2 2 6 9 5 4 4 7 7 0
split_gain=1.29659 7.40313 3.996 4.27131 5.35688 2.62863 4.67474 4.0455 1.95969 1.52908
threshold=1.1095179534149755 1.0423327863845691 15.672626683778605 27.662662684360622 17.71149517617792 16.900831595063213 19.28615498542786 23.369704078504348 30.743545119701864 1.2439307458077737
decision_type=2 2 2 2 2 2 2 2 2 2
left_child=1 5 -2 9 -5 7 -7 -1 -3 -4
right_child=2 8 3 4 -6 6 -8 -9 -10 -11
leaf_value=-0.0094742101581886586 -0.075040474522679673 0.033265404528503843 0.0762692410381621 -0.073336474791680234 -0.00025614367248159934 -0.088051638331417437 -0.0022218989164436687 0.096974126536364891 0.097867684620135634 0.012572263203563239
leaf_weight=10.563281580805777 7.4944290593266478 9.2087564468383807 9.0035776197910291 10.819102719426153 137.56091237068176 8.2973950952291471 26.978521570563316 5.3929355591535559 9.5810043662786466 6.4819162338972083
leaf_count=47 36 31 28 42 474 32 94 18 29 22
internal_value=0.00105016 0.0125155 -0.00363485 -0.000369094 -0.00558478 -0.00717609 -0.0224103 0.0265036 0.0662065 0.049607
internal_weight=241.382 70.0219 171.36 163.866 148.38 51.2321 35.2759 15.9562 18.7898 15.4855
internal_count=853 251 602 566 516 191 126 65 60 50
is_linear=0
shrinkage=0.1


Tree=37
num_leaves=8
num_cat=0
split_feature=8 8 8 8 5 2 5
split_gain=1.29672 13.0487 2.79964 4.52836 2.63799 4.61688 2.42255
threshold=24.131558594999539 25.459729302029771 26.773633327379347 28.380118946983092 12.837456185333314 0.99879482250142926 14.64405838251885
decision_type=2 2 2 2 2 2 2
left_child=4 -2 -3 -4 5 -1 -6
right_child=1 2 3 -5 6 -7 -8
leaf_value=0.057976801997258014 -0.14189695961392543 0.052209456670018722 -0.051221489476485929 0.0044593435798235418 0.087129014107594077 -0.071646046634528546 0.0089094832598095221
leaf_weight=4.8423218280076998 6.4359590634703627 10.819007202982901 15.890251502394674 180.71317020058632 7.8830303475260717 6.3526482731103897 7.9553897529840469
leaf_count=17 29 36 60 620 26 36 29
internal_value=0.000941794 -0.00166675 0.00268435 -4.09974e-05 0.0215777 -0.0155784 0.0478406
internal_weight=240.892 213.858 207.422 196.603 27.0334 11.195 15.8384
internal_count=853 745 716 680 108 53 55
is_linear=0
shrinkage=0.1


Tree=38
num_leaves=8
num_cat=0
split_feature=1 1 8 5 2 0 3
split_gain=1.16713 4.26039 3.90933 5.81628 2.3177 2.34483 5.16328
threshold=1.048659243234648 1.0720587986248711 41.068971350918936 24.192732830073471 1.1095179534149755 1.0907607661635981 0.50084646952958578
decision_type=2 2 2 2 2 2 2
left_child=4 -2 3 -3 5 6 -1
right_child=1 2 -4 -5 -6 -7 -8
leaf_value=-0.019597705272947234 0.061124349609689516 -0.003347218713812826 -0.064842768337958018 0.05128579915693246 -0.061178163038148096 -0.060420916022070947 0.085155429395898027
leaf_weight=15.135162234306341 12.176502376794813 161.14784522354603 8.8353953212499601 22.167068496346474 8.5648645013570768 5.4298132658004752 6.8281373232603064
leaf_count=63 39 573 32 73 31 21 21
internal_value=0.000839044 0.00376274 0.00012775 0.00325919 -0.0157745 -0.00157834 0.0129688
internal_weight=240.285 204.327 192.15 183.315 35.958 27.3931 21.9633
internal_count=853 717 678 646 136 105 84
is_linear=0
shrinkage=0.1


Tree=39
num_leaves=5
num_cat=0
split_feature=4 4 7 7
split_gain=1.20181 1.39657 3.69608 3.99892
threshold=27.732964059949158 26.180664062500004 40.447377395228052 38.273982855349466
decision_type=2 2 2 2
left_child=1 2 3 -1
right_child=-2 -3 -4 -5
leaf_value=0.001797061057818447 0.034493184918891091 -0.036263739341552664 0.076534813277621572 -0.062945823381878499
leaf_weight=202.90458685159683 10.115737870335577 10.5501521974802 6.289675921201705 10.010912254452704
leaf_count=725 34 37 20 37
internal_value=0.000759583 -0.00072565 0.000984767 -0.00124704
internal_weight=239.871 229.755 219.205 212.915
internal_count=853 819 782 762
is_linear=0
shrinkage=0.1


Tree=40
num_leaves=6
num_cat=0
split_feature=0 0 6 0 2
split_gain=1.21766 2.26732 7.9939 4.27234 3.47118
threshold=0.78088728553848352 0.95107357346995525 22.107499001575263 0.97784752810548536 1.6844508870166304
decision_type=2 2 2 2 2
left_child=-1 2 -2 -3 -5
right_child=1 3 -4 4 -6
leaf_value=0.037372781368299635 0.016436181874320711 0.074630936812542348 -0.12031592741323427 -0.0027360647871780674 0.077479863170354601
leaf_weight=8.7180680781602842 11.479626104235651 7.8446238487958899 6.8105179816484442 199.43782975524664 5.5445357412099829
leaf_count=28 39 25 26 717 18
internal_value=0.00068569 -0.0006982 -0.0344848 0.00220539 -0.000566317
internal_weight=239.835 231.117 18.2901 212.827 204.982
internal_count=853 825 65 760 735
is_linear=0
shrinkage=0.1


Tree=41
num_leaves=7
num_cat=0
split_feature=7 7 4 7 6 8
split_gain=1.16548 4.99881 4.0667 1.55433 5.01927 3.7827
threshold=21.39627014379192 23.369704078504348 11.055664062500002 25.907701799351347 16.928842523152884 28.380118946983092
decision_type=2 2 2 2 2 2
left_child=2 -2 -1 4 -3 -5
right_child=1 3 -4 5 -6 -7
leaf_value=-0.025576428950089148 -0.07405056014484053 0.094469002154451351 0.082300573473895411 -0.042155728968242254 -0.015345924789104744 0.0040023567956090833
leaf_weight=6.9530017450451833 9.0212232023477537 7.1878024563193348 7.0253481566905975 19.699656412005424 9.8876957148313505 179.80239434540272
leaf_count=37 37 25 23 76 36 619
internal_value=0.000621091 -0.00111507 0.0286412 0.00192295 0.0308798 -0.000555483
internal_weight=239.577 225.599 13.9783 216.578 17.0755 199.502
internal_count=853 793 60 756 61 695
is_linear=0
shrinkage=0.1


Tree=42
num_leaves=6
num_cat=0
split_feature=0 9 8 8 8
split_gain=1.1647 1.42378 2.39431 8.01562 3.55895
threshold=1.6699166694953425 16.794344648589579 25.548788777615201 24.131558594999539 26.773633327379347
decision_type=2 2 2 2 2
left_child=1 -1 3 -3 -4
right_child=-2 2 4 -5 -6
leaf_value=0.042428659004832427 -0.042604476172275696 0.0064200835088529615 0.063283011315648882 -0.12166264945852655 0.00078950298569325388
leaf_weight=8.2723862230777723 6.0928556323051444 17.40949717909098 9.569012522697447 6.7923104241490355 191.1412828117609
leaf_count=37 29 65 31 31 660
internal_value=0.000556951 0.00168471 0.000186128 -0.0295267 0.00376893
internal_weight=239.277 233.184 224.912 24.2018 200.71
internal_count=853 824 787 96 691
is_linear=0
shrinkage=0.1


Tree=43
num_leaves=10
num_cat=0
split_feature=4 7 8 7 8 4 9 6 6
split_gain=1.13271 4.55049 4.2268 5.65367 2.15999 6.17551 2.91917 1.83916 3.89677
threshold=15.898138001561167 25.907701799351347 24.131558594999539 25.419684583350321 28.380118946983092 17.343852777150463 29.78286206930866 15.569554142928725 13.359379965453526
decision_type=2 2 2 2 2 2 2 2 2
left_child=2 -2 7 -4 5 -3 -6 8 -1
right_child=1 4 3 -5 6 -7 -8 -9 -10
leaf_value=0.025568362935044022 0.065928337246148605 0.043523413670913558 -0.12220727009080051 0.010299410160125939 0.037199758852895316 -0.078678975010139263 -0.0017576960379474009 0.06283739322022594 -0.085826925718041069
leaf_weight=11.163658007979395 10.976275704801081 6.5603599250316647 7.0039149522781354 5.9601019620895386 21.96819019317627 11.18741053342819 154.56473051011562 5.2211826294660559 4.3693957179784766
leaf_count=50 36 23 32 22 73 45 535 17 20
internal_value=0.000495712 0.00328611 -0.0164906 -0.0612884 -0.000252991 -0.0335076 0.00309027 0.0114921 -0.00576676
internal_weight=238.975 205.257 33.7183 12.964 194.281 17.7478 176.533 20.7542 15.5331
internal_count=853 712 141 54 676 68 608 87 70
is_linear=0
shrinkage=0.1


Tree=44
num_leaves=8
num_cat=0
split_feature=1 1 3 8 2 3 8
split_gain=1.10624 3.37611 4.11384 2.95401 1.88757 2.94822 1.36787
threshold=1.048659243234648 1.0720587986248711 0.58275615655720758 41.068971350918936 1.1095179534149755 0.99090868148406941 32.007392123880166
decision_type=2 2 2 2 2 2 2
left_child=4 -2 -3 -4 5 6 -1
right_child=1 2 3 -5 -6 -7 -8
leaf_value=0.0032024010442147487 0.054506674134042143 -0.061782949489056785 0.0063460901672725174 -0.054728620094821358 -0.05701852146428097 0.065453441746839272 -0.046871167168440531
leaf_weight=12.428985446691518 12.105299249291418 10.186502151191233 172.10946424305439 8.3013111501932126 8.470470651984213 5.1151127815246573 9.7231628298759443
leaf_count=53 39 39 609 30 31 17 35
internal_value=0.000437279 0.0032973 4.48628e-05 0.00353584 -0.0157846 -0.00297542 -0.0187762
internal_weight=238.44 202.703 190.597 180.411 35.7377 27.2673 22.1521
internal_count=853 717 678 639 136 105 88
is_linear=0
shrinkage=0.1


Tree=45
num_leaves=7
num_cat=0
split_feature=4 1 5 0 1 3
split_gain=1.21633 1.32913 2.86514 3.52232 2.23319 2.68449
threshold=27.732964059949158 1.048659243234648 21.959271590465047 1.0608500576267064 1.0720587986248711 0.67682462289636991
decision_type=2 2 2 2 2 2
left_child=1 2 3 -1 -3 -6
right_child=-2 4 -4 -5 5 -7
leaf_value=0.015353764011921935 0.034442256863864533 0.044454144617046616 -0.072436178147149075 -0.07590162630020908 -0.033640420954660549 0.0038138922628510757
leaf_weight=20.575958803296093 10.049374073743818 11.685989320278166 7.8303060233592978 5.3242026269435874 21.71697985380888 161.03859886527061
leaf_count=80 34 38 29 21 82 569
internal_value=0.000393897 -0.00110569 -0.0194303 -0.00340528 0.00207315 -0.000636831
internal_weight=238.221 228.172 33.7305 25.9002 194.442 182.756
internal_count=853 819 130 101 689 651
is_linear=0
shrinkage=0.1


Tree=46
num_leaves=11
num_cat=0
split_feature=8 7 7 3 1 6 2 3 0 8
split_gain=1.15844 3.78671 3.20362 3.16705 7.34947 3.15258 4.51359 3.44787 2.96634 1.67232
threshold=37.846637241661902 36.285496501937907 35.566563128978949 1.058981672338889 1.3066344232723177 24.999852323417652 1.3254183445489194 0.80656364070532116 1.4506875815859532 40.822112447298373
decision_type=2 2 2 2 2 2 2 2 2 2
left_child=1 2 8 4 -3 7 -7 -2 -1 -8
right_child=5 3 -4 -5 -6 6 9 -9 -10 -11
leaf_value=0.0048092691066271556 0.10704855524645243 -0.14893910581772243 0.05693410688322216 -0.0015091969650952227 0.015252870060688435 -0.069121351297704484 0.0686997886061365 0.0089721969523687672 -0.030266006420453295 -0.0065833877919448244
leaf_weight=144.06003944575787 6.4726003855466834 6.4166495054960269 10.079649910330771 9.9151264131069166 4.739987701177597 7.581081464886668 5.7014667838811857 8.0330487936735135 28.957853861153126 6.1158522367477417
leaf_count=513 20 27 33 35 17 28 20 27 112 21
internal_value=0.000353983 -0.0024886 0.00213144 -0.0426331 -0.0791808 0.0174719 -0.00889703 0.0527351 -0.00106125 0.0297383
internal_weight=238.073 204.169 183.098 21.0718 11.1566 33.904 19.3984 14.5056 173.018 11.8173
internal_count=853 737 658 79 44 116 69 47 625 41
is_linear=0
shrinkage=0.1


Tree=47
num_leaves=9
num_cat=0
split_feature=4 7 6 2 0 6 6 9
split_gain=1.06693 3.81741 3.672 3.99755 4.37735 3.1168 2.44273 3.03912
threshold=15.999511718750002 25.713248501531783 13.966572948713674 1.4607350811073554 1.1181932240724566 11.075746192199988 15.981340268294668 27.662662684360622
decision_type=2 2 2 2 2 2 2 2
left_child=2 -2 5 4 -4 -1 -3 -8
right_child=1 6 3 -5 -6 -7 7 -9
leaf_value=-0.015375863007036023 0.064160603218448214 -0.050982830649865335 -0.010222775320760696 0.038490802156827229 -0.11341098993947765 0.083315982754003579 0.057349757094342438 -0.00052329773820834573
leaf_weight=7.7157093659043294 9.7418243288993818 8.9608161449432355 7.7467204481363359 4.8250743746757498 8.7595601230859739 5.4675487503409386 9.5710953474044782 174.67948752641678
leaf_count=38 32 37 30 17 40 20 31 608
internal_value=0.000318697 0.0030829 -0.0159354 -0.0415774 -0.0649827 0.025555 3.32714e-06 0.00248298
internal_weight=237.468 202.953 34.5146 21.3314 16.5063 13.1833 193.211 184.251
internal_count=853 708 145 87 70 58 676 639
is_linear=0
shrinkage=0.1


Tree=48
num_leaves=11
num_cat=0
split_feature=2 2 6 9 5 3 6 0 0 3
split_gain=1.07667 5.05435 3.15902 3.1006 4.11435 2.47298 2.24164 2.17468 3.97606 1.40568
threshold=1.1095179534149755 1.0423327863845691 15.458365005373489 27.662662684360622 17.71149517617792 1.247842914542568 11.955311946527827 1.3130375444889071 1.0814075581729414 0.87763454059635382
decision_type=2 2 2 2 2 2 2 2 2 2
left_child=1 5 -2 9 -5 6 -1 8 -3 -4
right_child=2 7 3 4 -6 -7 -8 -9 -10 -11
leaf_value=0.032842593722642886 -0.07615245591379205 0.083180390141347066 0.079533331785177824 -0.065900886804840214 -0.001264641431188755 0.045554699561780293 -0.026107915306599325 0.10207769489890223 -0.033067810877762352 0.017642438021773666
leaf_weight=7.9286179840564719 5.8620997592806807 6.4554453641176242 5.8761272951960555 10.616913542151449 135.9826452434063 7.9782913625240317 34.59955458343029 6.5237274616956702 5.406359389424324 9.7732494026422483
leaf_count=36 31 20 20 43 474 29 126 20 20 34
internal_value=0.000280018 0.0108088 -0.00403468 -0.00142905 -0.00594567 -0.00553349 -0.0151176 0.0557023 0.0301969 0.0408816
internal_weight=237.003 68.892 168.111 162.249 146.6 50.5065 42.5282 18.3855 11.8618 15.6494
internal_count=853 251 602 571 517 191 162 60 40 54
is_linear=0
shrinkage=0.1


Tree=49
num_leaves=11
num_cat=0
split_feature=9 0 5 5 9 9 6 4 0 5
split_gain=1.13177 2.95805 3.11482 5.61987 2.26276 3.67943 3.29591 2.3566 2.00639 1.79789
threshold=34.117885486531755 1.4976477622985842 21.959271590465047 23.012461354267455 32.911062296284761 33.350421463529024 21.335199789919823 22.362187438084813 1.0532082782447107 20.926834373835444
decision_type=2 2 2 2 2 2 2 2 2 2
left_child=4 2 9 -4 6 -6 8 -7 -1 -2
right_child=1 -3 3 -5 5 7 -8 -9 -10 -11
leaf_value=0.0168143255980354 0.004089378946519724 0.062368925411233039 -0.090735282498966383 0.0046165713800925294 -0.092731407380310438 -0.040637822962808046 0.052965555675982726 0.042776035930900257 -0.011612368028304634 0.074049100694008857
leaf_weight=33.425879627466202 6.6079749763011923 9.5642577558755857 7.2218937128782263 42.891342088580132 7.2456747442483929 7.8717285692691785 10.892332285642622 5.9448246210813522 96.540686786174774 8.2715698629617673
leaf_count=125 23 34 28 147 28 28 35 20 359 26
internal_value=0.000250164 0.0104453 0.00280424 -0.00912473 -0.0044442 -0.0350151 0.000126979 -0.00474749 -0.00430136 0.0429801
internal_weight=236.478 74.557 64.9928 50.1132 161.921 21.0622 140.859 13.8166 129.967 14.8795
internal_count=853 258 224 175 595 76 519 48 484 49
is_linear=0
shrinkage=0.1


Tree=50
num_leaves=7
num_cat=0
split_feature=0 1 1 3 3 0
split_gain=1.11199 1.28626 3.17418 1.7773 3.60063 2.32482
threshold=1.6699166694953425 1.4522076512484492 1.4706515937741462 1.1546016161004207 1.2831143240794749 0.87438964843750011
decision_type=2 2 2 2 2 2
left_child=1 3 -3 5 -5 -1
right_child=-2 2 -4 4 -6 -7
leaf_value=0.048962582550137773 -0.042173814513426978 0.081740078120292478 -0.0093247329397914813 0.048898980062059026 -0.0053200851405276472 -0.0084413956490694692
leaf_weight=7.391410380601882 6.0269323065876952 6.6040394455194464 9.10452091693878 19.845586359500885 31.994572520256042 155.07157561928034
leaf_count=24 29 23 34 64 112 567
internal_value=0.000228081 0.00133913 0.0289598 -0.000685491 0.0154362 -0.00582975
internal_weight=236.039 230.012 15.7086 214.303 51.8402 162.463
internal_count=853 824 57 767 176 591
is_linear=0
shrinkage=0.1


Tree=51
num_leaves=11
num_cat=0
split_feature=2 2 2 2 0 4 3 9 4 3
split_gain=0.977576 4.24913 2.8681 3.49581 3.39665 4.54057 2.04151 2.03118 1.94076 1.88789
threshold=1.1095179534149755 1.0423327863845691 1.3200684416011674 1.3362149686032623 0.95811757737828895 16.464506464018474 1.247842914542568 29.429644828642754 22.007384838534566 0.83372972080427232
decision_type=2 2 2 2 2 2 2 2 2 2
left_child=1 6 4 -4 -2 -6 8 -5 -1 -3
right_child=2 9 3 7 5 -7 -8 -9 -10 -11
leaf_value=-0.027911642498870043 -0.076265570286937534 0.011167321925793507 0.082537309087411095 0.03614776372383105 -0.082349005819413096 -0.00065252426276324977 0.041949660729950766 -0.0041943140911399239 0.01813278755170666 0.077269181277116461
leaf_weight=29.05472195148468 9.0507154911756498 7.0523600280284908 5.8244556188583365 14.998835578560827 7.7615878060460082 55.086496360599995 7.9041629433631888 74.331144839525223 13.364973217248915 11.154491454362867
leaf_count=117 34 24 18 52 40 197 29 261 45 36
internal_value=0.000209647 0.0102671 -0.00391624 0.00747355 -0.0189901 -0.0107418 -0.00471037 0.00257927 -0.0134046 0.0516649
internal_weight=235.584 68.5307 167.053 95.1544 71.8988 62.8481 50.3239 89.33 42.4197 18.2069
internal_count=853 251 602 331 271 237 191 313 162 60
is_linear=0
shrinkage=0.1


Tree=52
num_leaves=7
num_cat=0
split_feature=0 1 1 0 0 8
split_gain=0.992555 1.04028 2.68684 1.47714 8.12361 6.23742
threshold=1.6699166694953425 1.4522076512484492 1.4706515937741462 1.4976477622985842 1.4538637596614399 31.941690477183151
decision_type=2 2 2 2 2 2
left_child=1 3 -3 4 -1 -5
right_child=-2 2 -4 5 -6 -7
leaf_value=0.0003604649449945003 -0.040125860479321707 0.075721391491706855 -0.0086559849669600661 -0.025135235551797475 -0.11421926494358876 0.078574223773836438
leaf_weight=183.81049267947674 5.9529675468802443 6.4290329962968817 9.13797479867935 12.448955655097963 6.4033180475234976 10.856649950146673
leaf_count=659 29 23 34 48 25 35
internal_value=0.000186648 0.0012342 0.0261911 -0.000585331 -0.00349672 0.0231766
internal_weight=235.039 229.086 15.567 213.519 190.214 23.3056
internal_count=853 824 57 767 684 83
is_linear=0
shrinkage=0.1


Tree=53
num_leaves=5
num_cat=0
split_feature=4 4 7 7
split_gain=0.866814 1.27191 2.89869 3.11205
threshold=27.732964059949158 26.180664062500004 40.447377395228052 38.273982855349466
decision_type=2 2 2 2
left_child=1 2 3 -1
right_child=-2 -3 -4 -5
leaf_value=0.0012981385241579524 0.029227103867270711 -0.035238190341601437 0.068373447500004889 -0.056083666886870123
leaf_weight=198.24300441890955 9.8364742249250394 10.408865630626677 6.1227071881294242 9.9246131479740125
leaf_count=725 34 37 20 37
internal_value=0.000170852 -0.00110112 0.000557042 -0.0014376
internal_weight=234.536 224.699 214.29 208.168
internal_count=853 819 782 762
is_linear=0
shrinkage=0.1


Tree=54
num_leaves=6
num_cat=0
split_feature=2 2 2 2 1
split_gain=0.860803 1.94895 4.03375 2.57728 1.65775
threshold=1.6376251586235886 1.5842425054777596 1.5476430565726513 1.5042870401357924 1.3826070091824965
decision_type=2 2 2 2 2
left_child=1 2 3 -1 -2
right_child=4 -3 -4 -5 -6
leaf_value=0.00064001370251905013 0.059193935241146869 -0.049643208774997588 0.084489771243810283 -0.053925310285521326 -0.012727624437559521
leaf_weight=198.94434624910355 6.80164687335491 8.0382757782936078 5.5709892213344565 9.0499939918518049 6.0602779537439346
leaf_count=726 22 30 18 34 23
internal_value=0.000155385 -0.00130436 0.000515041 -0.00173417 0.025306
internal_weight=234.466 221.604 213.565 207.994 12.8619
internal_count=853 808 778 760 45
is_linear=0
shrinkage=0.1


Tree=55
num_leaves=10
num_cat=0
split_feature=2 2 6 8 0 0 0 3 6
split_gain=0.845992 3.48478 2.63773 4.39347 3.10206 1.83843 3.17103 1.72022 1.9811
threshold=1.1095179534149755 1.0423327863845691 27.015640104497223 40.50027066276494 0.95811757737828895 1.3130375444889071 1.0814075581729414 1.247842914542568 12.49992419954833
decision_type=2 2 2 2 2 2 2 2 2
left_child=1 7 3 4 -2 6 -3 8 -1
right_child=2 5 -4 -5 -6 -7 -8 -9 -10
leaf_value=0.030295334631459048 -0.036111345982476402 0.071599941541672874 0.061818926554215073 -0.095908636646462889 0.0029830626587067435 0.09024827009109973 -0.032664427406032787 0.038981328237442929 -0.023161420588572446
leaf_weight=8.7461804598569852 24.015992730855942 6.3353414088487643 5.9252519011497489 5.2708848267793647 131.04959234595299 6.3900491595268241 5.4060186743736267 7.8221939802169791 33.434879347681999
leaf_count=39 87 20 19 20 476 20 20 29 123
internal_value=0.000143576 0.00952826 -0.0037023 -0.00612365 -0.00307174 0.0470849 0.023594 -0.00408996 -0.0120772
internal_weight=234.396 68.1347 166.262 160.336 155.066 18.1314 11.7414 50.0033 42.1811
internal_count=853 251 602 583 563 60 40 191 162
is_linear=0
shrinkage=0.1


Tree=56
num_leaves=6
num_cat=0
split_feature=5 4 9 9 7
split_gain=0.967303 2.94774 1.59928 6.45211 3.92791
threshold=28.222518586258879 27.489639282226566 37.363833059475617 36.168181194795409 37.484375000000007
decision_type=2 2 2 2 2
left_child=1 2 3 -1 -4
right_child=-2 -3 4 -5 -6
leaf_value=0.00087858530149905823 -0.04092075149265563 0.071247168715675865 0.080635917743612479 -0.076744616062115925 -0.0070273137315279002
leaf_weight=189.26849801838398 5.602142632007598 5.8438422083854666 8.0297902673482913 11.350420713424681 14.062573641538618
leaf_count=692 20 20 27 44 50
internal_value=0.000132328 0.00113859 -0.000701032 -0.0035131 0.0248352
internal_weight=234.157 228.555 222.711 200.619 22.0924
internal_count=853 833 813 736 77
is_linear=0
shrinkage=0.1


Tree=57
num_leaves=6
num_cat=0
split_feature=0 0 3 3 5
split_gain=1.62269 2.65471 2.4449 3.28645 1.24648
threshold=0.74427873978856962 0.85806703155510211 1.4335419820855517 1.3627804101564067 18.078684808536295
decision_type=2 2 2 2 2
left_child=-1 -2 3 -3 -4
right_child=1 2 4 -5 -6
leaf_value=0.053437957110292235 -0.055994248156049968 0.00054764301577356746 0.0033148461003654952 -0.064465611512489154 0.060168647174697637
leaf_weight=5.5728957653045645 8.5054985433816892 195.52121452242136 6.2775546014308956 8.0974315553903562 9.9978862255811674
leaf_count=18 31 713 23 33 35
internal_value=0.000123876 -0.00117698 0.000943356 -0.00203778 0.0382397
internal_weight=233.972 228.4 219.894 203.619 16.2754
internal_count=853 835 804 746 58
is_linear=0
shrinkage=0.1


Tree=58
num_leaves=5
num_cat=0
split_feature=0 0 3 4
split_gain=1.32802 2.14708 2.08219 1.78703
threshold=0.74427873978856962 0.85806703155510211 1.5629145506255204 14.902391600488047
decision_type=2 2 2 2
left_child=-1 -2 3 -3
right_child=1 2 -4 -5
leaf_value=0.048581691308434573 -0.050319926369637308 -0.030616318749248028 0.058317889059210717 0.0020084215474320071
leaf_weight=5.5198330581188193 8.5173913538455945 18.369259506464005 6.1292528808116904 195.22235126793385
leaf_count=18 31 87 22 695
internal_value=0.000114234 -0.00105793 0.000851693 -0.000797364
internal_weight=233.758 228.238 219.721 213.592
internal_count=853 835 804 782
is_linear=0
shrinkage=0.1


Tree=59
num_leaves=8
num_cat=0
split_feature=0 1 6 9 1 5 0
split_gain=0.985882 0.967251 3.0992 1.71369 1.63355 6.44396 1.87507
threshold=1.6699166694953425 1.4362648599037462 20.240246140611301 36.451092896497308 1.3926423246675379 21.700340714564245 1.5266135480122787
decision_type=2 2 2 2 2 2 2
left_child=1 4 -3 -4 6 -6 -1
right_child=-2 2 3 -5 5 -7 -8
leaf_value=0.0037338829818230343 -0.040465353126568099 -0.034130962901986667 0.071340225667910914 0.00063179338885036235 -0.078541252301019604 0.037155539951507992 -0.053258881383215675
leaf_weight=180.01131494343281 5.8401118516921988 6.9578115046024349 9.7833582460880262 5.2760592103004447 11.117071568965914 8.4908645004034025 5.9639269709587088
leaf_count=650 29 26 34 21 42 28 23
internal_value=0.0001042 0.00114519 0.0210655 0.0465676 -0.000988198 -0.0284408 0.00190622
internal_weight=233.441 227.6 22.0172 15.0594 205.583 19.6079 185.975
internal_count=853 824 81 55 743 70 673
is_linear=0
shrinkage=0.1


Tree=60
num_leaves=6
num_cat=0
split_feature=5 4 9 9 7
split_gain=0.878495 2.2699 1.26292 5.49054 3.3535
threshold=28.222518586258879 27.489639282226566 37.363833059475617 36.168181194795409 37.484375000000007
decision_type=2 2 2 2 2
left_child=1 2 3 -1 -4
right_child=-2 -3 4 -5 -6
leaf_value=0.0010291366005448993 -0.039080372548299297 0.063531243244788524 0.074506146495740763 -0.070589691975288416 -0.0070157119592370093
leaf_weight=188.49861695617437 5.5863414406776419 5.6711702048778525 7.8707798868417767 11.348819166421888 14.060060694813727
leaf_count=692 20 20 27 44 50
internal_value=9.71589e-05 0.00105939 -0.000538099 -0.00303791 0.0222417
internal_weight=233.036 227.449 221.778 199.847 21.9308
internal_count=853 833 813 736 77
is_linear=0
shrinkage=0.1


Tree=61
num_leaves=5
num_cat=0
split_feature=0 0 0 3
split_gain=0.843982 1.07844 1.91293 2.37707
threshold=1.6699166694953425 0.74427873978856962 0.83432848129262138 1.5519376682663137
decision_type=2 2 2 2
left_child=1 -1 -3 -4
right_child=-2 2 3 -5
leaf_value=0.044950355411808293 -0.037721852445882803 -0.0555363438131041 -0.0003076089481865176 0.061745495131417631
leaf_weight=5.4612345844507209 5.7566649094223967 6.0400462299585334 209.21186318621039 6.3609711378812781
leaf_count=18 29 22 761 23
internal_value=9.14663e-05 0.00105009 -3.175e-05 0.00152341
internal_weight=232.831 227.074 221.613 215.573
internal_count=853 824 806 784
is_linear=0
shrinkage=0.1


Tree=62
num_leaves=12
num_cat=0
split_feature=9 1 7 2 4 4 0 1 2 6 5
split_gain=0.795271 2.67142 2.28497 5.8361 2.42751 3.98636 2.16779 4.69757 4.65308 1.98515 1.34321
threshold=34.180769330013554 1.4579928677416352 34.580639401319793 1.1830047912261055 22.137939453125004 21.097843830822971 1.1395713995484444 1.133494936256261 1.2227348201275976 18.823295820851392 22.422956640530192
decision_type=2 2 2 2 2 2 2 2 2 2 2
left_child=2 6 4 9 5 -1 7 -2 -8 -4 -5
right_child=1 -3 3 10 -6 -7 8 -9 -10 -11 -12
leaf_value=0.0038209782685016992 -0.017194248826637889 0.071232732470981039 0.05221692784312984 -0.12114571303989828 0.04508792970113526 -0.049566036513686705 0.038394075342227836 0.057974637967730995 -0.042076972833346313 -0.026519914116878686 -0.047731625952973047
leaf_weight=110.08243241161108 16.440204560756683 6.260908029973506 6.2483607381582278 5.7975478023290616 11.47056072950363 16.022037878632545 10.728858202695845 16.819106429815292 21.757425129413605 6.5680848658084869 4.3713158965110779
leaf_count=414 59 24 20 24 39 60 37 55 80 24 17
internal_value=8.41427e-05 0.00881621 -0.00383193 -0.0330173 0.00104421 -0.00296204 0.00287232 0.0208184 -0.0155008 0.0118664 -0.089587
internal_weight=232.567 72.0065 160.56 22.9853 137.575 126.104 65.7456 33.2593 32.4863 12.8164 10.1689
internal_count=853 255 598 85 513 474 231 114 117 44 41
is_linear=0
shrinkage=0.1


Tree=63
num_leaves=6
num_cat=0
split_feature=5 4 3 8 3
split_gain=0.781637 1.82248 1.03323 5.52056 3.36236
threshold=28.222518586258879 27.489639282226566 1.3589670368406457 33.208344653243643 1.2063727377995874
decision_type=2 2 2 2 2
left_child=1 2 4 -4 -1
right_child=-2 -3 3 -5 -6
leaf_value=-0.0021737836056891433 -0.03700408686458842 0.057527963969793018 0.014413135439581721 -0.080261355428877162 0.042530054025554861
leaf_weight=175.25000274181366 5.5485493540763846 5.5606132447719565 17.588699840009216 9.4780751168727857 18.611812904477119
leaf_count=647 20 20 67 37 62
internal_value=7.7413e-05 0.000985838 -0.000437286 -0.0187394 0.00211803
internal_weight=232.038 226.489 220.929 27.0668 193.862
internal_count=853 833 813 104 709
is_linear=0
shrinkage=0.1


Tree=64
num_leaves=13
num_cat=0
split_feature=9 9 6 6 9 0 3 9 2 7 1 0
split_gain=0.776795 2.75634 3.40752 2.3999 2.05297 4.56078 5.64438 2.86135 4.66514 3.48844 2.84848 1.83899
threshold=33.855228876420817 32.911062296284761 21.958730362827467 21.438161967898566 36.168181194795409 1.2684001167280483 1.0214675961849966 37.363833059475617 1.4131923142459606 37.484375000000007 1.3739108490981233 1.0532082782447107
decision_type=2 2 2 2 2 2 2 2 2 2 2 2
left_child=1 3 -3 11 5 6 -2 8 -6 -9 -7 -1
right_child=4 2 -4 -5 7 10 -8 9 -10 -11 -12 -13
leaf_value=0.016935610666029305 -0.069239310258584943 -0.098005323498254998 -0.0010969671316539854 0.047625302070650417 -0.11388589673198642 0.10920012906312544 0.039865283224631932 0.065257722744373012 0.0096376496353837784 -0.010507773430239061 0.024426288948821109 -0.010414638383503656
leaf_weight=33.104324281215668 8.2381211966276187 6.6799658834934217 7.9426818639039993 9.9394938796758634 5.6657189130783063 7.7495707422494879 11.171963945031164 8.2963745445013064 6.6416314691305161 22.716650784015656 8.1131454706191999 95.521602984517813
leaf_count=125 31 27 28 33 24 23 37 29 24 82 29 361
internal_value=7.19233e-05 -0.0040747 -0.045367 0.00028283 0.00815421 0.0260654 -0.00644141 -0.00642965 -0.0472267 0.00976045 0.0658417 -0.00337553
internal_weight=231.781 153.188 14.6226 138.565 78.5932 35.2728 19.4101 43.3204 12.3074 31.013 15.8627 128.626
internal_count=853 574 55 519 279 120 68 159 48 111 52 486
is_linear=0
shrinkage=0.1


Tree=65
num_leaves=7
num_cat=0
split_feature=0 1 1 1 6 0
split_gain=0.732217 0.913124 3.98481 2.30707 3.41057 2.21243
threshold=1.6699166694953425 1.4117434786032843 1.399430981049637 1.4247925810616051 20.240246140611301 1.5266135480122787
decision_type=2 2 2 2 2 2
left_child=1 2 5 -3 -5 -1
right_child=-2 3 -4 4 -6 -7
leaf_value=0.0030423288484745176 -0.035533526607704022 0.071107664342231536 -0.082535556788004005 -0.050560773494748294 0.027552106966233999 -0.054292008711950501
leaf_weight=180.08997585624456 5.636598289012908 6.2429690659046164 5.9048010557889929 8.0819854363799113 18.125409297645092 6.9916946589946738
leaf_count=655 29 20 23 31 68 27
internal_value=6.63869e-05 0.000956492 -0.00165326 0.016477 0.00346321 0.000899606
internal_weight=231.073 225.437 192.986 32.4504 26.2074 187.082
internal_count=853 824 705 119 99 682
is_linear=0
shrinkage=0.1


Tree=66
num_leaves=6
num_cat=0
split_feature=0 0 3 3 7
split_gain=0.839039 1.62834 1.70916 2.28577 1.31456
threshold=0.74427873978856962 0.85806703155510211 1.4335419820855517 1.3627804101564067 35.843470535184807
decision_type=2 2 2 2 2
left_child=-1 -2 3 -3 -4
right_child=1 2 4 -5 -6
leaf_value=0.039168929923857572 -0.043802468130728106 0.00049248335332588206 0.053375840525039242 -0.054326039270050946 -0.0077635940081597146
leaf_weight=5.358332782983779 8.5009314566850644 193.23321370407939 10.355216249823568 7.918064944446086 5.3252041935920706
leaf_count=18 31 713 38 33 20
internal_value=6.02584e-05 -0.000869732 0.000813454 -0.00166538 0.0326124
internal_weight=230.691 225.333 216.832 201.151 15.6804
internal_count=853 835 804 746 58
is_linear=0
shrinkage=0.1


Tree=67
num_leaves=10
num_cat=0
split_feature=4 7 8 3 8 7 7 4 3
split_gain=0.75263 3.48017 2.77507 5.16256 2.35337 2.05223 2.10614 1.77033 1.67858
threshold=15.999511718750002 25.713248501531783 24.131558594999539 1.0615984464361057 22.771196753840542 28.260395556688312 29.102410411462191 17.155702600528503 1.1053847608060579
decision_type=2 2 2 2 2 2 2 2 2
left_child=2 -2 4 -4 8 7 -7 -3 -1
right_child=1 5 3 -5 -6 6 -8 -9 -10
leaf_value=-0.037797475529764354 0.061789323167151779 0.0061848095186147582 -0.10826005211170282 0.01737365738426383 0.068444993985849661 0.044298739235763954 -0.00020657917261437272 -0.059055376064703881 0.030615136073100638
leaf_weight=8.9599173963069934 9.3966770023107511 6.8756499290466335 7.0038073100149614 6.1365863531827927 5.0681883543729773 11.394727542996405 159.10110999643803 10.528264611959456 5.9803145080804816
leaf_count=46 32 25 35 23 18 37 574 40 23
internal_value=5.63855e-05 0.00239889 -0.0138859 -0.0495889 0.00956187 -0.000571161 0.00276784 -0.0332814 -0.0104131
internal_weight=230.445 197.296 33.1488 13.1404 20.0084 187.9 170.496 17.4039 14.9402
internal_count=853 708 145 58 87 676 611 65 69
is_linear=0
shrinkage=0.1


Tree=68
num_leaves=8
num_cat=0
split_feature=1 1 6 1 1 8 5
split_gain=0.72755 3.14008 3.13408 1.92828 2.06973 1.34611 2.1401
threshold=1.4362648599037462 1.4247925810616051 20.240246140611301 1.4117434786032843 1.3926423246675379 32.857499476647128 23.426154549611347
decision_type=2 2 2 2 2 2 2
left_child=1 3 -2 4 -1 -4 -7
right_child=2 -3 5 -5 -6 6 -8
leaf_value=0.00062437243503173068 -0.036180748124536616 -0.077475896430999169 0.08451790318377482 0.053888230555679317 -0.0486224337452794 -0.024918281808271339 0.062515989894037241
leaf_weight=185.1557938605547 7.6639924794435528 5.351022206246852 5.0072935074567821 6.4606668651103965 8.9464599937200529 5.1943876743316633 6.071692630648613
leaf_count=681 32 22 18 22 34 20 24
internal_value=4.45758e-05 -0.00187367 0.0165457 0.000143403 -0.00164549 0.0413773 0.0222032
internal_weight=229.851 205.914 23.9374 200.563 194.102 16.2734 11.2661
internal_count=853 759 94 737 715 62 44
is_linear=0
shrinkage=0.1


Tree=69
num_leaves=9
num_cat=0
split_feature=1 1 1 3 8 4 5 7
split_gain=0.685861 2.42799 3.55459 2.35646 1.85103 3.31462 3.01885 2.80224
threshold=1.048659243234648 1.0720587986248711 1.0958196676583107 0.63987366685758829 28.603358208838859 20.104068816664022 14.899405578417927 38.998672208105397
decision_type=2 2 2 2 2 2 2 2
left_child=4 -2 -3 -4 6 -6 -1 -7
right_child=1 2 3 -5 5 7 -8 -9
leaf_value=-0.0016288935341875034 0.046454655912307519 -0.060469662192477007 -0.033434602087978875 0.0065026656440699401 0.053039552617079391 -0.057262859366446608 -0.10762240757902229 0.032668395952292067
leaf_weight=6.2995158284902555 11.728589311242102 9.3713728636503202 16.303478993475437 157.50318413972855 8.445413291454317 9.7151145339012128 4.6858754754066467 5.3855798840522757
leaf_count=32 39 36 64 578 28 37 20 19
internal_value=4.46812e-05 0.00234602 -0.000478188 0.00275645 -0.0129448 0.00286943 -0.046841 -0.0251894
internal_weight=229.438 194.907 183.178 173.807 34.5315 23.5461 10.9854 15.1007
internal_count=853 717 678 642 136 84 52 56
is_linear=0
shrinkage=0.1


Tree=70
num_leaves=9
num_cat=0
split_feature=2 0 1 3 6 9 5 3
split_gain=0.703421 4.99777 2.603 2.81375 2.38713 3.08671 2.76793 1.35624
threshold=1.1095179534149755 0.99216595791184736 1.2857161140308955 1.247842914542568 15.458365005373489 27.662662684360622 17.71149517617792 0.87763454059635382
decision_type=2 2 2 2 2 2 2 2
left_child=1 -1 3 -3 -2 7 -7 -6
right_child=4 2 -4 -5 5 6 -8 -9
leaf_value=0.12998841518056298 -0.068486708548917349 -0.013744448624206752 0.051281627307539594 0.060230315918775638 0.079680167646496547 -0.056223908548626828 -0.0019799567597891532 0.01824244056764901
leaf_weight=3.2317437231540671 5.4645589441061011 48.443332254886627 9.3344228565692884 5.752403035759925 5.7716527655720702 10.131711959838865 131.51654905825853 9.5189649909734708
leaf_count=10 31 185 36 20 20 43 474 34
internal_value=3.77894e-05 0.00867884 0.00250789 -0.00589267 -0.00351443 -0.00125212 -0.00585988 0.041433
internal_weight=229.165 66.7619 63.5302 54.1957 162.403 156.939 141.648 15.2906
internal_count=853 251 241 205 602 571 517 54
is_linear=0
shrinkage=0.1


Tree=71
num_leaves=8
num_cat=0
split_feature=3 3 0 0 0 0 0
split_gain=0.798799 5.65707 2.6946 2.5018 3.54122 2.37347 6.10224
threshold=1.2831143240794749 1.2406937018922266 0.87112751929089438 0.87438964843750011 0.96002871548989799 0.99216595791184736 1.1026400520309743
decision_type=2 2 2 2 2 2 2
left_child=1 3 -2 -1 -5 -4 -7
right_child=2 -3 5 4 -6 6 -8
leaf_value=0.051613877496365736 -0.074816490431270422 0.099114501004954059 0.054867581469516286 -0.073053008201468442 -0.00015582105952834137 -0.1115277093388154 0.01013440922108075
leaf_weight=8.8002163171768171 5.9895484447479239 5.8907057940959922 6.0114845633506802 6.9360534697771064 169.86156562715769 5.2011577039957073 19.882169418036938
leaf_count=29 23 18 21 27 636 20 79
internal_value=3.51727e-05 0.00263671 -0.0133981 -0.000425405 -0.00301569 -0.00156758 -0.0150929
internal_weight=228.573 191.489 37.0844 185.598 176.798 31.0948 25.0833
internal_count=853 710 143 692 663 120 99
is_linear=0
shrinkage=0.1


Tree=72
num_leaves=5
num_cat=0
split_feature=0 9 8 8
split_gain=0.815062 0.828403 2.74966 2.97458
threshold=1.6699166694953425 40.326123401903743 39.468409279848011 37.846637241661902
decision_type=2 2 2 2
left_child=1 2 3 -1
right_child=-2 -3 -4 -5
leaf_value=-0.0012704977102620091 -0.037715259372297638 0.028049171528311795 -0.056949240258869507 0.047941640990153904
leaf_weight=190.60547169297934 5.5794518738985053 10.760398633778093 8.2613433599472028 13.128329589962958
leaf_count=709 29 38 32 45
internal_value=3.56599e-05 0.000981223 -0.000392685 0.00190067
internal_weight=228.335 222.756 211.995 203.734
internal_count=853 824 786 754
is_linear=0
shrinkage=0.1


Tree=73
num_leaves=11
num_cat=0
split_feature=1 1 2 0 3 3 6 1 5 8
split_gain=0.7403 5.46346 4.7246 5.0743 3.05848 4.04371 2.80724 2.25384 1.33447 3.03907
threshold=1.2507623882042576 1.2978218304233484 1.1671770426515204 1.1673521324992182 0.78198005579300467 0.83372972080427232 19.548949174878029 1.2369405044719877 12.16666666666667 23.406603304280207
decision_type=2 2 2 2 2 2 2 2 2 2
left_child=7 2 -2 -4 6 -6 -3 8 -1 -10
right_child=1 4 3 -5 5 -7 -8 -9 9 -11
leaf_value=-0.03976612902695971 0.024899613165772532 0.097003023966763816 -0.013339594725524997 -0.13071796941977973 -0.091029295240456803 0.0014736393074917574 0.015986700492379283 0.062912383478081521 0.063133929388445253 8.2891885483434179e-05
leaf_weight=7.1330931708216658 5.7922984510660198 5.7799647599458721 6.358921915292739 8.7520014420151693 5.1476540416479102 57.655649654567242 16.447334215044975 6.4405618458986273 8.27466221898794 100.4004289098084
leaf_count=38 21 21 23 36 22 217 61 21 28 365
internal_value=3.3375e-05 -0.00608544 -0.0518888 -0.0813232 0.00517448 -0.00610834 0.0370541 0.0053356 0.00213352 0.00488368
internal_weight=228.183 105.934 20.9032 15.1109 85.0306 62.8033 22.2273 122.249 115.808 108.675
internal_count=853 401 80 59 321 239 82 452 431 393
is_linear=0
shrinkage=0.1


Tree=74
num_leaves=10
num_cat=0
split_feature=0 0 7 3 0 3 7 7 0
split_gain=0.772404 4.47403 3.76611 5.44092 2.58283 2.81938 2.34454 5.26669 5.16055
threshold=1.4506875815859532 1.4976477622985842 36.459859848022468 0.78384749036108681 1.4079589843750002 0.92105931585654655 34.295884867664434 33.877624511718757 1.2177818798227238
decision_type=2 2 2 2 2 2 2 2 2
left_child=4 -2 3 -3 6 -6 7 -1 -8
right_child=1 2 -4 -5 5 -7 8 -9 -10
leaf_value=0.0030849598147144998 -0.080401349439613606 0.05943246491145257 0.075315708019758551 -0.041964608663079696 0.092998797057144617 0.001296218711340858 0.0013627603241317839 0.10552116663722498 -0.064811309193105709
leaf_weight=110.17797711864114 7.8253203630447379 7.4470606148243013 6.0069086924195281 18.287385135889053 6.3965498730540258 7.0454574674367905 43.171244978904724 5.2587163895368567 16.209575563669205
leaf_count=415 31 27 24 78 21 24 154 16 63
internal_value=2.41199e-05 -0.0126768 0.00401964 -0.0126222 0.00269348 0.0449341 -0.000554471 0.00775144 -0.0167012
internal_weight=227.826 39.5667 31.7414 25.7344 188.26 13.442 174.818 115.437 59.3808
internal_count=853 160 129 105 693 45 648 431 217
is_linear=0
shrinkage=0.1


Tree=75
num_leaves=11
num_cat=0
split_feature=2 2 4 6 5 3 7 6 8 8
split_gain=0.737264 3.67625 2.13435 9.79629 5.62439 3.82196 3.69882 1.47401 4.52487 1.52028
threshold=1.3200684416011674 1.2959006642559834 19.614350758017107 20.657396203048183 21.212425303975028 1.2946918648313797 29.860876583283961 24.477294862172261 38.0644634117428 38.979265010165939
decision_type=2 2 2 2 2 2 2 2 2 2
left_child=1 7 5 -4 -5 6 -2 8 -1 -9
right_child=2 -3 3 4 -6 -7 -8 9 -10 -11
leaf_value=-0.0023352450724087128 0.021512014525980568 -0.084966275955930232 -0.10163568044005869 0.10027550306963461 0.00027098999828001189 -0.032824047906798437 0.1075378252122981 0.0054664903405550096 0.088411067097683593 -0.066348089335791394
leaf_weight=112.32723376527429 15.823761805891996 5.4705635383725157 8.7778727859258634 6.409575179219245 45.879041917622089 7.6574156880378714 7.3057018816471091 5.2659649103879911 5.7773625403642646 6.6962161064147949
leaf_count=434 57 24 35 20 167 29 23 19 19 26
internal_value=2.58011e-05 -0.00466172 0.00694263 -0.00388083 0.0125296 0.0284112 0.0486842 -0.00128414 0.00210382 -0.034734
internal_weight=227.391 135.537 91.8534 61.0665 52.2886 30.7869 23.1295 130.067 118.105 11.9622
internal_count=853 522 331 222 187 109 80 498 453 45
is_linear=0
shrinkage=0.1


Tree=76
num_leaves=11
num_cat=0
split_feature=1 1 3 1 3 0 0 9 3 1
split_gain=0.638448 2.29966 4.49463 2.49173 2.06127 3.61239 3.01187 4.67647 3.22537 1.90577
threshold=1.1026311596761833 1.0720587986248711 1.058981672338889 1.048659243234648 0.63987366685758829 1.1789046227931979 1.2382306903382416 27.162145059434231 1.0190258602048547 1.0042752629827219
decision_type=2 2 2 2 2 2 2 2 2 2
left_child=1 3 -3 9 5 -2 7 -6 -8 -1
right_child=4 2 -4 -5 6 -7 8 -9 -10 -11
leaf_value=0.010234792318597065 -0.088043316510343528 -0.1209496987777009 0.0038795617881202805 0.041184449998286715 0.110101681461962 0.0086557371056505666 0.0090337719014159362 0.014787413538894765 -0.030615434179066803 -0.03714303745013068
leaf_weight=17.675546810030937 6.5595287047326556 4.9575899168848974 6.8976455330848694 11.579275771975515 5.6407616734504691 9.3983916863799077 56.928701922297478 58.874272137880325 32.077438250184059 16.338078662753105
leaf_count=73 28 21 24 39 21 35 211 209 129 63
internal_value=2.5496e-05 -0.00908495 -0.0483212 0.00111741 0.00311365 -0.0310926 0.00666925 0.0231211 -0.00525564 -0.0125226
internal_weight=226.927 57.4481 11.8552 45.5929 169.479 15.9579 153.521 64.515 89.0061 34.0136
internal_count=853 220 45 175 633 63 570 230 340 136
is_linear=0
shrinkage=0.1


Tree=77
num_leaves=10
num_cat=0
split_feature=4 7 7 4 7 4 0 9 0
split_gain=0.706848 2.47288 2.40174 2.91748 2.68509 4.65311 2.13753 2.64806 2.63294
threshold=15.999511718750002 25.713248501531783 21.39627014379192 11.055664062500002 23.369704078504348 15.087242126464846 0.93785409151743349 34.525100341825947 0.99216595791184736
decision_type=2 2 2 2 2 2 2 2 2
left_child=2 -2 3 -1 -4 -6 7 -3 -8
right_child=1 6 4 -5 5 -7 8 -9 -10
leaf_value=-0.026828482068276028 0.053254629273940896 -0.066496375040310293 -0.089408992964275749 0.067887080283023149 0.041312211422748019 -0.080998947675119837 0.052569863546032804 0.0097023148270998297 0.00015981906025245543
leaf_weight=6.6597860306501371 9.0765101090073568 10.221410006284716 6.3503699786961105 6.355767622590065 7.43508632481098 5.347362644970417 10.210297673940657 8.235173746943472 156.62335085123777
leaf_count=37 32 38 31 23 30 24 35 29 574
internal_value=1.94978e-05 0.00229136 -0.013716 0.0194231 -0.0362597 -0.00985499 -0.00020509 -0.0324972 0.00336734
internal_weight=226.515 194.367 32.1484 13.0156 19.1328 12.7824 185.29 18.4566 166.834
internal_count=853 708 145 60 85 54 676 67 609
is_linear=0
shrinkage=0.1


Tree=78
num_leaves=9
num_cat=0
split_feature=2 0 2 7 2 6 4 4
split_gain=0.688581 2.91268 2.49759 2.49785 2.4917 2.7881 2.83448 1.69499
threshold=1.1095179534149755 0.99926757812500011 1.0362691585598729 29.925893783569339 1.1342390479614146 27.015640104497223 26.180664062500004 22.007384838534566
decision_type=2 2 2 2 2 2 2 2
left_child=1 -1 7 -4 -2 6 -6 -3
right_child=4 2 3 -5 5 -7 -8 -9
leaf_value=0.10011440603679873 -0.062393512381201305 -0.02034400394679596 -0.0080902445210529403 0.070964189165819661 0.00022214734753150711 0.068901879547929784 -0.055188619373877326 0.021677133953665072
leaf_weight=3.3043144345283499 6.8819516748189917 32.83191142976284 6.9479728788137463 9.4098133295774442 137.64204445108771 5.51855644583702 9.8954534083604795 13.565232157707213
leaf_count=11 27 137 26 30 518 18 39 47
internal_value=1.67765e-05 0.00860563 0.0037873 0.0373858 -0.00353068 -0.000883994 -0.0034943 -0.00805819
internal_weight=225.997 66.0592 62.7549 16.3578 159.938 153.056 147.537 46.3971
internal_count=853 251 240 56 602 575 557 184
is_linear=0
shrinkage=0.1


Tree=79
num_leaves=6
num_cat=0
split_feature=5 4 9 9 3
split_gain=0.699304 1.58973 0.827005 3.9063 3.00652
threshold=28.222518586258879 27.489639282226566 37.363833059475617 36.168181194795409 0.80656364070532116
decision_type=2 2 2 2 2
left_child=1 2 3 -1 -4
right_child=-2 -3 4 -5 -6
leaf_value=0.00096171055843551469 -0.035541282969963721 0.054729684090630296 0.061493402198893959 -0.060704941664810344 -0.014506974313376201
leaf_weight=182.78999327868223 5.39792276918888 5.3510685563087454 9.156961105763914 10.883863687515257 12.061143562197683
leaf_count=692 20 20 32 44 45
internal_value=1.87109e-05 0.000890249 -0.000450418 -0.00250376 0.018292
internal_weight=225.641 220.243 214.892 193.674 21.2181
internal_count=853 833 813 736 77
is_linear=0
shrinkage=0.1


Tree=80
num_leaves=11
num_cat=0
split_feature=3 3 9 0 3 1 8 4 4 2
split_gain=0.624417 2.77207 6.62632 2.6279 4.80173 4.2693 2.31677 2.85405 2.50058 0.756102
threshold=0.98257296771574509 0.93551196185874386 33.484667230972235 1.1876831054687502 0.76113267519492933 1.1710325442195659 40.822112447298373 24.147767844722964 23.283851137010341 1.4068890063496327
decision_type=2 2 2 2 2 2 2 2 2 2
left_child=1 3 -3 4 -1 -5 7 8 -2 -9
right_child=6 2 -4 5 -6 -7 -8 9 -10 -11
leaf_value=9.9162846050135221e-05 0.0077790344417693466 -0.12892051590849576 0.018054388327632225 0.087932808757636927 -0.073730760040969082 0.0046929937295098053 -0.05818490767718873 0.03006605338423355 -0.053338668363234878 0.077799537347050293
leaf_weight=38.964373778551817 77.092958565801382 5.6944373995065671 6.6494954526424408 6.9782876819372168 11.382510788738726 52.649804681539536 5.3723974525928488 7.1415903121232969 7.3308833241462699 6.1988048851490021
leaf_count=155 284 24 24 23 47 200 21 25 29 21
internal_value=1.92118e-05 -0.00481323 -0.0497473 0.00023031 -0.0165924 0.0144346 0.00575043 0.00926385 0.00247192 0.0522461
internal_weight=225.456 122.319 12.3439 109.975 50.3469 59.6281 103.137 97.7642 84.4238 13.3404
internal_count=853 473 48 425 202 223 380 359 313 46
is_linear=0
shrinkage=0.1


Tree=81
num_leaves=9
num_cat=0
split_feature=2 1 1 2 1 2 0 2
split_gain=0.633551 1.30891 3.35551 3.95807 3.51608 2.50636 4.46112 2.46665
threshold=1.6696770399425096 1.2507623882042576 1.2978218304233484 1.1671770426515204 1.3084814845163677 1.3200684416011674 1.0156500110198652 1.2657562913192606
decision_type=2 2 2 2 2 2 2 2
left_child=1 5 3 -3 -4 7 -7 -1
right_child=-2 2 4 -5 -6 6 -8 -9
leaf_value=0.0034144606689828494 0.024412959311056498 0.023249931740131895 0.082515286948671912 -0.07551193755426977 -0.0059097174847594115 0.0022216249552297019 0.091853957996282598 -0.05496835339629394
leaf_weight=87.122990023344755 10.161419853568075 5.7295686751604107 4.7992388606071463 13.9086921736598 71.368942238390446 15.316857367753984 8.7107458710670453 7.8922028988599768
leaf_count=331 36 21 15 56 279 56 27 32
internal_value=1.3563e-05 -0.00114042 -0.00984088 -0.0466976 -0.000338195 0.00586177 0.0347161 -0.00143496
internal_weight=225.011 214.849 95.8064 19.6383 76.1682 119.043 24.0276 95.0152
internal_count=853 817 371 77 294 446 83 363
is_linear=0
shrinkage=0.1


Tree=82
num_leaves=5
num_cat=0
split_feature=2 2 2 5
split_gain=0.596666 1.74523 2.16596 1.81041
threshold=0.78256012635184458 0.90300560799839835 0.96235759788024489 12.837456185333314
decision_type=2 2 2 2
left_child=-1 -2 -3 -4
right_child=1 2 3 -5
leaf_value=0.02970634938091294 -0.051362710522419974 0.060875443803678597 -0.053545461340854056 0.00067727627295282092
leaf_weight=6.5695095211267462 6.6398501694202414 5.8177547603845587 6.3539763726294032 199.25995071977377
leaf_count=24 28 20 38 743
internal_value=1.33604e-05 -0.000881155 0.000704179 -0.00099834
internal_weight=224.641 218.072 211.432 205.614
internal_count=853 829 801 781
is_linear=0
shrinkage=0.1


Tree=83
num_leaves=9
num_cat=0
split_feature=5 5 5 9 6 5 7 5
split_gain=0.646305 3.96758 2.8253 2.19208 2.36264 1.16367 3.17832 2.91741
threshold=14.64405838251885 15.536734312479387 13.907407407407412 20.70765381292934 8.4793856943114019 16.426750768713067 25.713248501531783 17.386309034969162
decision_type=2 2 2 2 2 2 2 2
left_child=2 -2 3 4 -1 6 -3 -7
right_child=1 5 -4 -5 -6 7 -8 -9
leaf_value=-0.034295132121397266 -0.080426229606497812 -0.024683993239722146 0.080201913568134151 -0.069316338071323258 0.066822611037373761 -0.047157701963353747 0.084797765770277617 0.0023763041632821114
leaf_weight=4.3183290585875529 6.1927000880241385 5.0301695615053159 5.224279072135686 3.925721049308776 4.9702191054821014 12.749535486102102 5.6077508479356766 176.42101407796144
leaf_count=27 32 20 20 19 19 53 20 643
internal_value=9.80963e-06 -0.00159564 0.0179464 -0.00666637 0.0198121 0.000847568 0.033029 -0.000962141
internal_weight=224.44 206.001 18.4385 13.2143 9.28855 199.808 10.6379 189.171
internal_count=853 768 85 65 46 736 40 696
is_linear=0
shrinkage=0.1


Tree=84
num_leaves=7
num_cat=0
split_feature=7 7 5 4 8 6
split_gain=0.623769 2.97842 2.41193 2.35544 1.29141 2.20147
threshold=20.906738281250004 23.369704078504348 14.53432554131127 11.055664062500002 24.131558594999539 15.981340268294668
decision_type=2 2 2 2 2 2
left_child=3 2 -2 -1 -3 -6
right_child=1 4 -4 -5 5 -7
leaf_value=-0.018694210781354633 -0.0069426884584783861 0.046326904848629169 -0.11181694136718233 0.071644923375386568 -0.049332676597230229 0.0020889914622697309
leaf_weight=6.3213891759514791 4.4805406741797906 6.1573026403784743 4.2951341196894646 5.3110155314207077 8.7097381204366666 188.81453467905521
leaf_count=37 19 24 22 19 40 692
internal_value=4.3027e-06 -0.00123022 -0.058272 0.022552 0.00122744 -0.000178422
internal_weight=224.09 212.457 8.77567 11.6324 203.682 197.524
internal_count=853 797 41 56 756 732
is_linear=0
shrinkage=0.1


Tree=85
num_leaves=10
num_cat=0
split_feature=4 5 8 8 7 4 2 4 6
split_gain=0.64128 4.20955 3.73957 5.13512 3.42154 2.2147 3.76782 3.2146 2.36836
threshold=20.967315673828129 20.694251589744638 32.432118191308511 34.350825584148154 31.492738620093846 20.357557409728361 1.2754515717882711 20.080295562744144 17.842555685219377
decision_type=2 2 2 2 2 2 2 2 2
left_child=5 -2 4 -4 -3 7 -7 8 -1
right_child=1 2 3 -5 -6 6 -8 -9 -10
leaf_value=-0.012618107184692855 -0.072489741287757689 -0.0087855982752824465 -0.058614431616276386 0.0044530708532924002 0.087193207946671625 0.10096164223846643 -0.0010273312462576118 -0.068034623803490457 0.018536253512853849
leaf_weight=44.763051755726337 8.6629028320312482 6.5214012935757628 16.183845296502113 63.828532688319683 8.6287067681550962 6.1600106284022322 8.7926941215991956 6.5403884798288336 53.642753511667252
leaf_count=198 36 24 62 237 28 20 31 25 192
internal_value=6.89755e-07 -0.00575269 0.000322567 -0.00830339 0.0458789 0.00498278 0.0409887 -0.000147334 0.00436469
internal_weight=223.724 103.825 95.1625 80.0124 15.1501 119.899 14.9527 104.946 98.4058
internal_count=853 387 351 299 52 466 51 415 390
is_linear=0
shrinkage=0.1


Tree=86
num_leaves=8
num_cat=0
split_feature=6 6 9 9 6 2 1
split_gain=0.678985 5.81645 4.63644 6.91887 4.89407 2.08551 2.17796
threshold=19.526160518356033 19.861690376531193 31.27755181325799 30.579438906904652 19.154004100941396 1.6541990981746988 1.2484471813776483
decision_type=2 2 2 2 2 2 2
left_child=2 -2 3 4 -1 6 -3
right_child=1 5 -4 -5 -6 -7 -8
leaf_value=0.00084861457864386354 -0.092569906964380388 0.01070284271900864 0.084252924809221197 -0.11172053015942598 0.10207274574956052 0.048220007287424677 -0.016358741869839873
leaf_weight=71.308879300951958 7.099949598312377 58.753164798021317 7.1077106073498717 5.1869498491287223 5.1193176358938208 8.5201375335454923 60.225784800946712
leaf_count=294 30 210 23 21 16 30 229
internal_value=-1.69971e-06 -0.00447843 0.00678983 4.37146e-05 0.00762881 0.000427053 -0.00299542
internal_weight=223.322 134.599 88.7229 81.6151 76.4282 127.499 118.979
internal_count=853 499 354 331 310 469 439
is_linear=0
shrinkage=0.1


Tree=87
num_leaves=8
num_cat=0
split_feature=1 6 1 9 9 5 3
split_gain=0.673053 2.47553 1.36012 1.46958 7.75436 3.42684 1.29332
threshold=1.4362648599037462 20.240246140611301 1.4239728930531161 30.426191641645755 31.169619227774501 20.817892331744638 0.87763454059635382
decision_type=2 2 2 2 2 2 2
left_child=2 -2 3 5 -5 -1 -3
right_child=1 6 -4 4 -6 -7 -8
leaf_value=0.003473764370864601 -0.031318298612780293 -0.00026948715763358658 -0.048239057497294659 -0.083431740123353457 0.001287309522412468 0.075757426906234285 0.059548409798414963
leaf_weight=72.091669965535402 7.4848452061414745 5.5811378657817832 6.133845478296279 12.080762356519697 102.22558978199959 7.2150329053401938 10.257279798388479
leaf_count=293 32 23 25 48 370 23 39
internal_value=-1.3634e-06 0.0160736 -0.00187834 -0.000409586 -0.00766644 0.0100499 0.0384698
internal_weight=223.07 23.3233 199.747 193.613 114.306 79.3067 15.8384
internal_count=853 94 759 734 418 316 62
is_linear=0
shrinkage=0.1


Tree=88
num_leaves=10
num_cat=0
split_feature=4 5 5 5 6 7 8 8 4
split_gain=0.63101 3.3208 3.15027 3.87015 2.04362 1.58573 3.61081 3.23367 1.329
threshold=20.967315673828129 20.694251589744638 21.320823905444417 21.827253135376537 23.028661728272407 30.70566614405606 31.046102143787703 31.046102143787703 21.589777062165464
decision_type=2 2 2 2 2 2 2 2 2
left_child=4 -2 8 -4 5 7 -7 -1 -3
right_child=1 2 3 -5 -6 6 -8 -9 -10
leaf_value=-4.0810697090592061e-05 -0.065769874206451182 0.012727797733455701 -0.074172629828702138 -0.00019754622072562061 0.064590839262070252 0.084423014558826531 0.0030079713271232746 -0.0812241855426548 0.080990323767096611
leaf_weight=77.432756833732128 8.4569824337959272 5.3940794169902784 7.8036193177103987 75.457993403077126 5.4809668660163871 7.0175039470195797 24.34843473136425 5.2382918149232855 6.0520681291818619
leaf_count=316 36 20 31 280 18 24 87 21 20
internal_value=-2.69262e-07 -0.00572989 -0.000368583 -0.00713079 0.00494539 0.00207864 0.021223 -0.00518484 0.0488211
internal_weight=222.683 103.165 94.7078 83.2616 119.518 114.037 31.3659 82.671 11.4461
internal_count=853 387 351 311 466 448 111 337 40
is_linear=0
shrinkage=0.1


Tree=89
num_leaves=7
num_cat=0
split_feature=8 4 0 7 3 0
split_gain=0.59325 1.72393 2.96803 1.64668 4.16882 1.99684
threshold=18.502194975547621 14.902391600488047 1.0594212827309095 25.907701799351347 0.86207387456273599 0.88279616321953391
decision_type=2 2 2 2 2 2
left_child=-1 2 -2 4 -3 -5
right_child=1 3 -4 5 -6 -7
leaf_value=0.029266199625162116 0.014582923140130528 0.103798757698706 -0.079020471816940774 -0.038765293347250429 -0.0024444695745230397 0.0015462570011896023
leaf_weight=6.7165721207857123 6.3489310443401319 5.3976044654846218 7.2625571377575397 13.234327360987661 11.69652174785733 171.86291583627462
leaf_count=35 27 17 39 49 48 638
internal_value=-1.58043e-06 -0.000912501 -0.0353602 0.00140651 0.0311027 -0.00133599
internal_weight=222.519 215.803 13.6115 202.191 17.0941 185.097
internal_count=853 818 66 752 65 687
is_linear=0
shrinkage=0.1


Tree=90
num_leaves=11
num_cat=0
split_feature=3 3 9 0 0 1 3 0 0 3
split_gain=0.582442 2.18519 5.06738 2.30491 3.88089 3.12684 1.75035 3.02 3.72837 2.34498
threshold=0.98257296771574509 0.93551196185874386 33.484667230972235 1.1876831054687502 1.0558368502825035 1.1710325442195659 0.99861485837005481 1.2023466696935927 1.1636161804199221 1.2033538013268867
decision_type=2 2 2 2 2 2 2 2 2 2
left_child=1 3 -3 4 -1 -5 -2 8 -8 -9
right_child=6 2 -4 5 -6 -7 7 9 -10 -11
leaf_value=0.0080832732336136078 0.061224869560331546 -0.11622808982324791 0.01396267830603083 0.077173098028261333 -0.048460678780569824 0.0048667146300776162 0.0080882121845236264 -0.035928879532397005 0.086050587895354885 0.011505254062569251
leaf_weight=28.390470586717129 5.3523709923028937 5.4710543230175954 6.5917325466871262 6.7579419314861289 21.204141393303871 52.001716651022434 45.988756626844406 26.194271042943001 7.0781822651624671 17.309096440672874
leaf_count=114 18 24 24 23 88 200 165 104 23 70
internal_value=-2.52204e-06 -0.00471131 -0.0450851 -0.000216607 -0.0160921 0.0131827 0.0055607 0.00247554 0.018487 -0.0170558
internal_weight=222.34 120.417 12.0628 108.354 49.5946 58.7597 101.923 96.5703 53.0669 43.5034
internal_count=853 473 48 425 202 223 380 362 188 174
is_linear=0
shrinkage=0.1


Tree=91
num_leaves=9
num_cat=0
split_feature=3 3 0 0 0 1 3 6
split_gain=0.589565 4.57862 2.8016 2.19256 3.47382 3.14574 2.22462 1.57953
threshold=1.2831143240794749 1.2406937018922266 0.78088728553848352 1.1026400520309743 1.1842758235579824 1.1952610397433063 1.4413943684097397 15.672626683778605
decision_type=2 2 2 2 2 2 2 2
left_child=1 2 -1 5 -5 -2 -6 -4
right_child=3 -3 7 4 6 -7 -8 -9
leaf_value=0.084660693346419111 0.002591562172833952 0.090864155182570516 -0.029285975675345022 0.0728044181956395 -0.06727386123082485 -0.084114032740326014 0.016255222211746426 0.0009878597611151182
leaf_weight=3.780707284808158 8.9096853137016314 5.6560099124908438 19.363808333873749 6.2223522365093258 5.3864001855254156 7.8896803110837928 7.8137649148702621 156.71359645575285
leaf_count=12 33 18 97 21 26 31 32 583
internal_value=-5.18024e-06 0.0022733 -0.000512624 -0.0116746 0.0112069 -0.038129 -0.0178293 -0.00234145
internal_weight=221.736 185.514 179.858 36.2219 19.4225 16.7994 13.2002 176.077
internal_count=853 710 692 143 79 64 58 680
is_linear=0
shrinkage=0.1


Tree=92
num_leaves=11
num_cat=0
split_feature=1 1 6 1 3 0 0 9 0 2
split_gain=0.62599 1.84367 3.13132 2.02537 1.74643 2.63469 2.26082 4.18454 3.06543 1.4318
threshold=1.1026311596761833 1.0720587986248711 19.489790721135751 1.048659243234648 0.63987366685758829 1.1789046227931979 1.2382306903382416 27.162145059434231 1.2832040050805009 1.0833565058887171
decision_type=2 2 2 2 2 2 2 2 2 2
left_child=1 3 -3 9 5 -2 7 -6 -8 -1
right_child=4 2 -4 -5 6 -7 8 -9 -10 -11
leaf_value=0.00036295805490361348 -0.078424905428733538 0.0063309789931806811 -0.098192337894669773 0.036780361780715629 0.10519659520346934 0.0051676037524327825 -0.055683605181496426 0.012959901214990313 0.0027880713244984503 -0.046370550342393832
leaf_weight=24.05730976164341 6.3390291295945635 5.8479694053530675 5.621161937713623 11.230160608887671 5.3784196078777304 9.3051831871271116 10.153246708214281 57.530275613069534 76.679872941225767 9.0115134418010694
leaf_count=100 28 23 22 39 21 35 40 209 300 36
internal_value=-1.23851e-06 -0.00916329 -0.0448972 8.83164e-05 0.0030882 -0.0287041 0.00640968 0.0208457 -0.00404892 -0.0123723
internal_weight=221.154 55.7681 11.4691 44.299 165.386 15.6442 149.742 62.9087 86.8331 33.0688
internal_count=853 220 45 175 633 63 570 230 340 136
is_linear=0
shrinkage=0.1


Tree=93
num_leaves=5
num_cat=0
split_feature=7 9 9 7
split_gain=0.566785 1.35954 1.67934 2.23024
threshold=43.277569837868221 40.326123401903743 39.394789928466345 39.772646425408773
decision_type=2 2 2 2
left_child=1 2 3 -1
right_child=-2 -3 -4 -5
leaf_value=-0.0011016307155056 -0.026895311352938531 0.047357980651174331 -0.055611181174014181 0.052489187767892881
leaf_weight=193.62035111710429 7.5681127607822409 6.1316716745495787 5.3704958856105796 8.0899805575609189
leaf_count=751 29 22 22 29
internal_value=-2.19402e-06 0.000952394 -0.000421677 0.00104773
internal_weight=220.781 213.212 207.081 201.71
internal_count=853 824 802 780
is_linear=0
shrinkage=0.1


Tree=94
num_leaves=12
num_cat=0
split_feature=7 7 1 8 7 8 2 1 0 0 7
split_gain=0.591742 2.75622 5.10167 2.28751 2.11645 2.00479 5.54409 3.45381 1.68592 2.39124 1.23074
threshold=34.295884867664434 33.045017184158958 1.2608016478973945 32.941146151901734 32.366726508262914 35.433407287863524 1.1953488621149024 1.402197866193523 1.4976477622985842 1.1375973015092316 35.64186096191407
decision_type=2 2 2 2 2 2 2 2 2 2 2
left_child=1 3 -3 4 -1 6 10 -8 9 -7 -2
right_child=5 2 -4 -5 -6 8 7 -9 -10 -11 -12
leaf_value=0.0051043383277581062 -0.015586388556697549 0.098862341495212142 -0.0088591635650774325 -0.052956245291243112 -0.057951255123827372 0.017376170039429765 -0.13472996646549529 -0.019111553652531015 0.055539496518730039 -0.027472808690290718 0.047163442169609993
leaf_weight=112.43130769580603 6.8358704596757907 8.1487922966480273 9.5478471219539625 8.0561683028936368 5.5876002311706534 26.805332019925117 6.0270121768116933 4.5224280133843422 5.5820382088422766 21.362657278776169 5.758889302611351
leaf_count=447 25 25 36 31 22 96 27 18 24 82 20
internal_value=-2.06332e-08 0.0037871 0.0407435 -0.00140032 0.00211897 -0.00708092 -0.0316877 -0.0851656 0.00351452 -0.0025145 0.0131056
internal_weight=220.666 143.772 17.6966 126.075 118.019 76.8942 23.1442 10.5494 53.75 48.168 12.5948
internal_count=853 561 61 500 469 292 90 45 202 178 45
is_linear=0
shrinkage=0.1


Tree=95
num_leaves=10
num_cat=0
split_feature=2 2 2 0 9 7 6 8 8
split_gain=0.629786 2.67397 1.77889 1.83097 2.78797 1.79728 1.35874 3.31997 1.17162
threshold=1.3200684416011674 1.2959006642559834 1.3463089581970633 1.4325762733298253 29.429644828642754 33.55410289764405 24.477294862172261 38.0644634117428 38.979265010165939
decision_type=2 2 2 2 2 2 2 2 2
left_child=1 6 -2 4 -4 -5 7 -1 -8
right_child=2 -3 3 5 -6 -7 8 -9 -10
leaf_value=-0.002027118109282286 0.047849550466473698 -0.074800006338003946 0.053252979981201022 -0.07413589802848071 -0.0010907879686434896 0.0042092097599469918 0.0018185391096683494 0.077571602081968102 -0.061979555352457721
leaf_weight=108.65992825105786 9.3097906485199911 5.1836635768413535 11.320986740291117 5.8415048420429212 56.829566948115826 5.8711605444550514 5.1292184442281705 5.505377769470214 6.5600699782371521
leaf_count=434 33 24 41 24 209 24 19 19 26
internal_value=-9.1653e-07 -0.0044125 0.00648183 0.00165953 0.00793665 -0.0348642 -0.0015134 0.00181136 -0.0339852
internal_weight=220.211 131.038 89.173 79.8632 68.1506 11.7127 125.855 114.165 11.6893
internal_count=853 522 331 298 250 48 498 453 45
is_linear=0
shrinkage=0.1


Tree=96
num_leaves=9
num_cat=0
split_feature=1 6 6 2 2 7 7 2
split_gain=0.640269 2.11842 1.34561 1.05224 6.27692 2.62838 2.54109 1.51593
threshold=1.4362648599037462 20.240246140611301 22.878873117268757 1.5476430565726513 1.5042870401357924 31.121101453328624 38.004584165541907 1.4851599859369322
decision_type=2 2 2 2 2 2 2 2
left_child=3 -2 -3 4 7 -5 -7 -1
right_child=1 2 -4 5 -6 6 -8 -9
leaf_value=-0.0022769617073958026 -0.028683757545277577 0.064137336228950279 0.0053570147056582343 0.07521285053735205 -0.10068427444023098 -0.053263730281444502 0.039926530348192955 0.049200915831032463
leaf_weight=166.78667788952589 7.2955941334366825 8.3047293573617917 7.3336974754929534 6.0026640295982387 6.4903307110071173 5.7908268868923169 5.914606586098671 5.9237121343612662
leaf_count=649 32 32 30 21 27 22 20 20
internal_value=2.81957e-07 0.0158134 0.0365721 -0.00184148 -0.00413943 0.0214132 -0.00617588 -0.000511346
internal_weight=219.843 22.934 15.6384 196.909 179.201 17.7081 11.7054 172.71
internal_count=853 94 62 759 696 63 42 669
is_linear=0
shrinkage=0.1


Tree=97
num_leaves=9
num_cat=0
split_feature=3 3 0 7 3 6 4 6
split_gain=0.677265 3.95897 2.19364 2.13461 2.32243 3.26789 1.72992 1.4963
threshold=1.2831143240794749 1.2406937018922266 0.78088728553848352 37.774584101665319 1.4335419820855517 19.209096099193541 20.007812500000004 17.011958434360206
decision_type=2 2 2 2 2 2 2 2
left_child=1 2 -1 4 6 -6 -2 -4
right_child=3 -3 7 -5 5 -7 -8 -9
leaf_value=0.076576418016748846 -0.065464880426311142 0.085655980931331102 -0.022529771830268299 -0.059834551774996969 -0.019662638214523031 0.078014456640898691 0.0040490057619749021 0.002383174612931594
leaf_weight=3.6510939300060263 6.635062765330078 5.5461508035659781 28.893878273665905 7.5452057868242255 6.7988608628511411 6.9026002064347267 7.7751362547278404 145.56409741193056
leaf_count=12 29 18 135 30 27 27 30 545
internal_value=4.80547e-06 0.00245341 -0.000137445 -0.012607 6.89054e-05 0.0295457 -0.0279581 -0.00174293
internal_weight=219.312 183.655 178.109 35.6569 28.1117 13.7015 14.4102 174.458
internal_count=853 710 692 143 113 54 59 680
is_linear=0
shrinkage=0.1


Tree=98
num_leaves=9
num_cat=0
split_feature=5 5 5 6 2 0 4 0
split_gain=0.625759 3.3035 3.03109 2.4314 1.20456 1.14162 2.04323 1.73055
threshold=14.64405838251885 14.105686795516904 15.536734312479387 12.773024182539508 0.92643578177663655 0.95107357346995525 22.960665044850693 0.97784752810548536
decision_type=2 2 2 2 2 2 2 2
left_child=1 3 -2 4 -1 6 -4 -7
right_child=2 -3 5 -5 -6 7 -8 -9
leaf_value=0.06339172171158429 -0.073056391478274155 0.094649749330959487 -0.0026720618696952749 -0.073048504536650155 -0.0084084452430453517 0.053850497762585985 -0.071636744479796607 0.0012841351561654584
leaf_weight=3.9194022044539469 5.7635058835148802 4.2720506265759459 16.284967035055164 3.8824735023081294 5.785711232572794 6.5075355321168891 5.8353901505470267 166.52640577405691
leaf_count=15 32 16 60 21 33 23 24 629
internal_value=1.01526e-05 0.0179482 -0.00158437 -0.0061674 0.020588 0.000526423 -0.0208651 0.00326107
internal_weight=218.777 17.8596 200.918 13.5876 9.70511 195.154 22.1204 173.034
internal_count=853 85 768 69 48 736 84 652
is_linear=0
shrinkage=0.1


Tree=99
num_leaves=12
num_cat=0
split_feature=1 3 2 9 3 2 1 0 0 7 5
split_gain=0.586884 1.73489 3.24956 2.97421 2.65446 2.14779 1.55454 6.04383 3.80824 2.78818 2.29544
threshold=1.1026311596761833 0.69582949881527745 1.0010793407578864 32.093531865066659 0.9019717129566911 1.0010793407578864 1.1530441262777054 0.88279616321953391 0.9855915598652053 35.318418424466707 19.191717547357992
decision_type=2 2 2 2 2 2 2 2 2 2 2
left_child=1 2 3 -1 -3 -6 9 -8 -9 10 -2
right_child=6 4 -4 -5 5 -7 7 8 -10 -11 -12
leaf_value=0.027795381770351735 0.010659513784144392 -0.080042012973210966 0.070919523441259361 -0.057954974184293184 0.041206078599355225 -0.025885741739527398 -0.13893366236665536 0.081581245071587941 -0.0013057644687084233 -0.034650295414782477 0.083199990492571069
leaf_weight=8.7186398357152992 8.7675062976777607 6.6717293560504904 6.6651766896247855 7.5453281402587882 6.350395783782008 19.19097588211298 3.1032337248325339 5.7873702719807616 131.3231526017189 5.5449318885803214 8.6816859394311887
leaf_count=41 36 29 23 29 24 74 14 20 513 23 27
internal_value=8.16829e-06 -0.00891107 0.012113 -0.0119867 -0.0238759 -0.00920459 0.00302167 -0.000930578 0.00219286 0.0271217 0.0467514
internal_weight=218.35 55.1422 22.9291 16.264 32.2131 25.5414 163.208 140.214 137.111 22.9941 17.4492
internal_count=853 220 93 70 127 98 633 547 533 86 63
is_linear=0
shrinkage=0.1


end of trees

feature_importances:
pass_tds_L3=123
pass_tds_std_L5=94
pass_tds_L5=80
pass_tds_L10=76
attempts_L3=72
attempts_L5=71
completions_L3=69
completions_L10=66
completions_L5=64
attempts_L10=54

parameters:
[boosting: gbdt]
[objective: binary]
[metric: binary_logloss]
[tree_learner: serial]
[device_type: cpu]
[data_sample_strategy: bagging]
[data: ]
[valid: ]
[num_iterations: 100]
[learning_rate: 0.1]
[num_leaves: 31]
[num_threads: 2]
[seed: 42]
[deterministic: 0]
[force_col_wise: 0]
[force_row_wise: 0]
[histogram_pool_size: -1]
[max_depth: 4]
[min_data_in_leaf: 20]
[min_sum_hessian_in_leaf: 0.001]
[bagging_fraction: 1]
[pos_bagging_fraction: 1]
[neg_bagging_fraction: 1]
[bagging_freq: 0]
[bagging_seed: 400]
[bagging_by_query: 0]
[feature_fraction: 1]
[feature_fraction_bynode: 1]
[feature_fraction_seed: 30056]
[extra_trees: 0]
[extra_seed: 12879]
[early_stopping_round: 0]
[early_stopping_min_delta: 0]
[first_metric_only: 0]
[max_delta_step: 0]
[lambda_l1: 0]
[lambda_l2: 0]
[linear_lambda: 0]
[min_gain_to_split: 0]
[drop_rate: 0.1]
[max_drop: 50]
[skip_drop: 0.5]
[xgboost_dart_mode: 0]
[uniform_drop: 0]
[drop_seed: 17869]
[top_rate: 0.2]
[other_rate: 0.1]
[min_data_per_group: 100]
[max_cat_threshold: 32]
[cat_l2: 10]
[cat_smooth: 10]
[max_cat_to_onehot: 4]
[top_k: 20]
[monotone_constraints: ]
[monotone_constraints_method: basic]
[monotone_penalty: 0]
[feature_contri: ]
[forcedsplits_filename: ]
[refit_decay_rate: 0.9]
[cegb_tradeoff: 1]
[cegb_penalty_split: 0]
[cegb_penalty_feature_lazy: ]
[cegb_penalty_feature_coupled: ]
[path_smooth: 0]
[interaction_constraints: ]
[verbosity: -1]
[saved_feature_importance_type: 0]
[use_quantized_grad: 0]
[num_grad_quant_bins: 4]
[quant_train_renew_leaf: 0]
[stochastic_rounding: 1]
[linear_tree: 0]
[max_bin: 255]
[max_bin_by_feature: ]
[min_data_in_bin: 3]
[bin_construct_sample_cnt: 200000]
[data_random_seed: 175]
[is_enable_sparse: 1]
[enable_bundle: 1]
[use_missing: 1]
[zero_as_missing: 0]
[feature_pre_filter: 1]
[pre_partition: 0]
[two_round: 0]
[header: 0]
[label_column: ]
[weight_column: ]
[group_column: ]
[ignore_column: ]
[categorical_feature: ]
[forcedbins_filename: ]
[precise_float_parser: 0]
[parser_config_file: ]
[objective_seed: 16083]
[num_class: 1]
[is_unbalance: 0]
[scale_pos_weight: 1.56156]
[sigmoid: 1]
[boost_from_average: 1]
[reg_sqrt: 0]
[alpha: 0.9]
[fair_c: 1]
[poisson_max_delta_step: 0.7]
[tweedie_variance_power: 1.5]
[lambdarank_truncation_level: 30]
[lambdarank_norm: 1]
[label_gain: ]
[lambdarank_position_bias_regularization: 0]
[eval_at: ]
[multi_error_top_k: 1]
[auc_mu_weights: ]
[num_machines: 1]
[local_listen_port: 12400]
[time_out: 120]
[machine_list_filename: ]
[machines: ]
[gpu_platform_id: -1]
[gpu_device_id: -1]
[gpu_use_dp: 0]
[num_gpu: 1]

end of parameters

pandas_categorical:[]
