tree
version=v4
num_class=1
num_tree_per_iteration=1
label_index=0
max_feature_idx=9
objective=binary sigmoid:1
feature_names=rec_tds_L3 rec_tds_L5 rec_tds_L10 rec_tds_std_L5 receptions_L3 receptions_L5 receptions_L10 targets_L3 targets_L5 targets_L10
feature_infos=[0.1875:1.0080573717305621] [0.40007276473224451:0.6999674191859151] [0.27668253216703692:1.0954169797144999] [0.51261790506189742:1.5566235649883129] [0.25:12.604081851716389] [0.44444444444444448:10.770360889223371] [0.52974523598114875:10.419780069667372] [1:15.368992494499253] [1:13.851358732153264] [1:13.053138446827401]
tree_sizes=1774 1473 1784 1781 1483 1780 1580 1483 1584 1377 1794 1584 1594 1075 1697 1382 1487 1485 1590 1488 973 868 1284 981 1074 1385 1084 1076 1496 1181 975 1287 1176 1490 1491 1388 1079 1185 1279 1492 667 1187 1720 1495 778 1393 1185 1293 1187 1397 1393 1398 1283 1286 1086 1718 1387 1191 1494 1392 977 1086 1394 679 981 1393 1599 1087 1188 1702 888 1081 1293 1503 1399 1396 1080 1284 671 1703 1085 1595 1289 681 1706 882 1087 1295 1086 984 1088 1293 1293 1723 1088 1197 1392 1293 1086 1606

Tree=0
num_leaves=16
num_cat=0
split_feature=9 8 4 0 3 8 2 9 0 6 2 0 2 9 5
split_gain=184.92 52.3591 24.0729 23.6452 22.3522 22.0712 20.5148 17.7025 17.6288 17.1248 16.7577 10.9677 8.66808 7.83158 3.62636
threshold=5.5566478123163394 2.9615809082625617 7.1268603409560001 0.54008778210140929 0.61531643870343544 6.1506668761722443 0.466065832731128 6.09418199705632 0.75112938880920421 6.7520936982475819 0.33395499952018609 0.48111815804276331 0.50072762566408791 10.028540439426759 1.6714677640603572
decision_type=2 2 2 2 2 2 2 2 2 2 2 2 2 2 2
left_child=1 10 3 7 8 -5 9 -2 -3 -4 14 -6 -12 -8 -1
right_child=2 4 6 5 11 -7 13 -9 -10 -11 12 -13 -14 -15 -16
leaf_value=-1.2154894070401645 -0.97690979994833183 -1.0325316781586207 -0.8622898876920696 -0.87337520991099349 -0.89573541745574436 -0.96198696257159544 -0.85238066417256164 -0.87875796413150509 -0.93186776065045662 -1.054681287238441 -1.0221418269635856 -0.97327752975346382 -1.1054286445150427 -0.76541156330997873 -1.1176964563192033
leaf_weight=10.211019247770311 21.015579655766487 106.39444315433502 12.525553494691851 35.345858186483383 25.826635330915451 137.28580251336098 21.118468150496483 146.27111460268497 20.797751888632774 7.3363119214773169 25.931996330618858 62.101274222135544 24.117693021893501 20.3142049908638 6.0318178236484519
leaf_count=54 78 434 37 107 82 496 61 448 71 31 104 229 110 47 28
internal_value=-0.951069 -1.01322 -0.907479 -0.917881 -0.989271 -0.943844 -0.849796 -0.891088 -1.01607 -0.933353 -1.09092 -0.950501 -1.06228 -0.80974 -1.17917
internal_weight=682.626 281.413 401.213 339.918 215.12 172.632 61.2945 167.287 127.192 19.8619 66.2925 87.9279 50.0497 41.4327 16.2428
internal_count=2417 1112 1305 1129 816 603 176 526 505 68 296 311 214 108 82
is_linear=0
shrinkage=1


Tree=1
num_leaves=13
num_cat=0
split_feature=9 8 2 9 6 6 0 2 8 2 1 2
split_gain=124.666 39.34 17.0882 16.0336 16.8993 15.5661 15.0633 14.2669 10.3774 10.0292 7.83864 3.61426
threshold=5.5566478123163394 2.9615809082625617 0.36369543291656359 10.822848485879881 3.153503661411063 3.5642868523625535 0.53130347468004413 0.33395499952018609 3.2993585726216428 0.50164700389945704 0.4893960423246112 0.2976420800341259
decision_type=2 2 2 2 2 2 2 2 2 2 2 2
left_child=1 7 6 4 -2 -6 -3 11 -4 -5 -9 -1
right_child=3 2 8 9 5 -7 -8 10 -10 -11 -12 -13
leaf_value=-0.031309637255969962 0.25689300216959299 0.11856518861216932 0.1778868124009757 0.098749284783286595 0.044170013181435264 0.14013555972489999 0.0021229912747633421 0.060931591399642437 0.087950222676935641 0.25903602296499562 -0.018287262738564909 -0.13078494080458647
leaf_weight=5.9236387163400641 11.884490653872488 15.011332660913466 14.004207715392111 4.9647760838270214 17.685605451464653 381.68110039830208 42.742545709013939 22.608103960752487 152.97139129042625 18.264205932617188 27.910939902067184 9.5264777690172178
leaf_count=29 27 51 41 17 66 1158 181 89 543 37 125 53
internal_value=0.110034 0.0593444 0.0792757 0.143948 0.139383 0.135886 0.0323885 -0.0085533 0.0954932 0.224778 0.0171645 -0.0926457
internal_weight=725.179 290.699 224.729 434.48 411.251 399.367 57.7539 65.9692 166.976 23.229 50.519 15.4501
internal_count=2417 1112 816 1305 1251 1224 232 296 584 54 214 82
is_linear=0
shrinkage=0.1


Tree=2
num_leaves=16
num_cat=0
split_feature=9 9 3 7 5 4 0 2 0 1 0 2 3 0 6
split_gain=88.9968 31.3638 21.7645 18.35 13.5283 12.9805 14.1087 14.6857 12.8329 11.7196 12.1915 11.2057 25.8952 6.68564 3.62412
threshold=5.5566478123163394 2.9150008514736694 0.55994772570432894 3.1681037834478052 3.1509091454595857 7.1268603409560001 0.54008778210140929 0.64209210770915348 0.53038442508867012 0.48499532119479627 0.40625000001500672 0.33395499952018609 0.55889506461890204 0.7048291014507414 1.728033719349183
decision_type=2 2 2 2 2 2 2 2 2 2 2 2 2 2 2
left_child=1 11 3 -3 -4 6 8 -8 -2 10 -7 14 -13 -11 -1
right_child=5 2 4 -5 -6 9 7 -9 -10 13 -12 12 -14 -15 -16
leaf_value=-0.12756590115387251 0.12306961861361415 -0.10327592163211496 0.12066082456130896 0.047579660532283269 0.053376748971509992 0.16349032212176473 0.087050058046746301 0.18164723373386957 0.19495051754655932 0.20095468991426726 -0.016070609403355713 0.10610203652705341 -0.045502577889808993 0.11955020052664247 -0.024698468661587425
leaf_weight=8.9520352333784086 163.55391174554825 8.7860735505819303 82.160579293966293 98.018274739384651 46.963696792721748 8.4804448336362821 176.77350176870823 18.090572968125343 29.28394341468811 43.466405004262924 6.8237824290990821 18.180498063564301 29.626416325569153 13.138532862067221 5.5471331477165213
leaf_count=53 458 43 256 366 167 21 557 46 68 93 26 63 137 36 27
internal_value=0.0944421 0.0519006 0.0685657 0.0351698 0.096189 0.122047 0.114809 0.0958322 0.133985 0.161068 0.0834285 -0.0112039 0.0121512 0.18206 -0.0882106
internal_weight=757.846 298.235 235.929 106.804 129.124 459.611 387.702 194.864 192.838 71.9092 15.3042 62.3061 47.8069 56.6049 14.4992
internal_count=2417 1112 832 409 423 1305 1129 603 526 176 47 280 200 129 80
is_linear=0
shrinkage=0.1


Tree=3
num_leaves=16
num_cat=0
split_feature=8 2 0 3 5 7 8 7 1 1 8 9 5 1 3
split_gain=66.8545 24.8917 15.8368 17.517 29.0295 14.6439 13.9271 14.7704 13.066 10.3177 21.87 9.6742 9.14965 7.62776 3.21165
threshold=5.5033111334772089 0.33203585159608612 0.49157720804487332 0.80298627008301449 4.0008971520825014 2.8004584312438969 3.3375097383961019 3.8013998527978621 0.42526457385042477 0.44862516942919278 7.1228838720725642 7.6412901007105773 3.2015177183878896 0.4893960423246112 0.56496793769878895
decision_type=2 2 2 2 2 2 2 2 2 2 2 2 2 2 2
left_child=1 6 9 8 -5 13 14 -8 -4 10 -2 -11 -7 -3 -1
right_child=2 5 3 4 -6 12 7 -9 -10 11 -12 -13 -14 -15 -16
leaf_value=-0.12797051124418046 -0.0022679263029428617 0.049028958935076694 0.17077386248451981 -0.11683510023784272 0.073778158909113503 0.085059520843980857 0.12776833092081366 -0.026872489561742638 0.096653552621767461 0.18483458770436467 0.13813491871592451 0.1218733844274847 0.040848849868264626 -0.030069738936239654 -0.039036903303566142
leaf_weight=10.58604356646538 15.79866401851177 23.559829622507095 26.350726142525673 9.3975354135036451 53.335506841540337 129.64974528551102 8.8190067708492297 20.613548710942268 244.0850138515234 45.497356280684471 37.2569839656353 52.64030696451664 73.26387520134449 25.265951603651047 6.5875544250011435
leaf_count=63 55 89 60 41 157 414 28 85 697 101 91 130 256 115 35
internal_value=0.0820758 0.0448375 0.105013 0.092832 0.0452239 0.0572658 -0.0222933 0.0194632 0.103876 0.131855 0.0963264 0.151063 0.0690968 0.00809763 -0.0938568
internal_weight=782.708 298.346 484.362 333.169 62.733 251.739 46.6062 29.4326 270.436 151.193 53.0556 98.1377 202.914 48.8258 17.1736
internal_count=2417 1085 1332 955 198 874 211 113 757 377 146 231 670 204 98
is_linear=0
shrinkage=0.1


Tree=4
num_leaves=13
num_cat=0
split_feature=9 9 3 6 4 7 4 6 8 3 2 9
split_gain=51.5996 19.418 15.8515 10.4913 12.6912 15.9594 14.5758 10.3479 8.30365 7.91253 22.343 8.31265
threshold=5.5566478123163394 2.9150008514736694 0.61531643870343544 3.153503661411063 5.2980823959351264 7.2288798387037048 5.2254714909940967 2.1362484760447242 3.2993585726216428 0.55889506461890204 0.33395499952018609 1.1813311332270251
decision_type=2 2 2 2 2 2 2 2 2 2 2 2
left_child=1 9 7 -2 6 -6 -5 -3 -4 10 -1 -11
right_child=3 2 8 4 5 -7 -8 -9 -10 11 -12 -13
leaf_value=-0.12352200431592564 0.17800100413207504 0.095305500017004094 0.14877614699213065 0.078029241712694777 -0.0072253014361582379 0.11166609252303238 -0.053998952269423431 0.019414347667639154 0.070045490075355654 0.066698291138094695 0.086584459886914322 -0.062910668686972357
leaf_weight=6.8639120310544994 13.805534556508062 21.090160265564919 15.741275385022162 229.49147227406502 11.877541989088057 228.45897489786148 8.6780055165290815 121.31521002948284 89.921492978930473 5.9476691782474509 19.272390499711037 29.454921916127205
leaf_count=45 27 69 40 639 40 567 32 447 276 25 63 147
internal_value=0.0719418 0.0399548 0.0524283 0.0920579 0.0895783 0.10579 0.0732186 0.0306538 0.0817745 -0.0103265 0.0314063 -0.0411362
internal_weight=801.919 309.607 248.068 492.312 478.506 240.337 238.169 142.405 105.663 61.5389 26.1363 35.4026
internal_count=2417 1112 832 1305 1278 607 671 516 316 280 108 172
is_linear=0
shrinkage=0.1


Tree=5
num_leaves=16
num_cat=0
split_feature=9 2 9 6 2 7 4 1 5 7 6 4 9 2 3
split_gain=42.3183 17.1357 15.0832 19.5731 14.9496 10.078 14.9387 12.9739 9.01737 7.33321 9.00131 7.23617 12.7437 5.54913 2.35538
threshold=4.612448662558907 0.33203585159608612 4.3447371930928034 3.453711158232017 0.61993160070256426 7.1385130450312468 4.6541277872509648 0.41936204630533652 2.769170269676843 9.7613866627301622 4.2749763215833747 2.5338495937040024 4.0017967675428423 0.30177915467686411 0.6140576850566104
decision_type=2 2 2 2 2 2 2 2 2 2 2 2 2 2 2
left_child=1 11 3 -3 5 6 -2 -7 -4 10 -6 13 -13 -1 -11
right_child=4 2 8 -5 9 7 -8 -9 -10 14 -12 12 -14 -15 -16
leaf_value=-0.017097191966188755 0.065788984578366183 0.040505930424890924 0.039752637625323772 0.2058386776493645 0.14176190045370013 0.14768589465594378 -0.0028676675248195502 0.075458226828120145 -0.09876047732224659 0.20771825319984624 0.071880073831626562 0.056612377214619938 -0.14113807155911437 -0.12788182452508196 0.13934271331035941
leaf_weight=7.8327403366565731 189.9412345290184 150.94858664274216 7.7355681508779552 7.5170690566301337 28.401251047849655 27.743738979101181 38.03855536878109 240.03274670243263 11.977078169584273 6.9331179708242443 52.512238591909409 13.36518280208111 4.3096169978380194 10.694656401872633 18.431342259049416
leaf_count=41 556 522 25 17 66 56 126 634 51 11 140 48 21 67 36
internal_value=0.063496 0.0253432 0.0380869 0.0483488 0.0770819 0.0697858 0.0543336 0.0829416 -0.0444056 0.111116 0.0964091 -0.0373786 0.00839521 -0.0810459 0.158032
internal_weight=816.415 214.38 178.178 158.466 602.034 495.756 227.98 267.776 19.7126 106.278 80.9135 36.2022 17.6748 18.5274 25.3645
internal_count=2417 792 615 539 1625 1372 682 690 76 253 206 177 69 108 47
is_linear=0
shrinkage=0.1


Tree=6
num_leaves=14
num_cat=0
split_feature=5 4 5 2 2 9 2 7 7 2 3 1 2
split_gain=35.669 15.9557 18.4567 18.223 13.2599 9.94629 7.747 12.7443 16.2673 9.6045 6.92027 6.36355 0.110412
threshold=3.8881911084072325 1.6062824988067492 3.6802926221163812 0.49779837761817874 0.37252077254627997 4.612448662558907 0.61993160070256426 5.1609306742568473 5.990718044558216 0.81345191151655616 0.8859564179796845 0.48587159992764867 0.33203585159608612
decision_type=2 2 2 2 2 2 2 2 2 2 2 2 2
left_child=1 4 5 -4 12 -3 7 -2 -9 10 -8 -6 -1
right_child=6 2 3 -5 11 -7 9 8 -10 -11 -12 -13 -14
leaf_value=-0.12022075588143413 0.15911657853299302 0.032067565929426042 -0.10287261917449689 0.052350630513453983 0.046004951681292268 0.069727143924233459 0.12554229888933016 -0.007458670198682237 0.070793207160831997 0.018683205310572808 0.035766032535197868 -0.037896511399775873 -0.14299815154295975
leaf_weight=6.2224943265318853 14.838329091668127 159.62017745524645 16.838946208357815 13.73005762696266 18.487819597125053 125.09153920412064 67.27242536842823 28.863821387290955 333.69468404352665 12.225984707474707 9.8424009978771192 17.689137160778046 3.2343808710575104
leaf_count=46 33 552 69 39 65 355 142 95 864 35 27 79 16
internal_value=0.0562942 0.0326864 0.0406857 -0.0331541 -0.0225799 0.0486138 0.0745494 0.0682811 0.0645635 0.101029 0.114084 0.00498037 -0.128011
internal_weight=827.652 360.915 315.281 30.569 45.6338 284.712 466.738 377.397 362.559 89.3408 77.1148 36.177 9.45688
internal_count=2417 1221 1015 108 206 907 1196 992 959 204 169 144 62
is_linear=0
shrinkage=0.1


Tree=7
num_leaves=13
num_cat=0
split_feature=5 7 5 2 7 8 1 2 0 2 2 2
split_gain=28.3134 12.8855 15.5196 22.4689 8.44561 8.42253 7.5867 16.4735 8.29318 4.43844 6.56138 4.36328
threshold=3.8881911084072325 2.8004584312438969 3.7161787935586688 0.49779837761817874 5.711590271549114 4.7999847053448272 0.42526457385042477 0.41383806657395311 0.53176702186493696 0.33395499952018609 0.50516030313528426 0.2976420800341259
decision_type=2 2 2 2 2 2 2 2 2 2 2 2
left_child=1 9 4 -4 -3 -2 8 -8 -7 11 -11 -1
right_child=5 2 3 -5 -6 6 7 -9 -10 10 -12 -13
leaf_value=0.0062241898521909408 0.19656278989765813 0.036467729271238071 -0.12711500632215827 0.063768833656490997 0.082840804233129714 0.082970800208309867 0.019380286136156572 0.070025542100694699 0.18969094816835208 0.034598986096605049 -0.03787400353951223 -0.12047689315576574
leaf_weight=4.560286343097685 4.9080999791622153 230.3090044260025 13.240724325180055 11.541966468095778 47.347386360168457 44.77281628549099 79.490705415606499 334.44966720044613 8.6958755850791913 26.258074328303337 23.828968897461891 6.7280798852443695
leaf_count=27 9 728 59 31 123 105 237 831 14 94 108 51
internal_value=0.0500969 0.0291299 0.0376078 -0.0382153 0.0443755 0.0662472 0.0648788 0.0602999 0.100327 -0.0126466 0.000119877 -0.0692921
internal_weight=836.132 363.814 302.439 24.7827 277.656 472.317 467.409 413.94 53.4687 61.3754 50.087 11.2884
internal_count=2417 1221 941 90 851 1196 1187 1068 119 280 202 78
is_linear=0
shrinkage=0.1


Tree=8
num_leaves=14
num_cat=0
split_feature=8 2 3 0 0 7 7 8 9 1 7 9 8
split_gain=23.2668 11.3218 12.3069 9.91748 12.2248 15.6846 11.1254 9.23326 8.33604 8.13179 7.88845 7.74847 11.9925
threshold=5.5033111334772089 0.33203585159608612 0.56496793769878895 0.49157720804487332 0.50241930503398191 8.0945393580388423 5.2851562500000009 3.9592385049630496 3.592583809147035 0.68171819176020454 2.8004584312438969 10.822848485879881 9.8271667312360478
decision_type=2 2 2 2 2 2 2 2 2 2 2 2 2
left_child=1 2 8 11 5 -5 -6 -4 -1 10 -3 12 -2
right_child=3 9 7 4 6 -7 -8 -9 -10 -11 -12 -13 -14
leaf_value=-0.12756609578024647 0.080583591275520783 -0.00836731291493986 -0.023264161325572321 -0.13442555119655819 0.1581379212180764 0.060848929720920611 0.049341621778706636 0.13321741220954456 -0.019040408692778357 0.12868694977891459 0.036223220721409079 0.14686201187769907 -0.014218863727329958
leaf_weight=11.364212363958361 134.14886139333248 48.72693844884634 7.9926048070192319 8.1471810042858142 9.6693574041128141 8.3072952181100828 336.33457820117474 7.1386308073997498 18.764392927289009 8.2639033198356611 213.54392036795616 14.867788866162298 14.817327260971068
leaf_count=76 310 200 43 32 18 20 885 18 74 21 653 25 42
internal_value=0.0447303 0.0232717 -0.0230209 0.0576062 0.0483771 -0.0358382 0.052382 0.0505609 -0.0599752 0.0310163 0.0279388 0.0780243 0.0711538
internal_weight=842.087 315.795 45.2598 526.292 362.458 16.4545 346.004 15.1312 30.1286 270.535 262.271 163.834 148.966
internal_count=2417 1085 211 1332 955 52 903 61 150 874 853 377 352
is_linear=0
shrinkage=0.1


Tree=9
num_leaves=12
num_cat=0
split_feature=5 5 2 4 2 4 2 7 5 1 9
split_gain=18.9663 12.4891 20.0004 11.1315 11.1352 7.68345 8.55851 9.82216 6.67354 6.42818 0.0620616
threshold=3.868634741305804 3.7161787935586688 0.49779837761817874 1.6062824988067492 0.37252077254627997 3.6501105427742009 0.61993160070256426 4.9323177933692941 1.9388229361302576 0.66345900074479558 5.5566478123163394
decision_type=2 2 2 2 2 2 2 2 2 2 2
left_child=1 3 10 4 -1 -2 7 -7 -5 -8 -3
right_child=5 2 -4 8 -6 6 9 -9 -10 -11 -12
leaf_value=-0.12456340971582719 -0.034516679306842282 -0.13667073760131324 0.047435427493367738 0.086679462651917671 0.004586132793790657 0.15998704837456268 0.099929268727090195 0.046219684205878034 0.030139709129789791 0.038530743000899897 -0.15170572265801138
leaf_weight=8.193691708147524 9.8127027153968793 5.0534573942422885 10.585711941123007 22.58299046009779 36.041014924645424 7.7444559186696997 63.057469755411148 377.50462257862091 276.1918451488018 23.372097671031952 6.011354073882103
leaf_count=62 30 26 28 76 144 14 130 971 849 60 27
internal_value=0.0400357 0.0228322 -0.0508292 0.0274817 -0.0193365 0.0530649 0.0548869 0.0485067 0.0344133 0.083326 -0.144839
internal_weight=846.151 364.66 21.6505 343.01 44.2347 481.491 471.679 385.249 298.775 86.4296 11.0648
internal_count=2417 1212 81 1131 206 1205 1175 985 925 190 53
is_linear=0
shrinkage=0.1


Tree=10
num_leaves=16
num_cat=0
split_feature=8 3 2 4 1 0 8 2 3 9 8 1 3 1 4
split_gain=16.6559 8.7217 11.925 13.9387 12.9244 10.2988 8.74918 8.55602 10.1707 7.45941 6.71448 6.27368 6.54804 3.70976 3.6865
threshold=5.5033111334772089 0.55567685424654578 0.42323973530656017 7.7966104348684562 0.43733092482099284 0.72422243253597218 8.0039070433072421 0.33203585159608612 0.56496793769878895 3.592583809147035 3.9592385049630496 0.66666960015763288 0.54539054342275639 0.43467038987708267 3.4409875387535744
decision_type=2 2 2 2 2 2 2 2 2 2 2 2 2 2 2
left_child=7 5 4 -4 -3 13 -7 8 9 -1 -10 12 -9 -2 -13
right_child=1 2 3 -5 -6 6 -8 11 10 -11 -12 14 -14 -15 -16
leaf_value=-0.12513631944892531 0.064561819886568991 0.077065188593014325 0.041693397163461945 0.11304636182383172 -0.013157309735372068 0.057510973730504601 -0.042466937756776207 -0.062613391629454535 -0.021359854596760815 -0.019740912617394458 0.11120131904405328 0.11018406786191842 0.02333978981151473 0.10585649924526466 0.017954698290299612
leaf_weight=10.448432147502901 37.726180732250214 20.560953974723816 278.0365125387907 30.368042945861816 69.703810378909111 30.250826567411423 12.316932410001753 9.1945719569921476 7.8408081457018834 18.794540390372276 7.4531153291463852 12.898600459098818 245.88057247549295 51.388010665774345 6.5268622636795035
leaf_count=76 89 46 701 57 215 77 38 34 43 74 18 32 788 109 20
internal_value=0.0358718 0.0467328 0.0393627 0.0487194 0.00739402 0.069046 0.0285825 0.0178171 -0.0228391 -0.0573984 0.0432406 0.0244134 0.0202415 0.0883745 0.0791954
internal_weight=849.389 530.351 398.669 308.405 90.2648 131.682 42.5678 319.038 44.5369 29.243 15.2939 274.501 255.075 89.1142 19.4255
internal_count=2417 1332 1019 758 261 313 115 1085 211 150 61 874 822 198 52
is_linear=0
shrinkage=0.1


Tree=11
num_leaves=14
num_cat=0
split_feature=7 5 4 2 8 8 9 9 3 5 7 2 5
split_gain=13.9417 14.5001 12.1129 13.0855 11.6673 11.0014 10.6216 10.0285 6.96304 6.66933 5.97002 5.21385 2.53662
threshold=7.2004394531250009 4.8261697911903694 4.0200471567667462 0.41383806657395311 6.6449726376295688 7.9790709503784489 2.9150008514736694 7.3962357809866033 0.55889506461890204 3.868634741305804 7.5972296891011259 0.4462965559381829 4.9637789284792326
decision_type=2 2 2 2 2 2 2 2 2 2 2 2 2
left_child=1 6 9 5 12 -4 8 -8 -1 -2 -5 -6 -3
right_child=2 4 3 10 11 -7 7 -9 -10 -11 -12 -13 -14
leaf_value=0.027186349605571654 0.012882810201730717 -0.078142316313782045 0.055131171542624396 0.10453309682617645 0.054844350377240586 -0.025217014041377356 0.035042483942890161 -0.053534977174847898 -0.041595060634983694 -0.13501667350103685 0.05678832343492321 -0.03685768060876659 -0.1728898808895469
leaf_weight=25.435682974755764 7.3921146243810636 6.0099470466375333 32.548771053552628 29.665766328573227 10.143292397260668 35.767018362879753 405.83238955587149 13.19739557802677 34.93097060918808 5.189323365688324 223.48252955079079 15.949057459831236 5.3330766558647156
leaf_count=108 21 21 80 61 26 106 1170 42 172 19 520 49 22
internal_value=0.0322133 0.0219224 0.0481352 0.0519024 -0.0380178 0.0130645 0.026603 0.0322527 -0.0126138 -0.0481196 0.0623834 -0.0012089 -0.122689
internal_weight=850.877 516.832 334.046 321.464 37.4354 68.3158 479.396 419.03 60.3667 12.5814 253.148 26.0923 11.343
internal_count=2417 1610 807 767 118 186 1492 1212 280 40 581 75 43
is_linear=0
shrinkage=0.1


Tree=12
num_leaves=14
num_cat=0
split_feature=8 0 3 1 4 8 7 2 3 0 1 8 7
split_gain=12.6071 7.838 12.0308 12.6506 10.4485 7.53787 8.23388 6.89361 8.75014 8.47665 5.07099 4.84232 4.6131
threshold=5.5033111334772089 0.54171105058975411 0.8859564179796845 0.56807721671738964 4.6255134292718347 11.205661452953954 10.942155228694903 0.33203585159608612 0.56496793769878895 0.53130347468004413 0.68171819176020454 3.9592385049630496 2.7152769863605504
decision_type=2 2 2 2 2 2 2 2 2 2 2 2 2
left_child=7 5 3 -3 -4 6 -2 8 9 -1 12 -10 -9
right_child=1 2 4 -5 -6 -7 -8 10 11 -11 -12 -13 -14
leaf_value=0.082022778088663317 0.050267940474036522 0.0097642777544676637 -0.11297016014181716 0.055385484737259696 0.0082948676676856247 0.12179591900786922 -0.055155621052827342 -0.011667587349374717 -0.018589297146065286 -0.077378251125205313 0.093919359835982361 0.093851878702256281 0.02274273886418169
leaf_weight=3.8528268337249783 231.54850834608078 112.51635412871838 10.387320250272749 132.19474731385708 22.487793266773224 14.235717609524725 7.6533529460430136 47.280110187828541 7.6671261638402921 24.875886008143425 8.7793135493993741 7.6530323177576065 221.38463747501373
leaf_count=13 550 318 40 314 62 25 23 194 43 137 21 18 659
internal_value=0.0289253 0.0383873 0.0267787 0.0344092 -0.0300204 0.0511021 0.0468949 0.0132964 -0.0234537 -0.0560009 0.019131 0.0375796 0.0166871
internal_weight=852.517 531.024 277.586 244.711 32.8751 253.438 239.202 321.493 44.0489 28.7287 277.444 15.3202 268.665
internal_count=2417 1332 734 632 102 598 573 1085 211 150 874 61 853
is_linear=0
shrinkage=0.1


Tree=13
num_leaves=9
num_cat=0
split_feature=9 6 6 6 4 1 9 0
split_gain=10.3084 9.64161 13.9268 9.19336 6.55754 7.70529 6.26936 6.23603
threshold=5.6320862885932801 4.2065314996720886 4.1142328737720666 3.153503661411063 7.1268603409560001 0.51207744719975323 5.6796783842401064 0.53858342766761791
decision_type=2 2 2 2 2 2 2 2
left_child=1 2 7 -2 6 -6 -5 -1
right_child=3 -3 -4 4 5 -7 -8 -9
leaf_value=0.027101484037271278 0.11659442306515036 -0.095393236198517986 0.1529153932412029 0.11664993489476072 0.013702587200816805 0.080723967765543164 0.026145417683298394 -0.00087644705014458318
leaf_weight=147.47974765300751 13.421191543340681 8.0967972278594953 7.1690609008073798 7.7973149269819251 25.25054070353508 53.496620208024979 416.12489208579063 173.25939024239779
leaf_count=472 25 30 14 16 66 110 1070 614
internal_value=0.0260388 0.0124074 0.0150692 0.0349137 0.0327328 0.0592333 0.0278101 0.0119881
internal_weight=852.096 336.005 327.908 516.091 502.669 78.7472 423.922 320.739
internal_count=2417 1130 1100 1287 1262 176 1086 1086
is_linear=0
shrinkage=0.1


Tree=14
num_leaves=15
num_cat=0
split_feature=0 9 0 0 7 6 1 0 6 4 3 3 5 9
split_gain=8.90299 12.3461 13.7547 12.6231 9.85909 14.7572 11.9892 7.39931 6.836 10.3958 9.2061 6.42734 10.26 7.13063
threshold=0.54008778210140929 3.6289694692397125 0.62758924299851071 0.62569549394754753 6.0973660349845895 5.0389050942872275 0.41559598417000682 0.63717494369484495 2.1362484760447242 1.3779907226562502 0.61853051707728701 0.56140532676020638 6.1720873385530721 10.822848485879881
decision_type=2 2 2 2 2 2 2 2 2 2 2 2 2 2
left_child=4 8 3 -3 5 6 -1 -4 9 -2 -10 12 -6 -13
right_child=1 2 7 -5 11 -7 -8 -9 10 -11 -12 13 -14 -15
leaf_value=-0.035126132582467655 -0.099009503492858711 0.0037555206275742877 0.083565063297280973 -0.12871765471256519 0.09398263941543579 -0.13800787954164448 0.033833314432748091 0.029063665848187994 -0.12615119916905765 0.024268202719441585 0.0087986165832512186 0.030235409081271283 -0.0058633525507935345 0.10627320414858138
leaf_weight=30.077631749212742 8.8308203220367414 148.61690226197243 28.397216260433197 7.5588284432888022 53.618845373392105 5.8967324793338767 155.84285817295313 202.85659131407738 13.055126503109934 30.35071462392807 8.2493914961814863 132.77533785998821 12.736226737499235 13.595873951911924
leaf_count=113 56 434 66 30 108 22 459 541 61 118 25 325 34 25
internal_value=0.0234242 0.013712 0.0202719 -0.00265612 0.0341776 0.0177376 0.0226773 0.0357563 -0.0283059 -0.0035164 -0.0738968 0.0490017 0.0748181 0.0372983
internal_weight=852.459 447.916 387.43 156.176 404.544 191.817 185.92 231.254 60.4861 39.1815 21.3045 212.726 66.3551 146.371
internal_count=2417 1331 1071 464 1086 594 572 607 260 174 86 492 142 350
is_linear=0
shrinkage=0.1


Tree=15
num_leaves=12
num_cat=0
split_feature=2 6 9 5 7 5 2 3 0 1 3
split_gain=7.86978 11.089 8.8215 10.8203 8.80653 7.99615 7.1236 7.60917 5.19155 4.54677 3.21756
threshold=0.42904980221567329 7.1785029233855617 5.4001217660099448 1.3344906142362893 5.41081814725817 6.9817990112153607 0.45271281650095679 0.89436512607969476 0.7048291014507414 0.5184180850073733 0.55069930829809099
decision_type=2 2 2 2 2 2 2 2 2 2 2
left_child=1 2 3 -1 -4 6 10 -8 9 -7 -2
right_child=5 -3 4 -5 -6 8 7 -9 -10 -11 -12
leaf_value=-0.13100523108712822 0.10222405391352166 -0.12778123188394039 0.092593504818451966 0.00019344358929892274 0.019420614822861209 0.026150109781379705 0.024579917006653029 -0.015655635921527015 -0.015739477663463283 0.094687276405854948 0.044215451157222398
leaf_weight=6.5543208345770827 11.3703595995903 5.8490988165140143 18.769398763775826 153.60857854783535 132.9669403731823 13.320680707693098 352.27167700231075 54.238944798707962 7.0709551125764838 35.410261332988739 60.116068631410599
leaf_count=49 25 22 42 540 352 32 955 160 19 68 153
internal_value=0.0210956 0.0086354 0.0111936 -0.00517558 0.0284719 0.0285126 0.0243308 0.0192115 0.0643338 0.0759525 0.0534421
internal_weight=851.547 317.748 311.899 160.163 151.736 533.799 477.997 406.511 55.8019 48.7309 71.4864
internal_count=2417 1005 983 589 394 1412 1293 1115 119 100 178
is_linear=0
shrinkage=0.1


Tree=16
num_leaves=13
num_cat=0
split_feature=6 5 4 8 3 0 1 1 3 8 0 9
split_gain=7.28735 8.95615 14.0532 10.1289 13.0782 7.73277 5.54831 13.7946 11.1168 9.20084 13.0111 4.34533
threshold=5.6370821548642809 5.6511069947412036 6.0009765625000009 9.1625059274172305 0.55804758028471479 0.53858342766761791 0.51333073661986961 0.42526457385042477 0.55839042665562832 8.0039070433072421 0.7048291014507414 8.7002651564258979
decision_type=2 2 2 2 2 2 2 2 2 2 2 2
left_child=1 2 5 4 -3 -1 7 11 -9 -8 -11 -2
right_child=6 3 -4 -5 -6 -7 9 8 -10 10 -12 -13
leaf_value=0.026236555875409295 0.12335302938606624 0.0074293623014033945 0.10958971005169604 0.074495445796979504 -0.13705401955981883 0.0039674124361700133 0.1413792892318842 -0.1198855445428124 0.0072147722722272836 0.059386128463542909 -0.033981313365998675 0.033499415680743799
leaf_weight=294.37391625344753 11.529167622327806 12.244840130209928 15.917348012328146 6.3952841162681571 12.828313663601874 331.55223523825407 10.248459115624426 8.3181515485048276 39.845573559403419 79.122239977121353 18.395348191261292 10.094407081604002
leaf_count=827 20 32 31 14 46 1044 18 30 104 174 53 24
internal_value=0.0189989 0.0142465 0.0168003 -0.0378405 -0.0664935 0.0144406 0.0370207 0.0150538 -0.0147362 0.0512461 0.0417736 0.0814072
internal_weight=850.865 673.312 641.843 31.4684 25.0732 625.926 177.553 69.7873 48.1637 107.766 97.5176 21.6236
internal_count=2417 1994 1902 92 78 1871 423 178 134 245 227 44
is_linear=0
shrinkage=0.1


Tree=17
num_leaves=13
num_cat=0
split_feature=4 0 4 0 9 2 1 1 0 5 1 6
split_gain=6.8716 6.96969 10.795 10.0564 8.42856 8.39879 7.68103 5.63744 4.56513 4.5284 3.7927 3.95025
threshold=7.1268603409560001 0.54008778210140929 6.6574573516845712 0.7048291014507414 3.6289694692397125 0.81345191151655616 0.59637083365641141 0.48499532119479627 0.40625000001500672 4.9081313724813098 0.65599638723148923 6.837095126173895
decision_type=2 2 2 2 2 2 2 2 2 2 2 2
left_child=1 5 4 -4 -3 6 -1 8 -2 -7 11 -9
right_child=7 2 3 -5 -6 9 -8 10 -10 -11 -12 -13
leaf_value=0.025337965532930995 0.042386749289662851 -0.02624877967617964 -0.017823789257263363 -0.19063974946008916 0.014655790444116093 -0.045523778862464413 0.099080031372628094 0.10503636864875927 -0.06203234442043825 0.056586026529125838 0.0051570657493455914 0.047500490088388032
leaf_weight=329.68629314750433 9.1974932700395602 59.572565026581287 9.5342299640178663 5.2057659924030295 326.25161781907082 24.140923455357555 14.757268935441969 20.783387258648872 7.6855462342500678 5.2960011363029471 10.275267660617827 28.021900773048401
leaf_count=887 21 260 27 21 915 90 29 39 26 12 26 64
internal_value=0.0171118 0.0142965 0.00513128 -0.0788577 0.00833999 0.0241158 0.0284974 0.0458135 -0.00514721 -0.0271532 0.0603761 0.0720017
internal_weight=850.408 774.445 400.564 14.74 385.824 373.88 344.444 75.9636 16.883 29.4369 59.0806 48.8053
internal_count=2417 2241 1223 48 1175 1018 916 176 47 102 129 103
is_linear=0
shrinkage=0.1


Tree=18
num_leaves=14
num_cat=0
split_feature=4 2 5 9 8 5 2 6 8 5 8 2 9
split_gain=6.02358 8.01257 5.94781 11.6105 9.5541 8.62696 17.9391 5.58691 8.9437 5.85459 5.17655 0.0858232 0.00480003
threshold=1.6062824988067492 0.37252077254627997 1.9388229361302576 2.9150008514736694 2.1986570475367926 2.3791187249779377 0.59538882110655866 1.2991313875164332 2.0307371843723017 1.1527539340999573 3.4529509342451736 0.33395499952018609 2.0342872557422922
decision_type=2 2 2 2 2 2 2 2 2 2 2 2 2
left_child=1 11 3 4 -2 6 -4 9 -9 -3 -7 12 -1
right_child=2 7 5 -5 -6 10 -8 8 -10 -11 -12 -13 -14
leaf_value=-0.10944987488753505 0.082520151647607787 -0.00091754516218062123 -0.055899653450533861 0.14043265084080886 -0.09460596191248978 0.065349219644699363 0.088865783725408432 -0.13780869214834934 0.0061170352043632718 0.12662544449880583 0.017126723206401229 -0.13592016895098905 -0.11632002815568508
leaf_weight=2.1903373189270487 6.5045552700757998 10.898653566837313 39.152241095900536 11.226069763302801 5.7260404378175735 22.982296638190746 10.955072462558745 6.1811704635620144 14.320574164390562 5.3734670281410208 709.10103011131287 2.5844168663024902 1.8984109610319135
leaf_count=29 25 47 150 24 27 66 27 32 49 16 1892 14 19
internal_value=0.015425 -0.0208445 0.017381 0.0669978 -0.000405596 0.015893 -0.0242493 -0.00255078 -0.0372758 0.0412004 0.0186406 -0.121656 -0.11264
internal_weight=849.094 43.447 805.647 23.4567 12.2306 782.191 50.1073 36.7739 20.5017 16.2721 732.083 6.67317 4.08875
internal_count=2417 206 2211 76 52 2135 177 144 81 63 1958 62 48
is_linear=0
shrinkage=0.1


Tree=19
num_leaves=13
num_cat=0
split_feature=7 0 1 3 2 7 4 2 3 5 2 2
split_gain=5.88467 5.29054 8.79999 10.2999 7.56585 6.91221 6.13977 3.39793 9.88055 2.85122 2.77201 3.56163
threshold=10.853459358215334 0.54008778210140929 0.56807721671738964 0.8859564179796845 0.81345191151655616 8.2591893267999712 1.4448242187500002 0.49167606601726305 0.56055323350691444 4.9081313724813098 0.54554639183475373 0.6585892438066262
decision_type=2 2 2 2 2 2 2 2 2 2 2 2
left_child=1 4 5 -4 6 -3 -1 8 -2 -6 -9 -12
right_child=7 2 3 -5 9 -7 -8 10 -10 -11 11 -13
leaf_value=-0.037311117115092725 0.06886037531289993 -0.0035690458754488417 0.02896658975690955 -0.024869394874955885 -0.043411687394231679 -0.05654843681814227 0.027201106592838361 0.10203688216403484 -0.080139208564215261 0.036468353471959473 0.0045292767627813386 0.088331244143672771
leaf_weight=15.431943058967589 11.780812829732897 170.3267728574574 172.48584163188934 44.759286567568779 23.884749710559849 28.78892570734024 335.11634079366922 12.845159962773321 7.1526225805282584 5.4967750608921042 11.117406338453295 9.3257775008678419
leaf_count=66 27 579 450 143 90 90 865 24 23 13 28 19
internal_value=0.0138754 0.0117428 0.00395647 0.0178747 0.0202757 -0.011229 0.0243611 0.0463948 0.0125717 -0.0284675 0.0656323 0.0427581
internal_weight=848.512 796.291 416.361 217.245 379.93 199.116 350.548 52.2218 18.9334 29.3815 33.2883 20.4432
internal_count=2417 2296 1262 593 1034 669 931 121 50 103 71 47
is_linear=0
shrinkage=0.1


Tree=20
num_leaves=8
num_cat=0
split_feature=1 4 0 2 5 9 5
split_gain=5.1293 5.10429 8.46718 6.8811 4.87775 8.92679 6.55718
threshold=0.69664967521211907 1.6062824988067492 0.65290725677186867 0.37252077254627997 1.9388229361302576 2.9150008514736694 2.3791187249779377
decision_type=2 2 2 2 2 2 2
left_child=1 2 3 -1 5 -3 -6
right_child=-2 4 -4 -5 6 -7 -8
leaf_value=-0.11887330948379014 0.090238581334583914 -0.0011027709209720296 -0.13338273305556872 0.012619325764706556 -0.022981315900036135 0.12174662966017591 0.01456689685169872
leaf_weight=4.5589169152081004 8.4065075814723951 12.248784944415094 5.897112399339675 31.326218828558922 49.705323480069637 11.438621655106543 723.28308248519897
leaf_count=46 18 52 38 121 177 24 1941
internal_value=0.0125146 0.0117354 -0.0223346 -0.00408575 0.0135222 0.0582211 0.0121524
internal_weight=846.865 838.458 41.7822 35.8851 796.676 23.6874 772.988
internal_count=2417 2399 205 167 2194 76 2118
is_linear=0
shrinkage=0.1


Tree=21
num_leaves=7
num_cat=0
split_feature=8 4 3 7 5 4
split_gain=4.94981 4.1724 4.11707 4.07253 13.5863 8.38869
threshold=11.396385881496588 8.3469238281250018 0.52891859876708158 7.2004394531250009 4.8261697911903694 4.0200471567667462
decision_type=2 2 2 2 2 2
left_child=2 -2 -1 4 -4 -5
right_child=1 -3 3 5 -6 -7
leaf_value=0.061448948510984806 0.10985290884701029 0.017538929479868289 0.0082734554516838126 -0.062591514156034506 -0.054381949264210465 0.021868350466017317
leaf_weight=15.318328410387037 9.2255699783563632 10.433010563254355 474.98178946971893 12.26317524909973 37.328482329845428 286.38865964114666
leaf_count=35 18 26 1474 39 117 708
internal_value=0.0112688 0.0608609 0.010089 0.00911883 0.00370819 0.0184003
internal_weight=845.939 19.6586 826.28 810.962 512.31 298.652
internal_count=2417 44 2373 2338 1591 747
is_linear=0
shrinkage=0.1


Tree=22
num_leaves=11
num_cat=0
split_feature=2 3 3 1 5 2 2 6 3 4
split_gain=4.2737 6.40622 10.5581 10.9027 5.1739 5.88459 5.9169 4.27311 3.32866 1.19777
threshold=0.42904980221567329 0.54834010956147949 0.54940785622550614 0.43209975107807824 7.911582169908872 0.45271281650095679 0.46233264863835882 3.8807171487241279 0.55047714245993629 8.6606612032805526
decision_type=2 2 2 2 2 2 2 2 2 2
left_child=1 7 -3 -4 5 8 -7 -1 -2 -6
right_child=4 2 3 -5 9 6 -8 -9 -10 -11
leaf_value=0.019311660966408691 0.087454135630060686 -0.11684830354243597 0.034484956421462494 -0.010311953854866088 0.09284291927169662 -0.037452085472869025 0.012157544496189504 0.12331564638726522 0.030309003660822665 0.043567081480961299
leaf_weight=9.6316921114921588 12.182305231690405 7.8428489230573168 72.086336776614189 220.56351461261511 8.9252876341342944 25.545511931180954 408.35946461558342 6.6973398923873892 62.428420752286911 11.028013184666632
leaf_count=31 26 33 205 724 18 78 1106 12 159 25
internal_value=0.0101521 0.000968748 -0.00234605 0.000722547 0.0156576 0.0136976 0.00923685 0.0619688 0.0396396 0.0656086
internal_weight=845.291 316.822 300.493 292.65 528.469 508.516 433.905 16.329 74.6107 19.9533
internal_count=2417 1005 962 929 1412 1369 1184 43 185 43
is_linear=0
shrinkage=0.1


Tree=23
num_leaves=8
num_cat=0
split_feature=1 2 2 0 0 4 6
split_gain=3.95684 4.52915 7.12342 7.0499 5.81263 4.481 5.78693
threshold=0.69664967521211907 0.81345191151655616 0.64209210770915348 0.41263628005981451 0.54008778210140929 4.8621949870139369 4.0489863039167426
decision_type=2 2 2 2 2 2 2
left_child=1 2 4 -4 -1 6 -3
right_child=-2 5 3 -5 -6 -7 -8
leaf_value=0.016821954636154862 0.077896050283385809 -0.020958492326469444 0.0052831612167709638 0.062008150831739856 -0.0013353828571896359 0.050170653051508578 -0.13482729353943318
leaf_weight=313.02063150331378 8.2905189394950849 18.927244246006019 39.626185461878777 49.004548728466034 403.67100553587079 5.7516318559646598 5.8402830213308325
leaf_count=832 18 72 116 110 1234 13 22
internal_value=0.00915122 0.00846936 0.00990237 0.0366468 0.00659498 -0.029344 -0.0478092
internal_weight=844.132 835.842 805.322 88.6307 716.692 30.5192 24.7675
internal_count=2417 2399 2292 226 2066 107 94
is_linear=0
shrinkage=0.1


Tree=24
num_leaves=9
num_cat=0
split_feature=8 4 2 9 6 2 1 6
split_gain=3.65272 3.698 3.25202 9.35851 9.53439 4.82757 6.59173 3.99235
threshold=11.396385881496588 8.3469238281250018 0.3705178308332327 8.761852125196615 5.8992310129571939 0.37876502207106094 0.46973773867932617 2.338705117620004
decision_type=2 2 2 2 2 2 2 2
left_child=2 -2 3 4 -1 6 -4 -7
right_child=1 -3 5 -5 -6 7 -8 -9
leaf_value=-0.0068366188621512133 0.099268573207241598 0.010626867214742139 0.00016135964768822979 -0.13722427019932903 0.11220694095161104 -0.014313112262185963 0.1039243220480788 0.011315376902741141
leaf_weight=142.40595305338502 8.7668057680130023 10.161665573716162 11.83815620839596 5.2360882461071006 7.061543568968772 67.941182792186737 12.679942831397055 576.91948539018631
leaf_count=511 18 26 33 20 14 246 30 1519
internal_value=0.00824876 0.0516817 0.00725114 -0.00581589 -0.00121244 0.0102711 0.0538241 0.00861521
internal_weight=843.011 18.9285 824.082 154.704 149.467 669.379 24.5181 644.861
internal_count=2417 44 2373 545 525 1828 63 1765
is_linear=0
shrinkage=0.1


Tree=25
num_leaves=12
num_cat=0
split_feature=4 5 6 5 8 3 8 1 0 6 8
split_gain=3.28919 5.74041 6.73862 6.17249 6.09798 6.9623 5.41303 5.10723 5.76216 4.5116 7.22329
threshold=7.1268603409560001 6.3811382318641909 5.9524731990432613 6.1720873385530721 8.8657747822418376 0.80298627008301449 8.7061102759076316 0.48066782101883249 0.40625000001500672 6.2725368634430474 9.8271667312360478
decision_type=2 2 2 2 2 2 2 2 2 2 2
left_child=1 2 6 -4 -3 -6 -1 8 -2 -9 -11
right_child=7 4 3 -5 5 -7 -8 9 -10 10 -12
leaf_value=0.0071191263167109655 0.030230821683330397 -0.11226408243988815 0.070430934114138685 -0.017939097610540338 -0.041964371228957714 0.070141762196770124 -0.033846180581785637 0.087363195250759515 -0.095066085298920258 -0.068835370472059107 0.042987398934531754
leaf_weight=659.53872041776776 8.4541194438934308 7.7165634185075751 29.849895194172859 10.750807091593741 20.702308043837551 7.563832461833953 33.914448082447052 15.593442142009733 6.4863580763339987 6.9388526380062094 34.48847384750843
leaf_count=1951 20 26 63 29 60 16 96 31 23 21 81
internal_value=0.00743305 0.0055224 0.00743401 0.0470311 -0.0334747 -0.0119655 0.00511565 0.0278784 -0.0241664 0.0415151 0.0242577
internal_weight=841.998 770.037 734.054 40.6007 35.9827 28.2661 693.453 71.9612 14.9405 57.0208 41.4273
internal_count=2417 2241 2139 92 102 76 2047 176 43 133 102
is_linear=0
shrinkage=0.1


Tree=26
num_leaves=9
num_cat=0
split_feature=1 0 0 3 4 9 6 8
split_gain=3.24428 3.61537 6.58866 10.1346 5.67392 5.25089 14.0862 11.1102
threshold=0.69664967521211907 0.54008778210140929 0.56262207357213978 0.56538213889931155 2.242164328694344 6.7803588436493811 4.8021146028239379 6.6449726376295688
decision_type=2 2 2 2 2 2 2 2
left_child=1 5 3 -3 -4 6 -1 -7
right_child=-2 2 4 -5 -6 7 -8 -9
leaf_value=0.0070201598501256823 0.069466009732863584 -0.0019662398770410173 -0.033494220011368321 -0.10719843881291483 0.0075711485964685497 0.11128663931890402 -0.14528810825579755 0.018478010901174114
leaf_weight=214.64505209028721 8.1551816314458829 26.183859396725893 37.129710152745247 14.0694163441658 358.58812313526869 14.011437699198721 6.2490149289369574 162.40645636618137
leaf_count=637 18 97 168 52 997 26 24 398
internal_value=0.00669956 0.00608528 -0.000202789 -0.0387472 0.00371804 0.0129852 0.00271141 0.025849
internal_weight=841.438 833.283 435.971 40.2533 395.718 397.312 220.894 176.418
internal_count=2417 2399 1314 149 1165 1085 661 424
is_linear=0
shrinkage=0.1


Tree=27
num_leaves=9
num_cat=0
split_feature=8 4 0 1 6 5 4 7
split_gain=2.80455 3.50675 2.94745 5.50472 7.80386 5.98494 3.03853 11.4668
threshold=11.396385881496588 8.3469238281250018 0.81338554738613322 0.65443218122315017 6.3433642982988365 1.2969868082439118 5.2587895464354188 5.6474434891919509
decision_type=2 2 2 2 2 2 2 2
left_child=2 -2 3 5 -5 -1 7 -4
right_child=1 -3 6 4 -6 -7 -8 -9
leaf_value=-0.056965025565557915 0.09258040246313641 0.0046186182091356711 0.062449128557274206 -0.012271270224512187 -0.1281537295528655 0.0078592393303437685 0.090442383019595007 -0.094772516429189546
leaf_weight=14.534357186406849 8.3429272621870059 9.9228282123804075 16.205593079328544 61.325072303414345 6.4196548759937277 709.16510692983866 7.6143272072076789 6.4994080960750571
leaf_count=85 18 26 44 190 22 1992 16 24
internal_value=0.00603937 0.0447954 0.00517792 0.00400573 -0.0232526 0.00655735 0.0357764 0.0174437
internal_weight=840.029 18.2658 821.764 791.444 67.7447 723.699 30.3193 22.705
internal_count=2417 44 2373 2289 212 2077 84 68
is_linear=0
shrinkage=0.1


Tree=28
num_leaves=13
num_cat=0
split_feature=2 6 4 5 9 6 6 2 2 0 1 2
split_gain=2.99533 5.25637 21.286 14.2583 8.21546 5.40966 4.13995 3.94557 5.00754 2.87031 1.88392 0.0914937
threshold=0.42904980221567329 2.0936865887352445 2.3075194098746583 1.3344906142362893 3.6289694692397125 7.0370692066081046 7.8149681831148863 0.45271281650095679 0.46233264863835882 0.40707977302372461 0.44444640010508857 0.37668603589641542
decision_type=2 2 2 2 2 2 2 2 2 2 2 2
left_child=1 3 10 11 -5 -4 7 9 -9 -2 -3 -1
right_child=6 2 5 4 -6 -7 -8 8 -10 -11 -12 -13
leaf_value=-0.11158782352510919 0.065023032952749957 -0.083483699250313889 0.0016378158876034299 0.027362038276485548 0.14225223929066691 -0.089971360757569147 0.067911722563540208 -0.037959974622386136 0.007745601503643687 0.018992672688266911 -0.1544797583313261 -0.13798333888616951
leaf_weight=2.4448909908533087 17.784908458590508 6.7432450950145713 247.9256501570344 33.364921882748604 7.6512188613414756 6.6180908381938925 12.092538133263586 25.454421907663345 411.32552197575569 56.849877655506134 8.3854430988430959 2.8370200395584106
leaf_count=34 39 28 716 131 17 24 27 78 1120 148 40 15
internal_value=0.00543962 -0.00224914 -0.00759334 0.0288793 0.0487938 -0.000744006 0.0100803 0.00871284 0.005082 0.0299614 -0.122835 -0.125765
internal_weight=839.478 315.97 269.672 46.2981 41.0161 254.544 523.507 511.415 436.78 74.6348 15.1287 5.28191
internal_count=2417 1005 808 197 148 740 1412 1385 1198 187 68 49
is_linear=0
shrinkage=0.1


Tree=29
num_leaves=10
num_cat=0
split_feature=4 4 7 5 6 7 3 7 8
split_gain=2.52405 11.9259 6.73599 10.2161 10.1979 7.39576 5.24263 4.98066 5.33271
threshold=5.2980823959351264 5.2442600869786551 7.2288798387037048 5.6511069947412036 5.2936996639956453 6.7685966491699228 0.558163690560885 9.0505780835083005 7.4784780989653932
decision_type=2 2 2 2 2 2 2 2 2
left_child=1 7 5 6 -5 -2 -4 8 -1
right_child=2 -3 3 4 -6 -7 -8 -9 -10
leaf_value=0.00083402555435048821 0.02332657057663436 -0.12322526297068248 0.093534660497166258 -0.085575052731445778 0.012268308021682557 -0.11696406181171415 0.030446625188577464 -0.076819276126773667 0.032523429862797569
leaf_weight=521.37653790786862 7.0734770596027365 7.5814666897058478 21.682048350572586 11.408888563513754 160.66457980871201 8.0163651853799802 33.560491338372231 7.7148707062005988 59.125023201107979
leaf_count=1609 19 27 42 37 409 29 80 24 141
internal_value=0.00489484 0.00139462 0.0134979 0.0177928 0.00578106 -0.0512018 0.0552079 0.00300083 0.00406164
internal_weight=838.204 595.798 242.406 227.316 172.073 15.0898 55.2425 588.216 580.502
internal_count=2417 1801 616 568 446 48 122 1774 1750
is_linear=0
shrinkage=0.1


Tree=30
num_leaves=8
num_cat=0
split_feature=1 2 2 2 0 4 6
split_gain=2.48476 3.2581 5.87368 6.7131 3.89619 3.31472 4.774
threshold=0.69664967521211907 0.81345191151655616 0.64209210770915348 0.66926815920792448 0.54008778210140929 4.8621949870139369 4.0489863039167426
decision_type=2 2 2 2 2 2 2
left_child=1 2 4 -4 -1 6 -3
right_child=-2 5 3 -5 -6 -7 -8
leaf_value=0.010521762692303616 0.060072333524687271 -0.020002290234123421 0.081913350942197857 0.014867310357154823 -0.0043968902372100429 0.04121309671757481 -0.12458432097283503
leaf_weight=310.09880734607577 7.9447603672742835 18.811931461095817 19.149246618151665 67.84350860118866 401.98846843093634 5.5673831999301902 5.683568835258483
leaf_count=832 18 72 39 187 1234 13 22
internal_value=0.00441395 0.00388063 0.00509651 0.0296258 0.00209986 -0.0284376 -0.0442679
internal_weight=837.088 829.143 799.08 86.9928 712.087 30.0629 24.4955
internal_count=2417 2399 2292 226 2066 107 94
is_linear=0
shrinkage=0.1


Tree=31
num_leaves=11
num_cat=0
split_feature=0 0 6 7 6 0 3 1 2 7
split_gain=2.32891 3.777 8.93172 24.919 7.25836 7.25411 6.27074 4.90822 2.95026 4.1895
threshold=0.81338554738613322 0.7028810096146807 3.9493032890522128 4.7531981328211268 5.1018591702576961 0.66562181711196911 0.54974517732888295 0.65151356414479977 0.49056813848582126 5.1104907989501962
decision_type=2 2 2 2 2 2 2 2 2 2
left_child=1 5 3 -3 -4 7 -7 -1 9 -2
right_child=8 2 4 -5 -6 6 -8 -9 -10 -11
leaf_value=0.0054064858054128214 -0.039854696383215843 -0.049406990706059001 -0.074954779639882674 0.080084596921303777 -0.0051978923676057756 -0.014487561325986571 0.074194743656700687 -0.032782217386897981 0.081037210216385117 0.049036544504592855
leaf_weight=612.45546256005764 9.1494400650262886 30.373135957866907 30.469287306070328 29.098024442791939 29.222416311502457 11.304757505655287 27.057573959231377 35.612301349639893 8.5325599163770658 12.608751058578489
leaf_count=1752 32 123 97 68 78 32 59 124 18 34
internal_value=0.00397971 0.00295618 -0.0134778 0.0139506 -0.0408049 0.00580909 0.0480615 0.00330796 0.0312008 0.0116573
internal_weight=835.884 805.593 119.163 59.4712 59.6917 686.43 38.3623 648.068 30.2908 21.7582
internal_count=2417 2333 366 191 175 1967 91 1876 84 66
is_linear=0
shrinkage=0.1


Tree=32
num_leaves=10
num_cat=0
split_feature=4 4 1 6 7 1 2 2 2
split_gain=2.31831 6.80263 5.67104 3.95702 6.08986 3.86929 2.31659 2.70479 0.0302873
threshold=0.87757873535156261 1.3779907226562502 0.4817587240793465 1.8111644578887311 2.9445495605468754 0.49063858535842125 0.39589787551284333 0.51683160664112793 0.3485702019271254
decision_type=2 2 2 2 2 2 2 2 2
left_child=2 6 -1 5 -5 -3 8 -8 -2
right_child=1 3 -4 4 -6 -7 7 -9 -10
leaf_value=-0.021666078764807268 -0.11429179667042406 0.080586562385611238 0.13709716137031006 -0.04805090647301416 0.004617383665524233 0.0040418720755390162 0.020798023003876509 -0.0719460917267329 -0.13115619459486397
leaf_weight=4.7201857790350896 2.2249357663095024 13.25362090021372 4.2990745566785336 22.607445541769266 759.26688067615032 13.162341475486754 4.971911445260047 8.5558568686246854 2.0425507128238678
leaf_count=25 30 46 16 99 2077 53 18 41 12
internal_value=0.00358466 0.00303412 0.0540092 0.00438058 0.00309451 0.0424465 -0.0581245 -0.0378595 -0.122364
internal_weight=835.105 826.086 9.01926 808.29 781.874 26.416 17.7953 13.5278 4.26749
internal_count=2417 2376 41 2275 2176 99 101 59 42
is_linear=0
shrinkage=0.1


Tree=33
num_leaves=13
num_cat=0
split_feature=2 3 3 1 5 5 6 8 7 7 4 6
split_gain=2.26921 4.69171 8.93217 7.57554 3.65505 17.3829 10.0262 7.65507 6.46482 5.87165 5.13987 3.43334
threshold=0.42904980221567329 0.54834010956147949 0.54940785622550614 0.43209975107807824 3.286214263292432 3.5563453964828882 2.338705117620004 4.6617878897708724 1.4883410035399722 5.7996032238006601 3.1490900981627186 3.8807171487241279
decision_type=2 2 2 2 2 2 2 2 2 2 2 2
left_child=1 11 -3 -4 6 10 8 -7 -2 -8 -6 -1
right_child=4 2 3 -5 5 7 9 -9 -10 -11 -12 -13
leaf_value=0.01163098038678179 0.061526275700950109 -0.11231426698784736 0.024758530400481354 -0.012714413007250725 -0.13293163231626937 0.11467923815650148 0.031787337478508669 0.0063337739989132585 -0.033528710681981093 0.10864785639484614 -0.04271402018012696 0.10586317771084058
leaf_weight=9.7483460344374198 8.8269708156585676 7.7442744113504878 71.544285669922829 219.3508268892765 9.5217622518539446 6.643684208393096 72.997076630592346 353.73116306960583 37.772518187761307 11.505883514881132 18.750472456216812 6.4081971645355216
leaf_count=31 34 33 205 724 35 14 193 915 142 22 57 12
internal_value=0.00321994 -0.00348036 -0.00631992 -0.00349812 0.00727811 0.00240757 0.0217166 0.00833117 -0.0155232 0.0422526 -0.0730983 0.0490065
internal_weight=834.545 314.796 298.639 290.895 519.75 388.647 131.102 360.375 46.5995 84.503 28.2722 16.1565
internal_count=2417 1005 962 929 1412 1021 391 929 176 215 92 43
is_linear=0
shrinkage=0.1


Tree=34
num_leaves=13
num_cat=0
split_feature=2 2 6 4 3 0 0 3 6 3 9 8
split_gain=2.30794 8.48689 8.54667 5.75647 2.48443 2.38097 7.13513 10.9698 5.114 4.17833 4.85744 4.66456
threshold=0.30327762813801967 0.28181836307034952 3.0731711122224548 2.4137837886810307 0.55403682205349769 0.54008778210140929 0.56251192092895519 0.55906152097144168 7.2739843180630439 0.9483334111794991 3.8106379835685709 8.5418693214751507
decision_type=2 2 2 2 2 2 2 2 2 2 2 2
left_child=1 2 -1 -3 -5 9 7 -7 -8 10 -2 -11
right_child=5 3 -4 4 -6 6 8 -9 -10 11 -12 -13
leaf_value=-0.038973347244414522 0.031512373503406549 0.012565940578383714 0.14103582463330097 -0.072923867479756918 -0.17266020957078188 0.023261436874497506 0.004069781073076071 -0.10730447138203794 -0.060420331515031372 0.018706682481177579 0.0013045031718805849 0.11159885728178953
leaf_weight=5.8837230540812033 65.251487839967012 5.027963660657405 4.7807257771492004 5.4705444723367673 4.5958018749952316 11.207244850695135 390.04141666740179 15.111330136656759 12.696573838591574 16.184232547879223 288.96749053895473 8.1167953908443433
leaf_count=34 211 22 11 21 20 32 1148 57 40 41 765 15
internal_value=0.00290025 -0.0265665 0.0417223 -0.0748139 -0.118459 0.00384013 -0.00125989 -0.0517056 0.00203669 0.00962107 0.00686916 0.0497336
internal_weight=833.335 25.7588 10.6644 15.0943 10.0663 807.577 429.057 26.3186 402.738 378.52 354.219 24.301
internal_count=2417 108 45 63 41 2309 1277 89 1188 1032 976 56
is_linear=0
shrinkage=0.1


Tree=35
num_leaves=12
num_cat=0
split_feature=4 5 4 4 0 1 1 1 6 2 5
split_gain=2.37493 5.39474 5.12167 6.78627 6.36609 4.97593 4.62395 5.03476 3.76646 5.99861 3.48493
threshold=7.1268603409560001 6.3811382318641909 6.0009765625000009 5.898720146040433 0.7028810096146807 0.49910209459041693 0.48066782101883249 0.44195903829310534 6.2725368634430474 0.50164700389945704 6.8377936305489548
decision_type=2 2 2 2 2 2 2 2 2 2 2
left_child=1 2 3 -1 -4 -3 7 -2 -8 -10 -7
right_child=6 5 4 -5 -6 10 8 -9 9 -11 -12
leaf_value=0.001483485317132198 0.020933834549305509 -0.0969571265765935 0.045928093849466445 -0.089182160106650532 -0.040376561152197982 -0.039959943162048359 0.076126586793417217 -0.098395502931463819 -0.048153906152178412 0.040379531441124439 0.038276868955042564
leaf_weight=660.46257188171148 8.2809563428163511 9.9756743609905225 49.238934546709061 8.3600461035966855 10.341963052749632 16.936718583106998 15.07846614718437 6.1703717708587638 10.327021002769468 29.556842178106308 8.576447442173956
leaf_count=1968 21 33 113 27 31 49 31 22 31 71 20
internal_value=0.00260728 0.000998012 0.00285295 0.000350197 0.0309475 -0.0370743 0.0203172 -0.0300169 0.0335517 0.0174558 -0.01366
internal_weight=833.306 763.892 728.404 668.823 59.5809 35.4888 69.4137 14.4513 54.9623 39.8839 25.5132
internal_count=2417 2241 2139 1995 144 102 176 43 133 102 69
is_linear=0
shrinkage=0.1


Tree=36
num_leaves=9
num_cat=0
split_feature=7 6 2 2 3 3 0 3
split_gain=2.30823 3.31983 5.1341 2.5705 2.34695 4.26196 6.83812 2.19866
threshold=10.853459358215334 6.3087577403281783 0.49167606601726305 0.54554639183475373 0.52891859876708158 0.54235296968854196 0.77552988528000488 0.55380562531796718
decision_type=2 2 2 2 2 2 2 2
left_child=4 -2 -3 -4 -1 6 -6 -7
right_child=1 2 3 -5 5 7 -8 -9
leaf_value=0.041450299264501445 0.072663782538422567 -0.04746906390646434 0.073818336875913715 0.0089004854193747065 -0.11069341742608432 0.013880100307395081 0.011735246030206752 -0.00087899958240490034
leaf_weight=14.126176461577414 10.740910410881041 11.070507898926733 9.9378288835287112 15.79176704585552 8.8253523856401461 120.10326944291592 9.4442660212516767 632.39738501980901
leaf_count=33 23 34 21 43 31 336 26 1870
internal_value=0.00235422 0.0237504 0.00947393 0.0339744 0.00105826 0.000317982 -0.0474053 0.00147663
internal_weight=832.437 47.541 36.8001 25.7296 784.896 770.77 18.2696 752.501
internal_count=2417 121 98 64 2296 2263 57 2206
is_linear=0
shrinkage=0.1


Tree=37
num_leaves=10
num_cat=0
split_feature=8 4 3 3 6 2 9 6 1
split_gain=2.0978 3.16468 2.47229 14.5505 7.90709 18.1775 7.64772 4.90199 2.61662
threshold=11.396385881496588 8.3469238281250018 0.68370646811665092 0.64820088703593892 3.2417806861109821 0.40313614263507708 4.8507340060300432 2.9101560707858467 0.52495031309508278
decision_type=2 2 2 2 2 2 2 2 2
left_child=2 -2 3 7 6 -6 -4 -1 -5
right_child=1 -3 4 8 5 -7 -8 -9 -10
leaf_value=-0.015871937084151071 0.084175312038670166 -0.0020796115958471198 0.0036817716983864879 0.047907741162732165 -0.13517389252798725 -0.010093767314810443 0.079838216215851743 0.0069022112598919969 0.11232485009348232
leaf_weight=123.03364602476358 7.7271462529897716 9.462716266512869 72.824106901884079 12.924253642559053 12.546114593744276 157.17817823588848 16.101686626672745 407.70175802707672 12.313619196414946
leaf_count=477 18 26 233 30 49 428 35 1098 23
internal_value=0.00212252 0.0366935 0.00139302 0.00515053 -0.00668384 -0.0193398 0.0174713 0.00162277 0.079337
internal_weight=831.813 17.1899 814.623 555.973 258.65 169.724 88.9258 530.735 25.2379
internal_count=2417 44 2373 1628 745 477 268 1575 53
is_linear=0
shrinkage=0.1


Tree=38
num_leaves=11
num_cat=0
split_feature=0 1 2 4 8 5 1 4 7 9
split_gain=2.02548 3.34994 6.19567 14.8115 6.41454 5.3899 4.62601 2.39701 10.0788 6.67216
threshold=0.81338554738613322 0.62131772239939964 0.60030631881002294 3.1162942436058079 9.1625059274172305 0.83950617283950646 0.61249150407186914 5.2587895464354188 5.6474434891919509 3.8709774873748475
decision_type=2 2 2 2 2 2 2 2 2 2
left_child=1 5 3 -3 -4 -1 -7 8 9 -2
right_child=7 2 4 -5 -6 6 -8 -9 -10 -11
leaf_value=-0.1387395126924558 -0.0050822031926830739 0.039850904345845144 0.017706904771949351 -0.07258835157779088 -0.0754174706594119 0.0028383415629878684 0.051810198037947688 0.077057057320352021 -0.094979088163000311 0.12344084685355182
leaf_weight=2.6453163549304 8.9243385940790265 16.735107436776161 59.430832371115685 39.059564501047134 8.4481681734323484 654.21190534159541 19.875194787979126 7.345444604754447 6.4023795574903479 7.3792317062616339
leaf_count=16 29 45 172 125 27 1900 48 16 24 15
internal_value=0.0019145 0.000957565 -0.0141757 -0.0388632 0.00611672 0.00372319 0.00428226 0.027402 0.0113385 0.0530892
internal_weight=830.457 800.406 123.674 55.7947 67.879 676.732 674.087 30.0514 22.7059 16.3036
internal_count=2417 2333 369 170 199 1964 1948 84 68 44
is_linear=0
shrinkage=0.1


Tree=39
num_leaves=13
num_cat=0
split_feature=5 5 5 5 6 6 4 5 3 4 7 5
split_gain=2.00516 10.9379 11.1171 15.1542 10.1426 12.4694 9.40915 6.44454 11.0898 7.35345 7.21249 6.00625
threshold=3.8881911084072325 3.286214263292432 3.4901009911593017 3.6802926221163812 2.9101560707858467 2.8187202957724442 3.2184631228446965 3.9759952840691493 0.5628455556914812 3.7065918818116197 5.2541144490242013 3.3856743608826334
decision_type=2 2 2 2 2 2 2 2 2 2 2 2
left_child=1 4 11 -4 5 -1 -6 8 -2 -9 -11 -3
right_child=7 2 3 -5 6 -7 -8 9 -10 10 -12 -13
leaf_value=0.001372346490163999 0.12134021272534393 -0.033987099882052708 0.032667434818617905 -0.060062007346235707 0.02309866911279428 -0.11463187757164491 0.119645867723513 -0.096052903416621996 -0.031979982879595796 0.071056259738033867 0.0027681258075579387 -0.1132886546938521
leaf_weight=183.04173653572798 12.161545619368555 19.039977535605431 41.171872660517693 30.813647121191025 58.174997091293335 9.7602103650569898 12.213378250598906 7.276659980416297 7.7075306922197333 16.067190423607826 413.77072559297085 19.163661375641823
leaf_count=658 23 60 107 108 156 37 25 24 22 36 1091 70
internal_value=0.00172312 -0.00371332 -0.0301653 -0.00702572 0.00736125 -0.00450013 0.039851 0.00616499 0.0618649 0.00363314 0.00532071 -0.0737662
internal_weight=830.363 373.379 110.189 71.9855 263.19 192.802 70.3884 456.984 19.8691 437.115 429.838 38.2036
internal_count=2417 1221 345 215 876 695 181 1196 45 1151 1127 130
is_linear=0
shrinkage=0.1


Tree=40
num_leaves=5
num_cat=0
split_feature=6 6 5 5
split_gain=1.99592 3.85568 2.65177 2.1716
threshold=7.8149681831148863 7.4716091986626418 7.778471328594196 7.4994745585166394
decision_type=2 2 2 2
left_child=1 2 3 -1
right_child=-2 -3 -4 -5
leaf_value=0.00152975093643328 0.039083266290787684 -0.067108798542861281 0.057467187662488199 -0.051852413123071206
leaf_weight=791.18948294594884 13.92985627055168 8.2498555630445463 8.4087345451116544 7.6946721673011771
leaf_count=2312 36 27 19 23
internal_value=0.0015496 0.000908504 0.00160358 0.00101559
internal_weight=829.473 815.543 807.293 798.884
internal_count=2417 2381 2354 2335
is_linear=0
shrinkage=0.1


Tree=41
num_leaves=10
num_cat=0
split_feature=9 9 6 6 5 8 7 0 5
split_gain=1.98697 11.7692 8.81724 11.069 6.79471 6.07069 11.67 7.64045 4.57197
threshold=5.8530454703279302 5.9246229244138791 4.2065314996720886 4.1142328737720666 3.286214263292432 6.1506668761722443 6.4334899697606387 0.53038442508867012 4.6015503612653843
decision_type=2 2 2 2 2 2 2 2 2
left_child=2 -2 3 4 -1 7 -7 -3 -4
right_child=1 5 8 -5 -6 6 -8 -9 -10
leaf_value=0.0045591993744547093 0.11544349704834363 -0.01625143454071791 -0.022521806405112754 0.10225048408057712 -0.027000730621096088 -0.052551129211231784 0.0050456492701250041 0.068161579108060477 -0.13744556272761135
leaf_weight=250.10597822442651 9.580951660871504 16.784520834684372 6.6548582315444929 10.083128601312636 93.803486838936806 38.913414105772972 366.50193829834461 29.689248517155647 7.2143170088529587
leaf_count=846 18 46 20 20 296 120 956 66 29
internal_value=0.00139669 0.00576689 -0.00408558 -0.00102114 -0.00404897 0.00344153 -0.000482724 0.0376749 -0.0823016
internal_weight=829.332 461.47 367.862 353.993 343.909 451.889 405.415 46.4738 13.8692
internal_count=2417 1206 1211 1162 1142 1188 1076 112 49
is_linear=0
shrinkage=0.1


Tree=42
num_leaves=15
num_cat=0
split_feature=0 0 3 9 9 3 7 7 1 0 0 9 7 8
split_gain=1.95315 4.77967 6.38986 4.03824 7.87058 3.95268 3.66272 12.3711 9.96834 6.03689 12.8384 8.14256 5.91381 3.30164
threshold=0.54008778210140929 0.56262207357213978 0.56538213889931155 1.5956332758613347 1.89184964875457 0.55700893744693625 5.9618402411811084 4.4509351473576553 0.44862516942919278 0.33624720573425299 0.31213891532416144 7.6412901007105773 2.6313476562500004 8.2193612486796575
decision_type=2 2 2 2 2 2 2 2 2 2 2 2 2 2
left_child=6 2 5 -3 -5 -2 7 12 -9 10 -8 -11 -1 -4
right_child=1 3 13 4 -6 -7 9 8 -10 11 -12 -13 -14 -15
leaf_value=-0.020690431763530772 -0.043002644349056068 -0.12585418835659443 -0.12843641770071551 0.14050282215809426 -0.00065352317344321642 0.035277536713344042 0.018045027517441189 -0.078407729000168666 -0.0039020038921982478 0.043211778899570646 -0.12538753861280708 0.00036306118053817455 0.031274042519218739 -0.024984337387956451
leaf_weight=30.023291174322367 14.215256974101068 2.5346993692219248 8.7989002168178541 3.9903583750128737 391.35706334933639 11.808941371738909 20.001402869820598 31.328785166144371 42.073674604296684 91.539323896169662 9.0703693628311139 86.028397262096405 80.948149919509888 4.750570371747016
leaf_count=131 61 21 38 17 1144 36 49 105 117 212 31 224 217 14
internal_value=0.00125849 -0.00333199 -0.0364761 -3.54548e-05 0.00077121 -0.00748162 0.00639419 -0.00385201 -0.0357017 0.0155364 -0.0267058 0.0224523 0.0172151 -0.0921652
internal_weight=828.469 437.456 39.5737 397.882 395.347 26.0242 391.013 184.374 73.4025 206.639 29.0718 177.568 110.971 13.5495
internal_count=2417 1331 149 1182 1161 97 1086 570 222 516 80 436 348 52
is_linear=0
shrinkage=0.1


Tree=43
num_leaves=13
num_cat=0
split_feature=2 3 3 6 8 5 1 7 8 4 9 2
split_gain=1.95697 6.91638 9.22552 6.26033 10.9057 10.4895 6.24694 5.51409 7.84591 5.53592 4.60988 1.69879
threshold=0.58454277014088085 0.89436512607969476 0.9327722998196315 6.837095126173895 10.187102416641133 6.9817990112153607 0.53086506671337286 2.9445495605468754 1.2305476828560327 2.4845039248466496 9.5727140270940172 0.66946076098537721
decision_type=2 2 2 2 2 2 2 2 2 2 2 2
left_child=3 7 -3 5 -5 10 -6 8 -2 -9 -1 -4
right_child=1 2 11 4 6 -7 -8 9 -10 -11 -12 -13
leaf_value=-0.0029073180399944807 0.065059041428491074 -0.14382520204715207 0.028722020407164397 -0.16012712224918788 -0.073466471200722611 0.083567651325002879 0.036245996801666631 0.087156884904014659 -0.073519920035451464 0.018341095129955638 0.048190301740442004 -0.039344963285233847
leaf_weight=589.1775715816766 5.8315144032239941 6.362190410494807 8.6472668796777707 6.6012476533651379 9.3807628899812716 14.894001066684721 11.616792947053908 12.910527542233465 13.645556613802908 123.65178091824055 18.20125974714756 6.3659006208181372
leaf_count=1763 22 25 21 26 31 31 28 27 67 316 41 19
internal_value=0.00113127 0.0104398 -0.0429065 -0.00140996 -0.0480147 0.000657034 -0.0127686 0.0177476 -0.0320288 0.0248469 -0.00137608 -0.000139821
internal_weight=827.286 177.415 21.3754 649.872 27.5988 622.273 20.9976 156.039 19.4771 136.562 607.379 15.0132
internal_count=2417 497 65 1920 85 1835 59 432 89 343 1804 40
is_linear=0
shrinkage=0.1


Tree=44
num_leaves=6
num_cat=0
split_feature=6 6 1 7 1
split_gain=1.95249 2.92429 2.21577 5.63709 4.98117
threshold=7.8149681831148863 7.4716091986626418 0.41066544236535463 6.8266601562500009 0.42526457385042477
decision_type=2 2 2 2 2
left_child=1 2 3 -1 -4
right_child=-2 -3 4 -5 -6
leaf_value=-0.051244551063081768 0.038316669856275756 -0.058557065731494995 0.032318431689849277 0.023555969476099586 5.6626410209964463e-05
leaf_weight=25.221187546849251 13.801536768674849 8.3305920362472516 51.314381744712591 16.776776328682899 710.49333227239549
leaf_count=93 36 27 131 40 2090
internal_value=0.00101992 0.000386096 0.00099698 -0.0213643 0.00222974
internal_weight=825.938 812.136 803.806 41.998 761.808
internal_count=2417 2381 2354 133 2221
is_linear=0
shrinkage=0.1


Tree=45
num_leaves=12
num_cat=0
split_feature=2 2 0 1 0 6 6 2 4 4 8
split_gain=1.80558 3.64539 5.17954 16.0733 9.49804 3.71421 14.2195 3.36126 2.67567 4.41364 5.69167
threshold=0.81345191151655616 0.59836700980457602 0.33624720573425299 0.43027626747906911 0.34478896263317443 6.9699366629655604 6.3945241292421615 0.67089553109436284 4.8621949870139369 3.7329389373046529 4.3180297517081927
decision_type=2 2 2 2 2 2 2 2 2 2 2
left_child=1 2 3 -1 -4 6 -3 -7 9 10 -2
right_child=8 5 4 -5 -6 7 -8 -9 -10 -11 -12
leaf_value=0.0039124887973574999 -0.054078500899681838 0.019339932072948887 0.096061703411673832 -0.15387700752173325 -0.00072557967743572369 0.10028363135398005 -0.13476334178832799 0.012881327189851003 0.038484294737151141 -0.11590557428049456 0.060175577696475829
leaf_weight=22.981464967131618 12.613771528005609 104.02374188601971 10.306398600339888 8.9777707755565626 624.45827244967222 9.5036938488483447 6.3534208983182898 8.1934477239847165 5.7578024566173545 5.533488303422927 6.6633778363466254
leaf_count=61 57 277 20 33 1853 19 22 23 14 22 16
internal_value=0.000919193 0.00183645 -0.00113181 -0.0404127 0.000845913 0.0172885 0.0104696 0.059818 -0.0229301 -0.0371826 -0.0145852
internal_weight=825.367 794.798 666.724 31.9592 634.765 128.074 110.377 17.6971 30.5684 24.8106 19.2771
internal_count=2417 2308 1967 94 1873 341 299 42 109 95 73
is_linear=0
shrinkage=0.1


Tree=46
num_leaves=10
num_cat=0
split_feature=4 4 1 6 3 5 2 2 2
split_gain=1.84651 5.21312 4.19503 3.54336 9.23957 8.47056 2.13201 2.25779 0.0200893
threshold=0.87757873535156261 1.3779907226562502 0.4817587240793465 2.0936865887352445 0.55901229689493348 2.3791187249779377 0.39589787551284333 0.51683160664112793 0.3485702019271254
decision_type=2 2 2 2 2 2 2 2 2
left_child=2 6 -1 4 -3 -5 8 -8 -2
right_child=1 3 -4 5 -6 -7 7 -9 -10
leaf_value=-0.021707179079332506 -0.11282089733462215 0.061006934966292947 0.11329558062722832 -0.04857904655461312 -0.020679491454858617 0.0020270321912976446 0.017972970588593214 -0.067473526284847429 -0.12725652169292109
leaf_weight=4.6329391635954362 2.0080628599971564 31.998457849025726 4.5742667391896248 34.698813356459141 24.4099315777421 707.0034264177084 4.964123159646987 8.2014969214797002 1.8542088940739629
leaf_count=25 30 102 16 128 98 1947 18 41 12
internal_value=0.000831965 0.000328963 0.0453641 0.00149707 0.0256583 -0.000340455 -0.054421 -0.0352558 -0.119751
internal_weight=824.346 815.139 9.20721 798.111 56.4084 741.702 17.0279 13.1656 3.86227
internal_count=2417 2376 41 2275 200 2075 101 59 42
is_linear=0
shrinkage=0.1


Tree=47
num_leaves=11
num_cat=0
split_feature=0 1 2 8 5 6 7 2 9 1
split_gain=1.7783 3.0921 4.239 4.45911 3.65237 5.42218 5.16289 2.20573 2.99582 0.656913
threshold=0.81338554738613322 0.65443218122315017 0.5558341165238242 4.2541226136291135 1.2969868082439118 2.0936865887352445 1.5701904296875002 0.49056813848582126 3.8709774873748475 0.66666336268769599
decision_type=2 2 2 2 2 2 2 2 2 2
left_child=1 4 9 -4 6 -6 -1 8 -2 -3
right_child=7 2 3 -5 5 -7 -8 -9 -10 -11
leaf_value=-0.0018676474963831024 -0.043639163690607524 -0.050995058224845236 -0.059989236745775554 0.0062476530668125509 0.032840879168058001 0.00021473230461265094 -0.13075902435883147 0.068610153868450069 0.035004760394200689 -0.097471292536345594
leaf_weight=8.2829786110669357 7.4018729627132478 6.1710319221019727 13.185451000928877 44.347851485013962 55.226832319051027 655.93925491347909 4.9739587772637597 8.2769729197025281 14.01560404896736 5.9963098615407944
leaf_count=49 27 20 60 119 194 1834 36 18 39 21
internal_value=0.00074179 -0.000156633 -0.0202735 -0.00893248 0.00177892 0.00274837 -0.0502273 0.0247685 0.00782545 -0.0738995
internal_weight=823.818 794.124 69.7006 57.5333 724.423 711.166 13.2569 29.6944 21.4175 12.1673
internal_count=2417 2333 220 179 2113 2028 85 84 66 41
is_linear=0
shrinkage=0.1


Tree=48
num_leaves=10
num_cat=0
split_feature=4 4 1 2 8 5 2 2 2
split_gain=1.77884 4.15861 3.44126 3.1125 6.72831 5.2362 2.05386 2.17789 0.0114827
threshold=0.87757873535156261 1.3779907226562502 0.4817587240793465 0.81345191151655616 4.3180297517081927 1.9388229361302576 0.39589787551284333 0.48658039023704208 0.34794905616100918
decision_type=2 2 2 2 2 2 2 2 2
left_child=2 6 -1 5 -5 -3 8 -8 -2
right_child=1 3 -4 4 -6 -7 7 -9 -10
leaf_value=-0.017735647096721329 -0.11181978499717292 0.040550438764176855 0.10465604981277787 -0.11197163091501112 0.00064945095684751245 0.00054459898490510743 0.022201987913976092 -0.063117142255271985 -0.12326338248000766
leaf_weight=4.5243773553520423 1.7289148177951603 34.233368381857872 4.6669473499059677 7.6077561527490642 17.523969188332558 738.46066648513079 4.7759643644094458 8.0091649889945966 1.7791492491960523
leaf_count=25 29 119 16 37 51 2068 17 42 13
internal_value=0.000663106 0.000169214 0.0444094 0.00119057 -0.0334427 0.00231701 -0.0498435 -0.0312457 -0.117624
internal_weight=823.31 814.119 9.19132 797.826 25.1317 772.694 16.2932 12.7851 3.50806
internal_count=2417 2376 41 2275 88 2187 101 59 42
is_linear=0
shrinkage=0.1


Tree=49
num_leaves=12
num_cat=0
split_feature=2 8 5 5 4 6 7 5 2 2 7
split_gain=1.82722 4.64799 10.0453 9.00429 7.84043 6.28211 4.97478 3.32783 3.2859 4.21273 2.9901
threshold=0.42904980221567329 7.9790709503784489 4.4328225307803963 5.4255156891907923 4.6255134292718347 2.1132100498583863 10.010921886401777 8.3457308615919441 0.45271281650095679 0.46233264863835882 6.9388052506528668
decision_type=2 2 2 2 2 2 2 2 2 2 2
left_child=1 2 5 -3 -4 -1 -5 8 10 -10 -2
right_child=7 3 4 6 -6 -7 -8 -9 9 -11 -12
leaf_value=0.020279655702566433 0.0055906046433875194 -0.13758102352011903 0.10337673597577046 -0.048189259478392046 0.016321600868438684 -0.021218523466509924 0.028195231163556086 0.061662739434926818 -0.039969307326857821 0.0022562087234987926 0.046534490853168894
leaf_weight=47.579708037897944 42.706509664654732 7.2711983174085608 12.906302452087401 19.748810425400734 52.140402615070343 156.36276508122683 15.00434537231922 9.9050385951995832 25.096652150154114 403.54989929497242 30.628354743123055
leaf_count=204 116 26 26 62 137 511 39 23 78 1125 70
internal_value=0.000590023 -0.00545529 -0.000623299 -0.0363839 0.0335947 -0.011537 -0.015211 0.00426305 0.00313045 -0.000216036 0.0226908
internal_weight=822.9 311.014 268.989 42.0244 65.0467 203.942 34.7532 511.886 501.981 428.647 73.3349
internal_count=2417 1005 878 127 163 715 101 1412 1389 1203 186
is_linear=0
shrinkage=0.1


Tree=50
num_leaves=12
num_cat=0
split_feature=0 4 7 2 6 6 9 6 1 6 9
split_gain=1.87745 3.90059 8.09569 5.16768 4.77439 12.8181 3.40884 7.98773 16.3349 5.22926 3.31785
threshold=0.53674328327178966 2.242164328694344 3.9160889387130742 0.50072762566408791 2.1362484760447242 2.4437558123266703 10.822848485879881 6.3945241292421615 0.49910209459041693 6.2725368634430474 3.3017412864737863
decision_type=2 2 2 2 2 2 2 2 2 2 2
left_child=6 2 3 -2 10 -6 7 9 -9 -1 -3
right_child=1 4 -4 -5 5 -7 -8 8 -10 -11 -12
leaf_value=0.0060849832892404402 0.001263794737553523 0.010480895141976594 -0.16023911922431042 -0.092021181376816974 -0.097876161280295471 0.00039623337281426905 0.057479685428481746 -0.14988583955852183 0.015529196957241247 0.089701104125915018 0.10165230263146451
leaf_weight=333.20942475646734 29.188243100419641 8.6524666398763674 4.471836030483245 7.4552178010344496 13.76250100135803 373.00169682502747 12.306275159120558 9.9614516943693179 14.898554116487501 7.6510248184204093 7.4098117798566809
leaf_count=943 150 30 20 33 55 1050 31 36 37 15 17
internal_value=0.000533468 -0.0038767 -0.0332167 -0.0177153 -0.000882055 -0.00310066 0.00571262 0.00397069 -0.0507529 0.00796185 0.0525399
internal_weight=821.969 443.942 41.1153 36.6435 402.826 386.764 378.027 365.72 24.86 340.86 16.0623
internal_count=2417 1355 203 183 1152 1105 1062 1031 73 958 47
is_linear=0
shrinkage=0.1


Tree=51
num_leaves=12
num_cat=0
split_feature=7 7 9 2 4 0 6 0 3 3 9
split_gain=1.81988 10.8371 7.64879 6.45768 5.49331 3.60998 5.91503 4.61123 3.0609 8.05244 4.19982
threshold=3.9160889387130742 3.7511082780838483 3.6289694692397125 0.48322010823991463 3.5895189194388775 0.64960492590034857 3.2675046764002218 0.75000000002921807 0.94100633121243804 0.89436512607969476 7.2863526114631556
decision_type=2 2 2 2 2 2 2 2 2 2 2
left_child=1 5 4 -3 -2 6 -1 -7 9 -4 -10
right_child=2 3 8 -5 -6 7 -8 -9 10 -11 -12
leaf_value=0.014054717606609798 -0.11548878278319918 0.035649553832430327 0.0011409468034638791 0.15127217395401429 0.012055909103053264 -0.10106478542968944 -0.085263369493329577 -0.0081094344296712192 -0.0035791479478817639 -0.043426499792611623 0.055984244888693718
leaf_weight=100.24207322858274 9.9571900218725187 13.517212286591532 559.20358180999756 7.5166119784116736 5.1097080036997786 7.2312990278005627 6.3780685365200034 20.36828763410449 25.325574949383736 43.709588125348091 22.227548077702522
leaf_count=381 39 37 1525 13 18 46 23 73 74 136 52
internal_value=0.000479131 0.0102284 -0.00179514 0.0769683 -0.072234 -0.000230566 0.00811346 -0.0324644 -0.000163551 -0.00209007 0.0242623
internal_weight=820.787 155.254 665.533 21.0338 15.0669 134.22 106.62 27.5996 650.466 602.913 47.5531
internal_count=2417 573 1844 50 57 523 404 119 1787 1661 126
is_linear=0
shrinkage=0.1


Tree=52
num_leaves=11
num_cat=0
split_feature=2 2 6 4 3 6 6 7 6 2
split_gain=1.61152 7.27647 7.05904 4.28018 2.21061 1.8871 6.56247 8.66124 6.25058 2.68194
threshold=0.30327762813801967 0.28181836307034952 3.0731711122224548 2.4350585937500004 0.55399019532167026 1.2599284047054653 1.1698875711102266 1.2617361518128976 1.4384421672827139 0.81345191151655616
decision_type=2 2 2 2 2 2 2 2 2 2
left_child=1 2 -1 -3 -5 6 7 -2 -7 -10
right_child=5 3 -4 4 -6 8 -8 -9 9 -11
leaf_value=-0.036199581402002107 0.056450365381992024 0.0031865687337200702 0.12769681097492988 -0.061769739776291424 -0.15815953625117019 -0.099564988048748734 0.13016237321346147 -0.12597043650967793 0.0023793926043501508 -0.031220193080475751
leaf_weight=5.7443859577178973 7.4829474706202763 5.1807271540164939 4.8437710404396057 4.7780168429017049 4.739369735121727 6.1916383206844321 5.011835988610982 3.9908553380519152 747.68481050245464 24.536060519516468
leaf_count=34 33 23 11 18 22 37 16 29 2107 87
internal_value=0.000427913 -0.0244249 0.0387782 -0.0699549 -0.109769 0.0012185 0.0346992 -0.00699983 0.000509428 0.00131182
internal_weight=820.184 25.2863 10.5882 14.6981 9.51739 794.898 16.4856 11.4738 778.413 772.221
internal_count=2417 108 45 63 40 2309 78 62 2231 2194
is_linear=0
shrinkage=0.1


Tree=53
num_leaves=11
num_cat=0
split_feature=7 7 9 2 8 9 2 8 5 9
split_gain=1.52074 8.68729 6.37453 9.74007 8.55194 8.41835 5.29715 4.84807 3.03769 4.36204
threshold=3.9160889387130742 3.7511082780838483 3.8709774873748475 0.35199563932681516 3.8135463072373983 3.966498190014343 0.48322010823991463 5.2708809458448664 3.1377022034578053 4.6422565188351035
decision_type=2 2 2 2 2 2 2 2 2 2
left_child=1 8 3 -2 -5 -4 -3 -7 9 -1
right_child=2 6 5 4 -6 7 -8 -9 -10 -11
leaf_value=-0.00048962629438266164 0.025590844522650136 0.031770143535230097 0.10028191362037522 -0.01022933380557681 -0.17096378433515802 -0.0203651677179735 0.13657628769802874 0.0028307744516117683 -0.069030622473887568 0.095851211444189677
leaf_weight=122.7412254139781 9.3372106552124041 13.570191204547884 8.2888792008161527 5.5168137103319159 8.2755719870328885 108.7896641343832 7.4809914827346793 524.5979925096035 6.1008425354957572 4.8867998719215384
leaf_count=490 31 37 19 18 35 340 13 1401 23 10
internal_value=0.000376325 0.00930363 -0.00170213 -0.0532785 -0.106672 0.000156969 0.0690153 -0.00115332 -9.59898e-05 0.00319921
internal_weight=819.586 154.78 664.806 23.1296 13.7924 641.677 21.0512 633.388 133.729 127.628
internal_count=2417 573 1844 84 53 1760 50 1741 523 500
is_linear=0
shrinkage=0.1


Tree=54
num_leaves=9
num_cat=0
split_feature=0 0 7 9 2 3 6 5
split_gain=1.54456 2.69885 2.44453 4.42838 2.06639 6.52506 4.61601 1.96017
threshold=0.81338554738613322 0.78786029621700526 5.6474434891919509 3.8709774873748475 0.58454277014088085 0.89436512607969476 6.837095126173895 5.1348909834384964
decision_type=2 2 2 2 2 2 2 2
left_child=1 4 3 -2 6 -6 -1 -4
right_child=2 -3 7 -5 5 -7 -8 -9
leaf_value=-0.00079981365081601959 0.00083982202987266635 -0.057108679603645601 -0.041531677324135721 0.10641717480467966 0.016982399105115367 -0.042491896988730342 -0.043887502636535472 0.035953179567541703
leaf_weight=582.31783554330468 8.6696613579988533 8.3337284177541715 7.707086116075514 7.3333731591701499 151.76217196136713 20.999530591070652 25.972334995865822 5.6642947047948837
leaf_count=1732 29 27 26 15 428 65 81 14
internal_value=0.000335483 -0.000502364 0.0228511 0.0492205 0.000101618 0.00975318 -0.00263954 -0.00870806
internal_weight=818.76 789.386 29.3744 16.003 781.052 172.762 608.29 13.3714
internal_count=2417 2333 84 44 2306 493 1813 40
is_linear=0
shrinkage=0.1


Tree=55
num_leaves=15
num_cat=0
split_feature=0 0 0 0 3 0 1 1 6 5 9 0 7 1
split_gain=1.39696 3.87096 9.36756 7.7647 6.59985 5.21719 5.00901 3.38237 7.28721 14.3179 12.5534 6.54896 8.56503 4.28472
threshold=0.53674328327178966 0.62758924299851071 0.62569549394754753 0.63717494369484495 0.6905413000467352 0.64168794546276342 0.53155690813437595 0.44862516942919278 3.2141586329442071 2.3791187249779377 6.1510518082812657 0.50914318134130554 9.8456650036531972 0.41008775430773098
decision_type=2 2 2 2 2 2 2 2 2 2 2 2 2 2
left_child=7 2 4 6 -2 -5 -3 11 9 -9 -10 12 -1 -13
right_child=1 3 -4 5 -6 -7 -8 8 10 -11 -12 13 -14 -15
leaf_value=-0.013270725846643501 -0.00053475354507667445 0.011125499994415316 -0.12245437221087148 -0.082446615513612265 -0.049699823572647593 0.00096445776017467044 0.092610515668165375 -0.011098104683660513 -0.047665215543286385 0.092071422787022544 0.018496138628272207 -0.013902495785695253 -0.13153806961950762 0.041720144850171767
leaf_weight=102.2756419479847 144.43163105845451 15.000734388828279 7.7045393809676161 7.7657544389367095 33.668404892086983 218.10313814692199 15.175926864147185 24.813887558877468 38.039871543645859 29.377199366688728 116.53215743601322 22.086527645587921 6.5134699046611777 37.132191952317953
leaf_count=305 468 44 32 28 111 641 31 92 120 62 291 76 23 93
internal_value=0.000303094 -0.00351153 -0.0144991 0.00446183 -0.00982902 -0.00190336 0.0521045 0.00477662 0.0132764 0.0448305 0.00221396 -0.00578508 -0.0203517 0.0209748
internal_weight=818.621 441.85 185.805 256.046 178.1 225.869 30.1767 376.771 208.763 54.1911 154.572 168.008 108.789 59.2187
internal_count=2417 1355 611 744 579 669 75 1062 565 154 411 497 328 169
is_linear=0
shrinkage=0.1


Tree=56
num_leaves=12
num_cat=0
split_feature=4 5 5 8 1 1 0 6 9 6 5
split_gain=1.44467 4.7849 8.83319 5.40281 3.02812 4.40723 4.21775 3.65712 2.89295 7.56709 6.99568
threshold=7.1268603409560001 6.2168168500383656 6.1025337804431308 9.943120865588881 0.48066782101883249 0.65599638723148923 0.40625000001500672 6.837095126173895 9.9607360261122171 6.3433642982988365 6.8377936305489548
decision_type=2 2 2 2 2 2 2 2 2 2 2
left_child=1 2 3 -1 6 7 -2 -6 9 -3 -10
right_child=4 8 -4 -5 5 -7 -8 -9 10 -11 -12
leaf_value=-0.0013169163609846491 0.021623178290668905 -0.060122982737984478 0.081987801091412252 0.085597803911582532 0.071016309158118573 -0.038622899191446604 -0.088735074267220201 0.01255438158725946 -0.14403952224105809 0.032364940326023488 -0.0044883358606216872
leaf_weight=680.62480937503278 7.9018376618623716 18.339288532733917 13.263198003172873 7.2280478477478018 19.359657853841782 8.8834210932254773 6.1651563346385956 23.922217950224876 6.6433663219213468 17.089731335639954 7.8214505463838577
leaf_count=2056 20 56 27 15 41 26 23 66 24 42 21
internal_value=0.000274284 -0.000974312 0.00115501 -0.000403605 0.0144321 0.0255357 -0.0267436 0.038704 -0.0308959 -0.01551 -0.0685811
internal_weight=817.242 751.01 701.116 687.853 66.2323 52.1653 14.067 43.2819 49.8938 35.429 14.4648
internal_count=2417 2241 2098 2071 176 133 43 107 143 98 45
is_linear=0
shrinkage=0.1


Tree=57
num_leaves=10
num_cat=0
split_feature=1 7 6 1 1 6 7 6 5
split_gain=1.4625 8.86217 6.06116 2.34222 11.0151 6.51833 13.0101 9.75216 3.8978
threshold=0.68171819176020454 6.9738171100616464 5.9909269188769887 0.60157989919066246 0.59770690316666342 4.598206788798227 8.4689263677789395 3.0731711122224548 6.8377936305489548
decision_type=2 2 2 2 2 2 2 2 2
left_child=3 -2 -3 4 8 7 -7 -5 -1
right_child=1 2 -4 5 -6 6 -8 -9 -10
leaf_value=-0.0022909620398805087 0.07311135884085472 -0.096207440491732785 0.035281862968886572 -0.033435944531397657 0.084823957910701478 -0.096456930165611326 -0.00094679927957678665 0.031977092256608768 0.027437131641814733
leaf_weight=568.35537648946047 15.900509908795359 7.625482499599455 6.4888613224029541 38.90766453742981 15.705206230282782 22.984216317534447 37.582595378160477 55.023061692714691 47.815230548381805
leaf_count=1710 37 25 16 149 33 80 100 142 125
internal_value=0.000252112 0.0219164 -0.0357572 -0.000574787 0.00212385 -0.0116119 -0.0371915 0.00488193 1.59569e-05
internal_weight=816.388 30.0149 14.1143 786.373 631.876 154.498 60.5668 93.9307 616.171
internal_count=2417 78 41 2339 1868 471 180 291 1835
is_linear=0
shrinkage=0.1


Tree=58
num_leaves=13
num_cat=0
split_feature=5 5 9 6 6 5 4 4 3 5 7 7
split_gain=1.40532 15.0806 8.38487 10.3506 7.612 9.97346 8.12741 10.1204 8.10265 4.64176 4.3015 4.19233
threshold=3.286214263292432 3.4901009911593017 4.2191622899644221 3.5181716132197547 2.9101560707858467 3.1000249864310336 3.2184631228446965 2.838404165549536 0.62010571681005111 3.3856743608826334 5.3251904100179681 5.9618402411811084
decision_type=2 2 2 2 2 2 2 2 2 2 2 2
left_child=4 9 -3 -4 5 8 7 -6 -1 10 -2 -11
right_child=1 2 3 -5 6 -7 -8 -9 -10 11 -12 -13
leaf_value=-0.017938549555259625 0.0039077717843422682 0.086514608507681001 -0.069540110202878105 0.0028295942025990703 0.050912983879467993 -0.10794899219049531 0.10880311405255697 -0.035958682284977957 0.024796376804237269 -0.12781894182962589 -0.099530065157692083 -0.01989338722679479
leaf_weight=100.22986017353833 12.713918641209604 11.427282519638537 20.597458869218826 487.79552765190601 36.343513801693916 8.8178453147411329 12.168636023998259 21.25230111181736 79.60415830463171 13.702455893158914 5.8795007318258277 4.8813905566930762
leaf_count=402 39 28 72 1311 90 34 25 66 259 56 21 14
internal_value=0.000228929 -0.00259876 0.00180166 -0.000102453 0.00632381 -0.00411319 0.0345468 0.0188582 0.000978215 -0.0641264 -0.0288007 -0.0994703
internal_weight=815.414 556.998 519.82 508.393 258.416 188.652 69.7645 57.5958 179.834 37.1773 18.5934 18.5838
internal_count=2417 1541 1411 1383 876 695 181 156 661 130 60 70
is_linear=0
shrinkage=0.1


Tree=59
num_leaves=12
num_cat=0
split_feature=2 4 4 2 3 9 2 0 7 4 6
split_gain=1.33843 5.82273 9.36322 3.95886 5.69514 4.68748 4.54838 8.24647 3.83848 3.35916 2.23748
threshold=0.33066218256628049 6.1785087206135234 5.718927899268091 0.34794905616100918 0.55590091741440317 5.5566478123163394 0.35830562094392571 0.57812511920928966 3.4686438292264943 3.4599571154394657 1.2599284047054653
decision_type=2 2 2 2 2 2 2 2 2 2 2
left_child=1 2 8 4 5 -2 7 -5 -1 -6 -8
right_child=3 -3 -4 6 9 -7 10 -9 -10 -11 -12
leaf_value=-0.063571811369892456 -0.056542474784753716 -0.10538656293796245 0.10986105036193966 0.0093477135232097261 0.1137798244694299 0.055831202764498961 0.038392126838861541 -0.15322655458021373 -0.0029169485962951412 0.020597445211360463 0.00016213809679016934
leaf_weight=13.416329694911836 8.5801639333367365 6.2041397392749777 6.5063840448856345 7.406345106661318 9.894397474825384 6.5424859821796408 15.661021322011946 5.3912332057952881 46.927602618932724 6.352503851056098 681.36926855891943
leaf_count=108 35 24 13 22 24 15 63 26 153 17 1917
internal_value=0.000199971 -0.0127141 -0.00411348 0.00147282 0.0362377 -0.00792644 -6.35532e-05 -0.0591399 -0.0164024 0.0773457 0.0010211
internal_weight=814.252 73.0545 66.8503 741.197 31.3696 15.1226 709.828 12.7976 60.3439 16.2469 697.03
internal_count=2417 298 274 2119 91 50 2028 48 261 41 1980
is_linear=0
shrinkage=0.1


Tree=60
num_leaves=8
num_cat=0
split_feature=2 2 6 4 6 4 4
split_gain=1.46578 5.6973 5.12136 4.05787 2.15327 1.31839 3.52739
threshold=0.28181836307034952 0.30327762813801967 3.0731711122224548 2.4137837886810307 3.9162959704536746 0.87757873535156261 1.3779907226562502
decision_type=2 2 2 2 2 2 2
left_child=2 3 -1 -2 -5 -3 -7
right_child=1 5 -4 4 -6 6 -8
leaf_value=-0.028881283590369178 0.010107414982928567 0.038642400913145372 0.11229575561172184 -0.14744335992354959 -0.050847586551060822 -0.047007919593608616 0.0013360575466719482
leaf_weight=5.4537078030407411 4.9420205242931834 9.1112687569111568 4.8588139563798904 4.9161663651466352 4.3493726849555969 15.396767150610684 764.36743157729506
leaf_count=34 22 35 11 26 15 95 2179
internal_value=0.00017409 -0.000306955 0.0376352 -0.0630693 -0.1021 0.000823387 0.000381486
internal_weight=813.396 803.083 10.3125 14.2076 9.26554 788.875 779.764
internal_count=2417 2372 45 63 41 2309 2274
is_linear=0
shrinkage=0.1


Tree=61
num_leaves=9
num_cat=0
split_feature=7 7 3 9 4 6 3 3
split_gain=1.31192 6.98013 5.62763 5.22127 7.58336 4.31078 2.69294 4.03683
threshold=3.9160889387130742 3.7511082780838483 0.56078258192011587 3.4745971437379759 1.9847794771194462 2.1656836765780354 0.94100633121243804 0.80718122226656341
decision_type=2 2 2 2 2 2 2 2
left_child=1 6 -3 -2 -5 -6 7 -1
right_child=3 2 -4 4 5 -7 -8 -9
leaf_value=-0.0035116440898470638 -0.082397561414061543 0.099375525373226095 -0.01043077542069513 -0.12495189852725944 0.072863174480721452 -0.00078085829412330877 -0.055873695825505554 0.048985625641511814
leaf_weight=107.28683162108064 7.9377707839012137 13.806896030902864 7.050868719816207 4.883156180381774 8.0485656410455686 638.74859702587128 8.0941569656133634 16.963608682155609
leaf_count=442 33 30 20 19 20 1772 31 50
internal_value=0.000152494 0.00848871 0.062256 -0.00178367 -0.000801755 0.000135548 1.48805e-05 0.00365568
internal_weight=812.82 153.202 20.8578 659.618 651.68 646.797 132.345 124.25
internal_count=2417 573 50 1844 1811 1792 523 492
is_linear=0
shrinkage=0.1


Tree=62
num_leaves=12
num_cat=0
split_feature=0 0 6 7 6 0 3 0 7 9 5
split_gain=1.3872 2.34063 7.88398 18.7122 6.16865 5.01496 4.89648 3.81727 2.03825 3.42174 1.60787
threshold=0.81338554738613322 0.7028810096146807 3.9493032890522128 4.7531981328211268 5.1018591702576961 0.66562181711196911 0.54974517732888295 0.65625572204589855 5.6474434891919509 3.8709774873748475 5.1348909834384964
decision_type=2 2 2 2 2 2 2 2 2 2 2
left_child=1 5 3 -3 -4 7 -7 -1 9 -2 -10
right_child=8 2 4 -5 -6 6 -8 -9 10 -11 -12
leaf_value=0.00078689867717437578 0.0029920812661343981 -0.044617361203765596 -0.071112153288026086 0.069523699505135025 -0.0063228758200586412 -0.018340601701931632 0.06123506363947985 -0.048359653240785935 -0.037046140712942023 0.096307084630073675 0.033343006875625213
leaf_weight=613.96776019223034 8.5627087503671664 28.656021503731608 30.110804975032806 28.795766115188599 28.704723104834557 11.028944760560988 25.871440574526787 16.221536412835121 7.6776194125413877 7.2623903751373282 5.6211388111114502
leaf_count=1824 29 123 97 68 78 32 59 52 26 15 14
internal_value=0.000134594 -0.00066213 -0.0137554 0.012592 -0.039492 0.00161991 0.0374511 -0.00047817 0.0215644 0.0458158 -0.00729395
internal_weight=812.481 783.357 116.267 57.4518 58.8155 667.09 36.9004 630.189 29.1239 15.8251 13.2988
internal_count=2417 2333 366 191 175 1967 91 1876 84 44 40
is_linear=0
shrinkage=0.1


Tree=63
num_leaves=5
num_cat=0
split_feature=1 1 1 1
split_gain=1.31248 3.58799 2.48007 4.23236
threshold=0.40177115929457213 0.40541753458991697 0.40664989690397862 0.41008775430773098
decision_type=2 2 2 2
left_child=-1 -2 -3 -4
right_child=1 2 3 -5
leaf_value=0.03756310966355994 -0.061646634375368561 0.058149086283615016 -0.056481886685090091 0.00083330854521291957
leaf_weight=9.2558897696435434 9.4249062910675985 7.3723506182432166 13.102282857522367 772.55433478020132
leaf_count=27 36 18 45 2291
internal_value=0.000122083 -0.00030978 0.00041919 -0.000122529
internal_weight=811.71 802.454 793.029 785.657
internal_count=2417 2390 2354 2336
is_linear=0
shrinkage=0.1


Tree=64
num_leaves=8
num_cat=0
split_feature=1 2 6 2 5 4 7
split_gain=1.25009 1.39454 3.0102 3.91796 2.73231 1.62424 4.18797
threshold=0.69664967521211907 0.81345191151655616 1.1698875711102266 0.64209210770915348 0.94595051734602553 4.8621949870139369 5.4955332331392137
decision_type=2 2 2 2 2 2 2
left_child=1 2 4 -4 -1 6 -3
right_child=-2 5 3 -5 -6 -7 -8
leaf_value=-0.0071328401927187191 0.04136344811918316 -0.010820111880063758 -0.001266233605507099 0.022173874406703282 -0.12572362254043776 0.028141815111753954 -0.11358485114866808
leaf_weight=4.2657134514302006 7.2796377241611472 17.97973910719157 688.6413635071367 79.545393094420433 3.5676769558340311 5.2498468011617652 5.0878455936908713
leaf_count=23 18 74 2029 209 31 13 20
internal_value=0.000110011 -0.000263352 0.000532049 0.00116098 -0.0611444 -0.0220608 -0.0334862
internal_weight=811.617 804.338 776.02 768.187 7.83339 28.3174 23.0676
internal_count=2417 2399 2292 2238 54 107 94
is_linear=0
shrinkage=0.1


Tree=65
num_leaves=12
num_cat=0
split_feature=7 7 3 9 2 8 9 8 8 9 4
split_gain=1.3072 5.58233 4.73657 4.58008 7.66274 7.88761 5.72184 4.21871 2.58962 7.14986 3.54357
threshold=3.9160889387130742 3.7511082780838483 0.56078258192011587 3.8709774873748475 0.35199563932681516 3.8135463072373983 3.966498190014343 5.2708809458448664 3.8580796890257045 4.6297743388341397 3.0834560909760671
decision_type=2 2 2 2 2 2 2 2 2 2 2
left_child=1 8 -3 4 -2 -6 -5 -8 10 -10 -1
right_child=3 2 -4 6 5 -7 7 -9 9 -11 -12
leaf_value=0.0014534986434179102 0.023610907517681193 0.090509665878257969 -0.010371734151464584 0.082439039844916254 -0.0014526154079356833 -0.1590252722147886 -0.019392023187354224 0.0023698561510999438 -0.11953257886708313 0.034739166925217696 0.082827369577925122
leaf_weight=114.00118509680033 9.2304242625832575 13.819011613726618 7.0176682472228995 8.2557741254568082 5.339891314506529 7.8421051651239395 107.49364194273949 520.07379569113255 6.0891916453838331 5.9296067655086517 5.6150277107954016
leaf_count=468 31 30 20 19 18 35 340 1401 25 15 15
internal_value=9.68883e-05 0.00844012 0.0565334 -0.00183571 -0.046265 -0.0951942 -0.000269605 -0.00135765 0.000827374 -0.0434209 0.00527335
internal_weight=810.707 152.472 20.8367 658.236 22.4124 13.182 635.823 627.567 131.635 12.0188 119.616
internal_count=2417 573 50 1844 84 53 1760 1741 523 40 483
is_linear=0
shrinkage=0.1


Tree=66
num_leaves=14
num_cat=0
split_feature=5 5 9 6 6 6 4 4 5 8 5 0 6
split_gain=1.25359 12.1315 6.5132 8.68094 5.76657 9.31448 6.80817 14.8262 5.24567 5.16267 4.04671 3.69488 3.67642
threshold=3.286214263292432 3.4901009911593017 4.2191622899644221 3.5181716132197547 2.9101560707858467 2.8187202957724442 3.0834560909760671 2.838404165549536 3.1000249864310336 4.8602448313666402 3.3856743608826334 0.53858342766761791 3.7535316595922912
decision_type=2 2 2 2 2 2 2 2 2 2 2 2 2
left_child=4 10 -3 -4 5 8 7 -6 -1 -8 11 -2 -12
right_child=1 2 3 -5 6 -7 9 -9 -10 -11 12 -13 -14
leaf_value=0.0052786860740624657 0.016120733406254764 0.076315793031133505 -0.064290965056314139 0.0023380910991916072 0.045422997952063865 -0.10045201511642687 0.13078486675000453 -0.074969402446055003 -0.084901011246155789 0.026082531627927487 -0.12050463154043148 -0.07372024657350032 -0.020454092849674858
leaf_weight=170.23469996079803 9.9100987315177935 11.331591591238974 20.373668298125267 486.13819446414709 36.089718781411648 9.3691313266754133 10.039602622389795 14.274956092238424 6.7043868750333777 8.8701629191637021 12.900255203247072 8.5076451450586301 5.1345090866088858
leaf_count=632 29 28 72 1311 90 37 20 49 26 22 54 31 16
internal_value=8.19172e-05 -0.00258962 0.00133548 -0.000341961 0.00587583 -0.00328349 0.0305091 0.0112999 0.00186169 0.0816713 -0.0583496 -0.0253792 -0.0920202
internal_weight=809.879 554.296 517.843 506.512 255.583 186.308 69.2744 50.3647 176.939 18.9098 36.4525 18.4177 18.0348
internal_count=2417 1541 1411 1383 876 695 181 139 658 42 130 60 70
is_linear=0
shrinkage=0.1


Tree=67
num_leaves=9
num_cat=0
split_feature=0 0 7 4 9 1 1 3
split_gain=1.19979 2.24221 1.76189 2.9944 2.54208 1.6508 4.05721 2.14829
threshold=0.81338554738613322 0.78786029621700526 5.6474434891919509 5.2723787410650411 3.8709774873748475 0.68171819176020454 0.66666336268769599 0.80073439006914382
decision_type=2 2 2 2 2 2 2 2
left_child=1 5 4 -4 -2 6 -1 -7
right_child=2 -3 3 -5 -6 7 -8 -9
leaf_value=0.00072566586478101114 0.0056334101393264949 -0.052640386920377896 -0.052326253752033702 0.043145551660089945 0.086702311361883111 -0.0054213676260533731 -0.035536043731003018 0.064640470703317729
leaf_weight=722.0042916405946 8.4143667072057742 8.2149945944547635 6.8881309628486616 6.2806189507246017 7.158685788512229 8.5998711585998553 32.232904650270939 8.9118078947067243
leaf_count=2143 29 27 25 15 15 23 120 20
internal_value=6.6935e-05 -0.000672462 0.0201319 -0.00679254 0.0428995 -0.000119282 -0.000824006 0.0302336
internal_weight=808.706 779.964 28.7418 13.1687 15.5731 771.749 754.237 17.5117
internal_count=2417 2333 84 40 44 2306 2263 43
is_linear=0
shrinkage=0.1


Tree=68
num_leaves=10
num_cat=0
split_feature=0 6 5 5 0 9 8 0 8
split_gain=1.11807 5.63155 6.03064 5.42714 3.70567 2.97528 5.48682 9.92985 4.15981
threshold=0.54171105058975411 7.2739843180630439 7.4104590564490822 8.3457308615919441 0.62758924299851071 10.822848485879881 9.8271667312360478 0.42444229125976568 9.4596046170678125
decision_type=2 2 2 2 2 2 2 2 2
left_child=5 2 4 -3 -2 6 8 -8 -1
right_child=1 3 -4 -5 -6 -7 7 -9 -10
leaf_value=0.0033299653175831454 -0.015037524548962795 -0.13251530397973793 0.071800547934891865 -0.0027701129519647491 0.0045398168300186514 0.053552587102169195 -0.1247694388197832 0.024490618294690181 0.070284848036990949
leaf_weight=344.80488837324083 163.19773843698204 6.5385430604219419 10.944103956222532 6.3597445487976074 237.2295402996242 11.732834219932554 9.1059453189373034 8.7304852902889234 9.5357840806245786
leaf_count=989 552 25 24 19 703 31 32 22 20
internal_value=6.06443e-05 -0.00347749 -0.00143743 -0.068542 -0.0034391 0.00397073 0.00240767 -0.0517104 0.00513181
internal_weight=808.18 424.27 411.371 12.8983 400.427 383.91 372.177 17.8364 354.341
internal_count=2417 1323 1279 44 1255 1094 1063 54 1009
is_linear=0
shrinkage=0.1


Tree=69
num_leaves=15
num_cat=0
split_feature=3 3 5 4 4 8 1 6 6 1 4 5 9 9
split_gain=1.18171 5.35223 4.7773 8.90332 6.14154 4.75401 10.8179 9.95056 12.4965 9.45067 5.33237 4.19722 5.88198 5.5297
threshold=0.58051883331558429 0.59712492894101032 4.41965753381655 4.987536072731019 2.4845039248466496 5.2708809458448664 0.66878425471945258 2.1362484760447242 2.4437558123266703 0.6492509722857398 2.5001220703125004 3.1509091454595857 2.9467919048915472 8.5154324592377222
decision_type=2 2 2 2 2 2 2 2 2 2 2 2 2 2
left_child=5 2 4 -4 -2 7 9 10 -9 -7 -1 12 -3 -13
right_child=1 11 3 -5 -6 6 -8 8 -10 -11 -12 13 -14 -15
leaf_value=0.010641944465966297 -0.0029679576979691679 -0.027355167198015548 0.0643130300938108 -0.07178519752552312 -0.14655454820750052 0.011168697822136447 -0.08973000527861584 -0.11182533093771747 -0.013437700909287132 0.094649570831708579 0.093259959097797579 -0.017459201683754772 0.029219112734903921 0.014647268951704359
leaf_weight=39.108432836830616 4.8518187049776298 23.761928496882319 8.5635715276002902 10.956601873040198 7.7165684401988983 240.97810809314251 10.084718599915503 15.042735416442154 91.027265757322311 14.369535788893698 9.762226924300192 171.8737425506115 81.100916624069214 77.982454508543015
leaf_count=176 21 118 20 36 31 636 33 72 305 29 25 499 214 202
internal_value=5.93485e-05 -0.00392943 -0.0430394 -0.0120784 -0.0911253 0.00372964 0.0118545 -0.0101893 -0.0273909 0.0158665 0.0271454 -0.000391473 0.0163994 -0.00743847
internal_weight=807.181 386.808 32.0886 19.5202 12.5684 420.373 265.432 154.941 106.07 255.348 48.8707 354.719 104.863 249.856
internal_count=2417 1141 108 56 52 1276 698 578 377 665 201 1033 332 701
is_linear=0
shrinkage=0.1


Tree=70
num_leaves=7
num_cat=0
split_feature=3 3 3 0 9 2
split_gain=1.23861 2.22456 5.11295 5.05666 7.08266 2.38018
threshold=0.52891859876708158 0.54709185873033694 0.5479161043459182 0.78212749958038341 6.6211158315824425 0.30327762813801967
decision_type=2 2 2 2 2 2
left_child=-1 3 -3 4 -2 -4
right_child=1 2 5 -5 -6 -7
leaf_value=0.028947521918736313 -0.0044433640618187888 0.080443115606252891 -0.032424767847250402 0.033659532328744982 -0.11008830912060559 0.00082727336928641731
leaf_weight=14.563658773899077 15.350116342306139 7.9535016864538184 22.186062648892403 10.633635982871054 10.818551555275915 724.12916458956897
leaf_count=36 47 18 104 28 37 2147
internal_value=4.93799e-05 -0.000482636 0.000688719 -0.0244897 -0.0481187 -0.000161226
internal_weight=805.635 791.071 754.269 36.8023 26.1687 746.315
internal_count=2417 2381 2269 112 84 2251
is_linear=0
shrinkage=0.1


Tree=71
num_leaves=9
num_cat=0
split_feature=2 2 6 4 9 6 6 7
split_gain=1.13948 4.47844 3.95205 3.07187 2.38272 1.64751 4.62181 3.84775
threshold=0.28181836307034952 0.30327762813801967 3.0731711122224548 2.4350585937500004 6.226586884981586 1.2599284047054653 1.1698875711102266 2.8004584312438969
decision_type=2 2 2 2 2 2 2 2
left_child=2 3 -1 -2 -5 6 -3 -7
right_child=1 5 -4 4 -6 7 -8 -9
leaf_value=-0.026228731848490117 0.0055778338558523802 -0.004252605311595793 0.098857677794246451 -0.14156297867744724 -0.036964925074820826 -0.032419061847758009 0.11025325292875238 0.0015000988344888357
leaf_weight=5.300344290211795 4.9986547194421282 11.100566063076259 4.8252330124378204 4.6610007509589177 4.0879027917981148 35.049024049192667 5.1651889048516741 730.24216537177563
leaf_count=34 23 62 11 26 14 177 16 2054
internal_value=4.51796e-05 -0.000379227 0.0333798 -0.0569594 -0.0926898 0.000616016 0.0321087 -5.33406e-05
internal_weight=805.43 795.305 10.1256 13.7476 8.7489 781.557 16.2658 765.291
internal_count=2417 2372 45 63 40 2309 78 2231
is_linear=0
shrinkage=0.1


Tree=72
num_leaves=11
num_cat=0
split_feature=7 7 2 8 0 6 0 5 5 4
split_gain=1.08361 4.34324 4.18125 4.02416 2.56229 5.12388 3.78309 2.33667 2.78452 1.71313
threshold=3.9160889387130742 3.7511082780838483 0.48322010823991463 3.9261555135095798 0.64960492590034857 3.2675046764002218 0.75000000002921807 2.3198400844370251 3.286214263292432 3.4599571154394657
decision_type=2 2 2 2 2 2 2 2 2 2
left_child=1 4 -3 9 5 -1 -6 -5 -9 -2
right_child=3 2 -4 7 6 -7 -8 8 -10 -11
leaf_value=0.013508891613706192 -0.10530029052290656 0.017662154222789658 0.11239369182086389 -0.046878052695493916 -0.093231827542993653 -0.081304874037836788 -0.0052736009795848167 0.016353682972163656 -0.0026756212831151186 -0.020280073915442353
leaf_weight=97.847967356443405 5.1526358127593976 13.520633712410929 7.1090854257345191 10.807653367519377 6.4870093781501081 6.0523026883602133 19.860312607139349 89.55851699411869 543.87428003549576 4.3885133787989616
leaf_count=381 22 37 13 38 46 23 73 250 1516 18
internal_value=3.63129e-05 0.00767527 0.050307 -0.00172658 0.000922894 0.00798589 -0.0269299 -0.000771811 1.48556e-05 -0.0661947
internal_weight=804.659 150.877 20.6297 653.782 130.248 103.9 26.3473 644.24 633.433 9.54115
internal_count=2417 573 50 1844 523 404 119 1804 1766 40
is_linear=0
shrinkage=0.1


Tree=73
num_leaves=13
num_cat=0
split_feature=3 3 6 2 6 9 3 3 6 0 0 1
split_gain=1.01911 10.0471 4.75578 14.1171 7.68738 5.79821 4.8606 4.1471 4.45634 4.21266 4.13954 2.57159
threshold=0.68370646811665092 0.64820088703593892 3.2417806861109821 0.40313614263507708 3.8120217710696438 4.8507340060300432 1.0540933479004779 0.6257239731806431 2.9101560707858467 0.53323799744248401 0.53125077492001127 0.52495031309508278
decision_type=2 2 2 2 2 2 2 2 2 2 2 2
left_child=1 7 5 10 -5 6 -2 8 -1 -9 -4 -3
right_child=2 11 3 4 -6 -7 -8 9 -10 -11 -12 -13
leaf_value=-0.016329112554030648 0.0099688485187144418 0.033978175827144262 -0.17121870376951925 -0.069450807811423682 0.00071786205572487187 0.069217137404857729 -0.083696707478350452 0.0035460749099335493 0.0061090516478907557 -0.10321983654945358 -0.051683490077669959 0.098658411496511139
leaf_weight=114.25861094985157 63.640041254460812 12.866512745618822 6.7750293090939504 17.526067957282066 143.05139167606831 15.623068436980246 6.068560615181922 7.0264382362365705 392.80558132380247 7.796155720949173 5.0613935589790344 11.77002005279064
leaf_count=472 209 31 30 61 388 35 24 19 1080 26 19 23
internal_value=3.02028e-05 0.00247477 -0.00515325 -0.0147094 -0.00694063 0.0141552 0.00181469 -0.000471125 0.00105298 -0.052609 -0.120104 0.0648789
internal_weight=804.269 546.523 257.746 172.414 160.577 85.3317 69.7086 521.887 507.064 14.8226 11.8364 24.6365
internal_count=2417 1651 766 498 449 268 233 1597 1552 45 49 54
is_linear=0
shrinkage=0.1


Tree=74
num_leaves=12
num_cat=0
split_feature=6 5 2 5 9 3 3 7 4 2 4
split_gain=1.11757 7.06419 9.13466 7.50497 7.0077 5.17171 7.18512 6.52101 3.49436 10.8781 5.18187
threshold=2.0936865887352445 2.3791187249779377 0.59538882110655866 1.9388229361302576 3.8106379835685709 0.55901229689493348 0.55547429874277376 3.4052793448975751 2.8110029219240102 0.48658039023704208 3.0000676140189175
decision_type=2 2 2 2 2 2 2 2 2 2 2
left_child=4 2 3 -2 5 6 -1 -7 9 -3 -10
right_child=1 8 -4 -5 -6 7 -8 -9 10 -11 -12
leaf_value=-0.015734217075195896 0.039617682906669102 -0.0068809051021230406 0.037569572355008553 -0.10454070480217995 0.12290223390093001 -0.0045748605890215529 0.076265357935210776 -0.12026850868649873 -0.045857613697724592 0.072349865426838786 0.00038483273575214458
leaf_weight=16.388848442584276 4.4134307280182865 48.792253032326698 9.4425041228532773 19.871323272585869 5.255083516240119 33.62814936414361 17.611586495302618 5.6972560733556739 25.271750502288342 26.872478500008583 589.49071410298347
leaf_count=72 17 151 28 90 10 165 65 23 87 59 1650
internal_value=2.58893e-05 -0.00120323 -0.0458905 -0.0783418 0.0113527 0.00335821 0.0319198 -0.0213359 0.000979739 0.0212581 -0.00151611
internal_weight=802.735 724.154 33.7273 24.2848 78.5809 73.3258 34.0004 39.3254 690.427 75.6647 614.762
internal_count=2417 2082 135 107 335 325 137 188 1947 210 1737
is_linear=0
shrinkage=0.1


Tree=75
num_leaves=12
num_cat=0
split_feature=0 1 1 1 2 4 8 2 2 4 2
split_gain=1.20082 2.49446 4.5813 8.30902 4.51756 12.3879 6.88046 1.66638 2.07965 2.39578 1.18448
threshold=0.81338554738613322 0.62131772239939964 0.61249150407186914 0.60157989919066246 0.60030631881002294 3.1162942436058079 9.1625059274172305 0.49056813848582126 0.41930671306477713 3.6286746799160032 0.5495985470503133
decision_type=2 2 2 2 2 2 2 2 2 2 2
left_child=1 2 3 -1 5 -3 -6 8 9 -2 -4
right_child=7 4 10 -5 6 -7 -8 -9 -10 -11 -12
leaf_value=0.0019767481826402215 -0.014104819722434853 0.038222548855196256 0.027519339875939172 -0.075014708826844939 0.016165607992662315 -0.066544597610359482 -0.082145092431653563 0.059089973835391933 -0.04178252316836089 0.068806346893283951 0.077445385203727179
leaf_weight=621.12352648377419 7.0571304410696083 16.059816755354404 10.658975303173067 14.340953558683394 56.488444373011589 37.970402136445045 8.1454870700836164 7.9435455948114386 6.4634419977664939 6.8855556845664978 8.574683375656603
leaf_count=1868 25 45 28 48 172 125 27 18 22 19 20
internal_value=1.76567e-05 -0.000723335 0.00169455 0.00023923 -0.0140634 -0.0354039 0.00377601 0.0202315 0.00510491 0.0268406 0.0497772
internal_weight=801.712 773.362 654.698 635.464 118.664 54.0302 64.6339 28.3497 20.4061 13.9427 19.2337
internal_count=2417 2333 1964 1916 369 170 199 84 66 44 48
is_linear=0
shrinkage=0.1


Tree=76
num_leaves=9
num_cat=0
split_feature=7 2 8 6 2 3 6 6
split_gain=1.0944 2.6082 6.55023 4.20212 1.96499 6.49042 5.01301 0.740147
threshold=1.2059843298047783 0.81345191151655616 4.3180297517081927 4.598206788798227 0.58454277014088085 0.89436512607969476 6.837095126173895 2.6348542874986616
decision_type=2 2 2 2 2 2 2 2
left_child=-1 4 7 -4 6 -6 -2 -3
right_child=1 2 3 -5 5 -7 -8 -9
leaf_value=0.041264772696908911 0.00021139543016556752 -0.13201638879660216 0.051693851455554655 -0.048046455412344341 0.019802352506090248 -0.043837405044412872 -0.044137719706442584 -0.07137284525673819
leaf_weight=6.3816815968602887 603.48850816302001 4.6042040884494799 8.7399209439754504 8.1750736683607084 121.77196959406137 18.454304337501526 26.611493445932865 3.5754280239343643
leaf_count=29 1824 30 22 29 326 57 85 15
internal_value=1.83628e-05 -0.000312558 -0.0320388 0.00348903 0.000720976 0.0114271 -0.00166163 -0.105508
internal_weight=801.803 795.421 25.0946 16.915 770.326 140.226 630.1 8.17963
internal_count=2417 2388 96 51 2292 383 1909 45
is_linear=0
shrinkage=0.1


Tree=77
num_leaves=11
num_cat=0
split_feature=7 8 9 1 8 1 3 6 6 4
split_gain=1.17303 2.65389 8.83582 2.2408 2.02678 7.67852 10.1914 3.48415 6.48412 5.18743
threshold=10.853459358215334 10.466976689125207 10.028540439426759 0.58426937138700696 8.3326188088490927 0.42526457385042477 0.74715416467208406 5.682444460540256 6.0982901055171874 6.5739265480822109
decision_type=2 2 2 2 2 2 2 2 2 2
left_child=4 -2 -3 -4 7 -6 -7 9 -9 -1
right_child=1 2 3 -5 5 6 -8 8 -10 -11
leaf_value=0.0010315511692948289 0.05593561331835735 -0.10913307152235907 0.046861028422489237 -0.013670415512147944 0.056096898247946073 -0.041178939986933505 0.023104512523231795 0.076708556967345534 -0.034375368525214507 -0.080336438416453715
leaf_weight=596.00959092378616 12.018102467060087 5.9595809727907172 17.32886299490929 9.4510485827922803 14.55268609523773 78.633715912699699 35.932195581495762 15.566174596548082 7.9325058758258811 7.939484477043151
leaf_count=1858 28 21 44 28 32 232 91 33 23 27
internal_value=1.44323e-05 0.0157448 0.0009915 0.0254985 -0.00091616 -0.0123259 -0.0210172 0.00143177 0.0392097 -3.81084e-05
internal_weight=801.324 44.7576 32.7395 26.7799 756.566 129.119 114.566 627.448 23.4987 603.949
internal_count=2417 121 93 72 2296 355 323 1941 56 1885
is_linear=0
shrinkage=0.1


Tree=78
num_leaves=5
num_cat=0
split_feature=6 6 5 0
split_gain=1.10011 2.31486 2.01276 1.711
threshold=7.8149681831148863 7.4716091986626418 7.778471328594196 0.38382582942475335
decision_type=2 2 2 2
left_child=1 2 3 -1
right_child=-2 -3 -4 -5
leaf_value=-0.011111528097283191 0.02913558125799386 -0.05378185037306206 0.05042154590993593 0.0016565577491300294
leaf_weight=125.27436099201441 12.769618332386015 8.0562389045953733 7.8677392154932013 647.0252527166158
leaf_count=361 36 27 19 1974
internal_value=1.91256e-05 -0.000452576 9.81183e-05 -0.000414548
internal_weight=800.993 788.224 780.167 772.3
internal_count=2417 2381 2354 2335
is_linear=0
shrinkage=0.1


Tree=79
num_leaves=15
num_cat=0
split_feature=7 8 8 3 3 0 7 3 7 2 2 9 8 8
split_gain=0.978697 3.73902 7.7581 7.27684 5.54767 8.88947 4.20257 3.763 3.45571 4.08331 4.6962 3.59906 3.50878 4.12235
threshold=3.9160889387130742 5.5033111334772089 5.8896245398828713 0.82908834818215604 0.5593242867707503 0.62990812677890073 5.6687283890998996 0.5563842317108435 3.4686438292264943 0.33395499952018609 0.2976420800341259 3.9274400068960356 3.4529509342451736 4.0919550217696434
decision_type=2 2 2 2 2 2 2 2 2 2 2 2 2 2
left_child=8 4 3 -3 5 -2 -6 -4 9 10 -1 -11 -10 -14
right_child=1 2 7 -5 6 -7 -8 -9 12 11 -12 -13 13 -15
leaf_value=0.0035707565954481348 -0.066698360101721768 0.05465242007691247 0.013851696508798967 -0.056581466637395883 -0.0059225502660400419 0.0041922146538103892 0.063101074869073362 -0.0071122160033478656 0.082379889315736338 0.010930081165444375 -0.11944312147242808 -0.056974227763516738 -0.0097382042481774962 0.059946788379496824
leaf_weight=6.334289036691187 40.283478364348412 43.82781919836998 116.14148582518101 6.7927514612674704 76.91560198366642 31.536998853087425 9.963720962405203 325.84520401060581 10.00068364292383 81.827441409230232 6.0843627899885178 8.6284303516149503 23.380268856883049 13.328759774565695
leaf_count=43 157 103 299 24 231 99 25 906 26 301 68 30 73 32
internal_value=1.82742e-05 -0.00165701 0.00264354 0.039726 -0.015006 -0.0355697 0.0019934 -0.0016035 0.00731264 -0.00292915 -0.0566984 0.00445281 0.0298694 0.0155639
internal_weight=800.891 651.307 492.607 50.6206 158.7 71.8205 86.8793 441.987 149.584 102.875 12.4187 90.4559 46.7097 36.709
internal_count=2417 1844 1332 127 512 256 256 1205 573 442 111 331 131 105
is_linear=0
shrinkage=0.1


Tree=80
num_leaves=9
num_cat=0
split_feature=2 2 6 4 1 3 9 3
split_gain=1.07829 3.73019 3.4134 2.81416 2.68858 1.12576 5.68873 3.40132
threshold=0.28181836307034952 0.30327762813801967 3.0731711122224548 2.4137837886810307 0.40859080334595677 0.9483334111794991 7.2863526114631556 0.89436512607969476
decision_type=2 2 2 2 2 2 2 2
left_child=2 3 -1 -2 -5 7 -7 -3
right_child=1 5 -4 4 -6 6 -8 -9
leaf_value=-0.02351664360288061 0.0082433253220892694 0.0014448194236330635 0.093253241765198017 -0.026579642708079911 -0.13999107900973173 -0.011841843762657685 0.055855821608902151 -0.024318600096266543
leaf_weight=5.2096534930169565 4.767004892230033 668.89900252129883 4.8190591335296631 3.8649539947509748 4.552384041249752 31.669068247079849 20.414064586162567 55.495066694915295
leaf_count=34 22 1986 11 15 26 102 47 174
internal_value=1.03205e-05 -0.000403497 0.0325943 -0.0531484 -0.0879164 0.000492094 0.0146924 -0.000528889
internal_weight=799.69 789.662 10.0287 13.1843 8.41734 776.477 52.0831 724.394
internal_count=2417 2372 45 63 41 2309 149 2160
is_linear=0
shrinkage=0.1


Tree=81
num_leaves=14
num_cat=0
split_feature=3 3 6 7 6 6 9 7 7 5 7 3 2
split_gain=1.02558 7.02256 8.97078 10.478 5.9808 11.3253 4.05942 4.01892 2.78627 14.3299 6.29959 2.22351 1.46281
threshold=0.93097019459481734 0.89436512607969476 3.2289839864536023 9.1086854866371159 4.1428041850829471 3.2417806861109821 4.8507340060300432 6.1243285942333214 8.2591893267999712 5.0519663395669019 8.0032663345336932 1.0514251164979982 0.58454277014088085
decision_type=2 2 2 2 2 2 2 2 2 2 2 2 2
left_child=1 8 -3 -4 5 6 -2 -7 10 -10 -1 12 -6
right_child=4 2 3 -5 11 7 -8 -9 9 -11 -12 -13 -14
leaf_value=0.0019292233839161216 -0.0058105818854881069 0.028020101063386163 -0.12962686228463688 0.024786097929670396 0.068326981609214715 -0.16470053148400865 0.077800745413294264 -0.036319556365663919 -0.1008947366616714 -0.00072267168485217511 0.051630339783270689 -0.0037715150796832882 0.018527001171252843
leaf_weight=499.17105186637491 25.010116547346115 10.611888416111471 15.05485984683037 6.2060314863920203 20.032471098005775 5.5699833333492261 7.5626222342252722 4.3371007442474365 15.834618791937826 145.51994258165359 26.875386252999306 8.8385401219129545 8.3597569614648801
leaf_count=1563 81 34 62 16 46 25 17 17 53 396 61 24 22
internal_value=7.40759e-06 -0.00118528 -0.0470729 -0.0845539 0.0107697 -0.014874 0.013602 -0.108498 0.000942397 -0.0105531 0.00446842 0.0400288 0.053664
internal_weight=798.984 719.274 31.8728 21.2609 79.7106 42.4798 32.5727 9.90708 687.401 161.355 526.046 37.2308 28.3922
internal_count=2417 2185 112 78 232 140 98 42 2073 449 1624 92 68
is_linear=0
shrinkage=0.1


Tree=82
num_leaves=11
num_cat=0
split_feature=0 4 9 0 6 7 6 0 4 1
split_gain=0.958366 4.41485 5.0583 1.92059 9.06483 12.6403 5.36612 3.77308 4.6473 2.98748
threshold=0.81782867386937153 5.2587895464354188 4.11715635362326 0.7028810096146807 3.9493032890522128 4.7323501706123361 5.1018591702576961 0.66562181711196911 5.4096159058753681 0.65151356414479977
decision_type=2 2 2 2 2 2 2 2 2 2
left_child=3 2 -2 7 5 -5 -6 9 -9 -1
right_child=1 -3 -4 4 6 -7 -8 8 -10 -11
leaf_value=0.0013483534569156983 0.038007881495081795 0.091794465303207756 -0.072331884002332938 -0.031954044946239213 -0.069090562178674139 0.060375208936402205 -0.0090074478035051999 -0.0056982873196801511 0.066398378875916847 -0.029415357498643602
leaf_weight=586.1091423323378 10.376145482063299 6.2652802765369406 6.929243028163909 28.937562445178628 30.572875812649727 30.410376444458961 28.931177660822868 16.65212456882 19.306477919220924 33.363438650965691
leaf_count=1752 32 13 27 125 100 73 80 49 42 124
internal_value=3.34726e-06 0.0198674 -0.00617322 -0.000601353 -0.0122971 0.0153562 -0.0398778 0.00151948 0.033011 -0.000308513
internal_weight=797.854 23.5707 17.3054 774.283 118.852 59.3479 59.5041 655.431 35.9586 619.473
internal_count=2417 72 59 2345 378 198 180 1967 91 1876
is_linear=0
shrinkage=0.1


Tree=83
num_leaves=5
num_cat=0
split_feature=1 1 1 1
split_gain=0.933343 2.69004 1.72369 3.69308
threshold=0.40177115929457213 0.40541753458991697 0.40664989690397862 0.41008775430773098
decision_type=2 2 2 2
left_child=-1 -2 -3 -4
right_child=1 2 3 -5
leaf_value=0.031922696592861739 -0.054196431037055785 0.048971688600577934 -0.053178679924807438 0.00072041438056877273
leaf_weight=9.0572085827589017 9.1740671619772893 7.2005473077297202 12.929048884660004 758.48097858857363
leaf_count=27 36 18 45 2291
internal_value=4.29525e-06 -0.000362673 0.00027163 -0.00018295
internal_weight=796.842 787.785 778.611 771.41
internal_count=2417 2390 2354 2336
is_linear=0
shrinkage=0.1


Tree=84
num_leaves=15
num_cat=0
split_feature=0 8 9 2 7 8 0 2 1 1 2 4 4 4
split_gain=0.936454 2.74883 10.094 8.32628 5.79982 9.14873 5.46893 2.97184 2.66679 14.0702 6.15476 4.54965 7.56942 5.19162
threshold=0.53674328327178966 4.348647656293525 4.7167309058691922 0.44860709035596996 3.4981689453125004 3.641453561584866 0.53038442508867012 0.40899470233039531 0.53155690813437595 0.52347933661683388 0.3993590567690285 2.4350585937500004 2.9699150541935126 1.8428714278852569
decision_type=2 2 2 2 2 2 2 2 2 2 2 2 2 2
left_child=1 4 3 -3 7 -6 -4 -1 9 10 -2 13 -13 -10
right_child=8 2 6 -5 5 -7 -8 -9 11 -11 -12 12 -14 -15
leaf_value=-0.040681908032081285 0.0094301732667656027 -0.018728185065224813 -0.0018990815659066414 -0.16948546222742 0.13222509980711736 0.019992463847798778 0.043996507979304635 0.011755301018571454 0.010092782887596312 -0.13777865279446705 -0.03587087818701918 0.054168134211016086 0.00030134019472052962 -0.078362156015813866
leaf_weight=14.781653068959711 86.116295521147549 8.9068793877959234 229.19794941693544 6.2231099754571906 9.7064960300922376 28.853115439414978 29.280190028250217 40.205207891762257 12.456568001769485 8.6802196949720365 46.017571330070496 29.380123406648636 232.72000294923782 14.198310963809488
leaf_count=67 309 30 622 27 19 84 70 143 64 39 147 77 659 60
internal_value=3.95037e-06 0.00371231 -0.00134709 -0.0807361 0.0185102 0.0482445 0.00329993 -0.00234095 -0.0031656 -0.0144485 -0.00634659 0.0023366 0.00633954 -0.0370247
internal_weight=796.724 367.155 273.608 15.13 93.5465 38.5596 258.478 54.9869 429.569 140.814 132.134 288.755 262.1 26.6549
internal_count=2417 1062 749 57 313 103 692 210 1355 495 456 860 736 124
is_linear=0
shrinkage=0.1


Tree=85
num_leaves=7
num_cat=0
split_feature=1 7 8 5 6 6
split_gain=0.870636 6.81909 4.3418 1.96557 3.29786 2.19168
threshold=0.68171819176020454 6.9738171100616464 8.5418693214751507 8.5188233500990744 7.8149681831148863 7.1785029233855617
decision_type=2 2 2 2 2 2
left_child=3 -2 -3 4 5 -1
right_child=1 2 -4 -5 -6 -7
leaf_value=-2.4466299033903023e-05 0.063377851375823288 -0.087266780335303579 0.024971609475130555 -0.05639921150112126 0.068310221013247671 -0.037442453087778944
leaf_weight=737.58167695440352 15.139747858047487 7.2322952449321729 6.5843780785799026 6.2714909613132468 6.9648241847753516 15.993119917809961
leaf_count=2248 37 24 17 21 18 52
internal_value=-2.51068e-06 0.017019 -0.0337792 -0.000645278 -0.000185525 -0.000818588
internal_weight=795.768 28.9564 13.8167 766.811 760.54 753.575
internal_count=2417 78 41 2339 2318 2300
is_linear=0
shrinkage=0.1


Tree=86
num_leaves=9
num_cat=0
split_feature=1 0 6 4 6 0 0 3
split_gain=0.944417 1.28823 7.7074 8.43378 7.10771 2.91604 8.21715 5.20943
threshold=0.69664967521211907 0.72422243253597218 3.9493032890522128 3.7329389373046529 5.1309908276297689 0.62758924299851071 0.62569549394754753 0.73975058207292443
decision_type=2 2 2 2 2 2 2 2
left_child=1 5 3 -3 -4 6 -1 -7
right_child=-2 2 4 -5 -6 7 -8 -9
leaf_value=-0.00022444649317389679 0.036720447668307739 -0.009999632066357558 -0.07396453036811125 0.066004978188012806 -0.0014080478829574796 0.0062588385323224215 -0.10796552429800295 0.062612236927531761
leaf_weight=539.51919076964259 6.9429454803466788 50.350582114420831 27.313980862498283 20.561727277934551 26.69842329621315 97.425363048911095 7.1728947386145583 19.725266709923744
leaf_count=1640 18 186 92 53 73 277 32 46
internal_value=9.157e-08 -0.000323131 -0.00963916 0.0120387 -0.0380997 0.00143 -0.00163807 0.0157474
internal_weight=795.71 788.767 124.925 70.9123 54.0124 663.843 546.692 117.151
internal_count=2417 2399 404 239 165 1995 1672 323
is_linear=0
shrinkage=0.1


Tree=87
num_leaves=11
num_cat=0
split_feature=1 1 1 8 1 6 5 5 1 8
split_gain=0.9873 8.00947 5.73783 10.6128 4.71498 4.12464 2.85753 12.6248 6.85061 0.325785
threshold=0.60157989919066246 0.59770690316666342 0.61249150407186914 8.9631829578833884 0.61922344398476448 1.728033719349183 6.8377936305489548 6.5221300155272521 0.53847082820861381 8.2193612486796575
decision_type=2 2 2 2 2 2 2 2 2 2
left_child=1 6 3 -2 9 -6 7 -1 -8 -4
right_child=2 -3 4 -5 5 -7 8 -9 -10 -11
leaf_value=0.00044553283797054951 -0.14865697065848685 0.073471440384694275 0.038915565686203905 0.02416929858495416 0.056912874755314993 -0.011198422338114947 -0.0093276871754352179 -0.098552398183099632 0.06853475733295504 0.068175977593684697
leaf_weight=541.63581906072795 7.5560800582170469 15.247330471873282 9.8674185052514094 6.7069291174411774 9.4988885745406133 138.91638008505106 26.410659067332745 13.195495918393133 19.749898254871368 6.1935180425643912
leaf_count=1665 31 33 26 17 37 424 79 45 46 14
internal_value=-2.05778e-06 0.00189588 -0.00654558 -0.0673885 -0.00126942 -0.00683916 7.99893e-05 -0.00190892 0.0239859 0.0501991
internal_weight=794.978 616.239 178.739 14.263 164.476 148.415 600.992 554.831 46.1606 16.0609
internal_count=2417 1868 549 48 501 461 1835 1710 125 40
is_linear=0
shrinkage=0.1


Tree=88
num_leaves=9
num_cat=0
split_feature=5 6 6 5 7 8 9 6
split_gain=0.856693 9.53406 15.0764 12.8084 4.85054 8.21602 8.34955 5.5877
threshold=3.868634741305804 4.2409554040981776 4.171784170911681 3.7161787935586688 5.1609306742568473 5.4427127794472456 5.1026106646080498 4.4191954453324316
decision_type=2 2 2 2 2 2 2 2
left_child=1 2 3 -1 7 -6 -7 -2
right_child=4 -3 -4 -5 5 6 -8 -9
leaf_value=-0.00012929727190202431 0.092067862083100818 -0.13331159541717377 0.15649109257874649 -0.093635845672938867 -0.10781407381550026 0.10880716271526401 0.00059229458940434525 -0.020079310866299108
leaf_weight=323.90257932152599 12.407906509935858 5.5843124687671652 5.9290442019700995 15.343055307865141 6.8658104017376891 7.2561649680137625 410.04007375240326 6.9209172427654257
leaf_count=1116 26 22 9 65 28 15 1115 21
internal_value=5.13375e-07 -0.00369242 -0.00159542 -0.00435832 0.00292127 0.000688785 0.00247399 0.0519122
internal_weight=794.25 350.759 345.175 339.246 443.491 424.162 417.296 19.3288
internal_count=2417 1212 1190 1181 1205 1158 1130 47
is_linear=0
shrinkage=0.1


Tree=89
num_leaves=8
num_cat=0
split_feature=3 6 3 0 3 3 7
split_gain=0.890423 4.47048 3.0951 4.03917 1.57513 8.5014 2.67954
threshold=0.53437725599760555 4.598206788798227 0.54280795779375246 0.78125381469726574 0.54851781415544865 0.54934227144829706 5.0782470703125009
decision_type=2 2 2 2 2 2 2
left_child=1 -1 3 -2 6 -6 -4
right_child=2 -3 4 -5 5 -7 -8
leaf_value=0.057342223282616428 -0.092630422301242965 -0.03045275489178037 -0.021706079182978386 0.014267427389937117 -0.11203042133522929 0.00038443572064115084 0.041194066210817372
leaf_weight=13.326990723609926 8.1906671375036222 10.268689155578612 9.7434084229171294 6.2182136774063101 6.7911015804857007 716.48681862372905 22.212358564138412
leaf_count=33 30 30 39 17 28 2186 54
internal_value=-4.26493e-07 0.0191344 -0.000587062 -0.0464982 0.000288863 -0.000671065 0.0220156
internal_weight=793.238 23.5957 769.643 14.4089 755.234 723.278 31.9558
internal_count=2417 63 2354 47 2307 2214 93
is_linear=0
shrinkage=0.1


Tree=90
num_leaves=9
num_cat=0
split_feature=4 3 7 8 5 1 7 9
split_gain=0.834975 5.50178 6.62597 6.30216 3.95096 4.44129 3.96968 2.14886
threshold=1.6062824988067492 0.74496263329205126 2.9877256840900523 2.8149431491934283 1.7582767570147799 0.43636396839840769 2.5075683593750004 2.6420489835065188
decision_type=2 2 2 2 2 2 2 2
left_child=1 2 3 -1 5 -2 -6 -8
right_child=4 -3 -4 -5 6 -7 7 -9
leaf_value=-0.0022222306502630591 0.11272600740805878 -0.13051878446316995 -0.11561061881194551 0.13757801652525642 -0.072415830920905644 -0.00065427497866754353 0.051976109004338203 -8.8503438737178725e-05
leaf_weight=26.063203381374482 6.6314690038561803 3.6885953545570365 4.4617092311382285 3.6798597276210776 7.5473040714859954 7.2124526351690292 8.0147966109216195 725.64069229364395
leaf_count=156 17 24 18 8 37 29 28 2100
internal_value=-3.41195e-07 -0.0144855 -0.00197258 0.0150741 0.00072662 0.0536568 -0.00026199 0.000480275
internal_weight=792.94 37.8934 34.2048 29.7431 755.047 13.8439 741.203 733.655
internal_count=2417 206 182 164 2211 46 2165 2128
is_linear=0
shrinkage=0.1


Tree=91
num_leaves=11
num_cat=0
split_feature=2 4 4 7 0 8 3 1 1 2
split_gain=0.899877 4.55495 9.37734 6.70352 5.7944 4.48332 3.52955 3.08958 12.6996 3.77558
threshold=0.42904980221567329 6.3461421083608442 5.718927899268091 10.010921886401777 0.35746864471795098 7.7641711806832214 0.55555045520556756 0.40727732696755309 0.41559598417000682 0.49114852462251452
decision_type=2 2 2 2 2 2 2 2 2 2
left_child=1 2 4 6 -1 -4 -3 -2 -9 -10
right_child=7 3 5 -5 -6 -7 -8 8 9 -11
leaf_value=0.079650926955768961 0.0725002635639687 -0.032364470726643356 0.10437938385594425 0.010953710542146418 -0.0087503683825659647 0.015324297707601651 -0.12934102448287516 -0.14726226251707639 0.015753640566766453 -0.0028982163436088513
leaf_weight=7.6517416536808005 6.244813233613967 6.6184195429086712 11.669874444603922 12.696472406387327 239.30178308207542 10.964295163750647 8.6688469201326352 5.6558537781238547 164.63818326592445 318.43680819869041
leaf_count=17 14 20 23 36 844 29 36 22 443 933
internal_value=-5.23999e-06 -0.0043511 -0.000364987 -0.0427522 -0.00601129 0.0612399 -0.0873563 0.00260742 0.00171436 0.00345858
internal_weight=792.547 297.571 269.588 27.9837 246.954 22.6342 15.2873 494.976 488.731 483.075
internal_count=2417 1005 913 92 861 52 56 1412 1398 1376
is_linear=0
shrinkage=0.1


Tree=92
num_leaves=11
num_cat=0
split_feature=4 5 8 8 4 5 4 4 0 1
split_gain=0.820603 3.8172 3.79187 5.43046 3.45578 5.96282 5.81003 2.49321 3.20935 3.80258
threshold=7.1268603409560001 6.3811382318641909 8.8657747822418376 9.7899507112516435 6.0009765625000009 5.6511069947412036 5.898720146040433 7.2518607662059376 0.72422243253597218 0.48066782101883249
decision_type=2 2 2 2 2 2 2 2 2 2
left_child=1 4 -3 -4 6 -6 -1 -2 9 -9
right_child=7 2 3 -5 5 -7 -8 8 -10 -11
leaf_value=-0.00036814681485715665 0.067555945846423063 -0.096008523457383477 0.035576686267478459 -0.055427595318850303 0.079181729826863639 0.005224936361183749 -0.085083491913528819 -0.032638913750429134 -0.049513307637771391 0.031691121475850015
leaf_weight=628.65632006712258 6.9214070811867705 7.5703417211771002 11.610331594944002 15.06571841239929 14.668583646416662 42.452685296535492 8.2013056725263578 12.514261990785597 9.3610107451677305 34.576472103595734
leaf_count=1968 17 26 29 47 31 113 27 40 28 91
internal_value=-4.23325e-06 -0.000954037 -0.0335456 -0.0158194 0.000654289 0.0242168 -0.00145909 0.01091 0.00396481 0.0145956
internal_weight=791.598 728.225 34.2464 26.6761 693.979 57.1213 636.858 63.3732 56.4517 47.0907
internal_count=2417 2241 102 76 2139 144 1995 176 159 131
is_linear=0
shrinkage=0.1


Tree=93
num_leaves=15
num_cat=0
split_feature=0 1 1 4 1 1 0 0 3 9 4 6 6 2
split_gain=0.87122 2.72441 5.61089 11.2546 8.91554 5.44317 4.11388 2.40246 5.77421 6.29378 5.2105 3.01548 4.97183 0.912206
threshold=0.53674328327178966 0.44862516942919278 0.48587159992764867 5.0002307891845712 0.49686412792736945 0.44507273050231555 0.52346038853374932 0.56262207357213978 0.56538213889931155 5.3439470284176336 5.4923368666114678 7.2739843180630439 4.9485165690998061 0.53844474775347251
decision_type=2 2 2 2 2 2 2 2 2 2 2 2 2 2
left_child=1 5 3 -3 -4 6 -1 8 9 -2 -10 12 -9 -13
right_child=7 2 4 -5 -6 -7 -8 11 10 -11 -12 13 -14 -15
leaf_value=-0.011251843701472385 -0.062968593413292251 0.059987321494644807 -0.069325150466886365 -0.034163693421586754 0.0092304102311614126 -0.093415061108838043 0.026973921277588655 -0.0066529288144631903 -0.11314127168814597 0.033858665814116555 0.012556381332056062 -0.077100618937224419 0.018469964406192047 -0.021747074785528578
leaf_weight=119.11562143452466 10.185391321778299 48.510948657989502 16.423121318221092 17.197269022464752 120.10310728102922 6.8311613649129859 36.868018202483654 254.59678999241441 10.704829521477221 19.69081874191761 4.7660752087831488 6.0800640881061536 114.06496866047382 5.8336736112833023
leaf_count=362 60 114 53 51 347 24 111 845 48 52 13 23 297 17
internal_value=9.88544e-09 0.00358488 0.0113363 0.035346 -0.000219258 -0.00604324 -0.00221687 -0.0030725 -0.02483 0.000848337 -0.074418 -0.000480011 0.00112016 -0.0499962
internal_weight=790.972 365.049 202.234 65.7082 136.526 162.815 155.984 425.923 45.3471 29.8762 15.4709 380.575 368.662 11.9137
internal_count=2417 1062 565 165 400 497 473 1355 173 112 61 1182 1142 40
is_linear=0
shrinkage=0.1


Tree=94
num_leaves=9
num_cat=0
split_feature=2 2 6 4 3 6 6 9
split_gain=0.930939 3.3348 2.72064 2.52415 2.65335 0.999938 3.97809 3.15864
threshold=0.28181836307034952 0.30327762813801967 3.0731711122224548 2.4137837886810307 0.55205009097665392 1.2599284047054653 1.1698875711102266 2.9150008514736694
decision_type=2 2 2 2 2 2 2 2
left_child=2 3 -1 -2 -5 6 -3 -7
right_child=1 5 -4 4 -6 7 -8 -9
leaf_value=-0.020132071619193267 0.006792297493013362 -0.0086802421118567508 0.085122146132068865 -0.020568745185703646 -0.13711514526939442 -0.030151160997729257 0.097091230165531936 0.0013171828240602379
leaf_weight=5.0979666672646982 4.6861297525465471 11.211935351602735 4.7383643090724945 3.4908034726977348 4.4354870319366455 33.381325164809823 5.2072453908622256 717.45273449830711
leaf_count=34 22 62 11 14 27 171 16 2060
internal_value=-8.24289e-07 -0.000386423 0.0305711 -0.0513894 -0.0857872 0.000451984 0.0248646 -8.1868e-05
internal_weight=789.702 779.866 9.83633 12.6124 7.92629 767.253 16.4192 750.834
internal_count=2417 2372 45 63 41 2309 78 2231
is_linear=0
shrinkage=0.1


Tree=95
num_leaves=10
num_cat=0
split_feature=7 3 4 3 8 2 4 6 3
split_gain=1.02726 3.20731 4.07754 4.16159 2.91256 2.06935 7.18896 3.6236 1.4183
threshold=3.9160889387130742 0.94100633121243804 3.0000676140189175 0.80718122226656341 3.9261555135095798 0.61993160070256426 2.1459773160750051 4.8021146028239379 0.56984744025033096
decision_type=2 2 2 2 2 2 2 2 2
left_child=1 2 3 -1 8 6 -6 -7 -2
right_child=4 -3 -4 -5 5 7 -8 -9 -10
leaf_value=-0.0018347515455393469 -0.094085245190962077 -0.053822042293294438 0.064010220755695915 0.050326531114596645 -0.11740314964097676 0.031322784216524839 -0.0021838273103057314 -0.0072625110490006743 -0.015147762701426088
leaf_weight=108.10812308266759 4.9399546980857831 8.0541524440050107 13.177373468875883 17.816146027296782 5.4711426049470893 49.851699240505695 529.73208860307932 47.55692358314991 4.2210801243782043
leaf_count=453 24 33 35 52 24 127 1516 137 16
internal_value=-4.44816e-06 0.00753126 0.0110837 0.00554518 -0.00173235 -0.000921673 -0.00336166 0.0124846 -0.0577137
internal_weight=788.929 147.156 139.102 125.924 641.773 632.612 535.203 97.4086 9.16103
internal_count=2417 573 540 505 1844 1804 1540 264 40
is_linear=0
shrinkage=0.1


Tree=96
num_leaves=12
num_cat=0
split_feature=6 9 5 2 4 3 1 4 8 7 8
split_gain=0.927061 5.80661 5.38953 7.09197 6.68431 3.99891 5.86729 5.55485 2.93351 7.23633 3.82018
threshold=2.0936865887352445 3.7887228544930882 2.3791187249779377 0.59538882110655866 1.6999165311774791 0.55901229689493348 0.55964497551633852 2.0385925185621008 3.5183993741464508 3.4686438292264943 3.6721104184114624
decision_type=2 2 2 2 2 2 2 2 2 2 2
left_child=1 5 3 4 -2 6 -1 -7 9 -4 -10
right_child=2 -3 8 -5 -6 7 -8 -9 10 -11 -12
leaf_value=0.051431595251428965 0.017311722288757405 0.10240722998795281 -0.0025756044304606077 0.032985530086170049 -0.10383994116977324 -0.0032136857576094899 -0.049136099565578031 -0.10779214751584781 -0.067900740782199029 0.11629158614555049 0.00037850185134040361
leaf_weight=24.93736931681633 6.258872643113139 6.299870252609252 16.013162598013881 9.2183307930827123 16.71914479881525 32.33957564085722 7.5599107667803755 6.025440387427806 8.2992651760578138 7.5296671688556662 647.20618875324726
leaf_count=103 23 13 56 28 84 160 32 27 33 17 1841
internal_value=-6.37202e-06 0.0104045 -0.00113583 -0.0411131 -0.07084 0.00222516 0.0280363 -0.0196383 0.000759645 0.0354415 -0.000485972
internal_weight=788.407 77.1622 711.245 32.1963 22.978 70.8623 32.4973 38.365 679.048 23.5428 655.505
internal_count=2417 335 2082 135 107 322 135 187 1947 73 1874
is_linear=0
shrinkage=0.1


Tree=97
num_leaves=11
num_cat=0
split_feature=5 5 9 6 7 7 0 1 1 0
split_gain=0.937226 9.77237 5.55943 7.52253 4.49529 5.44439 3.29087 5.69151 3.13361 4.15218
threshold=3.286214263292432 3.4901009911593017 4.2191622899644221 3.5181716132197547 5.7996032238006601 6.177418818901061 0.42444229125976568 0.58975762433114365 0.66666960015763288 0.76562500525399213
decision_type=2 2 2 2 2 2 2 2 2 2
left_child=4 6 -3 -4 8 -6 -2 -8 9 -1
right_child=1 2 3 -5 5 -7 7 -9 -10 -11
leaf_value=0.00098120253575487105 -0.0016685856277283513 0.071748653505495932 -0.060886546035759138 0.0021420989973040335 0.097596849058905366 -0.010508414715224334 -0.1083494997676161 -0.011690389043289624 0.048119716253456624 -0.072796125947031762
leaf_weight=205.39995797723532 9.0733010768890363 10.926124610006807 19.720271289348602 476.140196852386 10.98138974606991 8.0910421162843686 16.049933463335041 9.8182700276374799 13.38595152646303 7.9225829094648352
leaf_count=760 27 28 72 1311 22 24 71 32 36 34
internal_value=-1.28093e-05 -0.0023365 0.0011902 -0.000364538 0.00510885 0.0517357 -0.0534871 -0.0716626 0.00118625 -0.00175881
internal_weight=787.509 541.728 506.787 495.86 245.781 19.0724 34.9415 25.8682 226.708 213.323
internal_count=2417 1541 1411 1383 876 46 130 103 830 794
is_linear=0
shrinkage=0.1


Tree=98
num_leaves=9
num_cat=0
split_feature=8 9 8 0 4 0 6 5
split_gain=0.868465 5.00595 3.92697 2.96207 5.48929 4.87577 2.53849 6.90581
threshold=3.7800582217586918 3.6289694692397125 3.6721104184114624 0.64960492590034857 3.0834560909760671 0.75000000002921807 2.1656836765780354 2.3791187249779377
decision_type=2 2 2 2 2 2 2 2
left_child=2 -2 3 4 -1 -5 -3 -8
right_child=1 6 -4 5 -6 -7 7 -9
leaf_value=0.003166401721053399 -0.080080751639418621 0.053214166251936063 0.06282500991108847 -0.12390460736042708 0.097679516591690579 -0.007506909118338366 -0.086893281073078782 2.5003064252201244e-05
leaf_weight=84.879382510669529 8.0020526647567731 8.6801450252532941 11.67885562032461 4.4687439585104611 6.6247709989547721 18.485573772341013 9.2746550142765027 634.18503829836845
leaf_count=356 37 22 30 42 15 73 42 1800
internal_value=-1.50442e-05 -0.00146779 0.00758795 0.00195179 0.010009 -0.0301672 -0.000503177 -0.00122781
internal_weight=786.279 660.142 126.137 114.458 91.5042 22.9543 652.14 643.46
internal_count=2417 1901 516 486 371 115 1864 1842
is_linear=0
shrinkage=0.1


Tree=99
num_leaves=14
num_cat=0
split_feature=0 0 8 0 3 4 0 6 6 8 1 8 7
split_gain=0.872608 6.55933 5.50928 3.49003 9.68385 10.8207 10.6392 3.24706 13.5622 4.09414 2.50082 5.06451 3.2145
threshold=0.38382582942475335 0.37538170827610889 7.1228838720725642 0.4398412704467774 0.55831997968787572 5.2587895464354188 0.40625000001500672 3.8807171487241279 3.3756171692490748 6.758697260043637 0.45044148658849081 3.620796964015458 1.2059843298047783
decision_type=2 2 2 2 2 2 2 2 2 2 2 2 2
left_child=1 7 -3 4 6 -6 -2 8 -1 -9 11 -5 -12
right_child=3 2 -4 10 5 -7 -8 9 -10 -11 12 -13 -14
leaf_value=0.007250480954953422 0.013833336539229999 -0.11772451612211735 -0.0032228043350209512 0.058540134640161362 0.078849538449344142 -0.021754834389228664 -0.14618052518500643 0.058006023945458979 -0.1327814479408593 0.00089665595656682857 0.073491086718097079 0.0018193346920372705 -0.0046893063228879601
leaf_weight=35.968327879905701 12.931643858551981 9.2189736217260378 7.7218935936689368 20.040185933932662 33.189213439822197 15.771516740322111 6.1225012838840476 16.734343528747559 8.5628584772348386 50.239179253578186 5.3162102876231065 73.391272619366646 490.26829545944929
leaf_count=112 35 36 20 94 70 44 25 40 32 133 21 226 1529
internal_value=-1.85204e-05 -0.00755687 -0.065533 0.00145518 0.022903 0.0464423 -0.0375825 0.00125142 -0.0196761 0.0151663 -0.00102144 0.0139854 -0.00385065
internal_weight=785.476 128.446 16.9409 657.031 68.0149 48.9607 19.0541 111.505 44.5312 66.9735 589.016 93.4315 495.585
internal_count=2417 373 56 2044 174 114 60 317 144 173 1870 320 1550
is_linear=0
shrinkage=0.1


end of trees

feature_importances:
rec_tds_L10=131
receptions_L10=128
rec_tds_L3=105
receptions_L3=105
rec_tds_L5=103
rec_tds_std_L5=96
receptions_L5=94
targets_L3=91
targets_L10=83
targets_L5=82

parameters:
[boosting: gbdt]
[objective: binary]
[metric: binary_logloss]
[tree_learner: serial]
[device_type: cpu]
[data_sample_strategy: bagging]
[data: ]
[valid: ]
[num_iterations: 100]
[learning_rate: 0.1]
[num_leaves: 31]
[num_threads: 2]
[seed: 42]
[deterministic: 0]
[force_col_wise: 0]
[force_row_wise: 0]
[histogram_pool_size: -1]
[max_depth: 4]
[min_data_in_leaf: 20]
[min_sum_hessian_in_leaf: 0.001]
[bagging_fraction: 1]
[pos_bagging_fraction: 1]
[neg_bagging_fraction: 1]
[bagging_freq: 0]
[bagging_seed: 400]
[bagging_by_query: 0]
[feature_fraction: 1]
[feature_fraction_bynode: 1]
[feature_fraction_seed: 30056]
[extra_trees: 0]
[extra_seed: 12879]
[early_stopping_round: 0]
[early_stopping_min_delta: 0]
[first_metric_only: 0]
[max_delta_step: 0]
[lambda_l1: 0]
[lambda_l2: 0]
[linear_lambda: 0]
[min_gain_to_split: 0]
[drop_rate: 0.1]
[max_drop: 50]
[skip_drop: 0.5]
[xgboost_dart_mode: 0]
[uniform_drop: 0]
[drop_seed: 17869]
[top_rate: 0.2]
[other_rate: 0.1]
[min_data_per_group: 100]
[max_cat_threshold: 32]
[cat_l2: 10]
[cat_smooth: 10]
[max_cat_to_onehot: 4]
[top_k: 20]
[monotone_constraints: ]
[monotone_constraints_method: basic]
[monotone_penalty: 0]
[feature_contri: ]
[forcedsplits_filename: ]
[refit_decay_rate: 0.9]
[cegb_tradeoff: 1]
[cegb_penalty_split: 0]
[cegb_penalty_feature_lazy: ]
[cegb_penalty_feature_coupled: ]
[path_smooth: 0]
[interaction_constraints: ]
[verbosity: -1]
[saved_feature_importance_type: 0]
[use_quantized_grad: 0]
[num_grad_quant_bins: 4]
[quant_train_renew_leaf: 0]
[stochastic_rounding: 1]
[linear_tree: 0]
[max_bin: 255]
[max_bin_by_feature: ]
[min_data_in_bin: 3]
[bin_construct_sample_cnt: 200000]
[data_random_seed: 175]
[is_enable_sparse: 1]
[enable_bundle: 1]
[use_missing: 1]
[zero_as_missing: 0]
[feature_pre_filter: 1]
[pre_partition: 0]
[two_round: 0]
[header: 0]
[label_column: ]
[weight_column: ]
[group_column: ]
[ignore_column: ]
[categorical_feature: ]
[forcedbins_filename: ]
[precise_float_parser: 0]
[parser_config_file: ]
[objective_seed: 16083]
[num_class: 1]
[is_unbalance: 0]
[scale_pos_weight: 2.94935]
[sigmoid: 1]
[boost_from_average: 1]
[reg_sqrt: 0]
[alpha: 0.9]
[fair_c: 1]
[poisson_max_delta_step: 0.7]
[tweedie_variance_power: 1.5]
[lambdarank_truncation_level: 30]
[lambdarank_norm: 1]
[label_gain: ]
[lambdarank_position_bias_regularization: 0]
[eval_at: ]
[multi_error_top_k: 1]
[auc_mu_weights: ]
[num_machines: 1]
[local_listen_port: 12400]
[time_out: 120]
[machine_list_filename: ]
[machines: ]
[gpu_platform_id: -1]
[gpu_device_id: -1]
[gpu_use_dp: 0]
[num_gpu: 1]

end of parameters

pandas_categorical:[]
