tree
version=v4
num_class=1
num_tree_per_iteration=1
label_index=0
max_feature_idx=11
objective=binary sigmoid:1
feature_names=receiving_yards_L3 receiving_yards_L5 receiving_yards_L10 receiving_yards_std_L5 rec_tds_L3 rec_tds_L5 receptions_L3 receptions_L5 targets_L3 targets_L5 target_share_L3 target_share_L5
feature_infos=[61.25:184] [80:184] [46.818933132982721:184] [0:112.81819648538443] [0:2.3361898550356277] [0:2] [2.7080291716392821:14] [2.9380401948746706:14] [4.6975555419921884:17.5] [4.8163684213407727:17] [0.0172465060957478:0.054650226867497702] [0.0173456239468728:0.051455491335092501]
tree_sizes=1163 1372 1281 1383 1373 1180 1276 1284 1288 1270 1178 1290 1175 777 1582 967 1282 975 672 1077 876 871 979 1389 873 1277 1067 765 764 1169 1075 964 1284 670 970 979 971 674 1093 1281 667 867 770 669 1594 1283 1077 975 1183 1381 770 1592 1175 1067 766 1168 668 1295 1071 1071 1383 1072 1073 1176 672 971 1179 1496 1078 1193 880 670 1382 969 774 1083 880 776 1182 1085 975 1081 1188 1080 1076 1071 1082 1181 1086 1284 875 1079 1084 881 1600 1083 1605 963 979 774

Tree=0
num_leaves=10
num_cat=0
split_feature=2 11 11 7 4 4 4 9 4
split_gain=30.4697 17.5621 12.1803 11.1334 11.109 7.56852 7.17475 6.72808 6.58749
threshold=80.783030429132637 0.035563282041171103 0.027374031230509653 6.8898486827510945 0.06363136415541247 0.25122302870391883 0.37502798624336725 7.9817741772535271 1.2106707466716986
decision_type=2 2 2 2 2 2 2 2 2
left_child=4 2 3 -2 -1 -6 -7 -3 -4
right_child=1 7 8 -5 5 6 -8 -9 -10
leaf_value=-0.45828137704175775 -0.35898988440265606 -0.435201530009237 -0.21747099624074506 -0.25341019093799089 -0.23864946580703156 -0.42472326359315782 -0.31871211396881471 -0.30327818763365327 -0.29287561832698361
leaf_weight=6.1929955780506125 14.571034222841261 6.036414802074435 102.91417244076729 31.752392798662186 10.124913215637205 7.3451208770275107 48.79714560508728 10.751236319541929 13.055486917495726
leaf_count=25 55 24 350 111 35 29 179 39 47
internal_value=-0.275485 -0.253346 -0.243274 -0.28662 -0.3302 -0.31823 -0.332582 -0.350714 -0.22596
internal_weight=251.541 179.081 162.293 46.3234 72.4602 66.2672 56.1423 16.7877 115.97
internal_count=894 626 563 166 268 243 208 63 397
is_linear=0
shrinkage=1


Tree=1
num_leaves=12
num_cat=0
split_feature=2 9 3 5 1 8 1 1 7 3 9
split_gain=24.4839 15.0542 11.464 9.4682 8.39455 8.13841 6.22699 9.4514 4.00296 3.9342 2.76799
threshold=80.783030429132637 8.0946334858597968 72.948209603980771 0.12879445953574017 94.141888814985705 13.241828011517649 81.779055784146962 85.106871469634441 5.1727736992595936 37.659417331678519 8.9517604023776887
decision_type=2 2 2 2 2 2 2 2 2 2 2
left_child=3 4 5 -1 9 -3 10 -8 -6 -2 -5
right_child=1 2 -4 6 8 -7 7 -9 -10 -11 -12
leaf_value=-0.14132739564215005 -0.032688507317043418 0.071751133300077929 -0.05787665307038186 -0.034384654520680132 -0.030913961768407508 -0.017642779429343398 0.055844725126591235 -0.031268847247329111 -0.15090475008146068 0.079446830440749266 -0.12278776707811818
leaf_weight=6.02730868756771 5.671337693929674 137.5285701751709 7.9837944060564032 9.8699000328779203 5.6542558372020704 10.998576894402502 21.990242913365364 28.720846354961395 5.4698555022478104 6.9788219183683395 5.5242296159267417
leaf_count=25 21 468 30 37 21 40 77 107 22 24 22
internal_value=0.0278943 0.0475943 0.0588567 -0.0213431 -0.0265482 0.0651314 -0.0104033 0.00650689 -0.0899148 0.0291742 -0.0661084
internal_weight=252.418 180.285 156.511 72.1325 23.7743 148.527 66.1052 50.7111 11.1241 12.6502 15.3941
internal_count=894 626 538 268 88 508 243 184 43 45 59
is_linear=0
shrinkage=0.1


Tree=2
num_leaves=11
num_cat=0
split_feature=2 11 10 3 5 7 4 4 10 9
split_gain=19.731 13.4943 9.61451 10.5392 8.04286 7.15013 6.05054 6.00005 5.47089 6.02957
threshold=80.783030429132637 0.035563282041171103 0.026559843941954601 43.83465529603567 0.12879445953574017 8.2267719438635449 0.25122302870391883 0.37502798624336725 0.037749696274288105 8.1913514872071911
decision_type=2 2 2 2 2 2 2 2 2 2
left_child=4 2 3 -2 -1 -4 -6 -8 -3 -10
right_child=1 8 5 -5 6 -7 7 -9 9 -11
leaf_value=-0.13209312457949765 0.053230105373849784 -0.12443127388449693 0.054115195303516987 -0.050672294207043889 0.061394438316818782 0.11780083597487374 -0.10779770981287505 -0.0097683817384968466 -0.084127246369132658 0.06355556067814247
leaf_weight=5.8147424161434165 22.695920348167419 5.5257738828659084 103.32999584078789 17.13106931746006 10.202279910445212 21.255533963441849 7.1644498705863944 48.583484768867493 5.0194697976112348 6.1539676785469055
leaf_count=25 78 22 352 64 35 69 29 179 20 21
internal_value=0.0250253 0.0426087 0.051308 0.00853782 -0.0193495 0.0649806 -0.00940907 -0.0223666 -0.04304 -0.00278834
internal_weight=252.877 181.112 164.413 39.827 71.765 124.586 65.9502 55.7479 16.6992 11.1734
internal_count=894 626 563 142 268 421 243 208 63 41
is_linear=0
shrinkage=0.1


Tree=3
num_leaves=12
num_cat=0
split_feature=7 2 11 8 9 0 1 11 6 3 1
split_gain=15.9979 10.8699 7.72053 8.40536 5.85976 6.32385 7.78481 6.74472 5.6904 7.28691 4.71754
threshold=6.0075398774275994 80.783030429132637 0.033360216905943312 13.241828011517649 6.0082010482033699 93.901406066242075 87.482373976870406 0.028034218700073905 8.5658179891777326 34.674470394302809 99.645341324539444
decision_type=2 2 2 2 2 2 2 2 2 2 2
left_child=4 8 3 -3 -1 6 -6 -7 9 -2 -4
right_child=1 2 10 -5 5 7 -8 -9 -10 -11 -12
leaf_value=-0.117055956974439 -0.055142095979518684 0.068435026440671842 0.033093559404871062 -0.02011672318220796 0.00020771360959222809 -0.12780960291124002 0.11901210203991658 -0.016683939769727919 -0.091475231023463596 0.052254726634173403 -0.079139719575839484
leaf_weight=5.2187968939542762 10.472359448671343 112.73169861733913 8.680822551250456 11.845538467168806 30.139336362481117 6.6390045881271353 6.7508834302425376 30.802393317222595 7.0511454343795767 15.924714311957358 6.5870104730129233
leaf_count=21 40 377 30 43 110 27 22 114 28 57 25
internal_value=0.0224982 0.0395408 0.0517894 0.060015 -0.0146276 -0.00743609 0.0219488 -0.0363884 -0.0116697 0.0096478 -0.0153273
internal_weight=252.844 173.293 139.845 124.577 79.5504 74.3316 36.8902 37.4414 33.4482 26.3971 15.2678
internal_count=894 600 475 420 294 273 132 141 125 97 55
is_linear=0
shrinkage=0.1


Tree=4
num_leaves=12
num_cat=0
split_feature=7 2 0 7 0 8 9 7 9 7 2
split_gain=13.4232 9.83223 9.00543 8.1903 7.37028 5.33796 5.01599 4.62561 6.24088 4.64322 4.01098
threshold=5.5546295316069836 87.42999485234435 100.65659967603587 7.7573841652210298 136.19459187984469 13.521102082003383 9.55144032921811 5.4291600468199528 6.7237421759590772 4.4749550598542873 74.984279461959829
decision_type=2 2 2 2 2 2 2 2 2 2 2
left_child=7 2 3 -2 5 -3 -4 8 9 -1 -10
right_child=1 4 6 -5 -6 -7 -8 -9 10 -11 -12
leaf_value=-0.13909244430568077 0.0063600684027455045 0.062380852213691079 -0.0068446760191555496 0.10300171473424319 -0.032999215529928731 -0.036930802098286433 -0.11460696486377422 -0.11742348249060029 0.066587021799973473 -0.020303582322578187 -0.013167583015795768
leaf_weight=5.9563922733068448 53.44837212562561 105.13087575137615 8.9037283062934893 10.490652918815611 9.8490460813045484 5.7059566229581824 8.3891819417476636 4.9626001864671698 8.5585887283086759 7.352189838886261 23.956109091639519
leaf_count=25 193 352 33 35 36 21 33 20 30 28 88
internal_value=0.020239 0.0317976 0.00490064 0.0222163 0.0499016 0.0572682 -0.0591226 -0.0257167 -0.0157849 -0.0734688 0.0078256
internal_weight=252.704 201.918 81.2319 63.939 120.686 110.837 17.2929 50.7859 45.8233 13.3086 32.5147
internal_count=894 703 294 228 409 373 66 191 171 53 118
is_linear=0
shrinkage=0.1


Tree=5
num_leaves=10
num_cat=0
split_feature=11 2 2 10 4 4 6 6 10
split_gain=11.8281 10.8901 8.7692 8.35364 6.79076 7.01786 4.46129 9.01048 4.20645
threshold=0.034982907388384707 80.022868360415842 122.37648217845843 0.023478319457592853 1.1412057876586916 0.5987596679827335 6.4691891832608199 5.7223250418901452 0.039885233844833411
decision_type=2 2 2 2 2 2 2 2 2
left_child=1 4 3 -3 5 -1 7 8 -2
right_child=6 2 -4 -5 -6 -7 -8 -9 -10
leaf_value=0.0038456616925451326 -0.026565123099197382 -0.053191657109776892 -0.087446350529961095 0.04857879553903692 0.089813277897363208 -0.075722007351821552 -0.10434303827059779 0.066769328133769595 -0.13735024153088118
leaf_weight=30.519446760416031 10.800456866621976 8.5143179744482023 5.305233806371688 153.0133919864893 5.7658425122499457 17.407390728592873 7.8093772381544104 8.3319611549377424 5.0204446613788596
leaf_count=114 42 32 20 517 20 68 31 29 21
internal_value=0.0182127 0.0264526 0.0390594 0.0432144 -0.0127188 -0.0250539 -0.0386396 -0.0173957 -0.0617206
internal_weight=252.488 220.526 166.833 161.528 53.6927 47.9268 31.9622 24.1529 15.8209
internal_count=894 771 569 549 202 182 123 92 63
is_linear=0
shrinkage=0.1


Tree=6
num_leaves=11
num_cat=0
split_feature=7 5 10 6 9 6 6 11 3 9
split_gain=10.6995 11.5666 8.97173 7.3664 5.92269 6.0843 4.98848 9.00027 4.68932 2.55599
threshold=7.1003357642722884 0.14902371558730884 0.024603339827542904 7.3541440209512476 9.9547364106761016 8.1148475445664818 7.5007019042968759 0.031234387371266353 38.042190871766287 9.575352645524875
decision_type=2 2 2 2 2 2 2 2 2 2
left_child=1 -1 -3 -4 5 9 8 -8 -6 -2
right_child=4 2 3 -5 6 -7 7 -9 -10 -11
leaf_value=-0.10845789381967248 0.083294835252740479 -0.098049080332684488 0.018549348537262308 -0.081124126625297402 -0.099947460747514316 0.0060107535072729552 0.051076293525203098 -0.072409571807296208 0.029579500488241831 0.17109974117132459
leaf_weight=9.3039998114109022 6.3623711913824099 7.7387459874153128 126.10581670701504 7.8779461085796347 5.3336932659149152 5.762590453028678 64.27851215004921 6.4990646243095389 5.8723917901515961 6.9223999977111816
leaf_count=39 21 31 448 30 20 21 219 24 20 21
internal_value=0.0164024 -0.000448795 0.00664194 0.0126888 0.0415926 0.0918243 0.0299221 0.0397374 -0.0320707 0.129048
internal_weight=252.058 151.027 141.723 133.984 101.031 19.0474 81.9837 70.7776 11.2061 13.2848
internal_count=894 548 509 478 346 63 283 243 40 42
is_linear=0
shrinkage=0.1


Tree=7
num_leaves=11
num_cat=0
split_feature=7 10 11 3 0 1 2 11 3 9
split_gain=9.33746 7.3824 7.41148 5.04027 4.17211 7.04716 7.72944 5.5158 4.49779 2.03544
threshold=6.0075398774275994 0.023478319457592853 0.034982907388384707 73.656329067117412 93.901406066242075 87.482373976870406 74.193974631506435 0.028034218700073905 46.108223215660466 11.469538718655469
decision_type=2 2 2 2 2 2 2 2 2 2
left_child=4 9 3 -3 5 6 -1 -6 -9 -2
right_child=1 2 -4 -5 7 -7 -8 8 -10 -11
leaf_value=0.091104181745904081 -0.096749833117249578 0.042180395602222601 -0.054663286592909879 -0.045963936203095856 -0.11857738462759047 0.10223741519652195 -0.033924420992363334 -0.064731822106660328 0.010491569268522905 -0.0098800986035456895
leaf_weight=6.1115267425775519 5.2750116288661939 146.46051636338234 9.0892572253942472 6.7879848778247824 6.7941463291645041 6.7715554088354102 25.895746305584908 13.265535131096838 19.831775993108749 5.5195482820272446
leaf_count=21 21 499 35 25 29 22 98 51 73 20
internal_value=0.0147669 0.0277477 0.0330725 0.0382761 -0.0138003 0.0095566 -0.0100512 -0.0365058 -0.0196583 -0.052331
internal_weight=251.803 173.132 162.338 153.249 78.6703 38.7788 32.0073 39.8915 33.0973 10.7946
internal_count=894 600 559 524 294 141 119 153 124 41
is_linear=0
shrinkage=0.1


Tree=8
num_leaves=11
num_cat=0
split_feature=11 11 5 2 0 4 2 9 5 1
split_gain=8.56042 8.98446 8.51538 7.55551 9.43662 5.55742 5.32137 5.05418 3.92474 3.767
threshold=0.033137873938262057 0.027374031230509653 0.99033246406335551 86.506345583378348 101.01730084419252 1.2560275338019633 92.015465266781916 8.8359466648588789 0.69435411042708239 88.743050124928104
decision_type=2 2 2 2 2 2 2 2 2 2
left_child=1 5 6 4 -3 9 8 -5 -2 -1
right_child=2 3 -4 7 -6 -7 -8 -9 -10 -11
leaf_value=0.010660922870507706 -0.010129657140766024 0.031259078370725384 -0.14325922918642661 -0.00075027366403765145 -0.064113136002478574 0.080752816450247067 0.050408866939127064 0.067671637159652451 -0.08950951276299457 -0.042410355884728204
leaf_weight=23.476332768797874 26.767419934272766 45.50915090739727 5.2883688062429419 12.86071954667568 13.438082769513128 6.1429660618305197 11.280959933996199 67.244007349014282 8.1174825280904752 31.081747427582741
leaf_count=85 102 160 22 45 52 21 39 221 32 115
internal_value=0.0133091 0.0226782 -0.0230629 0.0366905 0.00951727 -0.00942071 -0.00929423 0.0566866 -0.0286008 -0.0195738
internal_weight=251.207 199.753 51.4542 139.052 58.9472 60.701 46.1659 80.1047 34.8849 54.5581
internal_count=894 699 195 478 212 221 173 266 134 200
is_linear=0
shrinkage=0.1


Tree=9
num_leaves=11
num_cat=0
split_feature=2 2 7 5 2 1 3 7 11 0
split_gain=7.57612 6.32403 6.06441 13.2099 7.13076 4.97687 5.53507 5.91704 5.48165 2.58736
threshold=80.783030429132637 122.37648217845843 8.2267719438635449 1.1731559181940947 102.36785335065331 81.219740604632833 41.39049260594647 4.7905325978340718 0.027562920525278405 85.70964592141631
decision_type=2 2 2 2 2 2 2 2 2 2
left_child=5 2 3 -2 -4 9 8 -8 -7 -1
right_child=1 -3 4 -5 -6 6 7 -9 -10 -11
leaf_value=-0.037286335901319259 0.024193468843630824 -0.085142915407743283 0.010869841536611535 -0.12145484638973025 0.10912656577526525 -0.11318098979050135 -0.058904703916086792 0.047303442309210617 -0.01023567759984226 -0.13213571346796235
leaf_weight=7.3968442827463132 138.15850552916527 5.2612595409154883 12.944789603352548 6.5210470110177985 17.20000696182251 6.990491151809695 6.6553286164999035 24.762865051627159 19.88872005045414 4.7055981606245041
leaf_count=29 480 20 45 26 55 28 27 90 74 20
internal_value=0.0120057 0.0228794 0.0261303 0.0176288 0.0669331 -0.0158098 -0.0036953 0.0248053 -0.0370087 -0.0741651
internal_weight=250.485 180.086 174.824 144.68 30.1448 70.3998 58.2974 31.4182 26.8792 12.1024
internal_count=894 626 606 506 100 268 219 117 102 49
is_linear=0
shrinkage=0.1


Tree=10
num_leaves=10
num_cat=0
split_feature=10 10 5 7 6 9 4 9 9
split_gain=6.68837 7.96151 5.85306 5.45107 7.35869 5.345 4.6078 3.26348 1.60375
threshold=0.034636919868065254 0.034096834173563011 0.99033246406335551 7.1003357642722884 7.3644346433575274 9.9972501462720285 0.52854967117309581 7.7901428288810992 8.3338774627998689
decision_type=2 2 2 2 2 2 2 2 2
left_child=1 3 6 4 -1 -5 8 -8 -2
right_child=2 -3 -4 5 -6 -7 7 -9 -10
leaf_value=0.0071877928725018738 -0.087709160232176286 0.13508807099138784 -0.13017495140271304 0.084237773664040588 -0.087714989226517937 0.021387772960727261 -0.028411611984374148 0.055080480791317166 -0.02199624939693709
leaf_weight=101.95489436388016 7.3402715474367124 5.6371877789497367 4.8411470204591742 16.365873694419861 8.8821843117475492 78.122879132628441 8.1193549185991305 11.056835249066351 7.5175990909337997
leaf_count=366 31 18 21 54 35 271 32 38 28
internal_value=0.0108219 0.0178455 -0.0272933 0.0146267 -0.00041746 0.0322737 -0.012659 0.0197292 -0.0544606
internal_weight=249.838 210.963 38.8752 205.326 110.837 94.4888 34.0341 19.1762 14.8579
internal_count=894 744 150 726 401 325 129 70 59
is_linear=0
shrinkage=0.1


Tree=11
num_leaves=11
num_cat=0
split_feature=11 11 1 0 4 4 5 5 5 1
split_gain=5.81147 6.76007 6.28324 7.97562 7.57863 5.78644 5.73607 4.42653 5.28918 3.70911
threshold=0.033137873938262057 0.027465153917019754 84.517580336144633 89.687745571136489 0.51955564647090691 1.2560275338019633 0.99033246406335551 0.86227666332331132 0.73080655502488334 88.743050124928104
decision_type=2 2 2 2 2 2 2 2 2 2
left_child=1 5 4 -4 -3 9 7 8 -2 -1
right_child=6 2 3 -5 -6 -7 -8 -9 -10 -11
leaf_value=0.0096679289842822053 -0.0075106446957179237 0.025802769848631571 0.097417512071441142 0.027784247356623538 -0.08348981271494442 0.079420026830202967 -0.12353980132472434 0.073873496312694811 -0.11802570784038287 -0.042815659929420102
leaf_weight=23.390121027827263 35.226750075817108 18.081521272659305 20.181771799921989 88.924111068248749 9.7744706124067289 6.4699097275733939 4.8804023414850226 5.5909989029169074 4.9375711083412162 31.735308930277824
leaf_count=85 134 64 65 308 37 22 22 19 20 118
internal_value=0.00975632 0.0174682 0.0298421 0.0406646 -0.0125472 -0.0100461 -0.0204842 -0.009492 -0.0210967 -0.0205465
internal_weight=249.193 198.557 136.962 109.106 27.856 61.5953 50.6357 45.7553 40.1643 55.1254
internal_count=894 699 474 373 101 225 195 173 154 203
is_linear=0
shrinkage=0.1


Tree=12
num_leaves=10
num_cat=0
split_feature=2 3 6 1 3 3 4 0 5
split_gain=5.51337 5.25626 4.67029 4.87351 5.96906 4.60218 9.20313 7.56477 2.53542
threshold=80.783030429132637 1.0000000180025095e-35 8.5658179891777326 81.219740604632833 41.39049260594647 46.571853566945499 0.5425685403874515 116.55991165643358 0.48813520222693213
decision_type=2 2 2 2 2 2 2 2 2
left_child=2 -2 3 8 -5 7 -7 -3 -1
right_child=1 5 -4 4 -6 6 -8 -9 -10
leaf_value=-0.11082072932622894 -0.062539518771352179 0.025841268946814551 -0.0924196961327758 -0.030955582550824423 0.037594599937698397 0.047219341336374662 -0.026406406587445471 0.11306169692241337 -0.01705443418886091
leaf_weight=5.9132162034511548 7.7295531183481208 88.339676052331924 7.011856034398078 23.050383448600769 28.295307517051697 27.874692246317863 43.428552523255348 11.205275997519491 5.6287683248519897
leaf_count=26 30 305 28 88 104 95 160 36 22
internal_value=0.00880001 0.0181194 -0.015009 -0.00637787 0.00682068 0.0217686 0.00237623 0.0356592 -0.065093
internal_weight=248.477 178.578 69.8995 62.8877 51.3457 170.848 71.3032 99.545 11.542
internal_count=894 626 268 240 192 596 255 341 48
is_linear=0
shrinkage=0.1


Tree=13
num_leaves=6
num_cat=0
split_feature=8 11 11 10 9
split_gain=5.15941 4.15507 4.18285 5.41532 4.00625
threshold=5.9678144829661139 0.023593365681515453 0.033137873938262057 0.033256429195360857 9.4896733319924333
decision_type=2 2 2 2 2
left_child=-1 -2 3 -3 -4
right_child=1 2 4 -5 -6
leaf_value=-0.095347005328665552 -0.06315517720320668 0.015415778506592266 0.00098575180160878346 0.099688510924077545 -0.069725090740999904
leaf_weight=4.7437268495559684 7.5324931740760794 180.11211121082306 37.146876990795135 7.9622590690851203 10.216017782688139
leaf_count=21 30 635 143 26 39
internal_value=0.00793902 0.00995557 0.0122947 0.0189835 -0.0142663
internal_weight=247.713 242.97 235.437 188.074 47.3629
internal_count=894 873 843 661 182
is_linear=0
shrinkage=0.1


Tree=14
num_leaves=14
num_cat=0
split_feature=7 2 0 9 6 2 3 2 3 0 1 3 2
split_gain=4.82795 4.63159 4.17794 4.1364 5.13682 3.85373 4.78303 8.66579 5.51 4.76488 14.026 6.04415 1.44509
threshold=5.5546295316069836 74.815200990571029 94.232527494430556 6.9808852939623858 4.8492570254538272 80.022868360415842 41.541621271677521 77.800545352786941 50.232481161183038 106.18518944806421 106.77782945286027 22.235789628865511 81.366448645526233
decision_type=2 2 2 2 2 2 2 2 2 2 2 2 2
left_child=1 2 -1 12 -5 6 7 -2 -8 11 -11 -7 -3
right_child=5 3 -4 4 -6 9 8 -9 -10 10 -12 -13 -14
leaf_value=0.084252798209991098 -0.0045951149320893501 -0.1300687572945903 -0.025943454137996882 0.052359313082154448 -0.047347222534057584 -0.046886828399425005 0.086574649114745272 -0.14268726266199988 -0.026222316863158943 -0.080104158200626649 0.027863850103528372 0.042547855060008688 -0.055501337024770461
leaf_weight=6.7706010788679105 15.570127367973329 5.2434299588203412 6.9952803105115891 7.3223197758197811 17.555142357945442 8.2616262435913068 7.9602203518152264 6.4172998219728461 9.4979791939258558 16.338587194681168 45.649727910757065 88.542844116687775 5.153154045343399
leaf_count=24 59 23 28 26 68 30 27 27 37 62 159 302 22
internal_value=0.00715456 -0.020939 0.0282554 -0.0401374 -0.0180001 0.0141043 -0.0138702 -0.044899 0.0252085 0.0210534 -0.000593847 0.0349152 -0.0931088
internal_weight=247.278 49.0399 13.7659 35.274 24.8775 198.238 39.4456 21.9874 17.4582 158.793 61.9883 96.8045 10.3966
internal_count=894 191 52 139 94 703 150 86 64 553 221 332 45
is_linear=0
shrinkage=0.1


Tree=15
num_leaves=8
num_cat=0
split_feature=2 2 8 1 11 4 3
split_gain=4.23928 5.55412 6.33914 6.49998 5.31605 6.45506 3.60462
threshold=122.37648217845843 103.02721913133483 11.291619377389631 103.54216067652563 0.023593365681515453 0.06363136415541247 46.239594749191404
decision_type=2 2 2 2 2 2 2
left_child=1 4 3 -3 -1 -6 -4
right_child=-2 2 6 -5 5 -7 -8
leaf_value=-0.10332512305656852 -0.082788016287487137 0.096605663409457074 0.14329336974659865 -0.025063561235899753 -0.07093911046101703 0.0086442977545830805 0.047622534697216258
leaf_weight=4.6956011354923239 5.210754692554473 6.0799704045057323 7.3149123936891547 15.805039733648298 10.776518896222113 187.86969181895256 8.5313630104064924
leaf_count=20 20 20 23 58 46 678 29
internal_value=0.00645051 0.00837938 0.0436161 0.0087379 0.001841 0.00432691 0.0917858
internal_weight=246.284 241.073 37.7313 21.885 203.342 198.646 15.8463
internal_count=894 874 130 78 744 724 52
is_linear=0
shrinkage=0.1


Tree=16
num_leaves=11
num_cat=0
split_feature=7 5 6 9 6 11 7 2 0 11
split_gain=3.9356 7.44964 5.60819 4.67315 5.19771 6.74606 5.10289 4.30829 3.57403 2.81374
threshold=7.1003357642722884 0.14902371558730884 7.3078860247507871 9.9972501462720285 7.5007019042968759 0.031234387371266353 7.3543741680769541 88.589604476302441 96.050247192382827 0.029551072836689205
decision_type=2 2 2 2 2 2 2 2 2 2
left_child=1 -1 7 6 -5 -6 -2 -3 -8 -4
right_child=3 2 9 4 5 -7 8 -9 -10 -11
leaf_value=-0.094835264077995751 0.13519725629199061 -0.0076983816697019205 -0.019335943178254971 -0.055475275316503758 0.030529326290799519 -0.077375306522612708 0.080178623167494134 0.029962365427422102 -0.028244959766125552 -0.12486585004514415
leaf_weight=8.6000435054302198 6.8108508288860348 79.344515591859818 5.1992955207824689 10.337949872016905 62.673522517085075 6.3840627819299689 6.2094778865575773 49.218138203024864 5.9568035155534744 4.9149994403123856
leaf_count=39 22 297 20 38 219 24 21 172 22 20
internal_value=0.0058228 -0.00452188 0.0010789 0.0213102 0.0106544 0.020554 0.0658912 0.00671943 0.0270927 -0.0706178
internal_weight=245.65 147.277 138.677 98.3727 79.3955 69.0576 18.9771 128.563 12.1663 10.1143
internal_count=894 548 509 346 281 243 65 469 43 40
is_linear=0
shrinkage=0.1


Tree=17
num_leaves=8
num_cat=0
split_feature=8 11 5 2 4 1 5
split_gain=3.81478 3.08024 6.97169 5.53089 4.76653 4.06913 3.94098
threshold=5.9678144829661139 0.027465153917019754 1.1731559181940947 86.506345583378348 1.2560275338019633 88.743050124928104 1.3309287757111461
decision_type=2 2 2 2 2 2 2
left_child=-1 4 3 -3 5 -2 -4
right_child=1 2 6 -5 -6 -7 -8
leaf_value=-0.085956599104139969 0.0098300097677211165 -0.00015855032918619298 -0.12538386468179638 0.0360298345568036 0.069319111963792951 -0.045591107423678938 -0.0034174322341087764
leaf_weight=4.5007506459951392 22.974576130509377 82.0248903632164 5.3629687130451185 87.058830514550209 6.3687758445739737 31.292407885193825 5.2355887591838837
leaf_count=21 84 306 22 301 22 118 20
internal_value=0.00525769 0.00696598 0.0135427 0.0184743 -0.0125229 -0.0221279 -0.0651336
internal_weight=244.819 240.318 179.682 169.084 60.6358 54.267 10.5986
internal_count=894 873 649 607 224 202 42
is_linear=0
shrinkage=0.1


Tree=18
num_leaves=5
num_cat=0
split_feature=2 2 11 4
split_gain=3.47475 4.82363 5.89411 4.04755
threshold=122.37648217845843 114.08404482534276 0.023593365681515453 0.036938841715995659
decision_type=2 2 2 2
left_child=1 2 -1 -4
right_child=-2 -3 3 -5
leaf_value=-0.10364316197899222 -0.076641689095898025 0.075174839910369398 -0.060014560278468979 0.0086894209098048337
leaf_weight=5.0169815421104422 5.1357231289148322 9.8058388382196409 8.9306395649909955 215.25866554677486
leaf_count=22 20 33 40 779
internal_value=0.00474332 0.00649206 0.00355369 0.00595258
internal_weight=244.148 239.012 229.206 224.189
internal_count=894 874 841 819
is_linear=0
shrinkage=0.1


Tree=19
num_leaves=9
num_cat=0
split_feature=7 5 10 8 9 6 2 10
split_gain=3.32312 5.58937 4.63794 4.01075 7.21306 3.94098 3.4612 4.13575
threshold=7.1003357642722884 0.14902371558730884 0.024603339827542904 13.241828011517649 12.922165096567115 7.3541440209512476 76.423517122671754 0.025182538771447403
decision_type=2 2 2 2 2 2 2 2
left_child=1 -1 -3 6 -5 -4 -2 -8
right_child=3 2 5 4 -6 -7 7 -9
leaf_value=-0.085551754640848937 -0.038180501428520371 -0.079232488411341978 0.0080585217843515081 -0.1015503440480859 0.052088884339450948 -0.066410455307171254 0.083544129235667425 0.022147531387574255
leaf_weight=8.1855728626251203 7.578475445508956 7.0974869579076758 123.3311400860548 7.0023135393857938 5.4217085540294647 7.5409831851720801 13.229573577642439 64.279172718524933
leaf_count=39 29 31 448 27 19 30 44 227
internal_value=0.00427337 -0.00526547 -0.000502176 0.0185707 -0.0345039 0.00376754 0.0263204 0.032627
internal_weight=243.666 146.155 137.97 97.5112 12.424 130.872 85.0872 77.5087
internal_count=894 548 509 346 46 478 300 271
is_linear=0
shrinkage=0.1


Tree=20
num_leaves=7
num_cat=0
split_feature=8 10 10 1 1 2
split_gain=3.16207 2.55843 6.33433 4.80456 6.97218 3.0897
threshold=5.9678144829661139 0.034636919868065254 0.033772679532916954 99.645341324539444 91.805413175440449 103.02721913133483
decision_type=2 2 2 2 2 2
left_child=-1 2 5 4 -3 -2
right_child=1 3 -4 -5 -6 -7
leaf_value=-0.080523224868515764 0.0002272288304930492 -0.027203351095240465 0.10043004776568379 -0.082918807088956825 0.092730346022612029 0.032373911892960683
leaf_weight=4.3620472252368918 159.06096631288528 19.895212396979336 7.4148258417844763 8.9180619269609434 6.4084659665822974 36.818761423230171
leaf_count=21 579 80 25 37 22 130
internal_value=0.00385009 0.00539313 0.00970406 -0.0194889 0.00201656 0.00626972
internal_weight=242.878 238.516 203.295 35.2217 26.3037 195.88
internal_count=894 873 734 139 102 709
is_linear=0
shrinkage=0.1


Tree=21
num_leaves=7
num_cat=0
split_feature=10 0 0 0 3 11
split_gain=2.79054 2.71713 6.74388 6.57297 6.19729 5.01618
threshold=0.039885233844833411 130.58405796253851 116.55991165643358 106.85930316214008 47.080021899233934 0.027355385014043155
decision_type=2 2 2 2 2 2
left_child=1 2 3 -1 -4 -3
right_child=-2 5 4 -5 -6 -7
leaf_value=0.0098188357864180918 -0.060123739771566979 -0.11172833797944447 0.12924512961144147 -0.042085277122762908 0.020080053290555337 0.0056371601188866388
leaf_weight=168.35981421172619 6.7086731493473044 5.5111541897058514 8.2280294001102465 28.53314208984375 14.132674366235731 10.734894990921019
leaf_count=617 29 22 27 109 51 39
internal_value=0.00347181 0.00528345 0.00820734 0.00229705 0.0602493 -0.0341768
internal_weight=242.208 235.5 219.254 196.893 22.3607 16.246
internal_count=894 865 804 726 78 61
is_linear=0
shrinkage=0.1


Tree=22
num_leaves=8
num_cat=0
split_feature=8 11 5 8 11 4 1
split_gain=2.61251 2.37744 5.84339 4.36765 4.28308 3.75273 3.67862
threshold=5.9678144829661139 0.027465153917019754 1.1731559181940947 10.624565404833143 0.028034218700073905 1.2560275338019633 88.743050124928104
decision_type=2 2 2 2 2 2 2
left_child=-1 5 4 -4 -3 6 -2
right_child=1 2 3 -5 -6 -7 -8
leaf_value=-0.075014442764328754 0.0091257512619768531 0.070823335029634504 -0.13697201460941372 -0.0061449877976806205 0.010273395339505524 0.060513043555620344 -0.043863313745772348
leaf_weight=4.2033556997776023 22.827763766050339 12.636974781751631 4.4743710160255414 5.9389623403549194 154.63807591795921 6.2644129991531363 30.748088076710701
leaf_count=21 84 44 20 22 563 22 118
internal_value=0.00313432 0.00451726 0.0103231 -0.0623584 0.0148477 -0.0127224 -0.0212856
internal_weight=241.732 237.529 177.688 10.4133 167.275 59.8403 53.5759
internal_count=894 873 649 42 607 224 202
is_linear=0
shrinkage=0.1


Tree=23
num_leaves=12
num_cat=0
split_feature=7 5 4 11 9 6 11 7 9 0 1
split_gain=2.51775 4.82003 4.22835 4.95871 3.9223 4.43914 5.50896 4.43572 3.30344 2.9365 2.14352
threshold=7.1003357642722884 0.16237294502960717 0.53747860182563045 0.035563282041171103 9.9972501462720285 7.5007019042968759 0.031234387371266353 7.3543741680769541 9.5072492131426554 96.050247192382827 85.394558907881802
decision_type=2 2 2 2 2 2 2 2 2 2 2
left_child=1 10 3 -3 7 -6 -7 -2 -4 -9 -1
right_child=4 2 8 -5 5 6 -8 9 -10 -11 -12
leaf_value=-0.028032493957581169 0.12306502924470726 0.030487056374688438 -0.0040132829121666755 -0.049667714212819694 -0.055832621571866747 0.023948951932138321 -0.074054825949169359 0.06917498919785342 -0.051280803685354717 -0.03018709338173392 -0.12686810581503805
leaf_weight=4.3982998728752118 6.5286668390035656 52.117340236902237 54.542918428778648 9.0597486644983274 10.240374982357023 61.474287480115891 6.3258817344903937 6.0707061439752561 20.284405007958412 5.8313978016376495 4.3790277242660522
leaf_count=21 22 184 207 37 38 219 24 21 78 22 21
internal_value=0.00282015 -0.00551882 -0.00088357 0.0186169 0.0153351 0.00553604 0.014805 0.0568266 -0.0168267 0.0204929 -0.0773418
internal_weight=241.253 144.782 136.004 61.1771 96.4713 78.0405 67.8002 18.4308 74.8273 11.9021 8.77733
internal_count=894 548 506 221 346 281 243 65 285 43 42
is_linear=0
shrinkage=0.1


Tree=24
num_leaves=7
num_cat=0
split_feature=3 2 6 4 8 8
split_gain=2.4249 2.87919 4.32647 3.72789 3.42909 5.07122
threshold=1.0000000180025095e-35 80.783030429132637 8.5658179891777326 1.1412057876586916 13.241828011517649 12.156541744234131
decision_type=2 2 2 2 2 2
left_child=-1 2 3 -2 5 -3
right_child=1 4 -4 -5 -6 -7
leaf_value=-0.053671111664179261 -0.012768856291635376 0.0093264663604759705 -0.088352479831746558 0.069794887264569463 -0.04414004492202344 0.071009798538624144
leaf_weight=7.4352332651615134 54.877319529652596 140.09068617224693 6.8516200929880133 6.0739972889423361 10.39378836750984 14.729766771197317
leaf_count=31 217 506 28 22 39 51
internal_value=0.00254739 0.00434123 -0.0130104 -0.00454111 0.0114622 0.0151951
internal_weight=240.452 233.017 67.8029 60.9513 165.214 154.82
internal_count=894 863 267 239 596 557
is_linear=0
shrinkage=0.1


Tree=25
num_leaves=11
num_cat=0
split_feature=7 2 4 9 8 7 11 7 0 3
split_gain=2.29715 4.1023 3.62066 3.69675 3.38265 2.97654 6.25619 3.86702 4.60762 4.00406
threshold=5.5546295316069836 74.815200990571029 1.006249757758511 6.9808852939623858 8.5024611949920672 5.7432066445176559 0.031391202693102506 6.0075398774275994 93.818528639496279 72.948209603980771
decision_type=2 2 2 2 2 2 2 2 2 2
left_child=1 4 3 -3 -1 6 -2 8 -7 -9
right_child=5 2 -4 -5 -6 7 -8 9 -10 -11
leaf_value=0.067564062366156141 -0.021758615423994536 -0.076206118018152913 -0.11382333674151568 0.0014621709365380056 -0.036229576224793218 0.022689474380768432 0.12756489541314295 0.012164304449401409 -0.086304620256305281 -0.060022265212544737
leaf_weight=8.508058622479437 5.3162616491317731 8.8211017549037951 5.0759757161140433 20.074006795883179 4.9764709770679465 6.4709134101867702 5.9415880888700485 156.89361810684204 9.6815056055784208 8.0797186344861966
leaf_count=32 20 41 22 76 20 23 20 568 40 32
internal_value=0.00229726 -0.0174077 -0.0359316 -0.0222484 0.029259 0.00715791 0.0570503 0.00405686 -0.0426399 0.0086289
internal_weight=239.839 47.4556 33.9711 28.8951 13.4845 192.384 11.2578 181.126 16.1524 164.973
internal_count=894 191 139 117 52 703 40 663 63 600
is_linear=0
shrinkage=0.1


Tree=26
num_leaves=9
num_cat=0
split_feature=0 0 0 9 8 6 3 8
split_gain=2.29953 5.95968 5.55591 4.5355 6.60144 3.17539 6.02685 4.1924
threshold=81.772883415222182 83.380527278657482 79.763081255363957 9.9313223392020245 8.0584234070324268 6.671631249366329 44.106589266867822 9.5477600097656268
decision_type=2 2 2 2 2 2 2 2
left_child=2 -2 3 4 -1 6 -3 -7
right_child=1 5 -4 -5 -6 7 -8 -9
leaf_value=0.046888266240837723 0.097784206335872897 -0.039047661831761303 -0.091473331722633527 0.070553992728663945 -0.10085254945388836 0.051540271750651803 0.014526236351545877 0.0039426149179729369
leaf_weight=5.7069324553012901 6.7883046567440024 42.197625480592251 8.6540907025337201 6.8096696287393561 6.4341876208782196 22.809490233659744 41.797398149967194 98.060937389731407
leaf_count=22 24 165 35 23 25 81 159 360
internal_value=0.0020604 0.00560091 -0.0250856 0.00523109 -0.031407 0.00254637 -0.0123883 0.0129248
internal_weight=239.259 211.654 27.6049 18.9508 12.1411 204.865 83.995 120.87
internal_count=894 789 105 70 47 765 324 441
is_linear=0
shrinkage=0.1


Tree=27
num_leaves=6
num_cat=0
split_feature=2 7 6 7 8
split_gain=2.27507 3.76852 4.10095 6.17451 4.20309
threshold=120.95331603032581 9.4191434232586531 8.9779518842697161 8.2267719438635449 11.980100285312288
decision_type=2 2 2 2 2
left_child=1 2 3 -1 -4
right_child=-2 -3 4 -5 -6
leaf_value=0.00050808878901305581 -0.059883402256380835 0.075668150353484676 0.012685301602626259 0.076354962495587944 -0.10027562990342997
leaf_weight=201.18148232251406 5.822913944721221 6.9988708794116965 5.7239846885204297 11.338042393326758 7.7587486058473587
leaf_count=755 23 25 21 39 31
internal_value=0.00185671 0.00339965 0.00116163 0.00455456 -0.052319
internal_weight=238.824 233.001 226.002 212.52 13.4827
internal_count=894 871 846 794 52
is_linear=0
shrinkage=0.1


Tree=28
num_leaves=6
num_cat=0
split_feature=2 10 8 5 7
split_gain=2.23366 2.43922 4.15378 3.2852 3.15338
threshold=68.593853578026796 0.023889764159644552 5.67373164170158 1.1731559181940947 7.669519081977584
decision_type=2 2 2 2 2
left_child=-1 4 -3 -4 -2
right_child=1 2 3 -5 -6
leaf_value=-0.056352006245307167 -0.10069870371432084 -0.1372664111159913 0.010323839822096822 -0.040067180401755803 0.00043574157591094623
leaf_weight=6.4535150825977317 5.0393552631139737 2.0110770910978308 203.15925999730825 13.81759689748287 7.941704735159874
leaf_count=28 24 11 745 56 30
internal_value=0.00167784 0.00329226 0.0057889 0.00711482 -0.0388255
internal_weight=238.423 231.969 218.988 216.977 12.9811
internal_count=894 866 812 801 54
is_linear=0
shrinkage=0.1


Tree=29
num_leaves=10
num_cat=0
split_feature=3 7 0 5 9 6 3 0 1
split_gain=1.96855 9.64457 3.29419 10.2227 3.74413 3.69438 4.20608 3.46358 3.14835
threshold=23.514110701908844 8.3169089878523508 103.6378991410899 0.39528239702482776 9.2965488939331795 4.6861043058270448 61.366188226109848 114.8593476405422 93.649288536767145
decision_type=2 2 2 2 2 2 2 2 2
left_child=1 8 5 4 -4 -2 -7 -5 -1
right_child=2 -3 3 7 -6 6 -8 -9 -10
leaf_value=-0.11138981611985575 -0.051727656150722112 0.075863930537592494 -0.17021708570288008 -0.022843063838411733 -0.050873561837400841 0.01133620971596799 0.070711631232797403 0.02471886775017856 -0.021337569730965775
leaf_weight=8.3414913713932055 8.2661798298358899 6.454145833849906 4.693584591150282 28.561904430389404 5.9755396842956543 122.14151076972485 13.222193300724028 33.002866178750992 7.2624805346131316
leaf_count=34 37 23 22 109 23 448 47 121 30
internal_value=0.00150443 -0.0269508 0.00441214 -0.0130074 -0.103375 0.0131727 0.0171359 0.00265334 -0.0694772
internal_weight=237.922 22.0581 215.864 72.2339 10.6691 143.63 135.364 61.5648 15.604
internal_count=894 87 807 275 45 532 495 230 64
is_linear=0
shrinkage=0.1


Tree=30
num_leaves=9
num_cat=0
split_feature=0 0 7 0 5 8 2 3
split_gain=2.14635 5.05303 5.64799 4.64488 6.82177 3.89743 3.75899 0.922634
threshold=130.58405796253851 116.55991165643358 7.2875087956305338 105.99138641357423 0.39528239702482776 12.217801095469353 79.614601031645606 47.305843819488544
decision_type=2 2 2 2 2 2 2 2
left_child=1 3 -3 6 -5 -2 -1 -4
right_child=5 2 7 4 -6 -7 -8 -9
leaf_value=-0.016081519394857309 -0.079945753310294562 -0.012120203853822285 0.11939845956966975 -0.14226399023487338 -0.015914444967416359 0.019454642064090446 0.015893347282150257 0.065999788350906655
leaf_weight=54.377118602395058 8.5647651851177198 8.8154362291097659 6.2218300700187665 5.0895969495177296 26.638672843575478 7.3123736083507529 113.52683779597282 6.7418450564146042
leaf_count=217 34 34 22 22 102 27 413 23
internal_value=0.00135019 0.00389701 0.0496344 -0.00109277 -0.0361824 -0.0341659 0.00553802 0.0916281
internal_weight=237.288 221.411 21.7791 199.632 31.7283 15.8771 167.904 12.9637
internal_count=894 833 79 754 124 61 630 45
is_linear=0
shrinkage=0.1


Tree=31
num_leaves=8
num_cat=0
split_feature=0 0 0 4 0 8 8
split_gain=2.10225 4.77438 4.5649 3.48545 3.41128 2.63941 4.4615
threshold=81.772883415222182 83.380527278657482 79.763081255363957 0.33107531070709234 76.76179534889188 6.3466205596923837 6.9822463989257821
decision_type=2 2 2 2 2 2 2
left_child=2 -2 3 -1 -5 -3 -7
right_child=1 5 -4 4 -6 6 -8
leaf_value=-0.059365957644583106 0.087844914400693211 -0.075554765929969861 -0.0858301140398674 -0.01655031988376943 0.087705869612389145 0.092157909821348194 0.0010235425521352036
leaf_weight=6.103836923837668 6.67331539094448 4.3082888424396506 8.4739176332950574 6.6420672833919507 5.9497487545013428 5.5256436914205542 192.88955924659967
leaf_count=24 24 23 35 25 21 20 722
internal_value=0.00122414 0.00461978 -0.0249462 0.00264978 0.0327117 0.00188015 0.00356153
internal_weight=236.566 209.397 27.1696 18.6957 12.5918 202.723 198.415
internal_count=894 789 105 70 46 765 742
is_linear=0
shrinkage=0.1


Tree=32
num_leaves=11
num_cat=0
split_feature=11 5 9 11 8 8 4 10 2 2
split_gain=1.98636 4.37217 3.96344 4.5042 3.63829 3.41378 3.27625 4.00774 7.96844 4.47334
threshold=0.027465153917019754 1.1731559181940947 7.7901428288810992 0.028034218700073905 7.2864078115671882 10.624565404833143 1.2560275338019633 0.025677877159358153 92.099388251942813 84.003771166895362
decision_type=2 2 2 2 2 2 2 2 2 2
left_child=6 2 4 -4 -2 -3 7 9 -9 -1
right_child=1 5 3 -5 -6 -7 -8 8 -10 -11
leaf_value=-0.052200531936969052 0.0042563271716174788 -0.12658365320635576 0.07720254045019162 0.011877487426663121 -0.068014661367415172 -0.0081834049214437529 0.054881514311792438 -0.0030002596628788364 -0.12755576548776973 0.026849482470357129
leaf_weight=10.930859863758089 18.499814435839657 4.1960586160421354 11.516415625810621 126.43378284573555 11.172612905502318 5.802836149930954 6.0422383099794379 11.88630746304989 9.0445656627416593 20.743479907512665
leaf_count=47 79 20 40 463 45 22 22 44 36 76
internal_value=0.00109886 0.00636754 0.0101994 0.017331 -0.022956 -0.0578703 -0.014858 -0.0228683 -0.0568227 -0.00043079
internal_weight=236.269 177.622 167.623 137.95 29.6724 9.99889 58.6475 52.6052 20.9309 31.6743
internal_count=894 669 627 503 124 42 225 203 80 123
is_linear=0
shrinkage=0.1


Tree=33
num_leaves=5
num_cat=0
split_feature=10 1 7 8
split_gain=2.53199 2.17572 5.47547 3.91184
threshold=0.022102440963887204 126.96147844196645 9.4191434232586531 12.839654902986501
decision_type=2 2 2 2
left_child=-1 2 3 -2
right_child=1 -3 -4 -5
leaf_value=-0.084323233684210533 0.0042823019467837656 -0.048855025221977239 0.098446523355703988 -0.062769362193595551
leaf_weight=3.4284312278032294 209.04766674339771 8.0430333763360959 5.98460829257965 9.0787258595228177
leaf_count=16 789 32 22 35
internal_value=0.000986764 0.00224661 0.00408058 0.00149152
internal_weight=235.582 232.154 224.111 218.126
internal_count=894 878 846 824
is_linear=0
shrinkage=0.1


Tree=34
num_leaves=8
num_cat=0
split_feature=10 3 7 3 3 0 0
split_gain=2.10784 2.15872 6.9266 3.35731 4.02551 2.92045 2.67567
threshold=0.022102440963887204 23.514110701908844 8.3169089878523508 28.494437250585936 29.432825063281623 89.075193657604785 91.062170892953887
decision_type=2 2 2 2 2 2 2
left_child=-1 2 5 6 -5 -2 -3
right_child=1 3 -4 4 -6 -7 -8
leaf_value=-0.077960148142639185 -0.12546705820474885 0.086375179997318918 0.072454189629221205 -0.086094802791102099 0.0036107150479376803 -0.032176892345116621 0.0080246787968506934
leaf_weight=3.3420494198799124 4.9973925352096584 8.6833257079124468 5.0386652201414099 5.1383667141199103 189.11429616808891 10.214563488960264 8.7514318078756315
leaf_count=16 22 30 19 20 714 41 32
internal_value=0.000890628 0.00202681 -0.029165 0.0050107 0.00123783 -0.0628243 0.0470469
internal_weight=235.28 231.938 20.2506 211.687 194.253 15.212 17.4348
internal_count=894 878 82 796 734 63 62
is_linear=0
shrinkage=0.1


Tree=35
num_leaves=8
num_cat=0
split_feature=10 3 3 3 8 10 2
split_gain=1.8345 2.02033 7.42199 6.71071 4.49541 4.43015 3.4261
threshold=0.039885233844833411 61.366188226109848 55.374175902965284 65.526785784648709 13.183099567890169 0.030090939282065854 97.297526510294205
decision_type=2 2 2 2 2 2 2
left_child=1 2 4 -3 -1 -5 -4
right_child=-2 3 6 5 -6 -7 -8
leaf_value=0.0082856738419899573 -0.052221202902602543 0.10080159477327205 -0.093579228531111738 -0.036363022396046572 -0.065784415574817123 0.047090334299890235 -0.003257886754519046
leaf_weight=166.7794206738472 6.3489887639880171 8.6518107652664167 12.011687532067301 14.952474094927313 8.6171184629201871 11.070813320577143 6.4574619978666297
leaf_count=627 29 30 48 60 34 42 24
internal_value=0.000800807 0.00227379 -0.00170259 0.0245054 0.00464666 -0.000860339 -0.0619997
internal_weight=234.89 228.541 193.866 34.6751 175.397 26.0233 18.4691
internal_count=894 865 733 132 661 102 72
is_linear=0
shrinkage=0.1


Tree=36
num_leaves=8
num_cat=0
split_feature=0 0 0 9 8 1 0
split_gain=1.78903 3.89122 3.78472 3.13675 5.52358 2.52111 3.04985
threshold=81.772883415222182 83.380527278657482 79.763081255363957 9.9313223392020245 8.0584234070324268 81.219740604632833 93.34003717318582
decision_type=2 2 2 2 2 2 2
left_child=2 -2 3 4 -1 -3 -7
right_child=1 5 -4 -5 -6 6 -8
leaf_value=0.04281686955353052 0.079597466448410426 -0.058648576832605742 -0.079768080028527269 0.057348236552029752 -0.093080864067260322 0.023946045212520115 -0.0041923463297020265
leaf_weight=5.6749215126037651 6.5686580538749686 6.760411597788333 8.2862147316336614 6.5237725526094428 6.3235839903354645 52.938344150781631 141.42196284234524
leaf_count=22 24 31 35 23 25 192 542
internal_value=0.000719253 0.00385737 -0.0235922 0.00153893 -0.0288054 0.00138367 0.00347177
internal_weight=234.498 207.689 26.8085 18.5223 11.9985 201.121 194.36
internal_count=894 789 105 70 47 765 734
is_linear=0
shrinkage=0.1


Tree=37
num_leaves=5
num_cat=0
split_feature=2 2 11 3
split_gain=1.70588 3.15343 2.91696 2.16181
threshold=120.95331603032581 114.08404482534276 0.023593365681515453 23.514110701908844
decision_type=2 2 2 2
left_child=1 2 -1 -4
right_child=-2 -3 3 -5
leaf_value=-0.081904247300915306 -0.053329325741995892 0.062776872318218893 -0.033092700625960335 0.0042575353239073747
leaf_weight=4.2922734171152106 5.7123224437236777 8.2286078780889493 16.805219925940037 198.96761374920607
leaf_count=22 23 30 69 750
internal_value=0.000646813 0.00199739 -0.000275254 0.00134855
internal_weight=234.006 228.294 220.065 215.773
internal_count=894 871 841 819
is_linear=0
shrinkage=0.1


Tree=38
num_leaves=9
num_cat=0
split_feature=11 10 10 11 10 4 6 11
split_gain=1.6914 4.25983 4.77395 3.43159 5.75302 3.22266 3.22005 3.06974
threshold=0.033137873938262057 0.033256429195360857 0.03227083376803911 0.034275883915970605 0.034467424587491857 0.65906754455359473 6.4691891832608199 0.030005913478403704
decision_type=2 2 2 2 2 2 2 2
left_child=1 2 7 5 -5 -2 -6 -1
right_child=3 -3 -4 4 6 -7 -8 -9
leaf_value=-0.002961116206193431 -0.018736779948090348 0.079350745324093641 -0.078649623004480973 0.10251412607622708 0.0033965774436545818 -0.12432569087936457 -0.069450656218317794 0.027220825632819048
leaf_weight=126.08606936782598 6.9255748987197858 7.3732057884335509 7.0856594890356055 4.6848898828029624 22.229709632694725 4.9611952900886536 8.3460221961140615 45.989596202969551
leaf_count=480 27 26 27 16 95 21 36 166
internal_value=0.000581443 0.00485864 0.00179299 -0.0163409 -0.0006768 -0.0628065 -0.016488 0.00510542
internal_weight=233.682 186.535 179.161 47.1474 35.2606 11.8868 30.5757 172.076
internal_count=894 699 673 195 147 48 131 646
is_linear=0
shrinkage=0.1


Tree=39
num_leaves=11
num_cat=0
split_feature=9 9 3 3 3 6 7 7 4 10
split_gain=1.70584 5.34121 6.02495 13.8146 4.49445 4.31121 3.50124 3.22739 3.20511 1.828
threshold=11.024195738701041 11.699835856731445 26.736379938367143 54.733594339113374 23.221191053812053 8.5658179891777326 7.1003357642722884 6.1477308124610426 0.47029279545184066 0.028752295486678753
decision_type=2 2 2 2 2 2 2 2 2 2
left_child=4 8 -3 -4 7 6 -6 -1 -2 -10
right_child=1 2 3 -5 5 -7 -8 -9 9 -11
leaf_value=-0.0063365224380016599 -0.0063477721871118969 0.058454151016116708 -0.10709289632933135 0.064209544238290256 -0.0035635528248224115 -0.064278054646312685 0.032294706308131811 -0.11432736762841621 0.11339840866720317 0.039094227454913782
leaf_weight=5.0655206367373449 5.5355262905359295 8.8700528144836444 12.145433127880098 7.6875155642628661 129.77858401089907 9.8117037862539274 34.460002258419991 6.1000984609127045 8.2894163876771909 5.5128452628850928
leaf_count=24 21 33 50 28 501 39 125 25 28 20
internal_value=0.000523123 0.0173145 -0.0100542 -0.0406938 -0.00383218 0.000113333 0.00396011 -0.065335 0.0579378 0.0837201
internal_weight=233.257 48.0408 28.703 19.8329 185.216 174.05 164.239 11.1656 19.3378 13.8023
internal_count=894 180 111 78 714 665 626 49 69 48
is_linear=0
shrinkage=0.1


Tree=40
num_leaves=5
num_cat=0
split_feature=1 7 6 7
split_gain=1.66599 3.3414 3.20049 3.06369
threshold=126.96147844196645 9.4191434232586531 9.3155362354846165 8.2267719438635449
decision_type=2 2 2 2
left_child=1 2 3 -1
right_child=-2 -3 -4 -5
leaf_value=-0.00092994605190865789 -0.042533156734269918 0.074952099127854346 -0.06592722057650785 0.047051858543954467
leaf_weight=196.433867149055 8.6694391816854459 6.1308140456676474 7.1029324531555167 14.274361863732336
leaf_count=753 35 24 29 53
internal_value=0.000479188 0.00214432 9.49711e-05 0.00232057
internal_weight=232.611 223.942 217.811 210.708
internal_count=894 859 835 806
is_linear=0
shrinkage=0.1


Tree=41
num_leaves=7
num_cat=0
split_feature=8 6 9 2 3 3
split_gain=1.48996 2.28995 3.14662 5.59821 3.64502 2.22466
threshold=5.9678144829661139 4.8492570254538272 7.7901428288810992 74.193974631506435 72.948209603980771 39.44243918744116
decision_type=2 2 2 2 2 2
left_child=-1 5 3 -3 -4 -2
right_child=1 2 4 -5 -6 -7
leaf_value=-0.062376888916273722 0.089697214831019209 0.059596740716800316 0.0058648403631727511 -0.065769528455655563 -0.060268152047012191 0.0073368226839481913
leaf_weight=3.716107763350009 5.5886835753917676 4.570464305579665 185.58810640871525 16.142271392047405 8.726057827472685 7.9378624930977821
leaf_count=21 20 17 698 69 37 32
internal_value=0.000434776 0.00145605 -0.00105449 -0.0381063 0.00289501 0.0413652
internal_weight=232.27 228.553 215.027 20.7127 194.314 13.5265
internal_count=894 873 821 86 735 52
is_linear=0
shrinkage=0.1


Tree=42
num_leaves=6
num_cat=0
split_feature=10 8 3 1 3
split_gain=1.59397 3.55572 2.11164 5.60383 4.84805
threshold=0.022102440963887204 5.67373164170158 61.366188226109848 105.53919121599051 55.374175902965284
decision_type=2 2 2 2 2
left_child=-1 -2 4 -4 -3
right_child=1 2 3 -5 -6
leaf_value=-0.070236934811959903 -0.12886950794005098 0.0036427245849686633 0.061151104522828681 -0.021556259190329288 -0.050606530654355546
leaf_weight=3.1524469703435889 2.0775543227791777 174.9705775603652 19.136822432279587 14.323947474360464 18.185378089547157
leaf_count=16 13 666 71 56 72
internal_value=0.00038554 0.00135904 0.00255294 0.0257456 -0.00146477
internal_weight=231.847 228.694 226.617 33.4608 193.156
internal_count=894 878 865 127 738
is_linear=0
shrinkage=0.1


Tree=43
num_leaves=5
num_cat=0
split_feature=2 1 1 2
split_gain=1.44853 1.60834 2.92111 3.97775
threshold=67.259170525074452 80.442336307649711 80.768560214453501 71.461061256147374
decision_type=2 2 2 2
left_child=-1 -2 -3 -4
right_child=1 2 3 -5
leaf_value=-0.067449020161176584 0.054337662214894472 -0.081122079953825588 0.07147646260207989 -0.0010484998400047871
leaf_weight=3.1096531599760047 5.5707186609506598 4.3586623370647422 7.8440692126750937 210.6452286913991
leaf_count=16 21 20 28 809
internal_value=0.000341979 0.00126487 -6.18311e-05 0.00155525
internal_weight=231.528 228.419 222.848 218.489
internal_count=894 878 857 837
is_linear=0
shrinkage=0.1


Tree=44
num_leaves=14
num_cat=0
split_feature=9 9 3 3 10 1 10 8 10 3 8 9 0
split_gain=1.37609 4.39331 5.56222 10.0713 4.0993 6.85557 6.44075 4.74066 3.44729 4.25937 3.62334 2.91831 1.01646
threshold=11.024195738701041 11.699835856731445 58.431109852378775 26.736379938367143 0.028261074575027953 91.805413175440449 0.02709238331565025 9.1527498930627775 0.030773969334244051 23.95772854929745 8.9824154529770173 11.35842202426325 97.965273850855098
decision_type=2 2 2 2 2 2 2 2 2 2 2 2 2
left_child=4 11 3 -3 5 7 -7 -1 10 -10 -6 12 -2
right_child=1 2 -4 -5 8 6 -8 -9 9 -11 -12 -13 -14
leaf_value=0.047224135844290201 -0.01110463661733567 0.051975189997270736 0.076479537917424692 -0.085667510751414711 -0.011153260494236802 -0.03704818715898827 -0.15988747429757333 -0.031121161464202914 -0.096412335273232105 -0.0010688545639945405 0.045397300829245181 0.10047141331290513 0.048776129314323874
leaf_weight=13.568815000355245 5.3577794730663317 8.683874458074575 5.9517733603715888 13.706694446504114 17.102914199233055 15.612816005945207 5.8743513375520697 17.92854280769825 4.9958801120519629 75.439198397099972 33.567549034953117 7.6435203254222861 6.0197074264287949
leaf_count=52 20 33 21 57 64 63 25 71 24 297 118 27 22
internal_value=0.000304058 0.0155055 -0.00944465 -0.0322847 -0.00360703 -0.0270804 -0.0706311 0.00262938 0.00587942 -0.00699071 0.0263097 0.0526827 0.0205776
internal_weight=231.453 47.3633 28.3423 22.3906 184.09 52.9845 21.4872 31.4974 131.106 80.4351 50.6705 19.021 11.3775
internal_count=894 180 111 90 714 211 88 123 503 321 182 69 42
is_linear=0
shrinkage=0.1


Tree=45
num_leaves=11
num_cat=0
split_feature=0 3 9 6 0 3 11 9 9 8
split_gain=1.40864 4.33312 4.92497 4.56105 2.2059 6.23465 4.34377 3.09954 7.10142 6.82186
threshold=80.968750000000014 31.817692669035392 10.240795719173457 5.0129402590459442 89.687745571136489 23.95772854929745 0.028905629546287503 9.0257607774585242 9.4896733319924333 8.5526506900787371
decision_type=2 2 2 2 2 2 2 2 2 2
left_child=1 -1 3 -3 5 -2 -7 9 -9 -6
right_child=4 2 -4 -5 7 6 -8 8 -10 -11
leaf_value=0.061353464521095503 -0.06979628197560804 -0.0032921496513691182 0.033656573417495193 -0.12937319797746125 0.0044847154886123322 -0.012005946774614609 0.060750989225019661 0.062091970328868311 -0.0046221705464023245 -0.069443864719774179
leaf_weight=4.7239391207695034 6.2664514556527129 4.6192382499575633 5.3263370245695105 7.5734907388687134 34.734438769519329 11.974723279476164 26.071186944842339 19.369776323437691 90.517138540744781 19.483061037957668
leaf_count=18 27 20 20 31 139 45 96 68 347 83
internal_value=0.000277061 -0.0236442 -0.0465634 -0.0816072 0.00283002 0.0226282 0.0378512 -0.00251598 0.00713754 -0.0220815
internal_weight=230.66 22.243 17.5191 12.1927 208.417 44.3124 38.0459 164.104 109.887 54.2175
internal_count=894 89 71 51 805 168 141 637 415 222
is_linear=0
shrinkage=0.1


Tree=46
num_leaves=9
num_cat=0
split_feature=0 0 7 0 5 11 2 10
split_gain=1.40392 4.17301 4.11468 3.42317 5.39404 3.35892 3.2055 1.13389
threshold=130.58405796253851 116.55991165643358 7.7573841652210298 105.99138641357423 0.39528239702482776 0.027355385014043155 80.783030429132637 0.032446098580952806
decision_type=2 2 2 2 2 2 2 2
left_child=1 3 7 6 -5 -2 -1 -3
right_child=5 2 -4 4 -6 -7 -8 -9
leaf_value=-0.015138785186135746 -0.094934550671933016 0.033837967338425944 0.091213958252323424 -0.1294109148876996 -0.014663955425249578 0.0041237874651833704 0.014058328582204996 -0.031154116450425824
leaf_weight=58.745056949555874 5.1364488452672949 5.4865630418062228 9.98248043656349 4.8664505407214191 25.899063177406788 10.261934570968149 104.47920785099268 5.2560557872056961
leaf_count=239 22 21 37 22 102 39 391 21
internal_value=0.000247961 0.0023397 0.0449912 -0.00221703 -0.0328145 -0.0289192 0.00355017 0.0020392
internal_weight=230.113 214.715 20.7251 193.99 30.7655 15.3984 163.224 10.7426
internal_count=894 833 79 754 124 61 630 42
is_linear=0
shrinkage=0.1


Tree=47
num_leaves=8
num_cat=0
split_feature=10 3 3 3 8 0 0
split_gain=1.37966 1.42023 5.10179 4.82549 3.5302 3.22343 3.00403
threshold=0.039885233844833411 61.366188226109848 55.374175902965284 65.526785784648709 8.2112031540446271 92.979722664194142 116.55991165643358
decision_type=2 2 2 2 2 2 2
left_child=1 2 6 -3 -5 -4 -1
right_child=-2 3 5 4 -6 -7 -8
leaf_value=-0.00085435884140701356 -0.04660506668584799 0.086712233650454024 0.016281465785295282 0.062851905445491671 -0.023030531000288706 -0.078710076800735163 0.0440736668949607
leaf_weight=155.18015505373478 6.1231938377022734 8.2829953432083112 4.9257438331842449 6.4137793183326748 18.860809423029423 13.00106108188629 16.460959419608116
leaf_count=597 29 30 18 25 77 54 64
internal_value=0.000224246 0.00150937 -0.00184736 0.0204717 -0.00123667 -0.0526093 0.00345439
internal_weight=229.249 223.126 189.568 33.5576 25.2746 17.9268 171.641
internal_count=894 865 733 132 102 72 661
is_linear=0
shrinkage=0.1


Tree=48
num_leaves=10
num_cat=0
split_feature=5 8 11 1 6 6 2 3 5
split_gain=1.40192 7.41503 2.02794 4.37482 4.40888 4.39425 3.09083 4.06974 3.42547
threshold=1.1731559181940947 10.516899860951613 0.027465153917019754 88.743050124928104 8.0083729223842983 8.0459518432617205 92.158239335595553 23.95772854929745 0.58557380771767031
decision_type=2 2 2 2 2 2 2 2 2
left_child=2 -2 3 5 -5 -1 7 -4 -8
right_child=1 -3 6 4 -6 -7 8 -9 -10
leaf_value=0.041368000630707058 -0.12966444376652173 0.021443109093170001 -0.088009993172139006 -0.077590285702177311 0.00065416687485007029 -0.065854691110004346 -0.0035064990394073356 0.0020596356538529065 0.046404397171413342
leaf_weight=17.56101189553738 4.9197022765874854 9.5537527501583082 5.2803300321102133 15.320153810083868 13.589356966316698 4.8855227380990973 22.943139106035233 100.44130506366491 34.320884473621845
leaf_count=66 25 37 23 65 54 20 88 389 127
internal_value=0.000201981 -0.0299202 0.00223598 -0.0150922 -0.0408103 0.0180308 0.00769602 -0.00243895 0.0264073
internal_weight=228.815 14.4735 214.342 51.356 28.9095 22.4465 162.986 105.722 57.264
internal_count=894 62 832 205 119 86 627 412 215
is_linear=0
shrinkage=0.1


Tree=49
num_leaves=12
num_cat=0
split_feature=0 3 9 8 0 2 9 6 3 8 2
split_gain=1.36581 3.50662 2.45406 3.94359 1.79326 5.00197 4.70918 3.19946 4.03844 3.33507 2.49375
threshold=80.968750000000014 35.012250476734032 10.1920351854458 8.6737316740105914 93.34003717318582 79.614601031645606 10.486794541540693 6.6560362577438363 44.152365182341697 9.5477600097656268 77.36612393657235
decision_type=2 2 2 2 2 2 2 2 2 2 2
left_child=1 -1 3 -3 5 10 -7 8 -6 -9 -2
right_child=4 2 -4 -5 7 6 -8 9 -10 -11 -12
leaf_value=0.047095362510189545 -0.0042022853880184499 -0.022395414735904878 0.011103339191267325 -0.14127262686313974 -0.059482847993360823 0.05736644120968553 -0.015308953983070235 0.04734885683748849 -0.00083220858983132449 -0.0019014257639395221 -0.084110579648568939
leaf_weight=5.3279650285840061 19.195451259613041 6.7063257470726985 5.170211747288703 4.7793028950691223 19.629225060343742 30.846166983246803 12.540920853614805 16.951277486979961 29.210297778248787 72.794706419110298 4.9029848873615256
leaf_count=21 75 28 20 20 82 113 47 63 118 285 22
internal_value=0.00017426 -0.0235194 -0.0461081 -0.0718616 0.00270192 0.0160699 0.0363598 -0.00380777 -0.0244046 0.007401 -0.0204602
internal_weight=228.055 21.9838 16.6558 11.4856 206.071 67.4855 43.3871 138.586 48.8395 89.746 24.0984
internal_count=894 89 68 48 805 257 160 548 200 348 97
is_linear=0
shrinkage=0.1


Tree=50
num_leaves=6
num_cat=0
split_feature=2 7 3 6 8
split_gain=1.35638 2.58021 5.05497 4.53566 2.82494
threshold=120.95331603032581 8.7481621549598803 36.858705617223883 9.0079287978878728 12.186933671497814
decision_type=2 2 2 2 2
left_child=1 3 -3 4 -1
right_child=-2 2 -4 -5 -6
leaf_value=-0.0017418681630161541 -0.048821658684040384 0.11956358712553024 -0.0062879881078369872 -0.079045311407675289 0.045422584164766799
leaf_weight=187.68972050398588 5.5173620432615271 5.3216172158718091 7.9735406488180161 7.2523196414113036 13.620890155434607
leaf_count=737 23 21 32 31 50
internal_value=0.000155121 0.00137312 0.0440863 -0.0013497 0.00144933
internal_weight=227.375 221.858 13.2952 208.563 201.311
internal_count=894 871 53 818 787
is_linear=0
shrinkage=0.1


Tree=51
num_leaves=14
num_cat=0
split_feature=4 5 6 3 3 0 7 3 2 3 3 1 3
split_gain=1.27814 4.61134 4.13795 5.38313 3.57687 6.02435 4.48623 4.38366 3.20103 6.15311 3.7744 2.54787 1.78149
threshold=0.53747860182563045 0.57621082569669613 6.0004615783691415 38.438736420364684 48.454834868449119 107.6462934985757 7.9020040420810043 54.860405143227887 90.15591395762614 44.94965048171062 63.280636033636817 87.482373976870406 58.431109852378775
decision_type=2 2 2 2 2 2 2 2 2 2 2 2 2
left_child=4 2 -2 -4 5 6 -1 11 10 -10 -3 -6 -9
right_child=1 8 3 -5 7 -7 -8 12 9 -11 -12 -13 -14
leaf_value=-0.0052058785909359015 0.018559500565505937 -0.027572692028642293 -0.009900208796016708 -0.1467416605761524 0.025768779349206374 -0.092111022700958556 0.071936335332197357 -0.048290863938904444 0.051548542518072421 -0.014752391940087326 0.050156595916001759 0.11649320458624741 0.02292994068712997
leaf_weight=53.844389975070953 5.2740333080291775 45.073171108961105 5.0319997519254667 6.7056087851524353 5.0917511805891973 7.0179293602704993 8.7660347968339902 4.6411913633346584 27.334895104169846 28.688395000994205 7.2522683739662162 7.8954647332429886 14.436947531998156
leaf_count=210 20 181 20 28 21 29 32 19 106 113 28 28 59
internal_value=0.000143724 -0.00661385 -0.0550168 -0.0880767 0.00847395 -0.00425315 0.00559474 0.0361102 0.000985817 0.0175972 -0.0167995 0.0809239 0.00560386
internal_weight=227.054 125.36 17.0116 11.7376 101.694 69.6284 62.6104 32.0654 108.349 56.0233 52.3254 12.9872 19.0781
internal_count=894 496 68 48 398 271 242 127 428 219 209 49 78
is_linear=0
shrinkage=0.1


Tree=52
num_leaves=10
num_cat=0
split_feature=5 8 11 1 6 6 11 6 1
split_gain=1.23725 6.20229 1.78687 3.92473 3.94449 3.64991 2.82348 5.27764 2.49513
threshold=1.1731559181940947 10.516899860951613 0.027465153917019754 88.743050124928104 8.0459518432617205 7.5007019042968759 0.028034218700073905 7.7453333121957266 84.761995561501138
decision_type=2 2 2 2 2 2 2 2 2
left_child=2 -2 3 4 -1 -5 7 -4 -8
right_child=1 -3 6 5 -6 -7 8 -9 -10
leaf_value=0.039077245821675967 -0.122401378526313 0.018390243578976104 -0.010487419187399764 -0.089047434225469305 -0.063158035954789568 -0.013337817734387478 -0.018844637968820674 0.12237898747884753 0.010930907757666052
leaf_weight=17.519817017018799 4.6951824948191634 9.3798132538795453 6.16731099039316 9.6248360201716441 4.8099953383207312 18.816228307783604 37.597022421658039 5.8021328151226044 111.92238477617502
leaf_count=66 25 37 25 44 20 75 152 20 430
internal_value=0.000136493 -0.0285755 0.00204039 -0.0143231 0.0170551 -0.038959 0.00718496 0.053919 0.00344377
internal_weight=226.335 14.075 212.26 50.7709 22.3298 28.4411 161.489 11.9694 149.519
internal_count=894 62 832 205 86 119 627 45 582
is_linear=0
shrinkage=0.1


Tree=53
num_leaves=9
num_cat=0
split_feature=0 0 3 0 6 8 9 7
split_gain=1.19159 2.8557 3.56652 3.05103 5.76603 2.74931 2.50514 2.28427
threshold=130.58405796253851 116.55991165643358 47.080021899233934 105.99138641357423 7.3078860247507871 12.217801095469353 6.3615876232505828 7.2875087956305338
decision_type=2 2 2 2 2 2 2 2
left_child=1 3 -3 6 -5 -2 -1 -4
right_child=5 2 7 4 -6 -7 -8 -9
leaf_value=-0.06514236374297401 -0.067137767514250227 0.098680798851502771 -0.030524593411508982 0.014572170276643268 -0.072918138435300386 0.019028547379351033 0.0060350841968673952 0.052264546217884178
leaf_weight=5.1072363629937163 7.9932787790894491 6.5288705453276661 7.067109175026415 14.498177714645864 15.679295442998407 6.8989611715078354 155.4553019925952 6.3070330321788788
leaf_count=28 34 27 29 59 65 27 602 23
internal_value=0.000116467 0.00204916 0.0380941 -0.001712 -0.0308851 -0.0272205 0.00377104 0.00851745
internal_weight=225.535 210.643 19.903 190.74 30.1775 14.8922 160.563 13.3741
internal_count=894 833 79 754 124 61 630 52
is_linear=0
shrinkage=0.1


Tree=54
num_leaves=6
num_cat=0
split_feature=2 7 3 6 8
split_gain=1.16964 2.0965 4.35463 3.83114 2.15193
threshold=120.95331603032581 8.7481621549598803 36.858705617223883 9.0079287978878728 12.186933671497814
decision_type=2 2 2 2 2
left_child=1 3 -3 4 -1
right_child=-2 2 -4 -5 -6
leaf_value=-0.0014221326682862512 -0.045886029512109752 0.11284869081048675 -0.006048707691425622 -0.073387835832762233 0.040104914730203611
leaf_weight=186.16295230388641 5.3961997628211966 5.0458527952432615 7.9081931412220001 7.1006773561239234 13.375139996409414
leaf_count=737 23 21 32 31 50
internal_value=0.00010903 0.0012393 0.0402641 -0.00120714 0.00136145
internal_weight=224.989 219.593 12.954 206.639 199.538
internal_count=894 871 53 818 787
is_linear=0
shrinkage=0.1


Tree=55
num_leaves=10
num_cat=0
split_feature=3 7 0 7 3 6 3 0 8
split_gain=1.19589 3.93291 2.21829 2.3262 1.81885 4.39743 4.7341 3.20887 1.31302
threshold=23.514110701908844 8.3169089878523508 89.075193657604785 6.999500230019442 28.711638540076198 4.6861043058270448 30.17689403949959 91.062170892953887 6.2846140769227379
decision_type=2 2 2 2 2 2 2 2 2
left_child=1 2 -1 -4 7 8 -7 -2 -6
right_child=4 -3 3 -5 5 6 -8 -9 -10
leaf_value=-0.10757310914270113 0.07499774814614589 0.050504847784067219 0.028763904129291442 -0.068946739505443763 -0.030501499866965792 -0.07817900110354431 0.0059526284043886967 -0.0090818165375136702 -0.11146266657397315
leaf_weight=4.6211552768945721 8.9968621730804461 5.2674677520990363 4.553569093346594 5.2405478805303574 3.8197646737098676 6.9592312574386588 171.826541043818 9.1610670238733274 4.2120573371648788
leaf_count=22 33 23 21 21 21 28 670 35 20
internal_value=0.00010186 -0.0234429 -0.050464 -0.0235182 0.00236274 -0.000574046 0.00267781 0.0325778 -0.0729592
internal_weight=224.658 19.6827 14.4153 9.79412 204.976 186.818 178.786 18.1579 8.03182
internal_count=894 87 64 42 807 739 698 68 41
is_linear=0
shrinkage=0.1


Tree=56
num_leaves=5
num_cat=0
split_feature=2 2 1 1
split_gain=1.0742 1.95104 3.83049 2.05658
threshold=68.593853578026796 71.461061256147374 80.442336307649711 85.746002784440108
decision_type=2 2 2 2
left_child=-1 -2 -3 -4
right_child=1 2 3 -5
leaf_value=-0.042348830845277782 0.054962656292240265 0.089426166617982139 -0.02073310228910254 0.0029739683094315169
leaf_weight=5.8103533759713164 6.5515723973512641 4.638629898428916 47.468614436686039 159.70262486487627
leaf_count=28 24 17 193 632
internal_value=8.75398e-05 0.00121672 -0.000445712 -0.00245797
internal_weight=224.172 218.361 211.81 207.171
internal_count=894 866 842 825
is_linear=0
shrinkage=0.1


Tree=57
num_leaves=11
num_cat=0
split_feature=4 4 4 6 7 11 11 5 2 4
split_gain=1.0559 3.89881 3.44011 5.39924 3.79711 7.52516 3.75477 2.7121 2.33452 2.03994
threshold=0.53747860182563045 0.56677246093750011 0.33107531070709234 8.4198117887582704 7.9020040420810043 0.028905629546287503 0.03466317242407236 0.53656556857570548 92.568517643742098 0.62163570919074129
decision_type=2 2 2 2 2 2 2 2 2 2
left_child=2 -2 4 6 5 -1 -4 -3 -6 -9
right_child=1 7 3 -5 8 -7 -8 9 -10 -11
leaf_value=-0.075367196376973533 -0.091184751349427412 -0.068792199471279444 0.06028755878893604 -0.064276561995692302 0.094342289956473535 0.0073842812581851594 -0.031733113522535487 0.051146624863926377 -0.0017909458424129375 -0.0025742275545345256
leaf_weight=15.810839921236036 5.1626411825418463 5.84971148520708 28.169038288295269 5.1409865766763678 5.3632512241601926 36.034574843943119 5.2625766992568961 7.579464763402938 4.7752535343170166 104.86765638738871
leaf_count=68 21 25 103 21 20 145 21 28 20 422
internal_value=7.69667e-05 -0.00611908 0.00768423 0.0311309 -0.00690663 -0.0178517 0.0458023 -0.00240669 0.0490634 0.00104681
internal_weight=224.016 123.459 100.557 38.5726 61.9839 51.8454 33.4316 118.297 10.1385 112.447
internal_count=894 496 398 145 253 213 124 475 40 450
is_linear=0
shrinkage=0.1


Tree=58
num_leaves=9
num_cat=0
split_feature=0 0 4 5 0 0 0 9
split_gain=1.0682 3.14315 2.71802 3.06101 2.49008 1.90382 2.81874 1.67174
threshold=81.772883415222182 79.763081255363957 0.33107531070709234 0.61540739595783978 83.67090383437791 85.70964592141631 89.687745571136489 8.8847150155669645
decision_type=2 2 2 2 2 2 2 2
left_child=1 2 -1 -4 -2 7 -7 -6
right_child=4 -3 3 -5 5 6 -8 -9
leaf_value=-0.051874923743741863 0.060291470930820303 -0.072488623512607167 0.081377168945191813 -0.020344009140671204 -6.385282144174958e-05 0.035889036782419774 -0.0020280090636903927 -0.084305349946918642
leaf_weight=5.830761104822165 7.1958907544612876 7.7166364043951026 6.0377300381660444 5.800240695476532 4.5752127915620786 22.361384510993958 159.10634607821703 4.855850026011467
leaf_count=24 28 35 21 25 20 84 637 20
internal_value=6.95301e-05 -0.0192436 0.00401064 0.0315369 0.00254446 0.000367698 0.00264432 -0.043438
internal_weight=223.48 25.3854 17.6687 11.838 198.095 190.899 181.468 9.43106
internal_count=894 105 70 46 789 761 721 40
is_linear=0
shrinkage=0.1


Tree=59
num_leaves=9
num_cat=0
split_feature=3 3 8 6 1 7 7 1
split_gain=1.04277 4.30436 2.82461 3.19406 2.71596 4.72266 3.50701 2.42043
threshold=61.366188226109848 65.526785784648709 6.3466205596923837 4.8492570254538272 105.53919121599051 7.788686947931196 5.264133195777883 125.44020450053465
decision_type=2 2 2 2 2 2 2 2
left_child=2 -2 -1 -4 6 -6 -3 -5
right_child=1 4 3 7 5 -7 -8 -9
leaf_value=-0.080903286174942829 0.080006814697811013 -0.058642615421425862 0.054925775988759751 -0.0020412783301738545 -0.11102186326379047 0.01982213355855109 0.054517929331967842 -0.07491352602119232
leaf_weight=4.520392768085002 8.0604971796274167 3.7037978172302273 9.7126901894807798 170.90502521395683 5.154480040073393 5.9345524609088898 10.510637268424032 4.6828152090311042
leaf_count=27 30 17 38 674 24 22 42 20
internal_value=6.35325e-05 0.0163676 -0.00280216 -0.000896888 -0.00390487 -0.0409977 0.0250321 -0.00398473
internal_weight=223.185 33.364 189.821 185.301 25.3035 11.089 14.2144 175.588
internal_count=894 135 759 732 105 46 59 694
is_linear=0
shrinkage=0.1


Tree=60
num_leaves=12
num_cat=0
split_feature=0 3 9 6 0 2 3 10 0 6 5
split_gain=1.00914 3.1458 3.28247 4.43186 1.45588 3.95571 5.54054 3.97827 3.1377 4.8943 4.55132
threshold=80.968750000000014 31.817692669035392 10.240795719173457 5.0045679723288155 100.97952314745636 86.506345583378348 49.523068883394266 0.034636919868065254 97.452503375731808 5.9746093750000009 0.30620995683016855
decision_type=2 2 2 2 2 2 2 2 2 2 2
left_child=1 -1 3 -3 8 6 -6 -7 10 -10 -2
right_child=4 2 -4 -5 5 7 -8 -9 9 -11 -12
leaf_value=0.053695472034618913 0.042276523320780877 0.013788058624570942 0.026682824060780753 -0.11452305375654317 -0.10785325357158229 0.013597227439720312 -0.0060688709389808693 -0.071298090999026759 -0.029944615609749377 0.073549830855186016 -0.01049200363132621
leaf_weight=4.5010856464505222 21.176867984235287 4.1545956432819384 5.0966931879520407 7.645898126065731 8.3838314861059207 57.094145707786083 14.769035764038561 6.1106110513210288 6.4444673508405712 15.704398140311239 71.638035163283348
leaf_count=18 82 19 20 32 36 224 66 30 26 58 283
internal_value=5.3265e-05 -0.0205935 -0.0403827 -0.0693486 0.00224779 -0.00756398 -0.0429258 0.00538958 0.00961813 0.0434369 0.00154779
internal_weight=222.72 21.3983 16.8972 11.8005 201.321 86.3576 23.1529 63.2048 114.964 22.1489 92.8149
internal_count=894 89 71 51 805 356 102 254 449 84 365
is_linear=0
shrinkage=0.1


Tree=61
num_leaves=9
num_cat=0
split_feature=3 7 1 8 8 8 7 8
split_gain=1.12531 3.13923 1.95475 1.68042 4.93207 4.23839 3.69275 2.43773
threshold=23.514110701908844 8.3169089878523508 93.649288536767145 12.839654902986501 12.156541744234131 11.873790417004084 8.6740100090642986 12.398816001717934
decision_type=2 2 2 2 2 2 2 2
left_child=1 2 -1 4 5 -2 -5 -6
right_child=3 -3 -4 6 7 -7 -8 -9
leaf_value=-0.082468686584827103 0.0037921113912715038 0.044061277083549871 -0.0080317021316573568 -0.096180765596628803 0.11542867652998701 -0.073660270243766077 0.013536176366999051 0.020630800146763988
leaf_weight=7.4710180461406726 171.91931516677141 5.1189058050513259 6.6842593774199486 5.3451773002743703 5.6585167050361616 7.3681090772151938 7.1994119137525558 5.210431694984436
leaf_count=34 683 23 30 24 21 30 29 20
internal_value=4.02501e-05 -0.0230498 -0.0473188 0.00223581 0.0045744 0.000609079 -0.0332136 0.0699838
internal_weight=221.975 19.2742 14.1553 202.701 190.156 179.287 12.5446 10.8689
internal_count=894 87 64 807 754 713 53 41
is_linear=0
shrinkage=0.1


Tree=62
num_leaves=9
num_cat=0
split_feature=5 3 5 5 9 3 4 7
split_gain=0.977187 2.17645 1.61029 10.6608 4.54517 4.13877 3.87032 3.1543
threshold=1.2293246051257172 43.989761777749976 0.82053770334992226 0.77369877263598574 10.966963279270447 53.234806265782815 0.84436770681090334 7.9458183482717901
decision_type=2 2 2 2 2 2 2 2
left_child=2 -2 3 6 5 -4 -1 -6
right_child=1 -3 4 -5 7 -7 -8 -9
leaf_value=6.6963038949492166e-05 0.010704380813435013 -0.07904696045126286 0.022204155899188158 -0.11010721469669582 0.12532065111836929 -0.054595307025359113 0.087614276788087753 0.019026676138947842
leaf_weight=151.0059115588665 6.0936011075973493 4.8542223870754242 24.454640716314316 8.8035347610712034 5.7376589775085431 9.8408041596412641 5.2243530601263037 5.4376297295093536
leaf_count=606 26 24 97 36 20 42 20 23
internal_value=3.73166e-05 -0.029091 0.00155221 -0.00303873 0.0182148 0.000167163 0.00299455 0.0736005
internal_weight=221.452 10.9478 210.505 165.034 45.4707 34.2954 156.23 11.1753
internal_count=894 50 844 662 182 139 626 43
is_linear=0
shrinkage=0.1


Tree=63
num_leaves=10
num_cat=0
split_feature=3 9 1 11 10 2 9 8 8
split_gain=1.01058 2.61998 2.25596 1.61392 6.04877 3.28423 1.962 4.15648 3.15798
threshold=23.514110701908844 11.572834047160237 93.649288536767145 0.026589300304544303 0.025727320438305053 98.964958536394661 7.9595619896207781 8.0874924539675721 7.2864078115671882
decision_type=2 2 2 2 2 2 2 2 2
left_child=1 2 -1 4 5 -2 8 -8 -5
right_child=3 -3 -4 6 -6 -7 7 -9 -10
leaf_value=-0.094125867987255502 -0.020752154267055359 0.025281177849122646 -0.006639033604796076 0.013365781266902363 -0.1088216319555909 0.05680290874174293 0.1020327276100632 0.0079626162722875159 -0.048109219161265211
leaf_weight=5.9899336136877555 18.289598725736145 7.259932614862918 5.8028154298663139 17.686455026268959 6.0182541012763968 7.7841786667704573 4.8709238171577445 131.55952531844378 15.840247269719837
leaf_count=29 79 31 27 78 26 30 17 511 66
internal_value=3.52284e-05 -0.0219808 -0.0510765 0.00211128 -0.0184563 0.00240147 0.00599494 0.0113212 -0.0156791
internal_weight=221.102 19.0527 11.7927 202.049 32.092 26.0738 169.957 136.43 33.5267
internal_count=894 87 56 807 135 109 672 528 144
is_linear=0
shrinkage=0.1


Tree=64
num_leaves=5
num_cat=0
split_feature=1 7 6 4
split_gain=0.992014 1.76379 2.09295 2.14645
threshold=125.44020450053465 9.4191434232586531 9.3155362354846165 1.1594393253326418
decision_type=2 2 2 2
left_child=1 2 3 -1
right_child=-2 -3 -4 -5
leaf_value=-0.0015611800857506736 -0.032885641432751737 0.058946533790201219 -0.055191512595066772 0.033894818539455612
leaf_weight=180.91921403259039 8.7925650440156442 5.1943531185388556 6.6621596813201895 18.853503376245499
leaf_count=726 38 24 29 77
internal_value=2.69207e-05 0.00139434 -5.37994e-05 0.00178497
internal_weight=220.422 211.629 206.435 199.773
internal_count=894 856 832 803
is_linear=0
shrinkage=0.1


Tree=65
num_leaves=8
num_cat=0
split_feature=5 8 4 8 2 2 4
split_gain=0.976949 4.81946 1.50349 3.7045 1.95933 3.10234 2.47188
threshold=1.1731559181940947 10.516899860951613 1.1297118182967554 9.4636526489974209 105.73806251888563 118.68378503015605 0.821145879871508
decision_type=2 2 2 2 2 2 2
left_child=2 -2 4 -4 6 -6 -1
right_child=1 -3 3 -5 5 -7 -8
leaf_value=0.0018123369775497403 -0.11288353034615524 0.015457415514041083 0.09418141722363732 -0.0076845753233909997 0.048540535193121404 -0.042494747988327822 -0.028182532281124686
leaf_weight=136.17548362165689 4.331960253417491 9.0149873197078687 5.8698319271206847 9.1117981746792776 16.506811700761322 4.8413628935813895 34.419148188084364
leaf_count=545 25 37 21 37 65 22 142
internal_value=2.47164e-05 -0.0261976 0.0017161 0.0322267 -0.000665333 0.0278955 -0.00423942
internal_weight=220.271 13.3469 206.924 14.9816 191.943 21.3482 170.595
internal_count=894 62 832 58 774 87 687
is_linear=0
shrinkage=0.1


Tree=66
num_leaves=10
num_cat=0
split_feature=3 3 8 6 8 3 3 2 1
split_gain=0.936006 3.29453 2.6339 4.51262 2.63082 3.34346 3.24798 3.86774 2.73786
threshold=61.366188226109848 65.526785784648709 8.2112031540446271 6.5372809007784562 12.593519984378098 35.651297313019775 54.860405143227887 97.297526510294205 106.77782945286027
decision_type=2 2 2 2 2 2 2 2 2
left_child=4 -2 -3 -4 6 -6 8 -8 -1
right_child=1 2 3 -5 5 -7 7 -9 -10
leaf_value=0.00011742082366870136 0.072192083066724505 0.052543128963306096 -0.10825632716006631 0.0068208653347486175 0.0068815430673031313 -0.095108523052337357 -0.07202191016211891 0.027609166285493619 0.04006283469352831
leaf_weight=136.76248057931662 7.8313273191452017 6.4904586002230671 4.5244893580675152 13.804324813187121 6.1623299866914731 6.7187229096889496 12.088940382003786 5.749621406197547 19.619972161948681
leaf_count=546 30 27 21 57 28 31 53 22 79
internal_value=1.95872e-05 0.0156426 -0.00220063 -0.0215861 -0.00270674 -0.0463162 0.000517527 -0.0399094 0.00512903
internal_weight=219.753 32.6506 24.8193 18.3288 187.102 12.8811 174.221 17.8386 156.382
internal_count=894 135 105 78 759 59 700 75 625
is_linear=0
shrinkage=0.1


Tree=67
num_leaves=13
num_cat=0
split_feature=0 5 10 9 9 11 5 3 2 4 10 8
split_gain=0.957923 6.7018 3.02988 2.34897 6.2038 5.06376 2.32486 4.69305 3.92875 3.42216 3.0493 2.13258
threshold=103.6378991410899 0.39528239702482776 0.029118863669785604 9.8974512936205112 10.807744771870889 0.028569289612069452 0.36211802174531266 48.454834868449119 89.435750563312823 0.3003698784159497 0.030951742124553951 8.7726173400878924
decision_type=2 2 2 2 2 2 2 2 2 2 2 2
left_child=6 2 -2 5 -5 -3 7 8 -1 -8 -11 -9
right_child=1 3 -4 4 -6 -7 9 11 -10 10 -12 -13
leaf_value=0.022136095971153597 -0.031774590766434165 -0.081648899807969466 -0.1353410320280678 -0.073568622869830097 0.016849599404208247 0.042181844404167029 -0.081357902701474694 0.035218087364615021 -0.06694199639277168 0.014108921325765628 -0.022583364199927892 0.12417387029874094
leaf_weight=25.789265230298046 6.0738907605409604 3.8285561800003078 5.2807087823748589 11.534243248403071 22.181318193674088 24.024407409131527 5.3430416435003272 5.2011328190565091 6.1276578530669203 62.556036502122879 35.503427073359489 5.5930681824684143
leaf_count=103 29 19 25 49 93 94 22 21 27 242 149 21
internal_value=1.2637e-05 -0.00934831 -0.0799405 0.00367045 -0.0140829 0.0251606 0.00468454 0.0243113 0.00503419 -0.00342242 0.000824106 0.081311
internal_weight=219.037 72.9231 11.3546 61.5685 33.7156 27.853 146.114 42.7111 31.9169 103.403 98.0595 10.7942
internal_count=894 309 54 255 142 113 585 172 130 413 391 42
is_linear=0
shrinkage=0.1


Tree=68
num_leaves=9
num_cat=0
split_feature=0 10 0 10 0 6 2 3
split_gain=0.94928 2.65422 2.14441 2.81209 2.44359 4.83288 2.10646 1.32659
threshold=130.58405796253851 0.026821443568186356 116.55991165643358 0.032446098580952806 105.99138641357423 7.3078860247507871 80.783030429132637 47.080021899233934
decision_type=2 2 2 2 2 2 2 2
left_child=2 -2 4 7 6 -6 -1 -4
right_child=1 -3 3 -5 5 -7 -8 -9
leaf_value=-0.01193141492284929 -0.084415946086127569 0.0061999635399108289 0.096882086635645792 -0.029038382064367652 0.014085761926335445 -0.067370513563609888 0.012216826946330498 0.032860757468030445
leaf_weight=56.685456894338131 4.9174910113215438 9.4330740571022016 5.2976015210151699 5.1407374739646903 14.073737144470217 15.097312934696673 99.581359557807446 8.3192913159728032
leaf_count=239 23 38 25 21 59 65 391 33
internal_value=9.46427e-06 -0.0248513 0.00175664 0.0339778 -0.00150263 -0.0280715 0.0034571 0.057768
internal_weight=218.546 14.3506 204.195 18.7576 185.438 29.1711 156.267 13.6169
internal_count=894 61 833 79 754 124 630 58
is_linear=0
shrinkage=0.1


Tree=69
num_leaves=10
num_cat=0
split_feature=3 11 11 10 2 9 5 5 9
split_gain=0.995906 2.18216 1.2775 4.91649 2.65989 1.80284 5.37675 4.37345 1.23831
threshold=23.514110701908844 0.030831853109640553 0.026589300304544303 0.025727320438305053 98.964958536394661 8.9817737693433308 0.14902371558730884 0.19363333172662153 11.572834047160237
decision_type=2 2 2 2 2 2 2 2 2
left_child=1 8 3 4 -2 6 -4 -7 -1
right_child=2 -3 5 -5 -6 7 -8 -9 -10
leaf_value=-0.031395509612612477 -0.018505763780415536 -0.081569899851036881 -0.13904460753316458 -0.099564770817641118 0.052103696218931253 0.099143373708324614 -0.0012510453546746832 0.0087620433125506266 0.028306407940452406
leaf_weight=7.1404777020216006 18.021644260734327 4.6359759308397761 2.9687949791550627 5.8006652742624274 7.5785689279437056 5.6636068895459166 61.366332702338696 97.890383034944534 6.7662985771894455
leaf_count=32 79 25 19 26 30 22 250 381 30
internal_value=1.23108e-05 -0.0221545 0.0020748 -0.0164382 0.00239713 0.00553736 -0.00760964 0.0137052 -0.00234773
internal_weight=217.833 18.5428 199.29 31.4009 25.6002 167.889 64.3351 103.554 13.9068
internal_count=894 87 807 135 109 672 269 403 62
is_linear=0
shrinkage=0.1


Tree=70
num_leaves=7
num_cat=0
split_feature=5 3 7 8 10 10
split_gain=0.975573 1.70211 1.40552 2.22961 2.14035 1.30811
threshold=1.2293246051257172 43.989761777749976 9.0047293198695808 12.839654902986501 0.026821443568186356 0.028301554288931201
decision_type=2 2 2 2 2 2
left_child=2 -2 3 5 -4 -1
right_child=1 -3 4 -5 -6 -7
leaf_value=-0.0098568739711953172 0.0060247198444190993 -0.074745964995029182 -0.013571476736594422 -0.056765325475730481 0.085137202950303748 0.0076642658359912172
leaf_weight=64.220726862549782 5.9136751592159253 4.6688788831233978 4.012389734387396 6.7372304424643508 4.8544701933860779 126.63112918660045
leaf_count=265 26 24 19 31 21 508
internal_value=2.61836e-06 -0.0296102 0.00152052 -0.000227351 0.04047 0.00176849
internal_weight=217.039 10.5826 206.456 197.589 8.86686 190.852
internal_count=894 50 844 804 40 773
is_linear=0
shrinkage=0.1


Tree=71
num_leaves=5
num_cat=0
split_feature=2 2 1 2
split_gain=0.869888 1.8891 3.29278 1.63345
threshold=68.593853578026796 71.461061256147374 80.442336307649711 76.423517122671754
decision_type=2 2 2 2
left_child=-1 -2 -3 -4
right_child=1 2 3 -5
leaf_value=-0.038954848622737709 0.054094373088360286 0.083544981628262086 -0.028327968071149998 0.00060353435809077055
leaf_weight=5.5842053294181815 6.5027969926595679 4.541575275361537 21.914436925202608 178.21712933853269
leaf_count=28 24 17 95 730
internal_value=1.97161e-06 0.00103212 -0.000653752 -0.00256447
internal_weight=216.76 211.176 204.673 200.132
internal_count=894 866 842 825
is_linear=0
shrinkage=0.1


Tree=72
num_leaves=12
num_cat=0
split_feature=0 3 9 8 0 2 9 1 0 11 0
split_gain=0.875189 2.46016 2.80262 3.15467 1.40929 3.51585 4.38638 2.764 2.41183 5.04074 2.96098
threshold=80.968750000000014 31.817692669035392 10.240795719173457 7.9570500936183866 93.34003717318582 79.614601031645606 10.486794541540693 81.779055784146962 96.885384433799814 0.029259197493690551 99.691462294854048
decision_type=2 2 2 2 2 2 2 2 2 2 2
left_child=1 -1 3 -3 5 7 -7 -2 9 -6 -10
right_child=4 2 -4 -5 8 6 -8 -9 10 -11 -12
leaf_value=0.0470889257012529 -0.06198247303879572 0.0033940472849974361 0.025632576070919757 -0.10464156383851378 0.014980650268720867 0.052406555159539472 -0.019482240243000753 0.0094492138086055798 0.03740334341218586 -0.081701256533506877 -0.0055265577455846059
leaf_weight=4.3893332853913334 8.5910013690590876 4.3208787739276904 4.9706074297428122 7.2177869230508804 10.550917558372022 29.413921244442463 11.930075675249098 14.661841236054896 19.560136236250401 11.030417025089262 89.946809578686953
leaf_count=18 39 20 20 31 42 113 47 58 76 46 384
internal_value=-1.32992e-07 -0.0194519 -0.0371431 -0.0641855 0.00207726 0.0141665 0.0316626 -0.016942 -0.00387999 -0.0344344 0.00214158
internal_weight=216.584 20.8986 16.5093 11.5387 195.685 64.5968 41.344 23.2528 131.088 21.5813 109.507
internal_count=894 89 71 51 805 257 160 97 548 88 460
is_linear=0
shrinkage=0.1


Tree=73
num_leaves=8
num_cat=0
split_feature=3 7 7 6 2 8 9
split_gain=0.861645 1.91335 1.60857 1.16761 3.24067 3.03862 2.10561
threshold=23.514110701908844 8.3169089878523508 6.1477308124610426 4.6861043058270448 77.574244733711879 6.8190032255464539 7.7318620457127194
decision_type=2 2 2 2 2 2 2
left_child=1 2 -1 4 -2 -5 -7
right_child=3 -3 -4 5 -6 6 -8
leaf_value=0.0090965140808922824 0.032098275376223222 0.033899051295457443 -0.0638725398273393 0.079241109900306195 -0.089621270541377029 -0.035018109981606607 0.0046017911247335577
leaf_weight=4.5143372677266624 4.0483817085623723 4.7594673112034789 9.1331676915287954 5.1635598540306082 4.7581344991922379 14.569962508976458 169.04029897227883
leaf_count=25 19 23 39 21 26 62 679
internal_value=-2.7531e-06 -0.0206961 -0.0397358 0.00192508 -0.0336664 0.00358546 0.00145785
internal_weight=215.987 18.407 13.6475 197.58 8.80652 188.774 183.61
internal_count=894 87 64 807 45 762 741
is_linear=0
shrinkage=0.1


Tree=74
num_leaves=6
num_cat=0
split_feature=2 9 8 8 6
split_gain=0.858949 1.34539 2.16994 4.71631 1.6849
threshold=120.95331603032581 12.818481924320155 12.467254079740774 12.156541744234131 8.4840263789655115
decision_type=2 2 2 2 2
left_child=1 2 3 -1 -4
right_child=-2 -3 4 -5 -6
leaf_value=-0.00049382138268356125 -0.040392010782895678 0.051447514726050518 0.0045883182451443077 0.08880918337445777 -0.070304319803079954
leaf_weight=186.70429111272097 5.1411507278680793 5.1527714356780043 4.980877220630644 6.1072960495948783 7.5686382204294205
leaf_count=768 23 22 20 25 36
internal_value=-7.57154e-06 0.000978694 -0.000287633 0.00233485 -0.0405796
internal_weight=215.655 210.514 205.361 192.812 12.5495
internal_count=894 871 849 793 56
is_linear=0
shrinkage=0.1


Tree=75
num_leaves=9
num_cat=0
split_feature=0 10 0 10 0 6 9 3
split_gain=0.835116 2.07877 1.72552 2.33413 1.84678 3.90251 1.60713 1.15749
threshold=130.58405796253851 0.026821443568186356 116.55991165643358 0.032446098580952806 105.99138641357423 7.3078860247507871 6.7237421759590772 47.080021899233934
decision_type=2 2 2 2 2 2 2 2
left_child=2 -2 4 7 6 -6 -1 -4
right_child=1 -3 3 -5 5 -7 -8 -9
leaf_value=-0.040459841201069824 -0.077256933833617009 0.0039064704080630256 0.091395780607269897 -0.026382678389182998 0.013462836907761403 -0.060051904781819626 0.0054684939502051572 0.030145802966506482
leaf_weight=8.0380464047193509 4.7669386863708487 9.3356760516762716 4.9622668623924282 5.1050199121236792 13.994941949844362 14.918371506035326 146.09266196936369 8.1572590768337232
leaf_count=45 23 38 25 21 59 65 585 33
internal_value=-3.86538e-06 -0.0235282 0.00164445 0.0309886 -0.00127716 -0.0244685 0.00307329 0.0533127
internal_weight=215.371 14.1026 201.269 18.2245 183.044 28.9133 154.131 13.1195
internal_count=894 61 833 79 754 124 630 58
is_linear=0
shrinkage=0.1


Tree=76
num_leaves=7
num_cat=0
split_feature=10 11 2 11 11 9
split_gain=0.812922 1.8054 6.90432 3.8784 3.50777 2.83443
threshold=0.039885233844833411 0.036585681779521158 76.692680162132675 0.034982907388384707 0.034275883915970605 8.1532745952479466
decision_type=2 2 2 2 2 2
left_child=1 3 -3 4 -1 -4
right_child=-2 2 5 -5 -6 -7
leaf_value=-0.0011291876702889971 -0.037717125913317752 0.13139274998348327 -0.078053294118486605 -0.072034387769904368 0.07408381806798163 0.041520753773826864
leaf_weight=182.53465557098389 5.5667758882045737 4.8512738794088346 4.0858992971479893 7.4711883664131156 6.418817624449729 3.8506728261709213
leaf_count=747 29 18 23 36 24 17
internal_value=-1.59921e-06 0.00100194 0.0374095 -0.0013683 0.00142583 -0.0200383
internal_weight=214.779 209.213 12.7878 196.425 188.953 7.93657
internal_count=894 865 58 807 771 40
is_linear=0
shrinkage=0.1


Tree=77
num_leaves=6
num_cat=0
split_feature=2 2 0 2 4
split_gain=0.958506 0.997335 4.54242 2.69994 1.65106
threshold=67.259170525074452 72.707630289528566 92.868107859743773 73.592649965249905 0.821145879871508
decision_type=2 2 2 2 2
left_child=-1 2 -2 -3 -5
right_child=1 3 -4 4 -6
leaf_value=-0.058922870280860455 -0.049406896784251288 -0.088973216745991901 0.067866999192072217 0.0067552405668233062 -0.013053552958237707
leaf_weight=2.7265362292528144 5.1266826689243308 3.4360951781272879 9.2838658243417722 132.22368856519461 61.717341601848602
leaf_count=16 21 16 35 540 266
internal_value=-9.45817e-06 0.000748988 0.0261458 -0.00110524 0.000451541
internal_weight=214.514 211.788 14.4105 197.377 193.941
internal_count=894 878 56 822 806
is_linear=0
shrinkage=0.1


Tree=78
num_leaves=10
num_cat=0
split_feature=5 5 8 4 1 4 3 3 10
split_gain=0.800905 8.05804 3.43289 3.20925 4.96989 3.27474 2.098 4.91708 3.70727
threshold=0.82053770334992226 0.77369877263598574 6.8190032255464539 0.72358484499488906 85.746002784440108 0.5859393513505381 49.368137492692412 38.961525405056115 0.026719229597422806
decision_type=2 2 2 2 2 2 2 2 2
left_child=1 3 -2 5 -5 -1 7 -4 -8
right_child=2 -3 6 4 -6 -7 8 -9 -10
leaf_value=0.0030742818680652285 -0.12614181618794915 -0.097668148337503868 0.00025377687899168141 -0.051147334260130656 0.061203042747953532 -0.038621197484283457 -0.1014144063328575 0.078967391870463047 0.01036216629768146
leaf_weight=105.73383357748389 1.7785752080380905 8.6111070662736875 20.993377290666103 5.0571482777595547 17.780440382659435 22.919565360993147 3.6987297274172333 12.759626783430575 15.003622580319641
leaf_count=436 14 36 87 22 69 99 18 49 64
internal_value=-1.24291e-05 -0.00357022 0.0104904 0.00177853 0.0363242 -0.00435376 0.0151231 0.0300098 -0.0117437
internal_weight=214.336 160.102 54.2339 151.491 22.8376 128.653 52.4554 33.753 18.7024
internal_count=894 662 232 626 91 535 218 136 82
is_linear=0
shrinkage=0.1


Tree=79
num_leaves=9
num_cat=0
split_feature=3 3 2 1 10 0 8 6
split_gain=0.811801 2.64841 2.44624 2.50396 6.50022 4.64144 2.11034 3.82547
threshold=61.366188226109848 65.526785784648709 115.68551898897779 102.28941996072784 0.033727773723639505 105.84504821334171 8.2112031540446271 6.5372809007784562
decision_type=2 2 2 2 2 2 2 2
left_child=2 -2 3 5 -5 -1 -3 -8
right_child=1 6 -4 4 -6 -7 7 -9
leaf_value=-0.0011222207606260786 0.066609231703215435 0.048006597290058045 -0.064026016401513439 0.043691721806974101 -0.076537108047159949 -0.070804791492843286 -0.10141265753154403 0.0071662670973041409
leaf_weight=132.42387889698148 7.5149620622396496 6.3513695001602199 6.2562730461359015 27.901661850512028 5.3608786761760703 10.302500039339064 4.2863581627607372 13.35414484143257
leaf_count=544 30 27 29 114 25 47 21 57
internal_value=-1.58691e-05 0.0148057 -0.00257825 -0.00039383 0.0243146 -0.00615216 -0.00142065 -0.0192167
internal_weight=213.752 31.5068 182.245 175.989 33.2625 142.726 23.9919 17.6405
internal_count=894 135 759 730 139 591 105 78
is_linear=0
shrinkage=0.1


Tree=80
num_leaves=8
num_cat=0
split_feature=6 6 3 7 3 7 3
split_gain=0.721268 3.07346 3.21622 2.27269 1.91304 4.29242 3.32989
threshold=4.8492570254538272 4.6861043058270448 46.108223215660466 4.8875171467764078 30.720943200720829 5.9962799498023811 31.817692669035392
decision_type=2 2 2 2 2 2 2
left_child=1 2 -1 -2 5 -5 -6
right_child=3 -3 -4 4 6 -7 -8
leaf_value=0.047805049086151553 -0.07104230589320705 0.090749911212201467 -0.063059500408958288 -0.13537810615291487 0.075876502229607456 -0.01013018482655423 0.0021059351065213158
leaf_weight=5.159719839692114 4.6051518097519866 4.4550189375877371 5.3093807250261307 2.9482159800827494 6.3861815482377997 38.065279882401228 146.11712013557553
leaf_count=22 22 16 32 19 23 159 601
internal_value=-1.62978e-05 0.0211836 -0.00841966 -0.00161324 3.89737e-05 -0.0191335 0.00519513
internal_weight=213.046 14.9241 10.4691 198.122 193.517 41.0135 152.503
internal_count=894 70 54 824 802 178 624
is_linear=0
shrinkage=0.1


Tree=81
num_leaves=9
num_cat=0
split_feature=9 9 8 5 10 8 0 3
split_gain=0.74055 5.95129 4.24865 3.497 3.44782 2.88282 2.57547 2.21985
threshold=9.5072492131426554 9.6238303781945813 9.9447199779970124 0.16237294502960717 0.032763357655507912 9.5062120556831378 93.510631212157236 44.94965048171062
decision_type=2 2 2 2 2 2 2 2
left_child=2 -2 3 -1 7 -5 -6 -3
right_child=1 4 -4 5 6 -7 -8 -9
leaf_value=-0.072910122145666625 -0.11270751190826414 0.017661632416770486 0.091418182466060177 0.011979561109444063 0.001265547831888991 -0.046901392905098344 -0.095315760428363969 -0.014232116286282468
leaf_weight=5.9736086279153815 4.9670457541942588 57.953164860606194 5.5178938992321482 82.586198166012764 4.910678990185259 9.2460430711507779 6.3072889894247055 35.004099387675524
leaf_count=36 23 238 21 343 21 38 27 147
internal_value=-2.27529e-05 -0.00576704 0.00604501 0.00122853 -0.000668146 0.00605119 -0.0530372 0.00565168
internal_weight=212.466 109.142 103.324 97.8058 104.175 91.8322 11.218 92.9573
internal_count=894 456 438 417 433 381 48 385
is_linear=0
shrinkage=0.1


Tree=82
num_leaves=10
num_cat=0
split_feature=3 5 4 3 2 1 10 1 10
split_gain=0.743738 2.46344 3.32909 3.53996 1.99175 2.22475 4.82546 4.04857 1.80945
threshold=61.366188226109848 0.76298214399335595 0.57956470188265385 68.152540058927812 115.68551898897779 102.28941996072784 0.033727773723639505 94.362752633265742 0.027584530839043952
decision_type=2 2 2 2 2 2 2 2 2
left_child=4 2 3 -2 5 7 -7 -1 -3
right_child=1 8 -4 -5 -6 6 -8 -9 -10
leaf_value=0.0026110579207184793 0.060173778990906424 -0.074689929657590207 0.087474873749513182 -0.052039652088244182 -0.057947359240090285 0.039636789387030323 -0.065463965664462123 -0.039358073988151644 0.0066503777644166375
leaf_weight=113.0130581073463 5.4372644722461754 4.1222351491451255 7.7016339898109427 5.8210603520274162 6.2513907402753821 27.573855217546225 5.1908070817589751 28.853006839752197 8.1259538158774358
leaf_count=469 22 20 30 28 29 114 25 122 35
internal_value=-2.60879e-05 0.0142304 0.036812 0.00215439 -0.00248581 -0.000500409 0.022986 -0.00592471 -0.0207254
internal_weight=212.09 31.2081 18.96 11.2583 180.882 174.631 32.7647 141.866 12.2482
internal_count=894 135 80 50 759 730 139 591 55
is_linear=0
shrinkage=0.1


Tree=83
num_leaves=9
num_cat=0
split_feature=5 5 8 1 11 2 4 5
split_gain=0.782065 6.77714 2.99124 2.66348 3.33722 2.16114 4.35891 3.90875
threshold=0.82053770334992226 0.77369877263598574 6.8190032255464539 80.442336307649711 0.028905629546287503 87.78886240278122 1.1412057876586916 0.89465873066371393
decision_type=2 2 2 2 2 2 2 2
left_child=1 3 -2 -1 -5 6 -4 -7
right_child=2 -3 5 4 -6 7 -8 -9
leaf_value=0.076491868488632264 -0.12396746978428777 -0.090396987343948257 -0.064227013055774024 -0.020486079503034577 0.010804083495656105 0.08482646536927646 0.0324528934482399 0.0083855160271507547
leaf_weight=4.5770067125558844 1.6054238788783539 8.5023575276136381 8.7101667933166045 54.69303572177887 90.463858783245087 9.3386222869157773 10.037524744868277 23.580099903047085
leaf_count=19 14 36 37 238 369 38 41 102
internal_value=-2.06067e-05 -0.00354881 0.0104594 0.0013827 -0.000985601 0.0146364 -0.0124645 0.0300708
internal_weight=211.508 158.236 53.2718 149.734 145.157 51.6664 18.7477 32.9187
internal_count=894 662 232 626 607 218 78 140
is_linear=0
shrinkage=0.1


Tree=84
num_leaves=9
num_cat=0
split_feature=0 0 4 5 0 3 1 0
split_gain=0.781168 2.21676 2.11415 2.20189 1.17719 1.927 1.76963 2.85885
threshold=80.968750000000014 79.586009282556361 0.33107531070709234 0.61540739595783978 83.380527278657482 33.798880770164885 81.219740604632833 85.70964592141631
decision_type=2 2 2 2 2 2 2 2
left_child=1 2 -1 -4 5 -2 -6 -8
right_child=4 -3 3 -5 6 -7 7 -9
leaf_value=-0.054130020439790073 -0.012314429305192942 -0.079101759136725375 0.068788636643156334 -0.022300141530916584 -0.053609893919896234 0.078709610692875631 -0.058197253599229642 0.0047044784865782749
leaf_weight=5.0137345269322422 4.3315757662057859 4.6725642904639235 5.4767368882894498 5.1485426351428032 5.9163104183971873 5.0226168036460876 7.5505916178226462 167.80365894734859
leaf_count=22 20 23 20 24 31 20 33 701
internal_value=-2.01862e-05 -0.0186631 -0.000605506 0.024651 0.00196627 0.0365598 0.000181123 0.00199599
internal_weight=210.936 20.3116 15.639 10.6253 190.625 9.35419 181.271 175.354
internal_count=894 89 66 44 805 40 765 734
is_linear=0
shrinkage=0.1


Tree=85
num_leaves=9
num_cat=0
split_feature=0 8 0 7 6 2 6 0
split_gain=0.728021 2.18674 1.2982 1.95033 1.60508 3.71225 2.94536 0.952576
threshold=130.58405796253851 12.217801095469353 116.55991165643358 7.2875087956305338 8.1902575492858904 103.02721913133483 7.7303161621093759 120.54882812500001
decision_type=2 2 2 2 2 2 2 2
left_child=2 -2 4 -4 6 -6 -1 -5
right_child=1 -3 3 7 5 -7 -8 -9
leaf_value=-0.0020478421741011873 -0.0589414572202617 0.02137492157546942 -0.010180162757803125 0.091197162918641272 -0.041815485716132049 0.054174301977960131 0.041554339227576093 0.028404365846181275
leaf_weight=135.70887777209282 7.4381896965205652 6.2285516560077667 7.6356856599450138 4.4817709885537607 21.431747578084472 4.961626596748828 17.489066362380981 5.2411592230200768
leaf_count=570 34 27 34 21 93 21 70 24
internal_value=-1.88442e-05 -0.0223377 0.0015299 0.0276441 -0.000994202 -0.0237706 0.00292978 0.0573486
internal_weight=210.617 13.6667 196.95 17.3586 179.591 26.3934 153.198 9.72293
internal_count=894 61 833 79 754 114 640 45
is_linear=0
shrinkage=0.1


Tree=86
num_leaves=9
num_cat=0
split_feature=9 9 8 5 2 3 3 8
split_gain=0.692271 4.51018 3.37552 2.84821 2.73399 2.1388 4.56899 4.51524
threshold=9.5072492131426554 9.7007559986670273 9.9447199779970124 0.16237294502960717 88.653300585572822 44.94965048171062 53.861073657008653 9.8759397020583197
decision_type=2 2 2 2 2 2 2 2
left_child=2 -2 3 -1 -5 7 -7 -3
right_child=1 5 -4 4 -6 6 -8 -9
leaf_value=-0.066527376094727891 -0.075317075094890662 0.095406729210072025 0.081992204056118762 -0.0065762353267414461 0.029977409785413873 -0.064670718044427117 0.0073164192412031835 0.003177626903398038
leaf_weight=5.7801768817007533 8.5454926416277868 5.8800551295280448 5.5122498571872702 60.139283414930105 31.013202283531427 13.587696865200995 25.110473282635212 54.57781845703721
leaf_count=36 38 24 21 254 127 60 105 229
internal_value=-1.22638e-05 -0.00560999 0.00587269 0.00154401 0.00586057 0.000397529 -0.0179597 0.0121477
internal_weight=210.146 107.702 102.445 96.9327 91.1525 99.156 38.6982 60.4579
internal_count=894 456 438 417 381 418 165 253
is_linear=0
shrinkage=0.1


Tree=87
num_leaves=10
num_cat=0
split_feature=1 7 9 9 0 0 1 3 2
split_gain=0.788345 5.22733 8.69501 3.24536 2.32697 3.41137 4.31018 2.99503 1.95589
threshold=92.527089091538116 4.649792185940087 8.1913514872071911 9.4896733319924333 102.49604493904114 96.885384433799814 86.719982249054482 60.737041445483129 91.559643086948654
decision_type=2 2 2 2 2 2 2 2 2
left_child=4 -2 8 -4 5 7 -7 -1 -3
right_child=1 2 3 -5 -6 6 -8 -9 -10
leaf_value=-0.0035021603927891556 0.12227442933406306 -0.14867119748998814 0.031078771404109591 -0.012620739344270153 -0.055604154443261056 -0.022174191418433027 0.086452597250421898 0.070178475320662348 -0.056621242140839002
leaf_weight=83.018964573740959 3.052449218928813 4.6405700519680959 23.322105407714844 62.638271499425173 5.8564275056123725 5.4362991750240353 11.13379557430744 5.9096116572618476 4.5929704494774342
leaf_count=347 13 23 92 272 32 25 42 24 24
internal_value=-1.01197e-05 -0.00653929 -0.0106698 -0.000764526 0.00575043 0.00915634 0.0508144 0.00139417 -0.102883
internal_weight=209.601 98.2464 95.1939 85.9604 111.355 105.499 16.5701 88.9286 9.23354
internal_count=894 424 411 364 470 438 67 371 47
is_linear=0
shrinkage=0.1


Tree=88
num_leaves=9
num_cat=0
split_feature=3 6 7 7 3 11 11 5
split_gain=0.678344 2.63302 4.27948 2.61442 2.40759 2.19283 4.29042 2.18297
threshold=38.76256153876264 4.8492570254538272 5.8270327555742698 5.3528546599278375 36.150835813243582 0.024930639426931203 0.026210420949848354 0.82053770334992226
decision_type=2 2 2 2 2 2 2 2
left_child=1 -1 3 -3 -4 -2 -7 -8
right_child=5 2 4 -5 -6 6 7 -9
leaf_value=0.061095187504446695 0.054559392204008773 -0.024845217909624795 0.0052208554269034344 -0.12125913359147417 -0.049223828781758086 -0.075072287373750698 -0.0022296476806381292 0.030586683608885737
leaf_weight=5.3672528937458983 8.255445830523966 6.2632931880652887 61.078581012785435 5.1048385500907898 9.3678969815373403 6.928778924047946 79.560594648122787 27.201031118631363
leaf_count=23 38 31 252 23 42 31 335 119
internal_value=-1.9601e-05 -0.00675541 -0.0112066 -0.0681397 -0.00201914 0.00479598 0.00118249 0.00613139
internal_weight=209.128 87.1819 81.8146 11.3681 70.4465 121.946 113.69 106.762
internal_count=894 371 348 54 294 523 485 454
is_linear=0
shrinkage=0.1


Tree=89
num_leaves=11
num_cat=0
split_feature=1 7 9 8 7 10 0 0 10 2
split_gain=0.706881 3.93783 7.36151 2.70968 2.36789 3.67069 2.36054 3.87853 3.40495 1.79734
threshold=92.527089091538116 4.649792185940087 8.1913514872071911 8.2112031540446271 4.7905325978340718 0.032155525262699457 96.885384433799814 102.49604493904114 0.030970330960226004 91.559643086948654
decision_type=2 2 2 2 2 2 2 2 2 2
left_child=4 -2 9 -4 5 -1 8 -8 -6 -3
right_child=1 2 3 -5 6 -7 7 -9 -10 -11
leaf_value=-0.10347551803550946 0.10462219248397078 -0.14226585111287968 0.090707147514259318 -0.004317695757293019 0.017585385879472275 0.016492566495045189 0.065997162217616839 -0.040912328627441048 -0.025350829104796052 -0.05239343500162158
leaf_weight=4.8507703468203527 3.103717014193534 4.3595260605216009 3.1137204170227042 82.780604761093855 53.108663961291313 5.3782090693712234 14.8605217859149 4.3975857831537715 28.318155869841576 4.5453083366155624
leaf_count=25 13 23 12 352 208 29 58 25 125 24
internal_value=-2.38208e-05 -0.0062166 -0.00984545 -0.000872989 0.0054425 -0.0403985 0.0100997 0.0415844 0.00265327 -0.0963921
internal_weight=208.817 97.9029 94.7992 85.8943 110.914 10.229 100.685 19.2581 81.4268 8.90483
internal_count=894 424 411 364 470 54 416 83 333 47
is_linear=0
shrinkage=0.1


Tree=90
num_leaves=7
num_cat=0
split_feature=2 3 6 7 6 8
split_gain=0.81139 0.847246 4.79624 4.85885 2.98558 2.60943
threshold=67.259170525074452 30.720943200720829 4.8492570254538272 5.9962799498023811 4.6861043058270448 6.8190032255464539
decision_type=2 2 2 2 2 2
left_child=-1 2 -2 -4 -3 -6
right_child=1 4 3 -5 5 -7
leaf_value=-0.055434854166516181 0.10320840351181522 -0.060745409593933888 -0.13788937413999588 -0.010862312580230786 0.08320020492412071 0.0046738144577333166
leaf_weight=2.6105757579207411 3.3628288991749278 6.8150413185358039 3.2732502333819857 37.614456456154585 4.3543790355324736 150.18491150811315
leaf_count=16 14 38 22 159 18 627
internal_value=-3.52132e-05 0.000668199 -0.0115898 -0.0210314 0.00402988 0.00688641
internal_weight=208.215 205.605 44.2505 40.8877 161.354 154.539
internal_count=894 878 195 181 683 645
is_linear=0
shrinkage=0.1


Tree=91
num_leaves=9
num_cat=0
split_feature=3 9 7 3 3 6 0 5
split_gain=0.699469 1.77762 1.66118 1.25887 3.93292 2.73623 2.47971 1.24286
threshold=23.514110701908844 11.572834047160237 6.1477308124610426 28.711638540076198 30.720943200720829 4.6861043058270448 91.062170892953887 0.57367800091032894
decision_type=2 2 2 2 2 2 2 2
left_child=1 2 -1 6 7 -6 -2 -5
right_child=3 -3 -4 4 5 -7 -8 -9
leaf_value=0.0062549492567561069 0.066643398850543892 0.020979299080258057 -0.075095606631047654 -0.10166141548901252 -0.058514068947336045 0.0055015011347722704 -0.0094785098307855892 -0.028973744906040117
leaf_weight=4.0196932032704371 8.3384742587804812 6.7521669417619696 6.6839755699038506 4.4972449392080289 6.9740446582436553 156.76300087198615 8.7910507619380933 4.932179868221283
leaf_count=25 33 31 31 20 41 658 35 20
internal_value=-4.09537e-05 -0.0191992 -0.0445449 0.00171643 -0.000841664 0.00277489 0.0275768 -0.0636412
internal_weight=207.752 17.4558 10.7037 190.296 173.166 163.737 17.1295 9.42942
internal_count=894 87 56 807 739 699 68 40
is_linear=0
shrinkage=0.1


Tree=92
num_leaves=9
num_cat=0
split_feature=5 5 5 5 4 4 5 5
split_gain=0.695441 1.76591 1.36866 2.64218 2.40577 4.05033 3.42053 2.11453
threshold=1.2293246051257172 1.3431247451214008 0.92138590892337147 0.99033246406335551 0.821145879871508 0.85952115058898937 0.71728358918462398 1.0400729038280012
decision_type=2 2 2 2 2 2 2 2
left_child=2 -2 4 -4 6 -6 -1 -5
right_child=1 -3 3 7 5 -7 -8 -9
leaf_value=-0.0010301182835157625 -0.073559035980903839 0.010621384409352142 0.069647699241072253 -0.050052152666244389 -0.10411334687499095 -0.0097571899179334579 0.056039872635605441 0.026876323819787384
leaf_weight=132.74696297943592 4.3686729967594129 5.8010262958705425 8.2164483219385165 5.5372305624186984 5.6405985206365612 23.515417966991663 11.404399048537014 10.072889618575571
leaf_count=566 22 28 31 28 26 101 47 45
internal_value=-3.98535e-05 -0.0255406 0.00127567 0.0237478 -0.00181383 -0.0280116 0.00348492 -0.000411788
internal_weight=207.304 10.1697 197.134 23.8266 173.307 29.156 144.151 15.6101
internal_count=894 50 844 104 740 127 613 73
is_linear=0
shrinkage=0.1


Tree=93
num_leaves=7
num_cat=0
split_feature=2 1 7 9 0 0
split_gain=0.685153 0.761944 3.31882 6.24361 1.83507 2.96966
threshold=67.259170525074452 92.527089091538116 4.649792185940087 8.1913514872071911 102.49604493904114 96.885384433799814
decision_type=2 2 2 2 2 2
left_child=-1 4 -3 -4 5 -2
right_child=1 2 3 -5 -6 -7
leaf_value=-0.051552691992888026 0.0021812700829666925 0.096491683133497735 -0.090632883030389633 -0.0010048480617651367 -0.054101382095351105 0.050273475906909643
leaf_weight=2.5498557165265074 87.355008389800787 3.0715616792440406 8.5477535612881166 85.669899012893438 4.7860451415181151 15.052217960357664
leaf_count=16 368 13 47 364 26 60
internal_value=-3.63423e-05 0.000606056 -0.00580139 -0.00913622 0.00642149 0.00925005
internal_weight=207.032 204.482 97.2892 94.2177 107.193 102.407
internal_count=894 878 424 411 454 428
is_linear=0
shrinkage=0.1


Tree=94
num_leaves=14
num_cat=0
split_feature=8 10 7 9 11 9 4 9 3 1 10 7 4
split_gain=0.724367 4.23853 4.6205 6.86669 2.94667 2.70625 4.58754 3.76933 2.96636 2.92644 2.60136 2.67004 2.27254
threshold=9.5062120556831378 0.032446098580952806 6.3388682845320572 9.7007559986670273 0.029578911416294353 8.8359466648588789 0.45710577340016295 8.6557716336956236 44.152365182341697 86.719982249054482 0.03351923835825301 7.0521780035728652 0.27459049364972549
decision_type=2 2 2 2 2 2 2 2 2 2 2 2 2
left_child=5 2 4 -4 -2 7 12 8 -1 -8 -3 -12 -7
right_child=1 10 3 -5 -6 6 9 -9 -10 -11 11 -13 -14
leaf_value=-0.021704848828898927 0.0065782582201494091 -0.12409813131399552 -0.097749669907763001 0.0019022822189247801 0.099905761359402406 0.033811141401475744 -0.066655318798364768 -0.082260782136105104 0.023944871271261089 0.024045667824532081 -0.080894651421347441 0.025922252231774908 0.1209545522154131
leaf_weight=26.816103834658861 6.3967831879854185 4.1312991380691519 7.5760260224342337 79.21910760179162 7.1808219999074936 5.7505649700760859 4.8973407074809101 5.7727478146553031 30.339924655854702 13.000050336122511 4.802005283534525 4.5644858703017235 6.2396114766597748
leaf_count=126 27 18 34 338 25 24 21 26 138 53 23 19 22
internal_value=-4.02253e-05 -0.005385 0.00168998 -0.00679597 0.0559366 0.00651695 0.0312941 -0.00525077 0.00252722 -0.000773236 -0.0579963 -0.0288406 0.07916
internal_weight=206.687 113.871 100.373 86.7951 13.5776 92.8163 29.8876 62.9288 57.156 17.8974 13.4978 9.36649 11.9902
internal_count=894 484 424 372 52 410 120 290 264 74 60 42 46
is_linear=0
shrinkage=0.1


Tree=95
num_leaves=9
num_cat=0
split_feature=8 8 3 9 11 7 2 8
split_gain=0.616125 3.21987 3.18722 2.21145 3.82375 1.90094 1.97989 1.78355
threshold=8.2112031540446271 8.3757324218750018 69.047660197382257 7.7901428288810992 0.030546292114251101 5.264133195777883 75.286490300930396 7.2864078115671882
decision_type=2 2 2 2 2 2 2 2
left_child=2 -2 3 7 -5 -3 -7 -1
right_child=1 5 -4 4 -6 6 -8 -9
leaf_value=0.0050448459405410548 -0.08632038056393937 -0.048434450365426499 0.095798376854768455 -0.041143260013863932 0.078338862809327225 -0.031368890902856862 0.0059188244766219542 -0.050451798182723821
leaf_weight=15.972323365509512 4.4858499392867079 7.8442370221018782 3.9949211105704299 4.0792691409587842 7.7998195812106133 15.892884552478789 136.92210130393505 9.0848223417997342
leaf_count=85 22 34 16 18 30 74 574 41
internal_value=-3.46573e-05 -0.00275682 0.0109485 0.00177135 0.0373088 -0.000423602 0.00204087 -0.0150762
internal_weight=206.076 165.145 40.9312 36.9362 11.8791 160.659 152.815 25.0571
internal_count=894 704 190 174 48 682 648 126
is_linear=0
shrinkage=0.1


Tree=96
num_leaves=14
num_cat=0
split_feature=1 2 2 2 0 10 10 4 5 0 11 0 11
split_gain=0.681365 2.75407 3.21589 1.83261 3.26896 3.76057 3.22092 3.08146 2.91689 1.59092 6.81718 1.91541 1.05591
threshold=92.527089091538116 86.506345583378348 81.838123212259617 80.783030429132637 85.70964592141631 0.028881787624018652 0.028179100733403104 1.1412057876586916 0.67805453246799852 97.570911555983074 0.028509613951338202 107.6462934985757 0.029808908570737005
decision_type=2 2 2 2 2 2 2 2 2 2 2 2 2
left_child=3 2 -2 7 5 -5 -6 8 -1 10 -3 -11 -4
right_child=1 9 12 4 6 -7 -8 -9 -10 11 -12 -13 -14
leaf_value=-0.0034153208738269985 0.012484840981558311 -0.12690725460934923 -0.047185628234136627 -0.046311691415252307 0.088634677499097536 0.028742736777815209 0.016838854358523236 0.064969455031494192 -0.065083213333048104 0.030888976229410139 0.015202460165759175 -0.0047332083329039475 -0.11751697114911019
leaf_weight=40.360863003879786 5.5399587452411643 4.8201061636209515 3.9473537057638151 12.479904346168043 9.8658930659294146 14.3540743291378 17.04247422516346 5.3144476637244216 9.4697119966149312 23.14998709410429 11.264417082071303 43.379600841552019 4.6484381183981895
leaf_count=182 26 21 20 55 35 63 68 21 46 95 47 193 22
internal_value=-3.3603e-05 -0.00614025 -0.0469281 0.00539234 0.0185337 -0.00616346 0.0431626 -0.00741477 -0.0151346 0.000838781 -0.0273841 0.00766208 -0.0852195
internal_weight=205.637 96.7499 14.1358 108.887 53.7423 26.834 26.9084 55.145 49.8306 82.6141 16.0845 66.5296 8.59579
internal_count=894 424 68 470 221 118 103 249 228 356 68 288 42
is_linear=0
shrinkage=0.1


Tree=97
num_leaves=8
num_cat=0
split_feature=3 8 8 8 7 0 7
split_gain=0.64115 1.97627 1.88169 2.15007 1.49586 1.19291 1.34381
threshold=23.514110701908844 5.67373164170158 6.2200492620468149 6.3466205596923837 8.3169089878523508 89.075193657604785 6.999500230019442
decision_type=2 2 2 2 2 2 2
left_child=4 -2 -3 -4 5 -1 -7
right_child=1 2 3 -5 -6 6 -8
leaf_value=-0.082856477669447731 -0.12014281457716224 0.08198986969416433 -0.1169485359918223 0.002244031140072648 0.031096025199497879 0.027089521009423974 -0.051198571486388678
leaf_weight=3.814516935497525 1.3227312117815007 2.932827726006507 1.5261034667491902 181.85691336914897 4.4850586019456378 3.9863999746739847 4.8723589405417442
leaf_count=22 11 14 8 774 23 21 21
internal_value=-3.36703e-05 0.00165831 0.00252302 0.00125212 -0.0185367 -0.0361016 -0.0159693
internal_weight=204.797 187.639 186.316 183.383 17.1583 12.6733 8.85876
internal_count=894 807 796 782 87 64 42
is_linear=0
shrinkage=0.1


Tree=98
num_leaves=8
num_cat=0
split_feature=5 5 7 9 9 9 10
split_gain=0.636051 1.33915 1.20948 1.68505 3.57341 3.31173 1.17622
threshold=1.2293246051257172 1.3431247451214008 9.0047293198695808 11.699835856731445 11.35842202426325 11.980956493759424 0.026834376230919704
decision_type=2 2 2 2 2 2 2
left_child=2 -2 3 4 -1 -5 -4
right_child=1 -3 6 5 -6 -7 -8
leaf_value=-0.00053615386513571257 -0.066938107372125508 0.0067606447645715247 -0.00017520369465500159 -0.10425822546849606 0.078490301133176441 0.0018513954464138627 0.075147390055184712
leaf_weight=167.23616554960608 4.2831097319722158 5.809980396181345 4.0290291234850866 4.5226447433233252 5.9245734810829154 8.4124268144369108 4.270730696618557
leaf_count=722 22 28 20 21 24 37 20
internal_value=-3.80785e-05 -0.0245142 0.00123273 -0.000433062 0.00216768 -0.035249 0.0385828
internal_weight=204.489 10.0931 194.396 186.096 173.161 12.9351 8.29976
internal_count=894 50 844 804 746 58 40
is_linear=0
shrinkage=0.1


Tree=99
num_leaves=6
num_cat=0
split_feature=1 9 8 8 7
split_gain=0.642091 1.2816 1.2486 1.32569 0.873609
threshold=125.44020450053465 12.818481924320155 12.593519984378098 12.156541744234131 7.9458183482717901
decision_type=2 2 2 2 2
left_child=1 2 3 -1 -4
right_child=-2 -3 4 -5 -6
leaf_value=-8.5923834553703593e-05 -0.027655503557762223 0.054629139602572568 -0.0053197972977682868 0.043846034397382896 -0.069330750991964771
leaf_weight=176.1544698253274 8.0809449329972249 4.3742150887846938 4.2390785962343198 7.1475162431597701 4.2896437644958496
leaf_count=764 38 20 18 31 23
internal_value=-3.04665e-05 0.00110731 -0.000113125 0.00162712 -0.037515
internal_weight=204.286 196.205 191.831 183.302 8.52872
internal_count=894 856 836 795 41
is_linear=0
shrinkage=0.1


end of trees

feature_importances:
receiving_yards_std_L5=101
receiving_yards_L3=90
receiving_yards_L10=81
targets_L3=75
targets_L5=69
receptions_L5=68
rec_tds_L5=58
target_share_L5=55
target_share_L3=54
receiving_yards_L5=53
receptions_L3=52
rec_tds_L3=46

parameters:
[boosting: gbdt]
[objective: binary]
[metric: binary_logloss]
[tree_learner: serial]
[device_type: cpu]
[data_sample_strategy: bagging]
[data: ]
[valid: ]
[num_iterations: 100]
[learning_rate: 0.1]
[num_leaves: 31]
[num_threads: 2]
[seed: 42]
[deterministic: 0]
[force_col_wise: 0]
[force_row_wise: 0]
[histogram_pool_size: -1]
[max_depth: 4]
[min_data_in_leaf: 20]
[min_sum_hessian_in_leaf: 0.001]
[bagging_fraction: 1]
[pos_bagging_fraction: 1]
[neg_bagging_fraction: 1]
[bagging_freq: 0]
[bagging_seed: 400]
[bagging_by_query: 0]
[feature_fraction: 1]
[feature_fraction_bynode: 1]
[feature_fraction_seed: 30056]
[extra_trees: 0]
[extra_seed: 12879]
[early_stopping_round: 0]
[early_stopping_min_delta: 0]
[first_metric_only: 0]
[max_delta_step: 0]
[lambda_l1: 0]
[lambda_l2: 0]
[linear_lambda: 0]
[min_gain_to_split: 0]
[drop_rate: 0.1]
[max_drop: 50]
[skip_drop: 0.5]
[xgboost_dart_mode: 0]
[uniform_drop: 0]
[drop_seed: 17869]
[top_rate: 0.2]
[other_rate: 0.1]
[min_data_per_group: 100]
[max_cat_threshold: 32]
[cat_l2: 10]
[cat_smooth: 10]
[max_cat_to_onehot: 4]
[top_k: 20]
[monotone_constraints: ]
[monotone_constraints_method: basic]
[monotone_penalty: 0]
[feature_contri: ]
[forcedsplits_filename: ]
[refit_decay_rate: 0.9]
[cegb_tradeoff: 1]
[cegb_penalty_split: 0]
[cegb_penalty_feature_lazy: ]
[cegb_penalty_feature_coupled: ]
[path_smooth: 0]
[interaction_constraints: ]
[verbosity: -1]
[saved_feature_importance_type: 0]
[use_quantized_grad: 0]
[num_grad_quant_bins: 4]
[quant_train_renew_leaf: 0]
[stochastic_rounding: 1]
[linear_tree: 0]
[max_bin: 255]
[max_bin_by_feature: ]
[min_data_in_bin: 3]
[bin_construct_sample_cnt: 200000]
[data_random_seed: 175]
[is_enable_sparse: 1]
[enable_bundle: 1]
[use_missing: 1]
[zero_as_missing: 0]
[feature_pre_filter: 1]
[pre_partition: 0]
[two_round: 0]
[header: 0]
[label_column: ]
[weight_column: ]
[group_column: ]
[ignore_column: ]
[categorical_feature: ]
[forcedbins_filename: ]
[precise_float_parser: 0]
[parser_config_file: ]
[objective_seed: 16083]
[num_class: 1]
[is_unbalance: 0]
[scale_pos_weight: 1.35884]
[sigmoid: 1]
[boost_from_average: 1]
[reg_sqrt: 0]
[alpha: 0.9]
[fair_c: 1]
[poisson_max_delta_step: 0.7]
[tweedie_variance_power: 1.5]
[lambdarank_truncation_level: 30]
[lambdarank_norm: 1]
[label_gain: ]
[lambdarank_position_bias_regularization: 0]
[eval_at: ]
[multi_error_top_k: 1]
[auc_mu_weights: ]
[num_machines: 1]
[local_listen_port: 12400]
[time_out: 120]
[machine_list_filename: ]
[machines: ]
[gpu_platform_id: -1]
[gpu_device_id: -1]
[gpu_use_dp: 0]
[num_gpu: 1]

end of parameters

pandas_categorical:[]
