tree
version=v4
num_class=1
num_tree_per_iteration=1
label_index=0
max_feature_idx=11
objective=binary sigmoid:1
feature_names=receiving_yards_L3 receiving_yards_L5 receiving_yards_L10 receiving_yards_std_L5 rec_tds_L3 rec_tds_L5 receptions_L3 receptions_L5 targets_L3 targets_L5 target_share_L3 target_share_L5
feature_infos=[45.236008134788008:105] [60:79.984514939391659] [42.07889918962583:113.71149511645376] [0:93.08238241928504] [0:2.4375164952843988] [0:2] [1:10.896744856979028] [1:9.3980796988870861] [1:15.088525413026218] [1:12.98514447180467] [0.0184990901274097:0.055019643613650603] [0.019447844417244599:0.049122154369105997]
tree_sizes=1471 1174 1484 1173 763 1282 1078 864 972 1082 873 980 1074 877 869 869 773 1697 977 980 670 872 1694 774 772 977 980 1183 1180 976 1194 1191 975 777 979 981 674 876 1196 773 875 669 1294 778 1603 1290 1294 1385 1089 1187 1296 1086 777 1386 1292 1089 878 1087 777 1386 1198 873 1388 1188 1189 1194 988 776 1082 977 1503 991 1294 1391 1396 1500 1397 987 1511 1188 977 1190 781 892 676 1395 781 1088 1089 778 1086 894 1288 1288 1188 1293 1290 879 1301 1510

Tree=0
num_leaves=13
num_cat=0
split_feature=2 9 10 2 4 2 3 5 7 1 6 3
split_gain=28.5246 19.0955 11.3051 9.66048 9.90564 9.35908 9.17206 8.13992 7.48809 6.54727 4.92138 3.41472
threshold=58.974471910779748 6.06045724121695 0.037744041102935562 51.483895151864509 0.62304807691744457 71.546296812405771 34.19083342545634 0.44478527366256787 4.5947407109461285 68.461023430423722 4.9969313146405572 32.672135388353773
decision_type=2 2 2 2 2 2 2 2 2 2 2 2
left_child=3 2 11 10 7 6 -3 -5 -6 -7 -1 -2
right_child=1 5 -4 4 8 9 -8 -9 -10 -11 -12 -13
leaf_value=-0.26101637505105379 -0.32660817536788878 -0.1570843721381204 -0.1421573514663505 -0.22659159240205928 -0.23777324648367115 -0.088883827998668688 -0.19877601875859099 -0.32660817536788883 -0.11427282377209161 -0.15265887880059748 -0.38694647254000281 -0.24847212879021374
leaf_weight=6.8269484490156156 10.17735861241818 109.53290681540966 7.5258796513080588 40.593061909079552 8.2331729978323001 19.778429791331291 101.81957715749741 10.177358612418173 12.161264032125471 86.49535296857357 5.6897044330835342 12.417004629969595
leaf_count=26 40 396 27 152 31 69 376 40 43 312 23 47
internal_value=-0.184827 -0.172213 -0.24831 -0.237244 -0.222995 -0.164997 -0.177169 -0.246641 -0.16413 -0.14079 -0.318261 -0.283668
internal_weight=431.428 347.747 30.1202 83.6815 71.1649 317.626 211.352 50.7704 20.3944 106.274 12.5167 22.5944
internal_count=1582 1267 114 315 266 1153 772 192 74 381 49 87
is_linear=0
shrinkage=1


Tree=1
num_leaves=10
num_cat=0
split_feature=2 8 3 11 2 7 4 7 9
split_gain=23.0874 16.067 10.254 9.19118 8.01657 8.34174 7.35203 4.33929 2.7674
threshold=58.974471910779748 4.7519531250000009 16.900020378354128 0.034078731326691251 51.483895151864509 3.159173405255808 0.62304807691744457 4.4318424228770619 6.9991940333188127
decision_type=2 2 2 2 2 2 2 2 2
left_child=4 -2 8 -4 7 -6 -7 -1 -3
right_child=1 2 3 -5 5 6 -8 -9 -10
leaf_value=-0.049450451156668948 -0.13563694592641526 -0.10665518887165704 0.027165560589983446 0.066880274443194429 -0.13375393873761485 -0.027830962430585568 0.045223707138320371 -0.16872002126853131 -0.016408419721788147
leaf_weight=6.7732678651809675 5.7673897296190253 5.3104023635387412 252.41931161284447 75.763823539018631 5.5274354815483084 45.728930562734604 19.714528411626816 5.5498642772436142 9.4347133040428144
leaf_count=26 23 21 918 270 22 173 71 23 35
internal_value=0.0185861 0.029885 0.0326687 0.036334 -0.0287145 -0.0157872 -0.00582359 -0.103165 -0.0489105
internal_weight=431.99 348.696 342.928 328.183 83.294 70.9709 65.4435 12.3231 14.7451
internal_count=1582 1267 1244 1188 315 266 244 49 56
is_linear=0
shrinkage=0.1


Tree=2
num_leaves=13
num_cat=0
split_feature=9 2 10 7 2 5 4 8 1 7 1 0
split_gain=19.0536 13.9203 11.7233 7.85988 7.54939 7.71132 7.2591 10.3713 7.8331 5.25099 5.17985 3.51343
threshold=6.06045724121695 58.974471910779748 0.037470874897551604 3.7323383895682407 71.546296812405771 0.073125459728215714 0.62304807691744457 8.0525137731371057 62.889211894103376 4.4759065542888434 68.461023430423722 65.715609848499312
decision_type=2 2 2 2 2 2 2 2 2 2 2 2
left_child=2 6 9 -4 5 -3 7 -2 -8 11 -6 -1
right_child=1 4 3 -5 10 -7 8 -9 -10 -11 -12 -13
leaf_value=-0.0048648804224387136 -0.09264558098926387 -0.029313014451605016 -0.058162019304119378 0.096116390144450239 0.10049018924827512 0.029067384242505462 -0.061267980807498651 0.010965867174728514 0.078828278003172714 -0.15050467249551319 0.044024637412255194 -0.071931995745936686
leaf_weight=11.617946326732634 21.039470613002777 25.745001211762428 5.1746880114078513 9.1258740872144681 19.971924528479576 186.7138936817646 6.0033527016639736 17.863543063402176 11.906057864427565 6.0852637588977805 87.086589977145195 23.838350549340248
leaf_count=44 83 96 20 32 69 676 23 67 42 25 312 93
internal_value=0.0167063 0.0247946 -0.037802 0.0402904 0.0329045 0.0219931 -0.0208159 -0.0450691 0.0318671 -0.0646851 0.0545584 -0.0499561
internal_weight=432.172 376.33 55.8421 14.3006 319.517 212.459 56.8124 38.903 17.9094 41.5416 107.059 35.4563
internal_count=1582 1368 214 52 1153 772 215 150 65 162 381 137
is_linear=0
shrinkage=0.1


Tree=3
num_leaves=10
num_cat=0
split_feature=9 2 10 2 11 7 0 7 3
split_gain=15.4955 12.1647 9.60932 9.01171 7.68474 6.3454 5.31014 4.5278 3.40011
threshold=6.06045724121695 51.483895151864509 0.037470874897551604 71.546296812405771 0.034144930916598357 3.7323383895682407 82.498046875000014 4.4759065542888434 47.880012456654093
decision_type=2 2 2 2 2 2 2 2 2
left_child=2 -2 7 4 -3 -4 -5 8 -1
right_child=1 3 5 6 -6 -7 -8 -9 -10
leaf_value=-0.064600360293710912 -0.11956022225981727 0.0053580852441403063 -0.0528219100869258 0.042483401306356021 0.046127447298129891 0.086058096907874804 0.12488182238843418 -0.14004968555583136 0.0048706808957614846
leaf_weight=25.426498234272003 5.9495358616113654 203.4796227812767 5.1304112225770941 98.757955610752106 59.827889770269394 9.170366168022154 8.4937641918659192 5.8952754884958258 9.7452281564474088
leaf_count=100 25 747 20 352 215 32 29 25 37
internal_value=0.015033 0.0222968 -0.0343619 0.0245744 0.0146216 0.0362348 0.0490089 -0.0589458 -0.0453516
internal_weight=431.877 376.509 55.3678 370.559 263.308 14.3008 107.252 41.067 35.1717
internal_count=1582 1368 214 1343 962 52 381 162 137
is_linear=0
shrinkage=0.1


Tree=4
num_leaves=6
num_cat=0
split_feature=8 2 7 2 6
split_gain=14.2486 12.346 7.45563 6.09026 3.34291
threshold=4.535247117280961 51.483895151864509 3.159173405255808 71.546296812405771 4.9969313146405572
decision_type=2 2 2 2 2
left_child=-1 4 -3 -4 -2
right_child=1 2 3 -5 -6
leaf_value=-0.1303842829309915 -0.037637125106076225 -0.098131050481156001 0.01261857942619214 0.039978006902294971 -0.14891567217495144
leaf_weight=6.7712771147489539 5.7950557470321638 5.4011136144399634 296.22586485743523 112.17130742967129 5.0540080368518829
leaf_count=28 23 22 1086 400 23
internal_value=0.0135338 0.0158286 0.0185895 0.0201332 -0.0894759
internal_weight=431.419 424.647 413.798 408.397 10.8491
internal_count=1582 1554 1508 1486 46
is_linear=0
shrinkage=0.1


Tree=5
num_leaves=11
num_cat=0
split_feature=7 2 0 4 5 11 9 6 8 0
split_gain=12.0495 9.57271 6.47177 6.96922 8.61685 5.36588 11.8359 7.40501 4.91761 6.50515
threshold=4.1121723766137741 50.892247181686209 65.715609848499312 0.12892532348632812 0.36701054830884178 0.034144930916598357 6.7356478746605282 4.3147529996904277 6.3063402380794296 62.496093750000007
decision_type=2 2 2 2 2 2 2 2 2 2
left_child=2 -2 8 -4 -5 6 -3 -7 9 -1
right_child=1 5 3 4 -6 7 -8 -9 -10 -11
leaf_value=-0.0051288577870006024 -0.11955519055861602 -0.047799676181387495 -0.13959792705333909 0.050784612146103504 -0.062234217758383059 -0.025869529390211796 0.021453933852246011 0.057434630471429618 -0.05445570050501139 0.1218709884481213
leaf_weight=10.588651418685918 4.897419959306716 27.346173048019409 7.3135113269090644 9.1944752186536771 25.332616776227951 12.698783770203589 252.95453077554703 66.813393518328667 7.3724592775106421 6.5146233737468711
leaf_count=40 23 105 30 34 100 47 915 237 28 23
internal_value=0.0121819 0.0193115 -0.0270281 -0.0509211 -0.0321376 0.0212016 0.0146975 0.0441302 0.0138163 0.0432453
internal_weight=431.027 364.71 66.3163 41.8406 34.5271 359.813 280.301 79.5122 24.4757 17.1033
internal_count=1582 1327 255 164 134 1304 1020 284 91 63
is_linear=0
shrinkage=0.1


Tree=6
num_leaves=9
num_cat=0
split_feature=8 2 3 3 11 10 3 2
split_gain=11.3846 9.15409 6.27746 5.37387 5.54181 4.44058 3.29781 2.35809
threshold=4.535247117280961 57.104569010332426 47.578654305981324 16.900020378354128 0.034078731326691251 0.032148604864627707 37.898661628901145 68.256290798844717
decision_type=2 2 2 2 2 2 2 2
left_child=-1 2 6 7 -5 -4 -2 -3
right_child=1 3 5 4 -6 -7 -8 -9
leaf_value=-0.12030441943068917 -0.023852329407546013 0.0013557817343664144 0.093645472803623078 0.013872464289103431 0.043024413395443703 -0.030295494650850421 -0.083979754811008667 -0.078658140382314862
leaf_weight=6.5067690163850775 24.842893466353416 7.0077990442514402 6.3933922350406629 272.53916159272194 85.720736891031265 5.2764918059110641 14.414479613304136 7.7638321220874786
leaf_count=28 96 27 24 991 306 21 59 30
internal_value=0.0109664 0.0129811 -0.0267878 0.0184105 0.0208476 0.0376061 -0.0459299 -0.0406988
internal_weight=430.466 423.959 50.9273 373.032 358.26 11.6699 39.2574 14.7716
internal_count=1582 1554 200 1354 1297 45 155 57
is_linear=0
shrinkage=0.1


Tree=7
num_leaves=7
num_cat=0
split_feature=8 2 2 8 3 7
split_gain=9.53261 7.87765 5.70077 5.82809 5.37962 3.24483
threshold=4.535247117280961 51.483895151864509 71.546296812405771 9.062555710016893 33.828910063391177 4.4318424228770619
decision_type=2 2 2 2 2 2
left_child=-1 5 4 -4 -3 -2
right_child=1 2 3 -5 -6 -7
leaf_value=-0.11246394734808135 -0.024357554004495172 0.020207418125530278 0.018205553073607869 0.068016478682007595 -0.0065187558162061801 -0.13817168879791555
leaf_weight=6.2763837724924079 5.578914597630499 148.49395640194416 78.809178411960602 33.463852211833 152.825673609972 4.5462125092744827
leaf_count=28 23 541 284 117 566 23
internal_value=0.00987314 0.0116853 0.0138187 0.0330521 0.00665223 -0.0754604
internal_weight=429.994 423.718 413.593 112.273 301.32 10.1251
internal_count=1582 1554 1508 401 1107 46
is_linear=0
shrinkage=0.1


Tree=8
num_leaves=8
num_cat=0
split_feature=7 2 8 4 5 10 1
split_gain=8.6186 5.72691 6.68414 5.73311 7.62092 5.2414 3.61243
threshold=3.0439651270995998 58.974471910779748 4.7519531250000009 0.62304807691744457 0.44478527366256787 0.035258859991934753 62.812066466318178
decision_type=2 2 2 2 2 2 2
left_child=-1 3 -3 4 -2 -4 -5
right_child=1 2 5 6 -6 -7 -8
leaf_value=-0.10854289677571548 -0.014833882079764311 -0.1056664024404444 0.011718241041632181 -0.026711319916829918 -0.11406733414251227 0.043524038305415284 0.055213758897145832
leaf_weight=6.159776657819747 42.748738318681717 4.4547531306743613 279.24270211160183 8.279893025755884 9.4499001204967481 63.616319432854652 15.379707515239714
leaf_count=28 167 19 1014 33 39 226 56
internal_value=0.0088922 0.0106016 0.0160384 -0.0142905 -0.0327988 0.0176197 0.0265433
internal_weight=429.332 423.172 347.314 75.8582 52.1986 342.859 23.6596
internal_count=1582 1554 1259 295 206 1240 89
is_linear=0
shrinkage=0.1


Tree=9
num_leaves=9
num_cat=0
split_feature=7 5 0 8 7 5 11 0
split_gain=7.25381 4.99109 6.31075 10.5309 5.85917 8.11429 6.43012 4.95652
threshold=3.0439651270995998 0.31994152331118725 82.498046875000014 9.1721002756292158 4.5723543719049635 0.40786100934559222 0.028159795633429102 79.956668613124336
decision_type=2 2 2 2 2 2 2 2
left_child=-1 2 7 -4 5 -3 -6 -2
right_child=1 4 3 -5 6 -7 -8 -9
leaf_value=-0.10197443585600484 -0.0063396113378171338 0.049661553072551545 -0.0080197406398447718 0.15343280504542858 0.05621112332348175 -0.026823355923665589 0.015486127101600494 -0.092414564324604792
leaf_weight=5.9138052910566321 144.03853015601635 19.004194214940071 10.558810800313951 6.5436418503522864 55.504503637552261 51.349624678492546 128.59248489141464 7.0158153474330893
leaf_count=28 535 69 39 22 197 197 468 27
internal_value=0.0080102 0.00954928 -0.00381894 0.0537543 0.0183838 -0.00616301 0.0277646 -0.0103374
internal_weight=428.521 422.608 168.157 17.1025 254.451 70.3538 184.097 151.054
internal_count=1582 1554 623 61 931 266 665 562
is_linear=0
shrinkage=0.1


Tree=10
num_leaves=7
num_cat=0
split_feature=8 2 0 6 4 6
split_gain=6.42475 5.97967 4.53858 8.02785 7.05147 3.18286
threshold=4.535247117280961 51.483895151864509 82.109592577695665 7.7203423218984337 0.020464479923248253 4.9969313146405572
decision_type=2 2 2 2 2 2
left_child=-1 5 4 -4 -3 -2
right_child=1 2 3 -5 -6 -7
leaf_value=-0.098272627574726434 -0.018426795148597887 -0.034787401382343139 0.023115551275677299 0.14272106832686554 0.011359297480125067 -0.13379950159748125
leaf_weight=5.696917697787284 5.4654182046651822 36.817584097385406 40.187052607536316 6.5225424766540518 329.08709000051022 4.251054972410202
leaf_count=28 23 139 146 22 1201 23
internal_value=0.00721428 0.00863721 0.0104632 0.0398173 0.00671598 -0.0689035
internal_weight=428.028 422.331 412.614 46.7096 365.905 9.71647
internal_count=1582 1554 1508 168 1340 46
is_linear=0
shrinkage=0.1


Tree=11
num_leaves=8
num_cat=0
split_feature=7 2 1 6 5 4 11
split_gain=5.69409 4.55108 4.37616 6.99107 3.94377 6.12003 5.58356
threshold=3.0439651270995998 77.918929171172564 68.032392118786504 5.2392804576058287 0.31994152331118725 0.5316667864099146 0.040599367650961705
decision_type=2 2 2 2 2 2 2
left_child=-1 4 -3 -4 6 -6 -2
right_child=1 2 3 -5 5 -7 -8
leaf_value=-0.0941165651830696 -0.003605731548565777 0.11778292666545886 -0.026921831267627639 0.065868100986693809 0.032270115150226632 -0.00098539128733215434 -0.093401669585969058
leaf_weight=5.5517534613609305 147.55202220380306 6.1409005224704734 14.271776154637335 18.836539030075073 94.844863191246986 132.8532031327486 7.2656266391277304
leaf_count=28 549 21 53 66 344 493 28
internal_value=0.00649723 0.00782162 0.0402504 0.0258698 0.00449416 0.0128668 -0.00781987
internal_weight=427.317 421.765 39.2492 33.1083 382.516 227.698 154.818
internal_count=1582 1554 140 119 1414 837 577
is_linear=0
shrinkage=0.1


Tree=12
num_leaves=9
num_cat=0
split_feature=6 2 3 11 9 0 7 0
split_gain=5.14399 4.47044 5.23766 4.60153 10.94 6.22538 4.21012 3.36262
threshold=2.7214611601084475 57.104569010332426 47.578654305981324 0.034078731326691251 6.7356478746605282 81.822557351959418 4.4318424228770619 72.434879597997408
decision_type=2 2 2 2 2 2 2 2
left_child=-1 2 7 4 -3 -5 -4 -2
right_child=1 3 6 5 -6 -7 -8 -9
leaf_value=-0.1353224295671335 -0.065019819787012795 -0.043174848975336827 0.1029516678907616 0.020490006209640841 0.012357729072306822 0.10165121839510288 -0.018879675311308394 -0.006126818417992997
leaf_weight=2.5654717534780493 21.569482177495956 41.588774845004082 5.3623383939266187 80.123114675283432 241.30977456271648 10.714630439877508 6.0216849744319916 17.610706433653831
leaf_count=14 89 162 20 291 873 37 25 71
internal_value=0.00585242 0.00670601 -0.0212001 0.0104815 0.00419391 0.0300633 0.0385078 -0.0385486
internal_weight=426.866 424.301 50.5642 373.736 282.899 90.8377 11.384 39.1802
internal_count=1582 1568 205 1363 1035 328 45 160
is_linear=0
shrinkage=0.1


Tree=13
num_leaves=7
num_cat=0
split_feature=9 2 11 9 6 6
split_gain=4.73276 4.16744 4.16126 8.10625 5.30294 3.22543
threshold=4.4860735604140443 51.483895151864509 0.034144930916598357 6.7356478746605282 4.452871625834633 4.9969313146405572
decision_type=2 2 2 2 2 2
left_child=-1 5 3 -3 -4 -2
right_child=1 2 4 -5 -6 -7
leaf_value=-0.10501977257054734 -0.0088588277755344454 -0.034253049803917524 -0.0026312743441636874 0.0092031991823647904 0.044276751554185374 -0.12934733865435197
leaf_weight=3.8554624617099753 5.1521905213594419 51.361594095826149 40.228901326656342 261.34473147988319 60.112290605902672 3.906205803155899
leaf_count=21 22 201 151 949 215 23
internal_value=0.0052724 0.0062798 0.00775126 0.00206557 0.0254703 -0.0608165
internal_weight=425.961 422.106 413.048 312.706 100.341 9.0584
internal_count=1582 1561 1516 1150 366 45
is_linear=0
shrinkage=0.1


Tree=14
num_leaves=7
num_cat=0
split_feature=8 2 1 0 9 2
split_gain=4.05563 3.95533 4.28712 6.1185 3.79187 4.67568
threshold=4.535247117280961 77.918929171172564 69.452123418097003 73.990234375000014 5.0084086553897906 57.104569010332426
decision_type=2 2 2 2 2 2
left_child=-1 4 -3 -4 -2 -6
right_child=1 2 3 -5 5 -7
leaf_value=-0.084759312134671694 0.074257173790485506 0.10131652972247499 -0.005698490162276134 0.099613700593716409 -0.02932119429111596 0.0054156198943362916
leaf_weight=5.002466455101966 7.2701770961284629 8.0367182493209821 23.307375177741054 7.2275487482547751 43.900991529226303 330.21690537035465
leaf_count=28 29 28 85 25 180 1207
internal_value=0.00474949 0.0058157 0.0363324 0.0192287 0.00272941 0.00133942
internal_weight=424.962 419.96 38.5716 30.5349 381.388 374.118
internal_count=1582 1554 138 110 1416 1387
is_linear=0
shrinkage=0.1


Tree=15
num_leaves=7
num_cat=0
split_feature=3 3 3 3 5 9
split_gain=3.88083 5.5041 4.72973 4.12514 1.82239 1.96918
threshold=16.900020378354128 18.88676785051322 20.164841265217149 33.828910063391177 0.55401710451733277 7.9996332965968904
decision_type=2 2 2 2 2 2
left_child=4 -2 -3 -4 5 -1
right_child=1 2 3 -5 -6 -7
leaf_value=0.024250022935105978 0.10100934063537165 -0.10867851094679518 0.017678014670065505 -0.002910409860845363 -0.09540225066135985 -0.062383555440271403
leaf_weight=4.964431941509245 6.0248698890209189 3.6450124233961096 168.00493822991848 231.29912662506104 4.8917484879493704 5.5645544528961182
leaf_count=20 21 14 615 870 21 21
internal_value=0.00427861 0.00613548 0.00471693 0.00575205 -0.0449676 -0.0215357
internal_weight=424.395 408.974 402.949 399.304 15.4207 10.529
internal_count=1582 1520 1499 1485 62 41
is_linear=0
shrinkage=0.1


Tree=16
num_leaves=6
num_cat=0
split_feature=7 7 7 5 7
split_gain=3.7674 3.66133 3.84171 7.54951 3.58345
threshold=3.0439651270995998 7.9905611468289939 6.9798481863461825 0.24252654795467968 6.8222596664149711
decision_type=2 2 2 2 2
left_child=-1 2 4 -4 -2
right_child=1 -3 3 -5 -6
leaf_value=-0.082954174910385009 0.0045173364590462093 -0.077972657993150146 -0.040038421035558276 0.072581075399461167 -0.071195601189399355
leaf_weight=4.9415106475353232 378.29932236671448 5.2673896700143805 8.2941304445266741 21.082576364278793 6.3562018871307364
leaf_count=28 1405 20 31 74 24
internal_value=0.00385124 0.00487425 0.00592824 0.0407844 0.00326623
internal_weight=424.241 419.3 414.032 29.3767 384.656
internal_count=1582 1554 1534 105 1429
is_linear=0
shrinkage=0.1


Tree=17
num_leaves=15
num_cat=0
split_feature=2 3 3 0 10 3 5 5 10 10 8 6 8 9
split_gain=3.51859 5.38562 7.95536 6.09445 6.08438 5.97876 4.60147 9.25011 6.02994 5.27487 4.08121 3.81994 3.61138 2.44746
threshold=71.546296812405771 33.828910063391177 32.837340951855829 64.217836558818831 0.024365749092944054 40.419442386963397 0.39940557841792418 0.5048310432289681 0.034878773397194952 0.029731244866652202 5.7384827286005029 5.9987182617187509 7.5623119677097455 7.3674440294394925
decision_type=2 2 2 2 2 2 2 2 2 2 2 2 2 2
left_child=1 2 3 -1 5 -3 8 12 11 -9 -6 -2 -8 -4
right_child=6 4 13 -5 10 -7 7 9 -10 -11 -12 -13 -14 -15
leaf_value=0.03661839284898194 -0.041454242450310264 -0.023831544015644697 0.13374533954163825 -0.008959885426753746 0.021151723403956466 0.12290772045599502 0.03767987719572588 0.049683695775050545 0.066856279715238998 -0.022851244338480303 -0.02664821267603756 0.018362170296029497 0.13721285596091318 0.044464923293432129
leaf_weight=41.963816091418266 26.972450479865074 5.0801231414079648 6.0859741270542127 97.500260233879089 20.733185686171055 6.1235880106687546 5.5690447837114361 19.901872038841248 10.37458363175392 20.203455850481987 128.99292208254337 17.670461624860764 10.553184196352957 6.1968448162078857
leaf_count=153 101 20 22 365 85 22 20 71 37 75 489 64 36 22
internal_value=0.00346809 -0.00196609 0.0115493 0.00475432 -0.0147103 0.0563714 0.018742 0.0388599 -0.00181848 0.0131435 -0.0200292 -0.0177778 0.102832 0.0887022
internal_weight=423.922 312.677 151.747 139.464 160.93 11.2037 111.245 56.2276 55.0175 40.1053 149.726 44.6429 16.1222 12.2828
internal_count=1582 1178 562 518 616 42 404 202 202 146 574 165 56 44
is_linear=0
shrinkage=0.1


Tree=18
num_leaves=8
num_cat=0
split_feature=6 5 10 10 3 0 0
split_gain=3.81791 3.0809 5.50368 5.96041 4.44503 6.17808 6.00814
threshold=2.7214611601084475 0.34301590804963228 0.022506774741565753 0.026494720259526306 47.578654305981324 62.970258712768562 55.903936403959527
decision_type=2 2 2 2 2 2 2
left_child=-1 4 -3 -4 5 -2 -6
right_child=1 2 3 -5 6 -7 -8
leaf_value=-0.12856605594556533 0.023071983458818168 -0.085099556842179042 0.047777131357746541 0.0061909056144898739 -0.06838985098034607 -0.023446193227187447 0.050605195351953659
leaf_weight=2.1899627372622481 37.431608125567436 5.7571166157722464 42.307961419224739 185.91449818015099 5.1378787159919765 120.3268067240715 24.363750636577606
leaf_count=14 136 22 153 692 20 455 90
internal_value=0.00312878 0.00381344 0.0114643 0.0139002 -0.00574618 -0.0124087 0.0298815
internal_weight=423.43 421.24 233.98 228.222 187.26 157.758 29.5016
internal_count=1582 1568 867 845 701 591 110
is_linear=0
shrinkage=0.1


Tree=19
num_leaves=8
num_cat=0
split_feature=6 11 10 9 9 8 6
split_gain=3.34846 3.01276 6.34843 5.944 5.43285 5.24972 8.28402
threshold=2.7214611601084475 0.034144930916598357 0.033472823963880703 8.4388793438335714 6.8688142302178692 9.0419243991579403 6.3499905880459346
decision_type=2 2 2 2 2 2 2
left_child=-1 2 4 -4 -2 6 -3
right_child=1 5 3 -5 -6 -7 -8
leaf_value=-0.12528406532734646 -0.025375713700549953 0.018553550096590026 -0.021129034175085326 -0.13252373100585288 0.0093569264205379185 0.090860606756584306 -0.10979641481512731
leaf_weight=2.0307788848876944 55.585693836212158 88.645603224635124 18.79456160962582 6.4286178052425376 237.26958236098289 9.0894215703010541 5.3310463279485694
leaf_count=14 221 329 72 25 868 32 21
internal_value=0.00281524 0.00343294 -0.00138163 -0.0495201 0.00276446 0.0182915 0.0112726
internal_weight=423.175 421.145 318.078 25.2232 292.855 103.066 93.9766
internal_count=1582 1568 1186 97 1089 382 350
is_linear=0
shrinkage=0.1


Tree=20
num_leaves=5
num_cat=0
split_feature=9 2 9 9
split_gain=3.20091 3.1561 3.18025 3.61958
threshold=4.4860735604140443 49.580382446832012 5.0084086553897906 6.0031245237006567
decision_type=2 2 2 2
left_child=-1 -2 -3 -4
right_child=1 2 3 -5
leaf_value=-0.095520506716864573 -0.080990432361090825 0.069531440282061582 -0.028043114129105731 0.0058869361047919127
leaf_weight=3.3030225560069075 4.3946924060583106 7.3199592605233184 34.333137556910515 373.16669504344463
leaf_count=21 24 30 137 1370
internal_value=0.00253607 0.00330866 0.00420175 0.00302822
internal_weight=422.518 419.214 414.82 407.5
internal_count=1582 1561 1537 1507
is_linear=0
shrinkage=0.1


Tree=21
num_leaves=7
num_cat=0
split_feature=7 7 8 2 11 11
split_gain=3.00846 3.38801 4.7247 3.3272 3.55607 3.27405
threshold=7.9905611468289939 7.1044485543130653 4.2979297677984514 66.971733668546008 0.029189992959134704 0.034144930916598357
decision_type=2 2 2 2 2 2
left_child=1 2 -1 -3 -5 -4
right_child=-2 3 5 4 -6 -7
leaf_value=-0.12450665429098057 -0.07281732191902654 -0.009955532151083149 -0.0033623353668649006 0.10896342087492061 0.006275013191371949 0.017545248138819552
leaf_weight=2.9732439666986457 5.2679624110460272 8.1680676937103289 290.41723393648863 8.892328277230261 5.4325406551361075 100.92913815379143
leaf_count=21 20 30 1086 31 20 374
internal_value=0.00227982 0.00322895 0.00107567 0.0409778 0.07002 0.00202978
internal_weight=422.081 416.813 394.32 22.4929 14.3249 391.346
internal_count=1582 1562 1481 81 51 1460
is_linear=0
shrinkage=0.1


Tree=22
num_leaves=15
num_cat=0
split_feature=2 3 3 10 2 3 3 4 5 8 9 2 10 6
split_gain=2.77465 4.56826 6.63249 4.8035 4.73971 4.70337 3.96561 3.60048 8.13428 5.51148 8.12632 5.42989 3.57752 2.16433
threshold=71.546296812405771 33.828910063391177 32.837340951855829 0.024365749092944054 70.449449821000826 40.419442386963397 35.744118998099204 0.096313476562500014 0.14579751686875211 9.062555710016893 8.6351647447691189 75.674441119766712 0.030348318158035206 4.9969313146405572
decision_type=2 2 2 2 2 2 2 2 2 2 2 2 2 2
left_child=1 2 4 5 -1 -3 -5 8 12 10 -9 -11 -2 -4
right_child=7 3 13 6 -6 -7 -8 9 -10 11 -12 -13 -14 -15
leaf_value=0.0075955473759542246 -0.047868845160540824 -0.022416874854257224 0.03141534000831258 -0.064561729928721265 -0.079295022963095096 0.10800100698495488 -0.013409734895747892 0.026281616640016353 -0.12734843301230528 0.0051019019425286548 -0.062796167044261539 0.1003916164331872 0.054053609729637388 0.11651926546477474
leaf_weight=132.42256446927786 5.4958044737577465 5.0678599029779416 5.2017827332019788 17.125613421201706 6.5902047902345648 6.0860980600118637 131.7794870659709 52.139570266008377 5.4148221015930167 9.7041918486356753 12.744612336158751 15.58201092481613 9.2236718386411649 7.0226322114467621
leaf_count=493 21 20 20 67 25 22 507 190 21 36 48 55 33 24
internal_value=0.0020531 -0.00277597 0.00968637 -0.0145514 0.00347631 0.048745 -0.0192927 0.0156815 -0.0225523 0.0242187 0.00878487 0.0638219 0.0159989 0.0803055
internal_weight=421.601 311.296 151.237 160.059 139.013 11.154 148.905 110.305 20.1343 90.1704 64.8842 25.2862 14.7195 12.2244
internal_count=1582 1178 562 616 518 42 574 404 75 329 238 91 54 44
is_linear=0
shrinkage=0.1


Tree=23
num_leaves=6
num_cat=0
split_feature=3 3 3 4 4
split_gain=2.75223 4.18585 3.85127 3.09584 1.62104
threshold=16.900020378354128 18.88676785051322 20.164841265217149 0.020464479923248253 0.23917155454424963
decision_type=2 2 2 2 2
left_child=4 -2 -3 -4 -1
right_child=1 2 3 -5 -6
leaf_value=-0.0092146160836371234 0.086608882975858281 -0.10013455827915237 -0.02515866770669813 0.0058845107755031434 -0.07476388757285117
leaf_weight=8.0343818143010122 5.959683194756507 3.6454823762178412 35.264451138675213 360.87835720181465 7.1127289980649939
leaf_count=32 21 14 135 1350 30
internal_value=0.00185723 0.00341963 0.00217952 0.00312106 -0.039995
internal_weight=420.895 405.748 399.788 396.143 15.1471
internal_count=1582 1520 1499 1485 62
is_linear=0
shrinkage=0.1


Tree=24
num_leaves=6
num_cat=0
split_feature=6 1 1 9 8
split_gain=2.68087 2.59429 5.16254 6.64098 4.01657
threshold=2.7214611601084475 79.314219417304756 77.153865816435044 9.1554249498656262 11.923230987921217
decision_type=2 2 2 2 2
left_child=-1 2 4 -4 -2
right_child=1 -3 3 -5 -6
leaf_value=-0.12185292792934832 0.0012993367591937603 -0.065863771809006988 0.010384673646704753 0.10878951981651591 -0.074878992242825779
leaf_weight=1.7496704831719387 374.89918521046638 5.528040185570716 21.303009346127514 10.114014521241186 7.0515563338994971
leaf_count=14 1406 21 78 36 27
internal_value=0.00167203 0.00218797 0.00309804 0.0420639 -0.000107064
internal_weight=420.645 418.896 413.368 31.417 381.951
internal_count=1582 1568 1547 114 1433
is_linear=0
shrinkage=0.1


Tree=25
num_leaves=8
num_cat=0
split_feature=7 8 9 4 4 4 6
split_gain=2.47942 2.63941 10.7067 8.7611 7.36122 7.29894 5.18891
threshold=7.9905611468289939 8.2356939315795916 8.6351647447691189 0.67993188649415981 0.3267497186789115 0.7500329905687978 6.4559018512619568
decision_type=2 2 2 2 2 2 2
left_child=1 2 6 4 -3 -5 -1
right_child=-2 3 -4 5 -6 -7 -8
leaf_value=0.0013381496093512594 -0.066874888078287745 0.0052964486890739217 -0.14426214284723243 -0.13895012109827137 0.053229310323146567 -0.013020488680562015 -0.087348506717234653
leaf_weight=230.24030409753323 5.2361961901187888 84.24871127307415 5.3495353907346717 5.3953617364168158 51.700820177793503 31.324550300836563 6.7918127179145804
leaf_count=879 20 311 21 21 186 117 27
internal_value=0.00150756 0.00237025 -0.00436045 0.0118184 0.023525 -0.0315237 -0.00120304
internal_weight=420.287 415.051 242.382 172.669 135.95 36.7199 237.032
internal_count=1582 1562 927 635 497 138 906
is_linear=0
shrinkage=0.1


Tree=26
num_leaves=8
num_cat=0
split_feature=6 6 7 6 2 3 5
split_gain=2.36737 2.35882 6.75835 6.43115 4.75153 4.19932 3.27981
threshold=2.7214611601084475 3.6094653418986131 4.1121723766137741 3.5263799789099726 63.604725167315628 40.014331937564165 0.85355013451547246
decision_type=2 2 2 2 2 2 2
left_child=-1 3 5 4 -2 -3 -4
right_child=1 2 6 -5 -6 -7 -8
leaf_value=-0.11949734453158359 -0.036996351138308139 -0.07658066457691054 0.0066752152494856248 0.13152518727439941 0.054759204789110227 -0.0070512372461270945 -0.029697938550353284
leaf_weight=1.6145562306046475 11.729851365089422 17.600814670324326 329.15734055638313 5.0943416208028784 10.877339676022528 17.150736808776855 26.809762224555016
leaf_count=14 51 72 1219 18 41 66 101
internal_value=0.00135931 0.00182566 -0.000173564 0.0300239 0.00715139 -0.0422662 0.00393576
internal_weight=420.035 418.42 390.719 27.7015 22.6072 34.7516 355.967
internal_count=1582 1568 1458 110 92 138 1320
is_linear=0
shrinkage=0.1


Tree=27
num_leaves=10
num_cat=0
split_feature=5 10 3 1 2 2 11 11 3
split_gain=2.34026 6.57207 4.30856 4.83703 4.13303 4.12187 3.46306 9.37625 7.07854
threshold=0.34723218647431875 0.021932388885582705 59.61089572641108 71.841289101792867 49.988093971021833 71.360361980042128 0.030124557661522406 0.030542806341145205 47.222472774288484
decision_type=2 2 2 2 2 2 2 2 2
left_child=4 -2 5 -4 -1 -3 8 -8 -6
right_child=1 2 3 -5 6 -7 7 -9 -10
leaf_value=-0.13102543846186429 -0.13257097074899729 0.0043357786070563125 0.015376106079209171 -0.12391247636492853 -0.031623963334850867 0.0349658956498081 0.11453072548571111 -0.0016239900599265122 0.063732493645170321
leaf_weight=2.649591051042079 3.2784854173660269 155.48451862111688 4.988706596195696 4.9838827252388 70.562256760895252 61.236561313271523 7.4676496833562842 100.16430734843016 8.7500738427042943
leaf_count=16 13 588 20 20 269 224 26 373 33
internal_value=0.00121911 0.0080003 0.0100333 -0.0542345 -0.00700628 0.0129906 -0.00524854 0.00643498 -0.0211038
internal_weight=419.566 229.972 226.694 9.97259 189.594 216.721 186.944 107.632 79.3123
internal_count=1582 865 852 40 717 812 701 399 302
is_linear=0
shrinkage=0.1


Tree=28
num_leaves=10
num_cat=0
split_feature=0 6 0 0 4 1 8 4 11
split_gain=2.28044 5.43757 6.67912 5.29573 4.50671 5.5469 4.40576 4.24197 3.9476
threshold=82.109592577695665 7.7203423218984337 87.368652343750014 80.773500253535957 0.020464479923248253 72.673404178135868 11.625029148073926 0.082263271853047062 0.031253470955619707
decision_type=2 2 2 2 2 2 2 2 2
left_child=3 2 7 4 5 -1 -6 -2 -4
right_child=1 -3 8 -5 6 -7 -8 -9 -10
leaf_value=-0.049923072169961995 0.10571542029484822 0.1083342149714023 -0.10935452547111298 -0.075551254388085534 0.0059390085258062414 0.056636153092178156 -0.070281523489856737 0.013990747807706358 0.0049291443738599628
leaf_weight=30.663132287561893 6.4976194798946407 6.2909447401762 6.2294905334711057 9.4223684817552549 317.8756529763341 5.8107737153768531 7.7689622044563285 22.504848457872868 5.8710886985063553
leaf_count=122 23 23 25 36 1196 21 30 84 22
internal_value=0.00109631 0.0217538 0.0085024 -0.00153878 0.000387039 -0.0329468 0.0041206 0.0345404 -0.0539051
internal_weight=418.935 47.394 41.103 371.541 362.119 36.4739 325.645 29.0025 12.1006
internal_count=1582 177 154 1405 1369 143 1226 107 47
is_linear=0
shrinkage=0.1


Tree=29
num_leaves=8
num_cat=0
split_feature=8 6 7 6 8 0 5
split_gain=3.9074 2.32214 5.08863 4.69308 4.43424 4.3477 2.87926
threshold=4.2979297677984514 3.6094653418986131 4.1121723766137741 3.5263799789099726 6.2859760728897536 65.989459717633579 1.0003617636690183
decision_type=2 2 2 2 2 2 2
left_child=-1 3 4 5 -3 -2 -4
right_child=1 2 6 -5 -6 -7 -8
leaf_value=-0.12147542588844043 0.048054354078006789 -0.0089373471100747722 0.004893198924517398 0.11614799271740349 -0.083280731328351051 -0.042154170700706574 -0.048489154268261579
leaf_weight=2.5892653353512278 12.637071251869207 21.158472627401352 344.32214761525393 5.1337231844663611 12.923233509063719 9.2560481578111631 10.409283220767973
leaf_count=21 47 84 1279 18 52 41 40
internal_value=0.00098838 0.00175091 -0.000219276 0.0300944 -0.0371272 0.00991568 0.00332674
internal_weight=418.429 415.84 388.813 27.0268 34.0817 21.8931 354.731
internal_count=1582 1561 1455 106 136 88 1319
is_linear=0
shrinkage=0.1


Tree=30
num_leaves=10
num_cat=0
split_feature=11 11 11 9 8 7 0 6 6
split_gain=2.11729 5.08958 4.12781 4.06375 6.52934 6.21345 3.81533 4.35864 3.27359
threshold=0.034144930916598357 0.033862272271698461 0.034389870561961862 6.5889346136259741 6.1741371414126336 3.8390235228369671 81.672265168505575 4.8571457639336595 6.0305595728118542
decision_type=2 2 2 2 2 2 2 2 2
left_child=1 3 -2 5 -5 -1 8 -8 -4
right_child=2 -3 6 4 -6 -7 7 -9 -10
leaf_value=0.022364604500924059 0.080677627824626064 -0.094571399069246109 0.006504943472838743 0.11462259294661666 0.00099978380896575654 -0.057567121929029644 -0.0068566655764158921 0.1118887709096907 -0.057842120460020401
leaf_weight=14.863970711827276 8.3704275637865049 5.9764749407768241 72.542911373078823 5.1572784185409537 261.48349031805992 28.129573464393616 5.5890419706702215 6.916368305683136 8.8732337504625303
leaf_count=66 30 24 276 18 968 119 22 25 34
internal_value=0.000885232 -0.00316703 0.013388 -0.00140276 0.00319744 -0.0299327 0.00739109 0.0588179 -0.000507997
internal_weight=417.903 315.611 102.292 309.634 266.641 42.9935 93.9216 12.5054 81.4161
internal_count=1582 1195 387 1171 986 185 357 47 310
is_linear=0
shrinkage=0.1


Tree=31
num_leaves=10
num_cat=0
split_feature=5 10 10 0 3 2 5 9 3
split_gain=2.03807 3.82211 4.51885 8.56036 5.44585 3.54793 2.89358 5.79106 4.02086
threshold=0.34723218647431875 0.022506774741565753 0.026494720259526306 61.091870843683999 59.61089572641108 49.988093971021833 0.25035023173776805 9.5448165556857489 47.374042766245445
decision_type=2 2 2 2 2 2 2 2 2
left_child=5 -2 3 -3 -4 -1 8 -8 -7
right_child=1 2 4 -5 -6 6 7 -9 -10
leaf_value=-0.1273167541766578 -0.073935115725672254 0.15587239720840987 0.0058551749598073546 0.021323492902786529 -0.084605054486413797 -0.0046734707954038815 -0.039441528041101209 0.051565519869453152 0.044487683739202748
leaf_weight=2.4154252335429183 5.6701714694499961 5.4448296427726737 174.7695776373148 35.946438197046518 6.9184787124395362 113.8670376688242 44.516743667423725 8.2949656695127469 19.483716227114201
leaf_count=16 22 19 661 134 29 429 170 30 72
internal_value=0.000797883 0.00714295 0.00920377 0.0390228 0.00241055 -0.00689883 -0.00533643 -0.0251473 0.00250941
internal_weight=417.327 228.749 223.079 41.3913 181.688 188.578 186.162 52.8117 133.351
internal_count=1582 865 843 153 690 717 701 200 501
is_linear=0
shrinkage=0.1


Tree=32
num_leaves=8
num_cat=0
split_feature=8 8 9 3 1 1 2
split_gain=3.41264 2.27245 5.62322 4.39048 3.20684 8.26423 3.1154
threshold=4.2979297677984514 5.7384827286005029 6.0031245237006567 42.477807438896356 73.002744457086379 68.761274064867749 76.578839622891266
decision_type=2 2 2 2 2 2 2
left_child=-1 4 3 -3 5 -2 -4
right_child=1 2 6 -5 -6 -7 -8
leaf_value=-0.1189046502776403 0.036228418431986396 -0.10358789148881456 -0.0020593302706775739 0.011932832560665574 0.094733196705273165 -0.099167778020333108 0.025534655256149664
leaf_weight=2.3713015504181376 25.843169540166858 9.2161531224846822 316.1781744658947 5.1164298802614203 5.6065719723701468 5.4606013447046271 46.996820718050003
leaf_count=21 101 43 1180 21 21 22 173
internal_value=0.000717905 0.00140239 -0.000913084 -0.0623494 0.0250843 0.01261 0.00151148
internal_weight=416.789 414.418 377.508 14.3326 36.9103 31.3038 363.175
internal_count=1582 1561 1417 64 144 123 1353
is_linear=0
shrinkage=0.1


Tree=33
num_leaves=6
num_cat=0
split_feature=1 1 9 2 10
split_gain=2.36079 2.10403 6.88808 3.88308 2.72976
threshold=60.076075306641833 60.679890024669014 7.6849927747168616 49.580382446832012 0.035258859991934753
decision_type=2 2 2 2 2
left_child=-1 2 -2 -3 -5
right_child=1 3 -4 4 -6
leaf_value=-0.1148051556810666 -0.020496464549797797 -0.099769533154695056 0.10944066797121677 -0.003413612069486217 0.017680114432179296
leaf_weight=1.7638678848743428 9.3810969442129153 3.8881914168596259 7.2193401157855979 317.93739876896143 76.019403778016567
leaf_count=7 39 25 25 1200 286
internal_value=0.000639348 0.00113068 0.0360117 -0.000324765 0.000656714
internal_weight=416.209 414.445 16.6004 397.845 393.957
internal_count=1582 1575 64 1511 1486
is_linear=0
shrinkage=0.1


Tree=34
num_leaves=8
num_cat=0
split_feature=1 1 3 11 9 8 5
split_gain=1.97722 3.66013 7.93777 5.42422 2.59617 2.64129 1.51838
threshold=79.314219417304756 77.363756935499779 34.883797021607009 0.030911940918592503 11.285246266013148 8.0890942212984758 0.44967393187940996
decision_type=2 2 2 2 2 2 2
left_child=1 4 6 -4 5 -1 -3
right_child=-2 2 3 -5 -6 -7 -8
leaf_value=-0.0073206620859234649 -0.059173781616654722 0.060453392921167873 -0.074072940232895346 0.050496965257488008 -0.061854197248202375 0.0096132781814229091 0.12779234077486787
leaf_weight=214.39327596500516 5.465931996703147 7.2864950001239794 7.500493720173834 6.5463728308677673 6.9208085387945166 161.48727918416262 6.1957098096609116
leaf_count=835 21 27 29 24 27 597 22
internal_value=0.00057395 0.00136984 0.0365884 -0.0160186 -0.0011629 -4.54362e-05 0.0913988
internal_weight=415.796 410.33 27.5291 14.0469 382.801 375.881 13.4822
internal_count=1582 1561 102 53 1459 1432 49
is_linear=0
shrinkage=0.1


Tree=35
num_leaves=8
num_cat=0
split_feature=1 1 1 11 0 0 0
split_gain=1.94646 2.02755 10.4536 5.42771 3.94429 7.00779 2.90705
threshold=60.076075306641833 64.269099697034335 64.669486358786784 0.033963679405127158 72.434879597997408 64.012207031250014 65.715609848499312
decision_type=2 2 2 2 2 2 2
left_child=-1 4 6 -4 5 -2 -3
right_child=1 2 3 -5 -6 -7 -8
leaf_value=-0.10502958269978602 0.026751906339847864 -0.046300981152754044 -0.0077544433587476511 0.023989120009194297 0.080116980615663913 -0.026362374422950315 -0.15400766348844441
leaf_weight=1.7398187667131413 67.47471821308136 4.7137093693017942 217.21006819233298 71.627262096852064 7.9718219712376586 39.313396260142326 5.3502375707030296
leaf_count=7 251 18 820 266 36 160 24
internal_value=0.000520783 0.000964717 -0.00337334 0.000117477 0.0122635 0.00719821 -0.10356
internal_weight=415.401 413.661 298.901 288.837 114.76 106.788 10.0639
internal_count=1582 1575 1128 1086 447 411 42
is_linear=0
shrinkage=0.1


Tree=36
num_leaves=5
num_cat=0
split_feature=6 8 6 9
split_gain=1.88998 2.40688 2.67777 3.50572
threshold=2.7214611601084475 4.2979297677984514 2.9340624809265141 5.0084086553897906
decision_type=2 2 2 2
left_child=-1 -2 -3 -4
right_child=1 2 3 -5
leaf_value=-0.11726174772650265 -0.11945651219596339 0.10203401266454555 0.067212546574250215 -0.00059761679861068109
leaf_weight=1.3592069633305062 1.6562383100390423 2.6239103823900214 7.7716205716133109 401.61224149912596
leaf_count=14 13 10 31 1514
internal_value=0.000464641 0.000851464 0.00133509 0.000689671
internal_weight=415.023 413.664 412.008 409.384
internal_count=1582 1568 1555 1545
is_linear=0
shrinkage=0.1


Tree=37
num_leaves=7
num_cat=0
split_feature=7 7 9 9 10 1
split_gain=1.84672 2.623 3.18578 3.84327 2.81826 2.32322
threshold=7.9905611468289939 7.1044485543130653 10.670748308926461 9.9336788559252742 0.028542572913379752 71.310927623556964
decision_type=2 2 2 2 2 2
left_child=1 2 3 -1 5 -3
right_child=-2 4 -4 -5 -6 -7
leaf_value=-0.0015229927714544922 -0.059081202507059907 0.01686893981141167 -0.061150767728924242 0.047836519732472715 -0.010298167260377635 0.10072361906747028
leaf_weight=362.90665461868048 5.1525070220232001 5.9485025852918643 8.5364394932985288 16.491455256938934 8.4590616822242719 7.4317809641361237
leaf_count=1388 20 22 33 60 32 27
internal_value=0.00041345 0.00116154 -0.000736774 0.000622538 0.0348814 0.0634442
internal_weight=414.926 409.774 387.935 379.398 21.8393 13.3803
internal_count=1582 1562 1481 1448 81 49
is_linear=0
shrinkage=0.1


Tree=38
num_leaves=10
num_cat=0
split_feature=5 10 10 10 0 10 11 11 3
split_gain=1.64192 4.45107 4.19924 3.63633 7.34082 5.03936 3.56096 7.65557 3.27462
threshold=0.34723218647431875 0.021932388885582705 0.021651351926075455 0.026494720259526306 61.091870843683999 0.027393817931990153 0.030124557661522406 0.030542806341145205 47.222472774288484
decision_type=2 2 2 2 2 2 2 2 2
left_child=2 -2 -1 4 -3 -5 8 -8 -4
right_child=1 3 6 5 -6 -7 7 -9 -10
leaf_value=0.10353886878379191 -0.11080968564603076 0.14387014507622642 -0.032412612551613172 -0.057823297812630993 0.018396812703357843 0.0062179853710359872 0.1010549647994456 -0.004162951896343965 0.034662835224175369
leaf_weight=3.4016721695661536 3.2111997455358496 5.312328189611434 67.696807663887739 13.260754629969595 38.132425371557474 167.37727296724916 7.4248480498790732 100.72163128852844 8.1551703214645368
leaf_count=12 13 19 263 52 143 638 26 383 33
internal_value=0.000375245 0.00608875 -0.00655456 0.00776396 0.0337394 0.00151667 -0.00858991 0.00306083 -0.025201
internal_weight=414.694 227.294 187.4 224.083 43.4448 180.638 183.998 108.146 75.852
internal_count=1582 865 717 852 162 690 705 409 296
is_linear=0
shrinkage=0.1


Tree=39
num_leaves=6
num_cat=0
split_feature=6 1 1 3 1
split_gain=1.68454 1.56411 3.03388 6.64299 2.4696
threshold=2.7214611601084475 79.314219417304756 77.363756935499779 34.883797021607009 75.214823380940359
decision_type=2 2 2 2 2
left_child=-1 2 4 -4 -2
right_child=1 -3 3 -5 -6
leaf_value=-0.11554335349006811 0.0015944107763013046 -0.05245188649889479 0.08441875343732784 -0.014451824443232363 -0.026899179020777399
leaf_weight=1.2506152167916287 346.98192093521357 5.4649454206228247 13.238610729575159 13.963200226426123 33.340994045138359
leaf_count=14 1319 21 49 53 126
internal_value=0.000340461 0.00069138 0.00140404 0.0336666 -0.000903479
internal_weight=414.24 412.99 407.525 27.2018 380.323
internal_count=1582 1568 1547 102 1445
is_linear=0
shrinkage=0.1


Tree=40
num_leaves=7
num_cat=0
split_feature=1 8 1 2 8 7
split_gain=1.57939 1.85309 3.13804 2.64977 2.58205 2.22732
threshold=60.076075306641833 4.7519531250000009 63.203836138373973 51.483895151864509 5.7384827286005029 4.4318424228770619
decision_type=2 2 2 2 2 2
left_child=-1 2 -2 5 -5 -3
right_child=1 3 -4 4 -6 -7
leaf_value=-0.095981328488607465 0.026394854049498623 -0.012048859703741132 -0.099142517930095708 0.031445644443319702 0.00051089662074639292 -0.12188958216557516
leaf_weight=1.6964847743511189 3.432326987385748 4.550587870180606 4.7423715554177761 29.120864391326904 367.33542840182781 3.1062611415982246
leaf_count=7 18 22 30 110 1372 23
internal_value=0.000308076 0.000704289 -0.0464329 0.00165781 0.00278314 -0.0566095
internal_weight=413.984 412.288 8.1747 404.113 396.456 7.65685
internal_count=1582 1575 48 1527 1482 45
is_linear=0
shrinkage=0.1


Tree=41
num_leaves=5
num_cat=0
split_feature=8 8 8 2
split_gain=2.52112 1.73204 2.55977 2.18774
threshold=4.2979297677984514 4.59539469331503 4.7519531250000009 51.483895151864509
decision_type=2 2 2 2
left_child=-1 -2 -3 -4
right_child=1 2 3 -5
leaf_value=-0.114993324796494 0.074275087018363078 -0.088256727645549385 -0.052960357420104909 0.0019371485323473874
leaf_weight=1.8889268971979607 3.183504953980445 3.243455506861209 7.394148960709571 397.86520992964506
leaf_count=21 14 14 45 1488
internal_value=0.000271079 0.000799943 0.000227344 0.000935518
internal_weight=413.575 411.686 408.503 405.259
internal_count=1582 1561 1547 1533
is_linear=0
shrinkage=0.1


Tree=42
num_leaves=11
num_cat=0
split_feature=0 6 0 1 0 11 4 3 0 10
split_gain=1.54851 4.49907 4.61023 5.86484 4.43005 4.28237 3.69826 3.80756 3.75265 3.0253
threshold=82.109592577695665 7.5251500072190547 83.839545255554199 73.540141187194692 80.431610107421889 0.031733566774869361 0.020464479923248253 15.738125625203525 64.689765741582974 0.029143165086404754
decision_type=2 2 2 2 2 2 2 2 2 2
left_child=4 2 3 -2 6 -4 8 -8 -1 -6
right_child=1 -3 5 -5 9 -7 7 -9 -10 -11
leaf_value=0.013080389257422357 -0.022346530500123307 0.092990087537124178 -0.052625292039679229 0.12406940999592136 -0.12039053566625904 0.025347756549358769 -0.079536670843776955 0.0049693062187131905 -0.054765869136014583 -0.019959020005646092
leaf_weight=12.692163214087484 4.9082667417824251 6.7417134493589392 15.323398426175119 6.1808526068925858 5.0339927375316602 13.035617038607596 5.4239757880568495 313.63914815708995 22.792400790378451 7.4208447486162186
leaf_count=48 20 26 60 22 20 49 25 1190 94 28
internal_value=0.000239329 0.0174954 0.00459331 0.0592628 -0.00193247 -0.0167839 0.000126744 0.00353273 -0.0304985 -0.0605514
internal_weight=413.192 46.1898 39.4481 11.0891 367.003 28.359 354.548 319.063 35.4846 12.4548
internal_count=1582 177 151 42 1405 109 1357 1215 142 48
is_linear=0
shrinkage=0.1


Tree=43
num_leaves=6
num_cat=0
split_feature=7 8 7 9 5
split_gain=1.57962 2.24476 1.99161 2.68503 2.56041
threshold=7.9905611468289939 4.2979297677984514 7.1044485543130653 10.670748308926461 0.24252654795467968
decision_type=2 2 2 2 2
left_child=1 -1 3 -3 -4
right_child=-2 2 4 -5 -6
leaf_value=-0.11329708822309673 -0.055112764843952111 0.00099351191822089437 -0.024698762318214461 -0.055801005289456189 0.052419046538124306
leaf_weight=1.7137910611927498 5.0960793048143378 375.59860514849424 5.9580864906311062 8.5127507746219617 15.519681230187414
leaf_count=21 20 1427 23 33 58
internal_value=0.000216986 0.000909258 0.00139183 -0.000265179 0.031026
internal_weight=412.399 407.303 405.589 384.111 21.4778
internal_count=1582 1562 1541 1460 81
is_linear=0
shrinkage=0.1


Tree=44
num_leaves=14
num_cat=0
split_feature=6 9 9 9 9 0 8 8 10 3 9 9 2
split_gain=1.49763 5.58331 6.42927 5.33481 5.75303 5.45281 5.0928 7.22081 6.07785 4.49868 6.45087 5.58529 4.45154
threshold=5.7605114317590287 7.5817133938416985 7.2382234019488711 7.7414052774925475 6.9991940333188127 83.143468856811538 8.2356939315795916 8.7205306000296385 0.030601913237902904 23.959648448084828 9.4759723038992032 8.7010334369060445 56.928886063875858
decision_type=2 2 2 2 2 2 2 2 2 2 2 2 2
left_child=3 2 -2 4 5 -1 8 -8 -5 10 -3 -11 -6
right_child=1 9 -4 6 12 -7 7 -9 -10 11 -12 -13 -14
leaf_value=-0.0007434080666799905 0.014564418270923519 0.0040357454065419723 -0.11383513872055712 -0.10022021382777752 -0.062628255546177444 -0.081082760356229716 0.041111667996969137 -0.033978391484871522 -0.018253324648140484 0.036099355458472593 0.12358123933206551 -0.0097876434985217364 0.039009167299631026
leaf_weight=106.01956564188004 7.9761455059051496 9.4126744568347949 7.6304241120815277 15.491112157702444 4.6742964833974829 9.1796814799308759 21.225499585270882 32.285251066088676 21.744426250457764 42.761798210442066 8.6731649786233884 69.861870050430298 55.180874824523926
leaf_count=433 32 35 31 60 20 38 77 122 81 158 31 265 199
internal_value=0.000194476 0.00831949 -0.0482132 -0.00427812 0.00592209 -0.00714527 -0.0239549 -0.00419327 -0.052354 0.0150694 0.0613645 0.00763508 0.031072
internal_weight=412.117 146.316 15.6066 265.801 175.054 115.199 90.7463 53.5108 37.2355 130.71 18.0858 112.624 59.8552
internal_count=1582 552 63 1030 690 471 340 199 141 489 66 423 219
is_linear=0
shrinkage=0.1


Tree=45
num_leaves=11
num_cat=0
split_feature=0 0 6 0 1 4 4 1 3 5
split_gain=1.48199 3.62091 3.50397 3.41765 4.86296 3.88197 3.09189 3.50333 3.14366 2.51596
threshold=82.109592577695665 80.431610107421889 7.5251500072190547 83.839545255554199 73.540141187194692 0.082263271853047062 0.020464479923248253 72.673404178135868 15.738125625203525 0.46222021059366075
decision_type=2 2 2 2 2 2 2 2 2 2
left_child=1 6 3 4 -2 -5 7 -1 -8 -3
right_child=2 9 -4 5 -6 -7 8 -9 -10 -11
leaf_value=-0.041636372981728266 -0.020699234976329993 -0.094850351991392245 0.08501114661274918 0.063698166613869636 0.11376526086997352 -0.03055263875364447 -0.073337621778580012 0.045655178338916989 0.0043243087957270492 -0.0039190377278197231
leaf_weight=29.821960542351007 4.8752928823232633 6.9650577306747419 6.5250223428010932 5.405224576592448 5.9992197006940842 22.817146882414818 5.3004299942404023 5.4356773197650901 313.06300547346473 5.4034018069505692
leaf_count=122 20 28 26 20 22 89 25 20 1190 20
internal_value=0.00017784 -0.00194067 0.017173 0.00585128 0.0534817 -0.0125015 -8.0457e-05 -0.0281786 0.00303132 -0.0551252
internal_weight=411.611 365.99 45.6219 39.0969 10.8745 28.2224 353.621 35.2576 318.363 12.3685
internal_count=1582 1405 177 151 42 109 1357 142 1215 48
is_linear=0
shrinkage=0.1


Tree=46
num_leaves=11
num_cat=0
split_feature=1 1 11 10 11 0 2 4 6 0
split_gain=1.39939 7.92349 4.17714 8.25362 5.11683 3.69619 5.03161 3.99694 3.91203 2.56771
threshold=64.269099697034335 64.669486358786784 0.033963679405127158 0.033472823963880703 0.034429214084613205 72.501464843750014 57.168104465485797 0.35366916656494146 3.5892765522003178 65.715609848499312
decision_type=2 2 2 2 2 2 2 2 2 2
left_child=5 9 3 -3 -4 6 7 -1 -8 -2
right_child=1 2 4 -5 -6 -7 8 -9 -10 -11
leaf_value=0.0017415448391102793 -0.038636844682123361 -0.0020070880126098587 0.09403087019896228 -0.078557140740754747 0.010760627605354921 0.077909517972810607 0.077734715256081277 -0.08547313020212767 0.0082323712244157556 -0.14148776593431853
leaf_weight=11.259990945458414 4.6574019342660886 199.80992464721203 8.3672594279050809 15.153055615723131 62.504423998296261 7.3934068083763114 9.0410876832902414 9.8526524379849416 77.67660117149353 5.0693686194717884
leaf_count=51 18 759 30 61 236 34 34 45 290 24
internal_value=0.000161905 -0.00348236 -0.000461978 -0.00740321 0.0205917 0.00950983 0.00482 -0.038959 0.0154786 -0.0922404
internal_weight=410.785 295.561 285.835 214.963 70.8717 115.224 107.83 21.1126 86.7177 9.72677
internal_count=1582 1128 1086 820 266 454 420 96 324 42
is_linear=0
shrinkage=0.1


Tree=47
num_leaves=12
num_cat=0
split_feature=2 1 0 8 8 9 9 6 3 0 0
split_gain=1.46363 3.69732 4.66623 4.66093 1.92555 3.76355 3.65431 3.94384 3.5045 3.21771 2.27884
threshold=77.918929171172564 67.966163694558787 73.990234375000014 7.5623119677097455 5.7384827286005029 5.6870209392834914 6.0031245237006567 3.9713726043701172 42.477807438896356 62.496093750000007 60.569564005995815
decision_type=2 2 2 2 2 2 2 2 2 2 2
left_child=4 -2 3 -3 5 9 8 -8 -6 -1 -7
right_child=1 2 -4 -5 6 10 7 -9 -10 -11 -12
leaf_value=-0.082534631684673579 0.098332683773735372 -0.066781643755242384 0.080195347420813051 0.021298644650087573 -0.093871661400498574 0.017360028327985649 -0.043058082500777216 0.0010176740623864362 0.011332110148376746 0.014270390069725018 0.10456560141888174
leaf_weight=4.1807013228535679 5.0814529657363883 9.8967358022928291 6.7714669108390799 15.288885921239851 8.5473725125193578 5.4147085100412351 21.76291236281395 302.24017038941383 5.0296017080545417 19.214389517903328 6.7099419087171555
leaf_count=20 19 39 25 57 43 20 84 1141 21 89 24
internal_value=0.000139833 0.0190997 0.00650098 -0.0133127 -0.00174236 0.0204048 -0.00407266 -0.00194284 -0.0548988 -0.00302866 0.0656207
internal_weight=410.138 37.0385 31.9571 25.1856 373.1 35.5197 337.58 324.003 13.577 23.3951 12.1247
internal_count=1582 140 121 96 1442 153 1289 1225 64 109 44
is_linear=0
shrinkage=0.1


Tree=48
num_leaves=9
num_cat=0
split_feature=7 11 10 10 0 0 8 2
split_gain=1.4326 1.60762 6.29909 5.79601 4.35713 5.8118 3.75401 1.41108
threshold=7.9905611468289939 0.028033138189419455 0.027393817931990153 0.027742561184882403 78.623608283698573 68.431795406024335 9.062555710016893 59.345957596414372
decision_type=2 2 2 2 2 2 2 2
left_child=1 4 7 -4 5 -1 -6 -3
right_child=-2 2 3 -5 6 -7 -8 -9
leaf_value=0.025298104611243624 -0.052833883119352935 -0.039565436731265002 0.092471727753624541 -0.0023763524547193399 0.0064994666195272877 -0.027427232908211602 0.093227174762299692 -0.11427124367663727
leaf_weight=46.328579815104604 5.0450169593095771 4.6480293571948987 6.5927879661321631 283.1193210054189 9.2448691129684466 38.098032563924789 10.846427425742148 5.5443402677774429
leaf_count=177 20 21 24 1093 35 149 41 22
internal_value=0.000125083 0.000785726 -0.00293628 -0.000217957 0.0114657 0.00150547 0.05332 -0.0802031
internal_weight=409.467 404.422 299.904 289.712 104.518 84.4266 20.0913 10.1924
internal_count=1582 1562 1160 1117 402 326 76 43
is_linear=0
shrinkage=0.1


Tree=49
num_leaves=10
num_cat=0
split_feature=3 3 3 2 2 1 11 10 1
split_gain=1.48458 7.80527 4.13379 4.27152 4.06064 5.92746 4.00052 3.98012 3.7024
threshold=33.828910063391177 33.203400842663321 34.364071838552981 71.360361980042128 67.963968084350711 77.363756935499779 0.025766644381258603 0.024365749092944054 78.376336133121313
decision_type=2 2 2 2 2 2 2 2 2
left_child=1 4 -2 7 6 -6 -1 -4 -5
right_child=2 -3 3 8 5 -7 -8 -9 -10
leaf_value=-0.040251992001594822 -0.087487498218382365 0.09402621471744077 0.051056272123069429 0.025992490164463256 -0.032008927973589188 0.047366498720596423 0.020143670622004065 -0.016785239927658017 -0.047769950562474406
leaf_weight=12.330218523740767 5.9686438739299765 9.7037987411022169 9.2172882333397848 60.240699894726276 53.346228092908859 11.422399923205374 99.23107760772109 139.96663656458259 7.6713052093982688
leaf_count=51 24 36 37 225 205 45 375 554 30
internal_value=0.000114521 0.00671092 -0.00538681 -0.00312961 0.00190578 -0.0180105 0.0134685 -0.0125937 0.0176603
internal_weight=409.098 186.034 223.065 217.096 176.33 64.7686 111.561 149.184 67.912
internal_count=1582 712 870 846 676 250 426 591 255
is_linear=0
shrinkage=0.1


Tree=50
num_leaves=11
num_cat=0
split_feature=5 5 6 7 10 11 8 6 7 9
split_gain=1.26498 4.24663 4.53585 4.56524 3.75096 4.72387 2.84036 2.79445 6.18718 5.27777
threshold=0.31994152331118725 0.25035023173776805 6.8880264088511476 5.6374367590666656 0.043249742557346905 0.033269819501069206 11.923230987921217 5.3767821290514064 5.4223234865150696 7.7573940891518509
decision_type=2 2 2 2 2 2 2 2 2 2
left_child=1 4 3 -3 5 -1 7 9 -9 -2
right_child=6 2 -4 -5 -6 -7 -8 8 -10 -11
leaf_value=-0.0081699659006973166 0.0094791511582982806 -0.033493941999910237 0.043278380961093411 -0.13210637957387333 -0.083650872861728176 0.034034073515635969 -0.070203341554431142 0.068672229550207672 0.0067950258584393132 -0.034058507334739106
leaf_weight=90.089190531522036 93.034561067819595 18.145028170198209 5.26846158504486 6.3331908881664267 5.0460055321454993 37.58570508658886 4.9697557538747779 19.771015457808971 88.468322686851025 39.735131114721298
leaf_count=353 372 71 20 25 20 141 20 74 335 151
internal_value=0.0001058 -0.00674182 -0.0408917 -0.0590077 0.000912187 0.00425431 0.00462861 0.00617169 0.0180975 -0.00355074
internal_weight=408.446 162.468 29.7467 24.4782 132.721 127.675 245.979 241.009 108.239 132.77
internal_count=1582 630 116 96 514 494 952 932 409 523
is_linear=0
shrinkage=0.1


Tree=51
num_leaves=9
num_cat=0
split_feature=1 1 3 11 1 10 1 5
split_gain=1.20556 1.84379 4.61003 3.87823 2.30698 8.87647 5.13565 1.16328
threshold=79.314219417304756 77.363756935499779 34.883797021607009 0.030911940918592503 75.214823380940359 0.027742561184882403 74.959530785167146 0.44967393187940996
decision_type=2 2 2 2 2 2 2 2
left_child=1 4 7 -4 6 -6 -1 -3
right_child=-2 2 3 -5 5 -7 -8 -9
leaf_value=-0.00034629633925996003 -0.04680890963775397 0.042487675548147648 -0.063113507449749237 0.043396277195649369 0.054839129238668155 -0.059582595717747766 0.088753559089907452 0.10386443694811194
leaf_weight=337.16402257047594 5.4069524705409995 6.7760679125785845 7.3469948023557645 6.3937194347381592 9.5545067191123945 23.346931964159012 6.5956121534109107 5.6735867857933044
leaf_count=1309 21 27 29 24 35 91 24 22
internal_value=9.64442e-05 0.000725994 0.0263819 -0.0135532 -0.00105794 -0.0263548 0.00136324 0.0704584
internal_weight=408.258 402.851 26.1904 13.7407 376.661 32.9014 343.76 12.4497
internal_count=1582 1561 102 53 1459 126 1333 49
is_linear=0
shrinkage=0.1


Tree=52
num_leaves=6
num_cat=0
split_feature=1 1 9 2 8
split_gain=1.19129 1.64892 5.29565 2.77273 1.81211
threshold=60.076075306641833 60.679890024669014 7.6849927747168616 49.580382446832012 4.7129303812980661
decision_type=2 2 2 2 2
left_child=-1 2 -2 -3 -5
right_child=1 3 -4 4 -6
leaf_value=-0.08547239123217143 -0.018573555716019787 -0.091643749511743255 0.096446501653761757 -0.057952405129862765 0.00072468453806703718
leaf_weight=1.6207144707441319 9.1728806532919425 3.3361200988292685 7.1021110117435446 5.3368298299610606 381.30430565774441
leaf_count=7 39 25 25 36 1450
internal_value=9.16537e-05 0.000433005 0.0316191 -0.00086849 -8.52387e-05
internal_weight=407.873 406.252 16.275 389.977 386.641
internal_count=1582 1575 64 1511 1486
is_linear=0
shrinkage=0.1


Tree=53
num_leaves=12
num_cat=0
split_feature=2 1 0 9 8 9 7 6 9 0 0
split_gain=1.14498 3.06468 4.31798 3.71386 1.76855 2.97901 3.41443 3.13794 2.88711 2.76393 1.7479
threshold=77.918929171172564 69.452123418097003 73.990234375000014 9.294215768477498 5.7384827286005029 6.0031245237006567 4.0959237870870604 3.9713726043701172 5.6870209392834914 62.496093750000007 60.569564005995815
decision_type=2 2 2 2 2 2 2 2 2 2 2
left_child=4 -2 3 -3 8 6 -6 -7 9 -1 -10
right_child=1 2 -4 -5 5 7 -8 -9 10 -11 -12
leaf_value=-0.075749517447078932 0.074306168608539808 -0.048483514031457953 0.073501339223632764 0.036630799477184756 -0.0089846212370927585 -0.038668776892364601 -0.11293562763546182 0.00073210385344272232 0.017097017706119624 0.015009426585420406 0.093593334695032226
leaf_weight=4.0710236243903664 7.4277907609939566 14.570510618388658 6.5921342372894278 7.909310281276702 7.9278616607189161 21.669177681207657 5.2538370527327061 300.8072550073266 5.4067192822694761 19.088933367282152 6.6743219941854477
leaf_count=20 29 56 25 30 37 84 27 1141 20 89 24
internal_value=8.03394e-05 0.0169797 0.00233302 -0.0185369 -0.00158271 -0.00382017 -0.0504164 -0.00191548 0.0197283 -0.000944049 0.0593584
internal_weight=407.399 36.4997 29.072 22.4798 370.899 335.658 13.1817 322.476 35.241 23.16 12.081
internal_count=1582 140 111 86 1442 1289 64 1225 153 109 44
is_linear=0
shrinkage=0.1


Tree=54
num_leaves=11
num_cat=0
split_feature=1 1 8 11 6 8 8 3 8 11
split_gain=1.23977 6.10099 3.57508 3.48567 3.27768 6.61131 8.03417 6.0638 4.49503 4.30404
threshold=64.269099697034335 64.53248505269427 4.7519531250000009 0.033963679405127158 3.6508428752422337 7.9776886551438908 8.7831438566645392 29.168500551702291 7.7524414062500009 0.032934543056843353
decision_type=2 2 2 2 2 2 2 2 2 2
left_child=4 -2 -3 -4 7 8 -7 -1 -6 -9
right_child=1 2 3 -5 5 6 -8 9 -10 -11
leaf_value=0.15480602331391347 -0.096959371541622666 -0.10517651901819579 -0.006243189305377048 0.019647432253411604 -0.010051058843619821 0.080046890542557245 -0.0073116590609184021 0.065333856642404722 -0.095117334044728052 -0.052332139373432618
leaf_weight=4.1357752904295948 6.8043929003179064 3.2658204324543467 213.78789332509041 68.712793529033661 47.500286839902401 18.886439204216003 23.78673480451107 7.3295803386718017 7.1463546156883231 5.3981789350509644
leaf_count=15 30 23 817 258 193 69 92 29 29 27
internal_value=7.22762e-05 -0.0033767 -0.00114841 5.42005e-05 0.00890957 0.00185687 0.0313518 0.0496109 -0.0211755 0.0154286
internal_weight=406.754 292.571 285.767 282.501 114.183 97.3198 42.6732 16.8635 54.6466 12.7278
internal_count=1582 1128 1098 1075 454 383 161 71 222 56
is_linear=0
shrinkage=0.1


Tree=55
num_leaves=9
num_cat=0
split_feature=4 5 9 0 3 4 3 5
split_gain=1.15593 4.91231 5.05197 10.0851 4.34743 2.69977 2.47568 2.37801
threshold=0.088758539330391309 0.16243428241711969 8.3087886385889274 76.962208613975392 39.153375093365291 0.11067998508766051 15.738125625203525 0.18161417049045323
decision_type=2 2 2 2 2 2 2 2
left_child=1 2 4 -4 -1 -2 -7 -8
right_child=5 -3 3 -5 -6 6 7 -9
leaf_value=-0.00097602151502809817 0.059512233673304687 -0.084773509135324276 -0.0038609134660434197 0.12953152111557539 -0.064036489980551711 -0.067702460596647293 -0.0471016810311451 0.0040711945189658774
leaf_weight=31.947653098031878 8.1913678050041181 8.0116674825549108 22.642325967550281 7.5603951066732398 16.619732528924942 5.1065687686204901 9.3678611516952497 296.54197161272168
leaf_count=128 30 32 86 27 70 25 38 1146
internal_value=6.17225e-05 -0.0101719 -0.00258425 0.0295301 -0.0225553 0.00284391 0.00135141 0.00250413
internal_weight=405.99 86.7818 78.7701 30.2027 48.5674 319.208 311.016 305.91
internal_count=1582 343 311 113 198 1239 1209 1184
is_linear=0
shrinkage=0.1


Tree=56
num_leaves=7
num_cat=0
split_feature=7 7 9 9 9 8
split_gain=1.2115 1.39801 2.69363 2.64969 2.25254 2.68922
threshold=7.9905611468289939 7.1044485543130653 10.670748308926461 9.9336788559252742 9.413197749134099 11.517635450468335
decision_type=2 2 2 2 2 2
left_child=1 2 3 -1 -3 -6
right_child=-2 4 -4 -5 5 -7
leaf_value=-0.0012521494518052444 -0.049232461335270788 -0.023942881864195839 -0.056941078430086202 0.040302081414830541 0.080435339634992137 -0.0090061598402329818
leaf_weight=355.44932297989726 4.9263057857751837 6.3110543489456203 8.3348372727632505 16.037236481904984 9.1699866354465467 5.3071620166301718
leaf_count=1388 20 24 33 60 36 21
internal_value=5.62677e-05 0.000662372 -0.000719644 0.000541765 0.0259132 0.0476471
internal_weight=405.536 400.61 379.821 371.487 20.7882 14.4771
internal_count=1582 1562 1481 1448 81 57
is_linear=0
shrinkage=0.1


Tree=57
num_leaves=9
num_cat=0
split_feature=1 1 0 0 5 3 8 11
split_gain=1.14727 5.04169 3.09256 4.36105 5.30744 4.55266 2.98924 2.95135
threshold=64.269099697034335 64.53248505269427 72.434879597997408 64.012207031250014 0.098836978937099459 49.347719128503392 4.7519531250000009 0.033963679405127158
decision_type=2 2 2 2 2 2 2 2
left_child=2 -2 3 5 -5 -1 -3 -8
right_child=1 6 -4 4 -6 -7 7 -9
leaf_value=0.027346029114335597 -0.08934351049505021 -0.098895386349739572 0.06890690905740364 -0.11656670137315042 -0.008094727983207135 -0.065148144742811512 -0.0059850393582672745 0.017880553652796838
leaf_weight=61.681991394609213 6.6500618159770957 3.1017376594245425 7.904374659061431 5.2211120314896098 33.154183458536863 5.8239815309643737 213.27581403404474 68.447592481970787
leaf_count=232 30 23 36 24 137 25 817 258
internal_value=5.3174e-05 -0.00327119 0.00856892 0.0040645 -0.0228528 0.0193662 -0.00126158 -0.000186649
internal_weight=405.261 291.475 113.786 105.881 38.3753 67.506 284.825 281.723
internal_count=1582 1128 454 418 161 257 1098 1075
is_linear=0
shrinkage=0.1


Tree=58
num_leaves=6
num_cat=0
split_feature=9 8 9 6 7
split_gain=1.1498 2.59272 2.22238 3.58534 2.10671
threshold=5.0084086553897906 4.7129303812980661 5.1550125244392015 2.9340624809265141 4.1121723766137741
decision_type=2 2 2 2 2
left_child=1 -1 -2 -4 -5
right_child=2 -3 3 4 -6
leaf_value=-0.031223222765347999 -0.085064656532892191 0.076838715851079764 0.12566662968382081 -0.021500046490470902 0.0017777613483959465
leaf_weight=3.6379084512591344 3.1036316752433768 5.6977337673306465 2.2533350810408583 43.799883402884007 346.09785655885935
leaf_count=31 14 23 9 180 1325
internal_value=4.19161e-05 0.0347292 -0.000777373 -0.000110292 -0.000837194
internal_weight=404.59 9.33564 395.255 392.151 389.898
internal_count=1582 54 1528 1514 1505
is_linear=0
shrinkage=0.1


Tree=59
num_leaves=12
num_cat=0
split_feature=6 7 4 5 6 1 6 5 0 8 0
split_gain=1.0215 3.61999 3.12696 3.38533 2.76207 2.99948 2.4514 2.26864 5.83875 2.22696 1.47652
threshold=3.6094653418986131 3.5262966379790117 0.59894001670181762 0.38421562104083251 3.8250846657492734 67.747455106282914 3.4544527923168542 0.84446704927533378 67.426452068691347 5.1291882431280484 63.089992729702423
decision_type=2 2 2 2 2 2 2 2 2 2 2
left_child=1 2 3 -1 5 10 -3 9 -9 -6 -2
right_child=4 6 -4 -5 7 -7 -8 8 -10 -11 -12
leaf_value=-0.0025514829774085646 -0.051491831505140168 0.010264250952858161 0.056569081382980668 -0.12203865095571426 0.074084494113573304 -0.1034120645381169 0.10012382596642706 -0.099527025092511948 0.0015813064916898733 0.0018588774813152933 0.023392694783676702
leaf_weight=6.8126140553504246 4.9099320545792562 5.5900437459349614 4.3735246695578089 3.6370147913694382 4.3252079784870139 5.3130788505077353 6.644331693649292 7.9250249117612865 20.447980083525181 328.7184516787529 5.6778906732797623
leaf_count=35 20 22 23 20 17 22 24 33 79 1264 23
internal_value=3.56674e-05 0.0188044 -0.0144256 -0.0441392 -0.00131024 -0.0421005 0.0590658 0.000484368 -0.0266598 0.00279687 -0.0113338
internal_weight=404.375 27.0575 14.8232 10.4496 377.318 15.9009 12.2344 361.417 28.373 333.044 10.5878
internal_count=1582 124 78 55 1458 65 46 1393 112 1281 43
is_linear=0
shrinkage=0.1


Tree=60
num_leaves=10
num_cat=0
split_feature=5 10 10 10 0 9 11 3 11
split_gain=1.01607 3.60329 3.21944 2.92465 6.16386 4.40091 2.62982 4.79671 3.30307
threshold=0.34723218647431875 0.021932388885582705 0.021651351926075455 0.026494720259526306 61.091870843683999 8.7173009674173816 0.027154089405125953 41.070989173534905 0.028055345416101954
decision_type=2 2 2 2 2 2 2 2 2
left_child=2 -2 -1 4 -3 -5 7 -4 -8
right_child=1 3 6 5 -6 -7 8 -9 -10
leaf_value=0.092777817264695472 -0.10298098550984738 0.13451684828442992 -0.058166853649775301 0.0090648624719578651 0.015797006608381566 -0.028475125963674783 0.042334699474896098 0.042609656098770397 -0.0070389258926834859
leaf_weight=3.2736810296773902 3.0714126825332633 4.9558512419462195 21.302875198423866 135.84888792969286 37.20223162136972 40.550432577729225 15.03903468698263 6.0685294941067687 136.81612569466233
leaf_count=12 13 19 87 533 143 157 56 25 537
internal_value=2.87563e-05 0.00457885 -0.00549689 0.0060904 0.029753 0.000435222 -0.00729194 -0.0358236 -0.00214919
internal_weight=404.129 221.629 182.5 218.557 42.1581 176.399 179.227 27.3714 151.855
internal_count=1582 865 717 852 162 690 705 112 593
is_linear=0
shrinkage=0.1


Tree=61
num_leaves=7
num_cat=0
split_feature=1 1 2 0 9 9
split_gain=1.00796 1.43288 4.62143 4.7811 2.71659 1.5858
threshold=60.076075306641833 60.679890024669014 62.806453739094231 61.311238720477157 4.4860735604140443 5.0084086553897906
decision_type=2 2 2 2 2 2
left_child=-1 2 3 -2 -3 -6
right_child=1 4 -4 -5 5 -7
leaf_value=-0.07965700947169807 -0.089302692281450199 -0.13137368477861577 0.10015084813093267 0.049435101722105725 0.046360626389664199 -0.0012160617897489913
leaf_weight=1.5811828523874272 4.4223312586545926 1.588555771857499 5.8812752217054358 5.6668769121170044 7.1383187547326079 377.52558510750532
leaf_count=7 18 19 22 24 32 1460
internal_value=2.82984e-05 0.00034155 0.0296942 -0.0113769 -0.000872103 -0.000333167
internal_weight=403.804 402.223 15.9705 10.0892 386.252 384.664
internal_count=1582 1575 64 42 1511 1492
is_linear=0
shrinkage=0.1


Tree=62
num_leaves=12
num_cat=0
split_feature=3 3 1 2 3 9 8 5 4 9 8
split_gain=0.992863 6.38286 4.07149 5.18252 3.84708 10.2509 8.34643 2.82868 3.75828 2.41967 2.19365
threshold=33.828910063391177 32.837340951855829 77.363756935499779 67.963968084350711 37.025742502074301 6.3221977886403016 8.2841993075481692 1.060557857514594 1.0039296174072663 7.3674440294394925 8.5691393658010515
decision_type=2 2 2 2 2 2 2 2 2 2 2
left_child=1 2 3 -1 5 -2 -7 8 -6 -3 -4
right_child=4 9 10 -5 7 6 -8 -9 -10 -11 -12
leaf_value=0.0084237210719736513 0.11207771695247225 0.11707031822458298 0.0098713443166686451 -0.030288285251514613 0.0033969275167862151 -0.10201266764587512 -0.0065016524555060393 0.073261484769608684 -0.058125001013704783 0.034044868462775289 0.098338462954066036
leaf_weight=106.66123316809535 4.414745742455124 6.1259256154298773 5.1509121805429441 51.173541888594627 162.7748054806143 16.525172173976898 20.499076217412949 5.3814364001154891 10.574600294232367 8.2208401411771757 6.1486891806125641
leaf_count=414 19 23 20 198 646 66 77 21 41 31 26
internal_value=2.31478e-05 0.00545596 2.3796e-05 -0.00412757 -0.00450435 -0.0319569 -0.0491314 0.00186055 -0.000356012 0.0694959 0.0580108
internal_weight=403.651 183.481 169.134 157.835 220.17 41.439 37.0242 178.731 173.349 14.3468 11.2996
internal_count=1582 712 658 612 870 162 143 708 687 54 46
is_linear=0
shrinkage=0.1


Tree=63
num_leaves=10
num_cat=0
split_feature=2 1 0 8 1 1 3 11 1
split_gain=0.989626 2.6469 3.17811 3.57029 1.34448 5.45179 2.627 2.71732 1.87754
threshold=77.918929171172564 67.966163694558787 73.990234375000014 7.4873536151007736 77.720350147978493 77.153865816435044 33.066026886522259 0.030911940918592503 76.020741938506049
decision_type=2 2 2 2 2 2 2 2 2
left_child=4 -2 3 -3 5 8 -6 -8 -1
right_child=1 2 -4 -5 6 -7 7 -9 -10
leaf_value=-0.0003105788182242956 0.08524789679909188 -0.063827613515289899 0.067946609491762108 0.016285823704174921 0.025285854909600031 0.096880261877360485 -0.10105832925587771 -0.0079478302636186941 -0.040216975282765889
leaf_weight=330.56097019650042 4.7680754959583274 8.4368990212678963 6.4201528877019873 16.329485341906548 6.2689596712589291 5.6993066370487204 6.2010883837938291 6.3376978188753128 12.225777834653853
leaf_count=1296 19 34 25 62 27 22 26 24 47
internal_value=2.33174e-05 0.0158569 0.00524776 -0.0110056 -0.00152664 -0.000121092 -0.0275698 -0.0539959 -0.00173387
internal_weight=403.248 35.9546 31.1865 24.7664 367.294 348.486 18.8077 12.5388 342.787
internal_count=1582 140 121 96 1442 1365 77 50 1343
is_linear=0
shrinkage=0.1


Tree=64
num_leaves=10
num_cat=0
split_feature=0 0 9 1 6 7 11 8 8
split_gain=0.935607 5.08003 3.33764 4.55947 4.96791 3.81653 3.31595 2.54368 2.0522
threshold=81.672265168505575 80.773500253535957 6.8862657371794764 77.720350147978493 6.4968168139457712 6.0478828196815915 0.033963679405127158 11.923230987921217 10.239959300902795
decision_type=2 2 2 2 2 2 2 2 2
left_child=1 7 6 4 -4 -5 -2 8 -1
right_child=2 -3 3 5 -6 -7 -8 -9 -10
leaf_value=-0.0014191020889801815 -0.10223372066686204 -0.092498805801443262 0.090194560082308264 -0.083038545157263166 0.0028983708253305053 0.033992979152236778 0.015813460869477543 -0.065565144935754785 0.026050999666710123
leaf_weight=314.08189591765404 4.4731705263257009 6.0602329671382895 14.013662293553354 5.7920722216367704 12.189477942883967 5.3699804693460464 5.0841127336025238 5.845446750521659 29.773674741387367
leaf_count=1232 21 24 51 24 49 23 21 24 113
internal_value=2.49538e-05 -0.0017256 0.0132975 0.0267859 0.0495851 -0.0267355 -0.0394371 -0.000152524 0.000959472
internal_weight=402.684 355.761 46.9225 37.3652 26.2031 11.1621 9.55728 349.701 343.856
internal_count=1582 1393 189 147 100 47 42 1369 1345
is_linear=0
shrinkage=0.1


Tree=65
num_leaves=10
num_cat=0
split_feature=5 10 7 6 7 10 7 7 5
split_gain=0.924972 2.8631 2.68641 5.20805 3.89002 2.64841 2.60213 3.78875 3.24454
threshold=0.34723218647431875 0.021932388885582705 4.5723543719049635 4.452871625834633 4.6658664940234615 0.021651351926075455 6.7839981856677456 7.1284545227033691 0.24878987977188818
decision_type=2 2 2 2 2 2 2 2 2
left_child=5 -2 3 -3 -4 -1 8 -8 -7
right_child=1 2 4 -5 -6 6 7 -9 -10
leaf_value=0.084555622380594719 -0.092763979859317183 0.0019160427302609287 0.085748835534368795 -0.072712008587090676 0.0093004441791750461 0.0059277885173590651 -0.10189006777122128 -0.0059304438233868271 -0.025650544950589695
leaf_weight=3.2244267910718909 2.9932177364826194 50.556758465245366 6.9681236296892157 11.473471030592917 148.60987059772015 115.86296947486699 6.8017199039459255 10.414436161518095 45.241575350984931
leaf_count=12 13 212 25 48 567 456 27 42 180
internal_value=2.185e-05 0.00437256 0.00570868 -0.0118876 0.0127245 -0.00526484 -0.00688899 -0.043842 -0.00294008
internal_weight=402.147 220.601 217.608 62.0302 155.578 181.545 178.321 17.2162 161.105
internal_count=1582 865 852 260 592 717 705 69 636
is_linear=0
shrinkage=0.1


Tree=66
num_leaves=8
num_cat=0
split_feature=4 5 0 8 4 3 5
split_gain=0.984278 3.99796 3.86224 3.73166 2.23857 2.04366 2.03267
threshold=0.088758539330391309 0.16243428241711969 82.498046875000014 5.0061006769537935 0.11067998508766051 15.738125625203525 0.18161417049045323
decision_type=2 2 2 2 2 2 2
left_child=1 2 3 -1 -2 -6 -7
right_child=4 -3 -4 -5 5 6 -8
leaf_value=0.098844542628503479 0.054517653310320914 -0.077305726727556909 0.066327016751042647 -0.014697466705503745 -0.062457761981344284 -0.043822331801635306 0.0037280915455210118
leaf_weight=3.0246460847556582 8.0909418165683729 7.8923395276069632 7.3584363758563986 67.325163066387177 4.9571555871516457 9.2737447768449766 293.78989420458674
leaf_count=14 30 32 29 268 25 38 1146
internal_value=1.93306e-05 -0.00949292 -0.0026056 -0.0098158 0.00259517 0.0012313 0.00227305
internal_weight=401.712 85.6006 77.7082 70.3498 316.112 308.021 303.064
internal_count=1582 343 311 282 1239 1209 1184
is_linear=0
shrinkage=0.1


Tree=67
num_leaves=6
num_cat=0
split_feature=5 4 4 4 9
split_gain=0.958704 4.60022 2.8347 2.31707 1.73109
threshold=1.0003617636690183 1.304710886674002 1.100085096433759 1.0182863626826111 6.4576612005714624
decision_type=2 2 2 2 2
left_child=2 -2 3 4 -1
right_child=1 -3 -4 -5 -6
leaf_value=-0.013996302076630052 -0.093901047907695268 0.028175217703748673 0.072582969105031078 -0.054730263107054915 0.0040558403898255553
leaf_weight=64.027281669899821 5.657915420830248 6.7929883897304535 5.4381330013275138 7.6167471706867209 311.84088919311762
leaf_count=290 24 26 20 29 1193
internal_value=1.64204e-05 -0.0272984 0.000890873 -0.00012578 0.000980747
internal_weight=401.374 12.4509 388.923 383.485 375.868
internal_count=1582 50 1532 1512 1483
is_linear=0
shrinkage=0.1


Tree=68
num_leaves=9
num_cat=0
split_feature=9 8 4 3 8 6 9 7
split_gain=0.890729 9.70893 5.64752 5.03464 3.69682 2.04172 11.1328 4.16618
threshold=8.7412748913619627 8.3400573730468768 1.0242097431042556 52.554876198397828 9.3297770110696465 6.3499905880459346 8.103108737175523 6.0300276008403086
decision_type=2 2 2 2 2 2 2 2
left_child=4 -2 3 -3 5 7 -7 -1
right_child=1 2 -4 -5 -6 6 -8 -9
leaf_value=0.0013712327966400493 -0.14090222007174782 -0.00058063905036097373 -0.090692947199431384 0.097181328413273496 0.080470454868826466 -0.092755610899237978 0.0354527031428633 0.064897970164066052
leaf_weight=246.85088651813567 5.2087278813123694 92.912438675761223 6.5848597437143317 5.5844027101993552 6.0191693603992453 12.775075107812883 14.415364563465117 10.774027869105337
leaf_count=984 21 361 26 21 23 53 54 39
internal_value=1.44619e-05 -0.00763775 -0.00103205 0.0049621 0.00291634 0.00127734 -0.0247843 0.00402796
internal_weight=401.125 110.29 105.082 98.4968 290.835 284.815 27.1904 257.625
internal_count=1582 429 408 382 1153 1130 107 1023
is_linear=0
shrinkage=0.1


Tree=69
num_leaves=8
num_cat=0
split_feature=3 10 5 3 6 7 3
split_gain=0.926528 5.02711 6.33357 1.87277 2.06692 5.35349 2.4225
threshold=58.816592354235205 0.031111934748430905 0.55066791063206855 55.674205610043053 3.6508428752422337 4.1121723766137741 45.335240580167486
decision_type=2 2 2 2 2 2 2
left_child=3 2 -2 4 6 -6 -1
right_child=1 -3 -4 -5 5 -7 -8
leaf_value=0.0091973521953629365 0.10443942419151871 -0.081510567220485663 -0.05297451707221449 0.05023507124358001 -0.045015190838163445 0.0016201031044645623 0.079366768073165325
leaf_weight=18.773299559950832 5.026312783360483 7.9801658261567345 5.2006843090057373 7.5918437838554373 26.647154681384563 322.84549894928932 6.6673886049538842
leaf_count=84 21 35 22 30 116 1245 29
internal_value=1.4225e-05 -0.0220257 0.0243905 0.00106327 6.7612e-05 -0.00193562 0.0275871
internal_weight=400.732 18.2072 10.227 382.525 374.933 349.493 25.4407
internal_count=1582 78 43 1504 1474 1361 113
is_linear=0
shrinkage=0.1


Tree=70
num_leaves=13
num_cat=0
split_feature=11 8 9 4 10 11 5 7 6 4 2 3
split_gain=1.00563 5.48622 4.27648 7.50313 6.01617 3.20117 4.02665 6.62452 5.25847 3.2171 6.13162 3.39946
threshold=0.030124557661522406 10.367187500000002 8.7173009674173816 0.19143760588485748 0.029870655044134452 0.028033138189419455 0.66667438395499945 5.4684588788104556 5.9987182617187509 0.046966552734375007 68.117944929367823 25.218815040882628
decision_type=2 2 2 2 2 2 2 2 2 2 2 2
left_child=5 2 4 -4 -2 9 8 -8 -7 10 -1 -11
right_child=1 -3 3 -5 -6 6 7 -9 -10 11 -12 -13
leaf_value=0.0095965525820795889 0.076030069896180677 0.078343476534460013 0.031826801067266562 -0.073450008469489847 0.0020558064017662209 -0.055187349765494477 0.08802610375598352 -0.044762457737617722 0.0081171966077070133 0.059850020440447432 -0.12254780670095673 0.0048287797446658108
leaf_weight=10.094213873147963 11.740957319736479 9.6211240291595441 10.742642641067507 18.305780470371246 172.82645017653704 38.332656018435955 7.8524076640605909 7.2033013254404068 19.951215319335461 13.202096996828912 5.3844071477651587 75.143013581633568
leaf_count=42 45 36 41 72 681 160 29 28 78 53 22 295
internal_value=1.08064e-05 0.00447533 0.00114836 -0.0345167 0.00676156 -0.00561478 -0.0216084 0.0244943 -0.0335175 0.00568287 -0.0363713 0.013051
internal_weight=400.4 223.237 213.616 29.0484 184.567 177.163 73.3396 15.0557 58.2839 103.824 15.4786 88.3451
internal_count=1582 875 839 113 726 707 295 57 238 412 64 348
is_linear=0
shrinkage=0.1


Tree=71
num_leaves=8
num_cat=0
split_feature=11 11 11 11 11 2 9
split_gain=0.885354 8.9011 5.11152 4.61322 3.77315 3.10865 2.46016
threshold=0.039262581089998451 0.038454204903627207 0.037492617771080206 0.040599367650961705 0.04252287321943761 59.845781564903348 6.5322752123662609
decision_type=2 2 2 2 2 2 2
left_child=1 2 6 -2 -5 -6 -1
right_child=3 -3 -4 4 5 -7 -8
leaf_value=-0.02048441736080632 0.073418252594810648 -0.12932450226278658 0.073698487353547504 -0.078002216607936423 -0.042781757650316055 0.064788104290406268 0.0022868711459527054
leaf_weight=56.267524488270283 9.5175484791398066 5.3483306691050521 9.3277872502803785 5.9184879735112217 4.5425649955868703 6.5750999748706818 302.57865495234728
leaf_count=259 36 24 36 24 20 24 1159
internal_value=9.69939e-06 -0.00124457 0.000615999 0.0176531 -0.013501 0.0208362 -0.0012837
internal_weight=400.076 373.522 368.174 26.5537 17.0362 11.1177 358.846
internal_count=1582 1478 1454 104 68 44 1418
is_linear=0
shrinkage=0.1


Tree=72
num_leaves=11
num_cat=0
split_feature=1 1 11 0 0 0 0 5 5 3
split_gain=0.884488 3.89842 2.80049 2.79124 7.54577 7.03832 2.52616 2.36165 5.33882 4.45558
threshold=64.269099697034335 64.669486358786784 0.022672817158891103 66.814524542199379 66.181039945056639 67.487114295106736 65.715609848499312 0.58510968349686332 0.64689837490219471 31.121927023701236
decision_type=2 2 2 2 2 2 2 2 2 2
left_child=2 6 -1 4 -3 -5 -2 9 -9 -4
right_child=1 3 7 5 -6 -7 -8 8 -10 -11
leaf_value=-0.12107958716308216 -0.014550254413761935 -0.0070647963900056085 0.027097026297824352 0.092608008035733991 -0.11700823847350728 0.00083394258419583261 -0.12078565361876664 0.12017054517552701 0.011090331809026736 -0.018866087322273909
leaf_weight=1.6678365767002095 4.4587614238262159 55.159287258982658 37.929991625249386 8.707699101418255 7.0392472594976416 207.25119039788842 4.4946574307978153 5.8411618024110821 19.354051023721695 47.504667850211263
leaf_count=8 18 214 147 33 28 811 24 21 80 198
internal_value=1.08491e-05 -0.0029322 0.00753533 -0.000841613 -0.0195075 0.00453437 -0.0678809 0.00947431 0.0363791 0.00153992
internal_weight=399.409 287.111 112.298 278.157 62.1985 215.959 8.95342 110.63 25.1952 85.4347
internal_count=1582 1128 454 1086 242 844 42 446 101 345
is_linear=0
shrinkage=0.1


Tree=73
num_leaves=12
num_cat=0
split_feature=1 1 3 9 9 0 6 6 4 3 8
split_gain=0.89412 4.22866 2.75275 8.65268 10.7226 7.64751 3.28905 3.39786 2.89923 2.15501 3.31776
threshold=71.553531365736703 72.051754266001879 47.578654305981324 7.0313594092963134 5.7428787358587021 66.272358381775149 7.1339717450864564 6.7936340245333975 0.15433621500801678 59.61089572641108 5.9778861999511728
decision_type=2 2 2 2 2 2 2 2 2 2 2
left_child=2 -2 6 4 -4 -5 7 -1 -8 10 -3
right_child=1 9 3 5 -6 -7 8 -9 -10 -11 -12
leaf_value=-0.00025556808987471419 -0.087967931740150412 0.070569540072927303 0.075904419432655079 0.019417344346263063 -0.08605092991364699 0.14059161158650504 -0.10266063309122536 0.059266645330267903 -0.014700700850018329 -0.054864142878707826 -0.0034877617503911587
leaf_weight=200.53994885459542 6.1087054163217536 6.3932429179549208 6.5971119627356556 12.32123312354088 10.748222574591635 9.0220882594585401 5.5130009502172497 10.072343006730078 11.699596919119356 7.4738392680883399 112.46417278051376
leaf_count=797 24 26 31 47 47 33 23 37 46 32 439
internal_value=6.96044e-06 -0.00670867 0.00334419 0.0280064 -0.0244529 0.0706392 -0.000843885 0.00259103 -0.0428733 -0.00277941 0.00049572
internal_weight=398.954 132.44 266.514 38.6887 17.3453 21.3433 227.825 210.612 17.2126 126.331 118.857
internal_count=1582 521 1061 158 78 80 903 834 69 497 465
is_linear=0
shrinkage=0.1


Tree=74
num_leaves=12
num_cat=0
split_feature=2 11 1 0 8 9 9 7 6 0 0
split_gain=0.860053 2.41853 2.94629 4.31344 1.48686 2.32051 2.27819 2.94352 2.59262 2.07898 1.34046
threshold=77.918929171172564 0.026075909090350301 69.452123418097003 73.990234375000014 5.7384827286005029 5.6870209392834914 6.0031245237006567 4.0959237870870604 3.9713726043701172 62.496093750000007 60.569564005995815
decision_type=2 2 2 2 2 2 2 2 2 2 2
left_child=4 -2 -3 -4 5 9 7 -6 -8 -1 -7
right_child=1 2 3 -5 6 10 8 -9 -10 -11 -12
leaf_value=-0.067758962302369483 -0.045429211169669997 0.086246484475354337 -0.012669466028390553 0.092289994774534645 -0.0065332072427431789 0.017099828702187594 -0.035715335007697406 -0.10582258124386834 0.00057138549580646424 0.013328820781171417 0.084797438487506371
leaf_weight=3.8156181126832989 5.5931849628686896 6.4178179502487209 18.343512460589412 4.9779989421367636 7.6482893973588926 5.3276463598012906 21.09528423845768 4.8978948444128036 295.55896025896072 18.453004963696003 6.4853027611970901
leaf_count=20 23 26 71 20 37 20 84 27 1141 89 24
internal_value=5.18758e-06 0.0148995 0.0262458 0.00973423 -0.00144342 0.0184397 -0.00350189 -0.0452947 -0.00184601 -0.000565169 0.0542658
internal_weight=398.615 35.3325 29.7393 23.3215 363.282 34.0816 329.2 12.5462 316.654 22.2686 11.8129
internal_count=1582 140 117 91 1442 153 1289 64 1225 109 44
is_linear=0
shrinkage=0.1


Tree=75
num_leaves=13
num_cat=0
split_feature=3 3 9 2 6 3 9 8 3 1 10 9
split_gain=0.817493 5.57693 3.07769 4.47827 4.28415 2.89344 7.89756 6.93134 2.49737 3.96789 2.60169 1.82393
threshold=33.828910063391177 32.837340951855829 6.4576612005714624 59.345957596414372 4.3714600172825167 37.025742502074301 6.3221977886403016 8.2841993075481692 37.992266698575456 69.579616424592743 0.026104357003605003 7.3674440294394925
decision_type=2 2 2 2 2 2 2 2 2 2 2 2
left_child=1 2 3 -1 -4 6 -2 -8 9 -7 -10 -3
right_child=5 11 4 -5 -6 8 7 -9 10 -11 -12 -13
leaf_value=0.018994192953843352 0.09866102210132538 0.10669141707391955 0.058936754509053557 -0.070857228639950615 -0.00027769642889529321 -0.0091171619735708042 -0.091905284795010103 -0.0043210506964584542 0.028170180757706206 0.1046989909571185 -0.0071297972585679138 0.034254217711870261
leaf_weight=9.3767448142170924 4.3907410725951186 6.0515820831060401 13.479928016662596 13.581447949633001 130.54071764647961 6.4506713002920133 16.272917293012142 20.317166268825531 24.570534028112888 5.8325702100992203 138.96176378056407 8.1673869490623456
leaf_count=41 19 23 50 66 501 27 66 77 99 21 561 31
internal_value=6.20048e-06 0.00496359 -0.000155873 -0.0341595 0.00526461 -0.00413717 -0.0280659 -0.0432729 0.00144037 0.0449273 -0.00182602 0.0650834
internal_weight=397.994 181.198 166.979 22.9582 144.021 216.796 40.9808 36.5901 175.816 12.2832 163.532 14.219
internal_count=1582 712 658 107 551 870 162 143 708 48 660 54
is_linear=0
shrinkage=0.1


Tree=76
num_leaves=12
num_cat=0
split_feature=0 9 1 3 2 4 0 0 2 5 0
split_gain=0.847426 2.77562 5.53098 5.05641 4.25385 3.71733 2.70089 7.54514 5.66474 6.33479 3.84172
threshold=63.430876385420568 7.7227980180873983 60.679890024669014 52.554876198397828 71.019453430648028 0.49711132259329111 67.023517171090276 67.487114295106736 75.674441119766712 0.29640348553156104 67.975251674652114
decision_type=2 2 2 2 2 2 2 2 2 2 2
left_child=1 3 -3 5 -4 -1 8 -8 9 -2 -9
right_child=6 2 4 -5 -6 -7 7 10 -10 -11 -12
leaf_value=0.057283067515397773 -0.05447539950376229 0.079452169463616898 -0.050117391536705351 -0.066253749708638621 0.012528322679255015 -0.0047818783577453193 0.088398953826164944 -0.072836145202750655 -0.11490573095359227 0.019962024251675408 0.00050615536562078635
leaf_weight=28.718357294797897 19.790693182498217 6.2489560246467581 23.436284974217415 5.3938683010637751 20.165994331240654 14.53418308496475 9.6568605452775937 7.3718165904283515 5.9696422815322867 27.071289949119091 229.03612112998962
leaf_count=108 82 23 90 27 78 59 36 30 24 104 921
internal_value=4.47887e-06 0.00804877 -0.00853392 0.0250422 -0.0211438 0.0364273 -0.00264642 0.00175827 -0.0231614 -0.0114743 -0.00178085
internal_weight=397.394 98.4976 49.8512 48.6464 43.6023 43.2525 298.896 246.065 52.8316 46.862 236.408
internal_count=1582 385 191 194 168 167 1197 987 210 186 951
is_linear=0
shrinkage=0.1


Tree=77
num_leaves=8
num_cat=0
split_feature=2 10 0 6 3 3 6
split_gain=0.853669 2.28371 3.08221 2.99966 1.30263 3.45499 1.75292
threshold=77.918929171172564 0.033329626833762706 62.776307321035631 5.2540396262444027 66.838445831921987 58.816592354235205 3.6508428752422337
decision_type=2 2 2 2 2 2 2
left_child=4 2 -2 -4 5 6 -1
right_child=1 -3 3 -5 -6 -7 -8
leaf_value=0.024972525000996313 0.049555766542223156 0.059815848944111683 -0.087019623528322654 0.0031191851964796663 0.045705494433723147 -0.068956173460570244 -0.0027013560115464437
leaf_weight=24.628608589991927 8.5897164493799227 8.5590791925787908 5.2302609235048321 12.551921710371969 5.7681818827986708 7.5875974558293811 324.00366643816233
leaf_count=111 35 34 21 50 25 35 1271
internal_value=4.71183e-06 0.0149339 0.000367301 -0.0233933 -0.00143592 -0.00219927 -0.000746376
internal_weight=396.919 34.931 26.3719 17.7822 361.988 356.22 348.632
internal_count=1582 140 106 71 1442 1417 1382
is_linear=0
shrinkage=0.1


Tree=78
num_leaves=13
num_cat=0
split_feature=11 8 11 9 9 11 10 10 11 2 2 2
split_gain=0.79298 4.55371 3.90012 3.95433 3.53132 2.52478 3.89422 5.0361 2.79105 4.90956 3.20302 0.927492
threshold=0.030124557661522406 10.367187500000002 0.030770992562153102 6.7890781554695856 8.7412748913619627 0.028033138189419455 0.027393817931990153 0.027742561184882403 0.027154089405125953 59.479183043247936 76.382497731797415 62.010132688460686
decision_type=2 2 2 2 2 2 2 2 2 2 2 2
left_child=5 2 3 -2 -4 8 11 -8 9 -1 -10 -7
right_child=1 -3 4 -5 -6 6 7 -9 10 -11 -12 -13
leaf_value=-0.064006650898927833 -0.039542241293673633 0.071803710120580427 0.0012083752753963277 0.060770153353327666 -0.041007788942435092 -0.048716269791692426 0.078755893074826763 -0.019316120414204264 0.015414942287701107 0.0059209400485857339 0.10027887204508708 -0.11157923380375444
leaf_weight=12.097502574324606 4.9928764253854778 9.4772755205631238 165.74418410100043 18.455367371439934 22.504696190357208 4.8121456392109376 5.7617555260658255 57.388229748234153 26.547476507723335 59.041574168950319 5.3424922525882712 4.581673264503479
leaf_count=54 22 36 660 68 89 22 21 233 101 236 21 19
internal_value=4.67715e-06 0.00398791 0.000951923 0.0394105 -0.00383846 -0.00501312 -0.0193041 -0.0103681 0.00504933 -0.00597054 0.0296321 -0.0793766
internal_weight=396.747 221.174 211.697 23.4482 188.249 175.573 72.5438 63.15 103.029 71.1391 31.89 9.39382
internal_count=1582 875 839 90 749 707 295 254 412 290 122 41
is_linear=0
shrinkage=0.1


Tree=79
num_leaves=10
num_cat=0
split_feature=9 8 11 5 4 11 9 8 8
split_gain=0.875297 2.58855 2.58939 2.07954 4.23317 2.02155 1.90972 6.00734 3.01625
threshold=10.347476814811605 10.239959300902795 0.030090525912812204 0.6045631760011998 0.18555881459872128 0.028533061116180203 8.7412748913619627 8.3400573730468768 9.3297770110696465
decision_type=2 2 2 2 2 2 2 2 2
left_child=1 6 5 4 -2 -3 8 -8 -1
right_child=3 2 -4 -5 -6 -7 7 -9 -10
leaf_value=0.001158185434840673 -0.051882367184683212 0.041481609063090924 0.094628753287168285 -0.075666533637488334 0.045251871545619687 -0.031540933148798765 -0.12056671716048034 -0.0075020903327725945 0.075649149744591568
leaf_weight=281.25751488283277 8.9132642894983345 10.377465032041078 5.4078257828950873 5.0432167500257483 9.0340934544801694 5.9733553677797309 5.1026646494865409 59.439306780695915 5.542879492044448
leaf_count=1130 36 42 20 21 37 24 21 230 21
internal_value=6.31702e-06 0.00117324 0.0346439 -0.018931 -0.00298827 0.0148047 -0.000899601 -0.0164409 0.00259784
internal_weight=396.092 373.101 21.7586 22.9906 17.9474 16.3508 351.342 64.542 286.8
internal_count=1582 1488 86 94 73 66 1402 251 1151
is_linear=0
shrinkage=0.1


Tree=80
num_leaves=8
num_cat=0
split_feature=1 1 9 3 1 7 1
split_gain=0.76261 0.925626 3.10454 6.08939 1.99948 6.9658 4.27556
threshold=79.314219417304756 77.363756935499779 7.4245463468075705 39.399285577118114 75.214823380940359 6.9798481863461825 74.959530785167146
decision_type=2 2 2 2 2 2 2
left_child=1 4 -3 -4 6 -6 -1
right_child=-2 2 3 -5 5 -7 -8
leaf_value=-3.494136854911747e-05 -0.038264587199294507 0.0829783725629889 0.047316959332171171 -0.068304023102340336 -0.045568407175243283 0.079597110956423495 0.083095104777033232
leaf_weight=327.77211780846119 5.138787329196929 5.8372794836759594 11.010155744850637 7.7695530056953421 26.607749313116077 5.338409796357154 6.3059822022914878
leaf_count=1309 21 23 47 32 105 21 24
internal_value=7.5861e-06 0.000511047 0.0192811 -0.000517827 -0.000751336 -0.0246524 0.0015342
internal_weight=395.78 390.641 24.617 18.7797 366.024 31.9462 334.078
internal_count=1582 1561 102 79 1459 126 1333
is_linear=0
shrinkage=0.1


Tree=81
num_leaves=10
num_cat=0
split_feature=9 8 11 6 2 2 2 8 11
split_gain=0.776629 2.08563 2.18567 2.09285 1.86026 5.5903 4.24876 1.79842 1.55324
threshold=10.347476814811605 10.239959300902795 0.030090525912812204 7.3827612582238347 66.016083936973246 69.720509579747372 76.055636501773932 10.006647779403579 0.022973652349809501
decision_type=2 2 2 2 2 2 2 2 2
left_child=1 7 3 -3 -2 -6 -7 8 -1
right_child=4 2 -4 -5 5 6 -8 -9 -10
leaf_value=0.054840709048730875 -0.072792068099347115 0.037672875753705731 0.087210862057618743 -0.039367706029623598 0.080773963962714607 -0.11081155855814816 0.0079646311089940393 -0.052086333041378143 -0.00057250042052881965
leaf_weight=5.1349680423736563 4.8579791635274914 11.081359133124357 5.2806230485439292 5.1718363165855399 5.5178103595972088 5.056289926171301 7.4476223886013031 6.6923799067735663 339.16351748071611
leaf_count=21 20 42 20 24 21 22 31 27 1354
internal_value=1.0973e-05 0.00110931 0.0313178 0.0131582 -0.0178719 -0.00306754 -0.0400657 -0.000744029 0.000253948
internal_weight=395.404 372.525 21.5338 16.2532 22.8797 18.0217 12.5039 350.991 344.298
internal_count=1582 1488 86 66 94 74 53 1402 1375
is_linear=0
shrinkage=0.1


Tree=82
num_leaves=6
num_cat=0
split_feature=9 6 9 6 11
split_gain=0.750087 2.07124 2.05629 2.6468 1.51357
threshold=5.0084086553897906 3.5263799789099726 5.3572585940150734 3.0009870002907229 0.042926681291583557
decision_type=2 2 2 2 2
left_child=1 -1 -2 -4 -5
right_child=2 -3 3 4 -6
leaf_value=-0.020515122581456227 -0.051846934362098689 0.074426655644096271 0.088082156400194012 -0.0013414313206378972 0.043291760696866355
leaf_weight=4.4751050528138858 7.6919657513499251 4.7228369526565075 3.410098783671855 367.14284056052566 7.7583505660295478
leaf_count=33 35 21 14 1449 30
internal_value=1.17343e-05 0.0282343 -0.000660772 0.000379964 -0.000417775
internal_weight=395.201 9.19794 386.003 378.311 374.901
internal_count=1582 54 1528 1493 1479
is_linear=0
shrinkage=0.1


Tree=83
num_leaves=7
num_cat=0
split_feature=10 11 11 11 11 10
split_gain=0.868757 3.377 7.23382 4.36962 3.63939 2.58538
threshold=0.043710189024801206 0.039262581089998451 0.038454204903627207 0.037492617771080206 0.040599367650961705 0.045932611449852813
decision_type=2 2 2 2 2 2
left_child=1 2 3 -1 -3 -2
right_child=5 4 -4 -5 -6 -7
leaf_value=-0.0010994803474320785 -0.07701059179009713 0.090181720666344806 -0.11712133423019651 0.068947658549751017 -0.011990829812922384 0.017503438664899559
leaf_weight=354.68049417808652 5.4621435105800611 8.5069976150989515 5.2904118988662949 9.1349552869796735 5.9070166610181323 6.1561952456831932
leaf_count=1418 23 32 24 36 24 25
internal_value=9.38096e-06 0.000825499 -0.00102884 0.000659317 0.0483103 -0.0269306
internal_weight=395.138 383.52 369.106 363.815 14.414 11.6183
internal_count=1582 1534 1478 1454 56 48
is_linear=0
shrinkage=0.1


Tree=84
num_leaves=5
num_cat=0
split_feature=2 7 6 7
split_gain=0.797228 1.15159 2.18982 2.26734
threshold=48.694700696406606 3.159173405255808 3.3116769511252646 3.5262966379790117
decision_type=2 2 2 2
left_child=-1 -2 -3 -4
right_child=1 2 3 -5
leaf_value=-0.051566358784854605 -0.048048322703109311 0.052934470635791459 -0.068479195188977229 0.00079398448022596584
leaf_weight=2.9742680788040152 4.8449536245316258 7.9547994993627062 4.7852453738450995 374.20395065099001
leaf_count=21 35 33 21 1472
internal_value=1.09975e-05 0.000402547 0.0010092 -8.0682e-05
internal_weight=394.763 391.789 386.944 378.989
internal_count=1582 1561 1526 1493
is_linear=0
shrinkage=0.1


Tree=85
num_leaves=12
num_cat=0
split_feature=1 1 1 4 2 3 0 3 2 8 8
split_gain=0.770421 2.89432 2.4755 4.5558 7.40259 4.09696 6.08567 4.12613 2.28933 2.1139 2.14501
threshold=64.269099697034335 64.669486358786784 62.812066466318178 0.62500647317408087 60.271327149984693 31.121927023701236 67.095524306132162 32.837340951855829 62.694854485712831 4.7519531250000009 5.258376486256096
decision_type=2 2 2 2 2 2 2 2 2 2 2
left_child=2 8 5 4 -4 6 -1 -7 -2 -3 -11
right_child=1 9 3 -5 -6 7 -8 -9 -10 10 -12
leaf_value=0.039885194242363399 -0.11400154752516101 -0.08946800239559842 -0.064622513751279392 0.085237473427866042 0.048788292932570428 -0.11678102917538763 -0.070140222679234254 -0.013764131137931755 -0.010449295850520787 0.051531925172415352 -0.0016324541425907877
leaf_weight=30.051374074071646 4.0968764610588533 2.6731790304183951 9.272345222532751 10.235119353979824 15.173888638615606 4.3597296923398963 6.0370648130774489 35.933104891330004 4.4581973105669022 7.8133211135864249 264.39753660559654
leaf_count=117 23 21 43 38 56 18 27 155 19 31 1034
internal_value=8.06859e-06 -0.0027582 0.00706776 0.0292238 0.00577209 -0.00299233 0.0214796 -0.0249107 -0.0600387 -0.000975485 -0.000106467
internal_weight=394.502 283.439 111.063 34.6814 24.4462 76.3813 36.0884 40.2928 8.55507 274.884 272.211
internal_count=1582 1128 454 137 99 317 144 173 42 1086 1065
is_linear=0
shrinkage=0.1


Tree=86
num_leaves=6
num_cat=0
split_feature=9 10 9 6 2
split_gain=0.778715 1.7015 1.53693 1.99424 1.42195
threshold=5.0084086553897906 0.037017049271084353 5.3572585940150734 3.0009870002907229 50.892247181686209
decision_type=2 2 2 2 2
left_child=1 -1 -2 -4 -5
right_child=2 -3 3 4 -6
leaf_value=0.062828231171188867 -0.045593435509206165 -0.026904785998847852 0.07686607088927333 -0.061839197758422608 0.00014170554974287833
leaf_weight=5.6171944448724371 7.4704214558005324 3.3874705266207457 3.3636625185608855 3.7388252019882193 370.09924264997244
leaf_count=34 35 20 14 30 1449
internal_value=2.45818e-06 0.0290715 -0.00067801 0.000211533 -0.000478177
internal_weight=393.677 9.00466 384.672 377.202 373.838
internal_count=1582 54 1528 1493 1479
is_linear=0
shrinkage=0.1


Tree=87
num_leaves=9
num_cat=0
split_feature=1 1 11 6 1 4 1 7
split_gain=0.705718 3.65189 2.29924 2.43382 2.37481 1.84289 3.78025 2.39027
threshold=71.553531365736703 72.051754266001879 0.021867502542747354 7.626936781378391 69.712692190857211 0.016510043293237603 74.436811238816304 7.1284545227033691
decision_type=2 2 2 2 2 2 2 2
left_child=2 -2 -1 4 -4 6 -3 -7
right_child=1 5 3 -5 -6 7 -8 -9
leaf_value=-0.099370576542492497 -0.081860763061812225 -0.02673133861702481 0.0018328464287726482 -0.047262116933868392 0.030261541988940904 -0.010876468636768947 0.092950349036606761 0.03706092867603538
leaf_weight=2.1761892139911643 6.0519032329320899 4.9146865457296354 217.39844573289156 8.995621979236601 33.976635152474046 102.71903661638498 5.7000505477190018 11.573513090610502
leaf_count=10 24 20 885 38 128 407 22 48
internal_value=-5.36064e-08 -0.00599624 0.00299086 0.00384641 0.00567536 -0.00232052 0.037537 -0.00602222
internal_weight=393.506 130.959 262.547 260.371 251.375 124.907 10.6147 114.293
internal_count=1582 521 1061 1051 1013 497 42 455
is_linear=0
shrinkage=0.1


Tree=88
num_leaves=9
num_cat=0
split_feature=4 5 9 0 0 4 3 9
split_gain=0.675784 3.31209 3.83044 6.55863 3.89858 2.0639 1.75481 1.84942
threshold=0.088758539330391309 0.16243428241711969 8.3087886385889274 76.962208613975392 68.207839871771299 0.11067998508766051 15.738125625203525 7.2382234019488711
decision_type=2 2 2 2 2 2 2 2
left_child=1 2 4 -4 -1 -2 -7 -8
right_child=5 -3 3 -5 -6 6 7 -9
leaf_value=0.0088062940183619397 0.052536364184180888 -0.070989029820188287 -5.921713926356437e-05 0.11094917177060626 -0.048925986884809473 -0.058991049373509866 0.012701013030169038 -0.0039091859561655147
leaf_weight=23.97395871207118 7.9219120144844046 7.5862449482083312 21.895322263240818 7.0315637886524192 22.840866811573505 4.8254907866939893 102.14353913161904 195.00992565602064
leaf_count=98 30 32 86 27 100 25 424 760
internal_value=1.12723e-06 -0.00799349 -0.00168389 0.0269248 -0.0193612 0.00215077 0.000828984 0.0018004
internal_weight=393.229 83.328 75.7417 28.9269 46.8148 309.901 301.979 297.153
internal_count=1582 343 311 113 198 1239 1209 1184
is_linear=0
shrinkage=0.1


Tree=89
num_leaves=6
num_cat=0
split_feature=5 4 4 4 7
split_gain=0.67572 3.18674 2.33902 1.50787 1.35869
threshold=1.0003617636690183 1.304710886674002 1.100085096433759 1.0182863626826111 4.1121723766137741
decision_type=2 2 2 2 2
left_child=2 -2 3 4 -1
right_child=1 -3 -4 -5 -6
leaf_value=-0.014219092685420385 -0.080272906444566708 0.023051549328702198 0.066031399442834246 -0.044428593213359485 0.0031823624427049836
leaf_weight=52.307689739391208 5.4129611402749997 6.6546888500452042 5.4089564830064765 7.5533044636249533 315.52596028149128
leaf_count=242 24 26 20 29 1241
internal_value=2.07481e-06 -0.0232948 0.000740366 -0.000200414 0.000707793
internal_weight=392.864 12.0676 380.796 375.387 367.834
internal_count=1582 50 1532 1512 1483
is_linear=0
shrinkage=0.1


Tree=90
num_leaves=9
num_cat=0
split_feature=9 6 9 10 10 9 9 8
split_gain=0.686302 1.52809 1.30133 5.78328 5.48049 2.61736 5.63109 2.4008
threshold=5.0084086553897906 3.5263799789099726 6.06045724121695 0.037470874897551604 0.034972927103186405 6.2960178925010615 6.4576612005714624 5.9778861999511728
decision_type=2 2 2 2 2 2 2 2
left_child=1 -1 3 4 -2 7 -7 -4
right_child=2 -3 5 -5 -6 6 -8 -9
leaf_value=-0.015745602905233854 -0.021291205483804806 0.066688431020107672 -0.0044190120136895416 0.050406976165777162 -0.14062163450513251 -0.079094747163305654 0.0015506080162661323 0.078800561303385475
leaf_weight=4.3085483415052277 20.859189530834559 4.7036646157503128 6.0473746806383124 8.8677838668227178 4.7195199728012076 8.8945209234952909 326.05623560398817 8.1231519132852537
leaf_count=33 102 21 24 35 23 40 1272 32
internal_value=1.31088e-06 0.0272785 -0.000639586 -0.019183 -0.0433088 0.00119002 -0.000590906 0.043286
internal_weight=392.58 9.01221 383.568 34.4465 25.5787 349.121 334.951 14.1705
internal_count=1582 54 1528 160 125 1368 1312 56
is_linear=0
shrinkage=0.1


Tree=91
num_leaves=7
num_cat=0
split_feature=10 11 11 11 11 11
split_gain=0.693796 6.21672 2.84879 6.1291 4.2087 3.17672
threshold=0.043051515959498209 0.04252287321943761 0.039262581089998451 0.038454204903627207 0.037492617771080206 0.040359530079854905
decision_type=2 2 2 2 2 2
left_child=2 -2 3 4 -1 -4
right_child=1 -3 5 -5 -6 -7
leaf_value=-0.00087391250058792334 -0.11129785861836104 0.027257959756173008 0.097546757759812169 -0.1082662466134876 0.069778813427535585 -0.007045864451809593
leaf_weight=352.41434283927083 5.0092948935925952 9.1592881828546506 6.3093984723091108 5.2254777597263447 8.6378682479262334 5.3799780458211899
leaf_count=1418 22 38 24 24 35 21
internal_value=-3.28326e-06 -0.0217284 0.00081111 -0.000739827 0.000816394 0.0494085
internal_weight=392.136 14.1686 377.967 366.278 361.052 11.6894
internal_count=1582 60 1522 1477 1453 45
is_linear=0
shrinkage=0.1


Tree=92
num_leaves=11
num_cat=0
split_feature=1 0 0 3 5 1 2 7 6 3
split_gain=0.680181 2.53284 3.02752 3.68857 3.45329 2.29806 2.5241 2.18596 6.56494 5.99245
threshold=64.269099697034335 72.434879597997408 64.012207031250014 49.347719128503392 0.04831865908927966 64.669486358786784 62.754731462267209 4.4866214894091057 4.144408031425372 29.659394456084804
decision_type=2 2 2 2 2 2 2 2 2 2
left_child=1 2 3 -1 -4 6 -2 9 -9 -7
right_child=5 -3 4 -5 -6 7 -8 8 -10 -11
leaf_value=0.022645040522714932 -0.11008895128487065 0.062483640495246129 -0.14442349697244405 -0.062886053296235866 -0.012815620639851305 -0.093153061785980026 0.00023026368162968325 0.12514131291620786 0.0010183011353181218 -0.00427230109778885
leaf_weight=59.97573596984148 4.1125468546524626 7.5704471468925467 2.1148429811000815 5.5048697404563418 34.817975807934999 9.052977900952099 4.1839942112565041 4.3480577170848838 213.17048440873623 46.798621801659465
leaf_count=232 24 36 12 25 149 42 18 16 832 196
internal_value=-1.23583e-06 0.00666785 0.00254192 0.0154546 -0.0203517 -0.00260535 -0.0544543 -0.00103178 0.00349944 -0.018679
internal_weight=391.651 109.984 102.413 65.4806 36.9328 281.667 8.29654 273.37 217.519 55.8516
internal_count=1582 454 418 257 161 1128 42 1086 848 238
is_linear=0
shrinkage=0.1


Tree=93
num_leaves=11
num_cat=0
split_feature=3 3 3 9 8 5 4 6 9 9
split_gain=0.732576 4.74367 2.5194 5.78487 5.95171 2.71824 2.51785 2.35121 3.14847 1.46194
threshold=33.828910063391177 32.837340951855829 37.025742502074301 6.3221977886403016 8.2841993075481692 1.060557857514594 1.0039296174072663 3.0009870002907229 6.4576612005714624 7.3674440294394925
decision_type=2 2 2 2 2 2 2 2 2 2
left_child=1 7 3 -2 -5 6 -4 -1 -9 -3
right_child=2 9 5 4 -6 -7 -8 8 -10 -11
leaf_value=0.10161707524535535 0.083921230506687483 0.098660023206599112 0.0022423686365486049 -0.085020245736330491 -0.0032283658753518366 0.073387294098302969 -0.048842099006128528 -0.038072088262143894 0.0038689358965888934 0.033081808077665253
leaf_weight=2.2445206698030225 4.2461372204124919 5.877369411289691 157.17661700956523 15.979421868920324 20.07119607925415 5.0757828950881949 10.279337614774702 20.492121398448944 141.42678610980511 8.063175365328787
leaf_count=12 19 23 646 66 77 21 41 97 549 31
internal_value=-6.31376e-06 0.00472578 -0.00396633 -0.0264793 -0.0394826 0.00129183 -0.000893468 -3.0001e-05 -0.00143903 0.0607298
internal_weight=390.932 178.104 212.828 40.2968 36.0506 172.532 167.456 164.163 161.919 13.9405
internal_count=1582 712 870 162 143 708 687 658 646 54
is_linear=0
shrinkage=0.1


Tree=94
num_leaves=10
num_cat=0
split_feature=9 8 3 9 4 8 7 7 3
split_gain=0.730143 5.59932 3.91674 5.12911 4.11121 2.36296 1.87516 6.55007 2.12266
threshold=8.7412748913619627 8.3400573730468768 22.991305712443346 9.5024587750137552 1.0242097431042556 9.3297770110696465 6.4570307933133817 6.2806200013745741 33.066026886522259
decision_type=2 2 2 2 2 2 2 2 2
left_child=5 -2 3 -3 -4 6 7 -1 -8
right_child=1 2 4 -5 -6 -7 8 -9 -10
leaf_value=0.0006283497880810794 -0.11060646893829824 -0.024089444853918091 -0.0031485836496316678 0.11170897821522255 -0.087424361791717004 0.065541764824012194 -0.086939824203335764 0.10700564888814144 0.001576482985582908
leaf_weight=260.29402832686901 4.9771670699119559 4.8745157271623594 84.829448521137238 6.4770410805940628 6.2123814672231665 5.8518861979246131 5.0363269597291929 5.9199035614728919 5.8629948571324348
leaf_count=1066 21 20 338 25 25 23 20 21 23
internal_value=-6.77984e-06 -0.00702794 -0.00199316 0.0533953 -0.00889927 0.00265738 0.00132944 0.0029939 -0.0393249
internal_weight=390.336 107.371 102.393 11.3516 91.0418 282.965 277.113 266.214 10.8993
internal_count=1582 429 408 45 363 1153 1130 1087 43
is_linear=0
shrinkage=0.1


Tree=95
num_leaves=11
num_cat=0
split_feature=9 8 11 10 4 5 9 2 3 0
split_gain=0.730768 1.69114 1.87919 1.83179 1.6313 3.56957 1.47539 5.32833 1.69933 0.930546
threshold=10.347476814811605 10.239959300902795 0.030090525912812204 0.026142543618321506 0.15747083460621522 0.6045631760011998 9.2130650711545261 77.670384473528671 23.11274610979574 74.070315204560771
decision_type=2 2 2 2 2 2 2 2 2 2
left_child=1 6 3 -3 -2 9 8 -8 -1 -6
right_child=4 2 -4 -5 5 -7 7 -9 -10 -11
leaf_value=-0.020630337199034919 -0.054766078434038995 0.050530260888144753 0.081185143851958644 -0.017667615283062151 0.065556551136740387 -0.067358158360538323 -0.042924790959425967 0.066980082441406172 0.0037956393863590437 0.0041696672286908494
leaf_weight=31.636859585531056 7.7174149602651623 6.9110236763954225 5.1294308900833121 9.1570341289043409 5.2289256602525693 4.9593743234872809 23.447558581829075 5.4333869218826285 285.6373240230605 4.6790814399719238
leaf_count=134 32 28 20 38 21 21 92 22 1154 20
internal_value=-4.09174e-06 0.0010693 0.0284876 0.0116649 -0.0174634 0.00189988 -0.000609714 -0.0222483 0.00136001 0.0365664
internal_weight=389.937 367.353 21.1975 16.0681 22.5848 14.8674 346.155 28.8809 317.274 9.90801
internal_count=1582 1488 86 66 94 62 1402 114 1288 41
is_linear=0
shrinkage=0.1


Tree=96
num_leaves=11
num_cat=0
split_feature=3 7 3 7 8 1 3 5 2 5
split_gain=0.714481 2.87112 2.73664 3.18286 3.206 2.58305 2.68004 2.28306 2.36784 1.98925
threshold=34.614381732743617 7.7181741072584238 37.025742502074301 5.7455418381344323 6.7685966491699228 78.376336133121313 32.709794972735658 1.060557857514594 61.009502788252824 0.34085383372099165
decision_type=2 2 2 2 2 2 2 2 2 2
left_child=1 5 3 4 -2 6 -1 8 -4 -5
right_child=2 -3 7 9 -6 -7 -8 -9 -10 -11
leaf_value=-0.00051428794772431655 0.0072555672917850676 -0.071722948247796306 0.018216127216143879 0.055023572556998773 -0.083435510992607959 0.072346362298482805 0.035716612291496558 0.066873712561650756 -0.0085456312171011042 -0.029972581374529256
leaf_weight=153.29279129207134 5.5021233111620012 4.8213318884372702 45.383809369057417 5.2697894722223264 13.369319990277289 5.7622449249029151 23.553604614920914 5.0641634166240683 121.76766069978476 5.7667477205395699
leaf_count=613 23 22 204 20 54 24 95 21 483 23
internal_value=-3.74555e-07 0.00444697 -0.00412441 -0.0320462 -0.0569938 0.00645805 0.00431119 0.000724645 -0.00127946 0.0106119
internal_weight=389.554 187.43 202.124 29.908 18.8714 182.609 176.846 172.216 167.151 11.0365
internal_count=1582 754 828 120 77 732 708 708 687 43
is_linear=0
shrinkage=0.1


Tree=97
num_leaves=7
num_cat=0
split_feature=5 4 4 10 10 6
split_gain=0.759187 2.53895 2.32972 1.26344 2.5397 1.69349
threshold=1.0003617636690183 1.304710886674002 1.0509213209152224 0.043710189024801206 0.042298595308547654 4.2157374596073405
decision_type=2 2 2 2 2 2
left_child=2 -2 3 4 -1 -5
right_child=1 -3 -4 5 -6 -7
leaf_value=-0.00051051066465098685 -0.076262399615575113 0.017014497224839466 0.05056215921603479 -0.080763126606865132 0.068630273182316598 0.001150631009725881
leaf_weight=352.82379573769867 5.3087490722537023 6.4801911413669586 9.1723711937665922 4.5285869613289815 5.3939080126583567 5.7014092952013016
leaf_count=1432 24 26 34 21 22 23
internal_value=1.45322e-07 -0.0249896 0.000780301 -0.000459 0.000530585 -0.0351107
internal_weight=389.409 11.7889 377.62 368.448 358.218 10.23
internal_count=1582 50 1532 1498 1454 44
is_linear=0
shrinkage=0.1


Tree=98
num_leaves=11
num_cat=0
split_feature=1 2 2 5 6 11 10 1 9 10
split_gain=0.632394 3.45844 3.79391 3.50203 2.99238 2.94906 2.38274 2.05204 3.00213 2.70881
threshold=71.553531365736703 66.243503434220756 68.324999306459191 0.57678096359192488 4.7265989437484146 0.032067202555407105 0.028903778931091004 71.310927623556964 10.743099609545711 0.034097599986636105
decision_type=2 2 2 2 2 2 2 2 2 2
left_child=7 3 5 4 -2 -3 -4 8 9 -1
right_child=1 2 6 -5 -6 -7 -8 -9 -10 -11
leaf_value=0.0093627905227545941 -0.0899224131484124 0.10644165715178402 -0.023697610431656232 -0.092478615680025911 0.0048502427698515682 0.0032878276219334701 0.0095332423728402248 0.052099968303134805 -0.063601316653564041 -0.014529617788269581
leaf_weight=180.41980252508074 4.1881538778543534 5.9079956710338575 36.132548183202744 8.0222448855638486 16.289693050086498 5.2204441279172897 53.563322737812996 8.1909488588571531 6.9435726106166831 64.38686725590378
leaf_count=732 19 22 149 34 65 20 212 30 30 269
internal_value=-6.27132e-07 -0.00571499 0.00297942 -0.0364731 -0.0145328 0.0580513 -0.00385328 0.00284235 0.0012397 0.00307882
internal_weight=389.266 129.324 100.824 28.5001 20.4778 11.1284 89.6959 259.941 251.75 244.807
internal_count=1582 521 403 118 84 42 361 1061 1031 1001
is_linear=0
shrinkage=0.1


Tree=99
num_leaves=13
num_cat=0
split_feature=11 11 6 9 11 6 7 0 11 10 8 1
split_gain=0.711113 4.36209 3.4791 5.94363 5.76669 5.17126 4.84263 3.00261 2.50429 2.25394 2.55645 2.33476
threshold=0.034144930916598357 0.033862272271698461 4.5679308202113829 6.7660312330991692 0.035463258193680056 4.7182698399517458 5.205180463071895 63.754444360733039 0.036369623743210962 0.033681495216314909 7.0085461390083568 60.295052535846601
decision_type=2 2 2 2 2 2 2 2 2 2 2 2
left_child=1 9 3 8 6 -6 -4 -5 -2 11 -11 -1
right_child=2 -3 4 7 5 -7 -8 -9 -10 10 -12 -13
leaf_value=-0.0732183021366105 -0.028501292092111791 -0.090235123699183351 0.11838530204356675 -0.020073759408209019 0.08825817940561291 -0.020408893017872156 0.021247541616027293 -0.12120372272012231 0.031360566095135996 0.018082465023002953 -0.065408604031962511 0.0025688729265146686
leaf_weight=4.1272742897272101 10.962410442531111 5.5495976805686942 9.4932661578059214 5.5028676241636258 5.2624879181385067 26.092604003846645 11.171950832009314 6.2937150001525879 19.278444096446037 5.5732262581586864 10.724560022354124 269.03938932809979
leaf_count=18 48 24 35 22 20 108 44 26 84 24 44 1085
internal_value=-1.29086e-06 -0.00241525 0.00757015 -0.0138245 0.0248591 -0.00217073 0.0658711 -0.0740286 0.00966044 -0.000731575 -0.0368578 0.0014238
internal_weight=389.072 295.014 94.0577 42.0374 52.0203 31.3551 20.6652 11.7966 30.2409 289.464 16.2978 273.167
internal_count=1582 1195 387 180 207 128 79 48 132 1171 68 1103
is_linear=0
shrinkage=0.1


end of trees

feature_importances:
targets_L5=91
receiving_yards_std_L5=81
receiving_yards_L5=77
targets_L3=75
receiving_yards_L3=72
receiving_yards_L10=70
target_share_L5=69
receptions_L3=64
receptions_L5=58
target_share_L3=53
rec_tds_L5=52
rec_tds_L3=46

parameters:
[boosting: gbdt]
[objective: binary]
[metric: binary_logloss]
[tree_learner: serial]
[device_type: cpu]
[data_sample_strategy: bagging]
[data: ]
[valid: ]
[num_iterations: 100]
[learning_rate: 0.1]
[num_leaves: 31]
[num_threads: 2]
[seed: 42]
[deterministic: 0]
[force_col_wise: 0]
[force_row_wise: 0]
[histogram_pool_size: -1]
[max_depth: 4]
[min_data_in_leaf: 20]
[min_sum_hessian_in_leaf: 0.001]
[bagging_fraction: 1]
[pos_bagging_fraction: 1]
[neg_bagging_fraction: 1]
[bagging_freq: 0]
[bagging_seed: 400]
[bagging_by_query: 0]
[feature_fraction: 1]
[feature_fraction_bynode: 1]
[feature_fraction_seed: 30056]
[extra_trees: 0]
[extra_seed: 12879]
[early_stopping_round: 0]
[early_stopping_min_delta: 0]
[first_metric_only: 0]
[max_delta_step: 0]
[lambda_l1: 0]
[lambda_l2: 0]
[linear_lambda: 0]
[min_gain_to_split: 0]
[drop_rate: 0.1]
[max_drop: 50]
[skip_drop: 0.5]
[xgboost_dart_mode: 0]
[uniform_drop: 0]
[drop_seed: 17869]
[top_rate: 0.2]
[other_rate: 0.1]
[min_data_per_group: 100]
[max_cat_threshold: 32]
[cat_l2: 10]
[cat_smooth: 10]
[max_cat_to_onehot: 4]
[top_k: 20]
[monotone_constraints: ]
[monotone_constraints_method: basic]
[monotone_penalty: 0]
[feature_contri: ]
[forcedsplits_filename: ]
[refit_decay_rate: 0.9]
[cegb_tradeoff: 1]
[cegb_penalty_split: 0]
[cegb_penalty_feature_lazy: ]
[cegb_penalty_feature_coupled: ]
[path_smooth: 0]
[interaction_constraints: ]
[verbosity: -1]
[saved_feature_importance_type: 0]
[use_quantized_grad: 0]
[num_grad_quant_bins: 4]
[quant_train_renew_leaf: 0]
[stochastic_rounding: 1]
[linear_tree: 0]
[max_bin: 255]
[max_bin_by_feature: ]
[min_data_in_bin: 3]
[bin_construct_sample_cnt: 200000]
[data_random_seed: 175]
[is_enable_sparse: 1]
[enable_bundle: 1]
[use_missing: 1]
[zero_as_missing: 0]
[feature_pre_filter: 1]
[pre_partition: 0]
[two_round: 0]
[header: 0]
[label_column: ]
[weight_column: ]
[group_column: ]
[ignore_column: ]
[categorical_feature: ]
[forcedbins_filename: ]
[precise_float_parser: 0]
[parser_config_file: ]
[objective_seed: 16083]
[num_class: 1]
[is_unbalance: 0]
[scale_pos_weight: 1.22817]
[sigmoid: 1]
[boost_from_average: 1]
[reg_sqrt: 0]
[alpha: 0.9]
[fair_c: 1]
[poisson_max_delta_step: 0.7]
[tweedie_variance_power: 1.5]
[lambdarank_truncation_level: 30]
[lambdarank_norm: 1]
[label_gain: ]
[lambdarank_position_bias_regularization: 0]
[eval_at: ]
[multi_error_top_k: 1]
[auc_mu_weights: ]
[num_machines: 1]
[local_listen_port: 12400]
[time_out: 120]
[machine_list_filename: ]
[machines: ]
[gpu_platform_id: -1]
[gpu_device_id: -1]
[gpu_use_dp: 0]
[num_gpu: 1]

end of parameters

pandas_categorical:[]
