tree
version=v4
num_class=1
num_tree_per_iteration=1
label_index=0
max_feature_idx=9
objective=binary sigmoid:1
feature_names=receptions_L3 receptions_L5 receptions_L10 receptions_std_L5 rec_tds_L3 rec_tds_L5 targets_L3 targets_L5 target_share_L3 target_share_L5
feature_infos=[0:6.039625883102417] [0:4.9988928318809247] [0:6.5251690458302019] [0:5.6568542494923806] [0:2.3361898550356277] [0:2] [1:11.867603659629822] [1:10.417095633107856] [0.016949152542372801:0.1846360613437889] [0.016949152542372801:0.1353284777711542]
tree_sizes=1810 1804 1809 1820 1812 1813 1818 1825 1831 1813 1824 1833 1837 1834 1826 1711 1831 1833 1833 1496 1718 1818 1728 1830 1609 1724 1730 1511 1817 1721 1608 1515 1512 1408 1616 1732 1510 1624 1615 1289 1830 1508 1613 1496 1504 1509 1834 1395 1612 1616 1620 1723 1298 1094 1616 1716 1611 1736 1718 1088 1852 1527 1727 1300 1737 1510 1836 1839 1644 1737 1634 1303 1825 1308 1835 1509 1405 1532 1742 1507 1835 1089 1825 1091 1410 1506 1719 1849 1517 1511 1520 1826 1853 1305 1513 1202 1511 1089 1715 1614

Tree=0
num_leaves=16
num_cat=0
split_feature=2 2 7 7 2 2 7 6 9 7 8 1 9 4 1
split_gain=5994.31 999.177 627.176 119.657 112.177 105.658 79.3827 76.5882 56.0355 42.286 34.7474 18.7477 15.6974 14.9985 13.0654
threshold=2.3503483928694524 3.39642062371844 2.2964485107132391 4.2716773828138983 4.1131562816289584 1.9450577034443663 1.7637859754429048 4.7200647220597611 0.027926803233394554 3.7090585029941097 0.035904065045693552 1.3956804253114095 0.033179182979234556 0.0019531250018191004 0.91577987196958743
decision_type=2 2 2 2 2 2 2 2 2 2 2 2 2 2 2
left_child=2 3 6 8 9 7 14 -4 -2 -3 -7 -8 -5 -6 -1
right_child=1 4 5 12 13 10 11 -9 -10 -11 -12 -13 -14 -15 -16
leaf_value=-1.1995904654339153 -1.0473014428455734 -1.0572819241156783 -1.0914889283218037 -0.93096729988032934 -0.85470001546871099 -1.0353375600201344 -1.1500341968093786 -0.90839742154398029 -0.96797109156461936 -0.85834385205165642 -0.975908545868858 -1.1123957753457798 -0.89756043838268773 -0.80246893866235181 -1.1702587687572761
leaf_weight=240.22229599952698 103.18933391571045 10.837406873703001 521.80799329280853 424.92761743068695 59.786136984825134 408.49453258514404 238.15975189208984 23.892929196357727 649.34743058681488 758.04364919662476 129.59708940982819 297.83826088905334 210.24985158443451 683.62572860717773 412.86398541927338
leaf_count=1206 412 44 2239 1363 161 1598 1116 73 2245 2060 455 1320 627 1600 1991
internal_value=-0.985895 -0.890596 -1.10749 -0.951871 -0.834367 -1.05247 -1.15764 -1.08347 -0.978849 -0.861148 -1.02102 -1.12912 -0.919909 -0.806669 -1.18105
internal_weight=5172.88 2900.01 2272.88 1387.71 1512.29 1083.79 1189.08 545.701 752.537 768.881 538.092 535.998 635.177 743.412 653.086
internal_count=18510 8512 9998 4647 3865 4365 5633 2312 2657 2104 2053 2436 1990 1761 3197
is_linear=0
shrinkage=1


Tree=1
num_leaves=16
num_cat=0
split_feature=7 2 7 2 2 7 6 7 6 7 1 7 2 4 1
split_gain=4011.7 669.518 406.641 121.309 104.799 74.959 55.0115 35.9776 32.4977 25.8918 22.8504 20.0896 14.7665 13.5811 13.3717
threshold=3.2222984301173612 3.39642062371844 2.0664225712958308 1.9450577034443663 2.6641550049233715 5.717960192513865 4.7200647220597611 1.654208777337862 2.2501674388768156 3.7348599717443078 0.76327484278666458 5.717960192513865 4.2516016956742986 0.16720272600650787 1.4327737568365935
decision_type=2 2 2 2 2 2 2 2 2 2 2 2 2 2 2
left_child=2 4 7 10 6 9 -2 13 -5 -3 -4 -6 -7 -1 -9
right_child=1 5 3 8 11 12 -8 14 -10 -11 -12 -13 -14 -15 -16
leaf_value=-0.052498680335787223 0.093241936819920726 0.032810305662404463 -0.11082889749004131 0.037136557058670965 0.15373904450556308 0.22994103235814897 0.15873860392913311 -0.033980563615156646 0.093237055890529982 0.20231667658479827 0.018601864871337161 0.19742641687005447 0.25362835597618383 -0.10177959682347171 0.001636850975384482
leaf_weight=456.41277371346951 546.47225347161293 9.138151749968527 13.966734930872915 135.16399818658829 836.56621716916561 480.84351992607117 167.55730822682381 261.88903219997883 437.41455632448196 649.41037058830261 583.28415304422379 120.40947061777115 581.37168982625008 63.729690670967102 176.40386942028999
leaf_count=2301 1952 37 73 540 2501 1079 499 1267 1551 1579 2518 318 1161 342 792
internal_value=0.11516 0.18269 0.00754003 0.0471052 0.137604 0.226472 0.108612 -0.0407517 0.0799939 0.199965 0.0155751 0.159236 0.242906 -0.0585368 -0.0196453
internal_weight=5520.03 3391.77 2128.26 1169.83 1671.01 1720.76 714.03 958.435 572.579 658.549 597.251 956.976 1062.22 520.142 438.293
internal_count=18510 9126 9384 4682 5270 3856 2451 4702 2091 1616 2591 2819 2240 2643 2059
is_linear=0
shrinkage=0.1


Tree=2
num_leaves=16
num_cat=0
split_feature=2 2 6 7 7 7 9 2 9 1 2 7 8 1 2
split_gain=2892.77 506.861 292.232 85.593 66.4235 52.3064 45.182 30.8708 23.4941 21.4088 20.3969 17.8914 17.5729 17.1911 10.8878
threshold=2.1570287971743638 3.39642062371844 1.9378662109375002 3.7348599717443078 2.9935353535212759 6.0893213401195672 0.027108371674134952 1.8784670694376315 0.030162753891262401 1.0941974281485691 3.050517445126355 4.364402371956535 0.047440854473580006 1.6077595249499201 4.5089691410493566
decision_type=2 2 2 2 2 2 2 2 2 2 2 2 2 2 2
left_child=2 3 7 6 9 11 -2 12 -6 -4 -5 -3 -1 -9 -7
right_child=1 5 4 10 8 14 -8 13 -10 -11 -12 -13 -14 -15 -16
leaf_value=-0.0503031676810912 0.0070522721405644889 0.1327399726930075 -0.027589515690555056 0.12108867772947188 0.039164169075604729 0.19544416595800426 0.095379813456305987 -0.030287487501006918 0.089584841683359076 0.023871174018926435 0.14869496363627643 0.17592298542333717 0.032483866580428018 0.085045678151857818 0.21743337699326318
leaf_weight=770.02252452075481 63.249850556254387 108.63730372488499 91.659020081162453 716.14557102322578 157.41693393886089 553.44148403406143 686.29751577973366 23.945293486118317 223.80364082753658 685.08548952639103 427.34561222791672 821.16580560803413 26.523192405700684 28.079006209969521 379.63229915499687
leaf_count=3948 252 283 439 2075 598 1107 2230 112 774 2864 1125 1799 121 107 676
internal_value=0.098845 0.150632 0.00190839 0.11419 0.0345775 0.187664 0.0879264 -0.0426721 0.0687647 0.0177986 0.131406 0.170878 -0.0475465 0.0319611 0.204391
internal_weight=5762.45 3755.92 2006.54 1893.04 1157.97 1862.88 749.547 848.57 381.221 776.745 1143.49 929.803 796.546 52.0243 933.074
internal_count=18510 9547 8963 5682 4675 3865 2482 4288 1372 3303 3200 2082 4069 219 1783
is_linear=0
shrinkage=0.1


Tree=3
num_leaves=16
num_cat=0
split_feature=7 2 7 7 1 2 7 6 9 8 9 1 3 8 2
split_gain=2177.28 418.887 180.502 85.1461 53.8835 36.5754 33.2054 29.0062 23.9014 20.6122 16.388 14.4621 14.1227 9.99653 7.56897
threshold=2.9935353535212759 3.4818003875156278 2.0664225712958308 4.2716773828138983 1.8309523989377741 2.0835102722912544 6.0893213401195672 1.553153991699219 0.048306246752310857 0.032258452054266154 0.03533474027204641 0.91577987196958743 0.98725134893455568 0.038016560818052055 4.5089691410493566
decision_type=2 2 2 2 2 2 2 2 2 2 2 2 2 2 2
left_child=2 3 7 4 -2 8 10 11 -4 -7 -3 -1 -5 -9 -8
right_child=1 6 5 12 -6 9 14 13 -10 -11 -12 -13 -14 -15 -16
leaf_value=-0.07095970135424999 0.022965880827848367 0.14007931577612426 0.011749220846564894 0.15549414705001816 0.088421432219716073 0.027439386968494513 0.16807992906018213 -0.007368331989638266 0.17735211023174635 0.079948723248781509 0.17060881974695935 -0.036994623333220678 0.11632852275191774 -0.053222524516111473 0.1861135086170739
leaf_weight=202.23119315505028 141.65620392560959 629.18222822248936 636.93012908101082 103.03338874876499 1121.1613489985466 136.54551979899406 560.48824621737003 331.97227881848812 8.8363213241100294 165.2033793181181 244.01967853307724 329.81143087148666 865.07185138761997 55.490604355931282 398.01574155688286
leaf_count=1126 542 1370 2693 246 3436 505 1065 1581 27 535 479 1715 2234 280 676
internal_value=0.0862017 0.12728 -0.00318467 0.0981843 0.081079 0.0274456 0.162717 -0.034748 0.0140152 0.0561875 0.148611 -0.0499049 0.120497 -0.0139354 0.175568
internal_weight=5929.65 4062.63 1867.02 2230.92 1262.82 947.515 1831.71 919.506 645.766 301.749 873.202 532.043 968.105 387.463 958.504
internal_count=18510 10048 8462 6458 3978 3760 3590 4702 2720 1040 1849 2841 2480 1861 1741
is_linear=0
shrinkage=0.1


Tree=4
num_leaves=16
num_cat=0
split_feature=2 6 2 7 7 2 2 4 1 8 5 1 2 4 9
split_gain=1690.23 251.103 230.367 51.4854 37.7333 35.5346 28.798 25.9032 19.2261 18.9088 15.855 15.1311 14.2143 13.4815 13.143
threshold=2.3503483928694524 1.9378662109375002 3.4818003875156278 2.9935353535212759 3.7348599717443078 1.8784670694376315 4.0006492661164303 0.50001681608231341 1.0941974281485691 0.035480446819779708 0.36102778765515747 1.6077595249499201 3.050517445126355 0.0019531250018191004 0.035590887363125108
decision_type=2 2 2 2 2 2 2 2 2 2 2 2 2 2 2
left_child=1 5 4 8 7 10 14 -2 -3 -5 -1 -7 -6 -8 -4
right_child=2 3 6 9 12 11 13 -9 -10 -11 -12 -13 -14 -15 -16
leaf_value=-0.038144382510303228 0.063248228108624654 -0.025308716858309835 0.12012222049311699 0.04647195206503496 0.092496500928715641 -0.027455042339710408 0.11735163403164127 0.12946065474075694 0.023343136384467181 0.088369461833172153 -0.10837242910361762 0.068129361966544885 0.11373513074643454 0.15588221215221851 0.15193082720888293
leaf_weight=726.30781953036785 497.29614245891571 90.366458803415298 581.97955417633057 460.0285263210535 690.36911551654339 26.30765563249588 99.562776401638985 67.051079019904137 802.99966284632683 140.65256920456886 33.636153355240822 44.703546747565269 579.7405871450901 1032.8059851676226 167.22402991354465
leaf_count=3870 1537 439 1241 1558 1829 124 209 175 3224 422 199 162 1379 1824 318
internal_value=0.0760071 0.00913497 0.117847 0.0336437 0.0926308 -0.0349314 0.142431 0.071115 0.0184219 0.0562825 -0.0412528 0.032718 0.102191 0.152494 0.127222
internal_weight=6041.03 2325 3716.03 1494.05 1834.46 830.955 1881.57 564.347 893.366 600.681 759.944 71.0112 1270.11 1132.37 749.204
internal_count=18510 9998 8512 5643 4920 4355 3592 1712 3663 1980 4069 286 3208 2033 1559
is_linear=0
shrinkage=0.1


Tree=5
num_leaves=16
num_cat=0
split_feature=1 7 7 7 2 2 5 7 2 2 8 9 8 9 4
split_gain=1331.57 223.656 173.902 56.1728 43.4948 28.519 27.6812 22.8407 22.2564 15.5261 13.841 12.6451 11.2368 10.8598 8.99895
threshold=2.2097294936819938 5.1456965176370462 2.0664225712958308 3.7610593328259956 2.8151244292773971 4.0006492661164303 0.24691373757052523 1.654208777337862 1.9450577034443663 2.7514849897914893 0.023280288533625005 0.034132340297057605 0.038016560818052055 0.034613259321793356 0.00018310570158060004
decision_type=2 2 2 2 2 2 2 2 2 2 2 2 2 2 2
left_child=2 4 7 8 6 13 -2 10 -4 -5 -1 -6 -9 -3 -7
right_child=1 5 3 9 11 14 -8 12 -10 -11 -12 -13 -14 -15 -16
leaf_value=0.039681788054341458 0.051600396064593129 0.10711948940668901 0.0086359869299384162 0.073548407619004524 0.084653078862935452 0.097953364822062503 0.090969065942048233 -0.0058842742535004629 0.03742698787224702 0.18286976435383048 -0.04826614824778528 0.10720196419983329 -0.052506698782307563 0.133952632315711 0.1398231975809234
leaf_weight=18.64019675552845 646.35236945748329 669.6304045021534 670.98780423402786 147.76995061337948 764.43217554688454 54.111790731549263 246.79618360102177 359.52371883392334 447.6114414781332 14.243564471602438 447.24595737457275 368.62463827431202 60.377134084701538 194.6755606085062 999.29872144758701
leaf_count=95 1972 1455 2779 430 1884 114 670 1741 1519 27 2548 842 318 378 1738
internal_value=0.06755 0.102148 0.004564 0.0281274 0.078981 0.126626 0.0624788 -0.0295025 0.0201568 0.0831595 -0.0447473 0.0919891 -0.0125881 0.113163 0.137672
internal_weight=6110.32 3943.92 2166.4 1280.61 2026.21 1917.72 893.149 885.787 1118.6 162.014 465.886 1133.06 419.901 864.306 1053.41
internal_count=18510 9053 9457 4755 5368 3685 2642 4702 4298 457 2643 2726 2059 1833 1852
is_linear=0
shrinkage=0.1


Tree=6
num_leaves=16
num_cat=0
split_feature=2 2 6 1 2 7 9 7 7 8 7 8 0 4 6
split_gain=1059.24 171.558 168.374 32.7223 26.1745 25.8537 27.2101 24.3839 23.7451 16.1185 14.4262 13.4985 10.3815 9.55267 7.04536
threshold=2.3503483928694524 3.4818003875156278 1.9378662109375002 1.7941395220289744 1.8784670694376315 4.2716773828138983 0.027926803233394554 6.0893213401195672 3.2944686641796634 0.047440854473580006 3.9751113520749395 0.028185860456730601 2.2484388500452046 0.80273630290894105 5.9071854688227186
decision_type=2 2 2 2 2 2 2 2 2 2 2 2 2 2 2
left_child=2 5 4 10 9 6 -2 12 -5 -1 -4 -6 -3 -7 -9
right_child=1 7 3 8 11 13 -8 14 -10 -11 -12 -13 -14 -15 -16
leaf_value=-0.038453038229904452 0.017442990310717003 0.036392682625192511 0.0063674453764560827 0.026119141475437837 -0.065024132328613996 0.085735267909580345 0.066721716690686009 0.15111959376238554 0.059879639485331572 0.042864204031261538 0.074850911075775253 0.04760667157623117 0.10397608357578375 0.038952058746737406 0.12216640239733752
leaf_weight=702.9009967148304 129.21587523818016 23.320289626717567 621.54613249003887 532.44427169859409 12.9631050825119 891.80983197689056 843.43881212174892 92.736474573612213 342.24465802311897 25.251580223441124 32.361157432198524 59.395510211586952 896.43199028074741 45.892041802406311 896.71160799264908
leaf_count=3948 422 59 2598 1935 61 2080 2297 146 1016 121 94 225 1792 121 1595
internal_value=0.0603731 0.0927844 0.00722114 0.0266783 -0.0299329 0.0715975 0.0601751 0.113984 0.0393288 -0.035633 0.00975662 0.0274288 0.102263 0.0834457 0.12488
internal_weight=6148.66 3819.56 2329.11 1528.6 800.511 1910.36 972.655 1909.2 874.689 728.153 653.907 72.3586 919.752 937.702 989.448
internal_count=18510 8512 9998 5643 4355 4920 2719 3592 2951 4069 2692 286 1851 2201 1741
is_linear=0
shrinkage=0.1


Tree=7
num_leaves=16
num_cat=0
split_feature=2 7 2 6 1 2 5 8 6 7 9 7 1 4 8
split_gain=861.063 172.008 110.026 30.1956 29.3944 22.0759 17.6091 16.2037 27.2215 15.3583 14.969 11.602 10.6022 9.12058 8.32897
threshold=2.5427176313056137 2.2964485107132391 3.4818003875156278 1.553153991699219 1.7941395220289744 4.1131562816289584 0.098765666374306157 0.034075270039709005 3.7444228827953343 3.9751113520749395 0.027028248650108853 6.0008290826640094 2.1395392391475432 1.0000000018626454 0.032037046049724155
decision_type=2 2 2 2 2 2 2 2 2 2 2 2 2 2 2
left_child=1 3 7 6 9 11 -1 8 -2 -3 -6 -4 -5 -9 -7
right_child=2 4 5 12 10 14 -8 13 -10 -11 -12 -13 -14 -15 -16
leaf_value=-0.028901945479284104 0.033578746333456831 0.0056333633510052368 0.083665985884984959 -0.0054221139703006169 0.0089201230412606601 0.10413748958121508 -0.078134192360530916 0.084271286654865246 0.069834922533990304 0.073873486154299089 0.045173472256084209 0.10747858575384719 0.15473808146572468 -0.0025957935405021056 0.12246963433981412
leaf_weight=397.25960111618042 278.14972425997257 421.83609165251255 598.59124258160591 589.96990142762661 128.59228345751762 491.63789637386799 88.909986346960068 498.1693058013916 810.52961723506451 35.778334945440292 996.33243389427662 310.86249402165413 4.1623536348342887 12.387372210621832 499.77413204312325
leaf_count=2296 810 1684 1252 2785 443 905 560 1176 1946 99 3071 579 12 36 856
internal_value=0.0541919 0.0113379 0.0867947 -0.0194235 0.0323368 0.103057 -0.0379055 0.067465 0.0605717 0.0109687 0.0410293 0.0918054 -0.00430007 0.0821637 0.113379
internal_weight=6162.94 2662.84 3500.1 1080.3 1582.54 1900.87 486.17 1599.24 1088.68 457.614 1124.92 909.454 594.132 510.557 991.412
internal_count=18510 10950 7560 5653 5297 3592 2856 3968 2756 1783 3514 1831 2797 1212 1761
is_linear=0
shrinkage=0.1


Tree=8
num_leaves=16
num_cat=0
split_feature=2 7 7 6 8 6 2 7 5 2 4 9 1 5 2
split_gain=701.273 160.462 85.2415 35.4406 28.8094 25.4082 20.6469 25.194 15.6679 11.8186 11.7386 9.66633 8.08443 7.05578 4.86474
threshold=2.6641550049233715 2.2964485107132391 5.717960192513865 4.7200647220597611 0.027867276908422004 1.553153991699219 3.4818003875156278 5.6500609628956129 0.098765666374306157 2.9341214031918894 0.0019531250018191004 0.03934288533784961 2.1395392391475432 0.33453817625358823 2.8012719237262118
decision_type=2 2 2 2 2 2 2 2 2 2 2 2 2 2 2
left_child=1 5 6 4 -3 8 7 -2 -1 14 -8 -5 -7 -11 -4
right_child=2 3 9 11 -6 12 10 -9 -10 13 -12 -13 -14 -15 -16
leaf_value=-0.026641200993703928 0.060170372915560294 -0.00095237927452440163 0.074622007251990183 0.074815797877942403 0.032607226219349576 -0.0050725241435186632 0.052522983008111118 -0.099032335261112228 -0.074109026908594555 0.094596537899093613 0.086505234598762304 -0.034397354961187863 0.13066650555156265 0.10925682011524057 -0.013233030425032544
leaf_weight=390.67966990172863 1191.4807553291321 318.48362228274345 12.895505338907244 195.06501339375973 1299.6726606786251 588.98875722289085 123.56251259148121 10.023857608437536 84.593219101428986 779.36763274669647 573.22629867494106 8.4555237889289838 4.4206641763448706 567.22294820845127 12.328060060739515
leaf_count=2298 2928 1165 29 473 4241 2788 280 34 560 1480 1147 26 12 1014 35
internal_value=0.0487893 0.0129019 0.0805092 0.0309487 0.0260021 -0.0178606 0.0667842 0.0588422 -0.0350899 0.0995015 0.0804791 0.0702784 -0.00406132 0.100772 0.0316827
internal_weight=6160.47 2890.36 3270.11 1821.68 1618.16 1068.68 1898.29 1201.5 475.273 1371.81 696.789 203.521 593.409 1346.59 25.2236
internal_count=18510 11563 6947 5905 5406 5658 4389 2962 2858 2558 1427 499 2800 2494 64
is_linear=0
shrinkage=0.1


Tree=9
num_leaves=16
num_cat=0
split_feature=7 2 2 6 4 2 3 0 5 0 3 3 3 7 8
split_gain=577.284 124.162 89.4241 42.5382 22.6903 20.9979 17.9198 15.2117 14.2561 12.222 10.04 15.2805 9.05595 8.50677 6.55576
threshold=3.7348599717443078 1.8888939054833285 3.39642062371844 1.9378662109375002 0.50000000005843603 4.2516016956742986 2.1481757338843992 3.0165209097092398 0.36102778765515747 2.7690810784697537 0.89716298040732301 0.93132920619705206 0.86506822067294276 6.0008290826640094 0.032037046049724155
decision_type=2 2 2 2 2 2 2 2 2 2 2 2 2 2 2
left_child=1 3 10 8 6 13 -3 -6 -1 -5 12 -12 -2 -4 -7
right_child=2 4 5 9 7 14 -8 -9 -10 -11 11 -13 -14 -15 -16
leaf_value=-0.025583519731097487 0.070907110520065861 0.031315840863154032 0.070377680348924193 0.004262237398061767 0.05592452806220545 0.08847890451361097 -0.011797466655125308 0.14768303092961196 -0.098361081011801133 0.10004667872759135 -0.05869308022154384 0.051120163610013862 0.160720233809929 0.087912710237446151 0.10681652517912775
leaf_weight=663.96031849086285 106.50326143205166 1043.0106257349253 749.87650494277477 719.38352793455124 123.8534544557333 377.15417425334454 106.22579129040241 21.152502223849297 28.05282162129879 13.572780445218084 12.793758898973463 1326.1811275929213 12.549640551209448 438.41397650539875 403.56421500444412
leaf_count=3878 256 3268 1563 2968 350 711 346 42 199 39 42 3281 22 836 709
internal_value=0.0440179 0.00961242 0.0713172 -0.0107523 0.0320341 0.0852176 0.0273308 0.0693096 -0.0285338 0.00603596 0.0525453 0.0500709 0.0803745 0.0768471 0.0979579
internal_weight=6146.25 2719.21 3427.04 1424.97 1294.24 1969.01 1149.24 145.006 692.013 732.956 1458.03 1338.97 119.053 1188.29 780.718
internal_count=18510 11090 7420 7084 4006 3819 3614 392 4077 3007 3601 3323 278 2399 1420
is_linear=0
shrinkage=0.1


Tree=10
num_leaves=16
num_cat=0
split_feature=2 7 7 2 9 9 6 6 3 3 2 3 2 3 7
split_gain=486.381 112.895 64.3011 34.5172 18.736 17.7419 23.923 17.692 14.2718 13.1681 8.18238 8.47066 7.71976 6.11317 5.34739
threshold=2.7354564901917757 2.592605419117477 5.717960192513865 0.99924726701666267 0.033940337632379906 0.039757430109307511 4.7200647220597611 2.7336185633740526 1.4358398090990685 2.0028841783433156 4.2516016956742986 2.1355126978141787 4.1131562816289584 0.67074253570233044 7.8726113052925166
decision_type=2 2 2 2 2 2 2 2 2 2 2 2 2 2 2
left_child=1 3 4 13 8 6 -3 -5 -2 -7 11 -4 -6 -1 -12
right_child=2 5 10 7 12 9 -8 -9 -10 -11 14 -13 -14 -15 -16
leaf_value=-0.029665906892479985 0.06505721122732841 0.020342877568109815 0.068471740565755751 -0.0005462804294440501 0.06539955884803314 0.071620375883623855 0.055151838767572715 -0.074800531219539321 0.040641161317566517 -0.037989408375025291 0.087832790868808922 0.091431422205491858 0.10116423497732302 -0.062156301251731383 0.11047691280488683
leaf_weight=123.29820681363344 337.48029890656471 1266.8343512564898 441.28010395169258 1117.0004049688578 542.15391945838928 132.00371712446213 233.89149753749371 33.036342293024063 823.76247078180313 11.952777966856955 498.21235270798206 252.71204797923565 67.912547588348389 109.19838496297598 131.89603535830975
leaf_count=769 763 4012 907 5344 1201 356 565 148 1975 40 934 478 122 669 227
internal_value=0.0397799 0.0112791 0.0676528 -0.00978382 0.0551915 0.0289847 0.0257679 -0.00267933 0.047737 0.0625194 0.0843228 0.0768323 0.0693809 -0.0449259 0.0925727
internal_weight=6122.63 3027.22 3095.41 1382.53 1771.31 1644.68 1500.73 1150.04 1161.24 143.956 1324.1 693.992 610.066 232.497 630.108
internal_count=18510 11903 6607 6930 4061 4973 4577 5492 2738 396 2546 1385 1323 1438 1161
is_linear=0
shrinkage=0.1


Tree=11
num_leaves=16
num_cat=0
split_feature=2 1 7 1 7 0 3 9 6 6 8 2 3 7 9
split_gain=402.285 94.8678 57.6037 27.5458 16.0282 18.1068 17.2883 15.5433 13.9803 13.0467 12.0875 7.85379 7.25794 6.99093 5.30902
threshold=2.7354564901917757 1.7941395220289744 5.717960192513865 0.91577987196958743 2.9935353535212759 1.9340464935521597 1.4136133572730891 0.033940337632379906 3.1112929135560994 1.9378662109375002 0.047440854473580006 4.2516016956742986 2.1355126978141787 5.1456965176370462 0.024649877697030854
decision_type=2 2 2 2 2 2 2 2 2 2 2 2 2 2 2
left_child=1 3 7 10 5 -3 -6 8 -2 -5 -1 12 -4 -9 -13
right_child=2 4 11 9 6 -7 -8 13 -10 -11 -12 14 -14 -15 -16
leaf_value=-0.043839468330842866 0.0046339289367456279 0.037684531006834283 0.062383226311027135 -0.014123233311612526 0.047819322954144775 -0.00070516861915566136 0.022359702888028354 0.056163579366130638 0.046130297279536762 0.0071748658459645405 0.072555603953954703 0.031048206546755715 0.083798169004113576 0.080251716574276613 0.087318416727982295
leaf_weight=234.94976774603128 87.836906641721725 187.85350635647774 436.18479518592358 525.71217409521341 478.75363759696484 355.10996623337269 602.20680871605873 441.73732222616673 1072.7134791016579 635.0740537494421 9.274329721927641 17.252457529306412 248.38628865778446 165.67039783298969 595.97474935650826
leaf_count=1492 256 618 907 2960 1292 1280 1697 996 2482 2519 45 39 478 327 1122
internal_value=0.0359803 0.010133 0.0615172 -0.00889342 0.0265946 0.0125768 0.0336357 0.049773 0.0429896 -0.0024709 -0.0394194 0.077516 0.0701533 0.0627336 0.0857353
internal_weight=6094.69 3028.93 3065.76 1405.01 1623.92 542.963 1080.96 1767.96 1160.55 1160.79 244.224 1297.8 684.571 607.408 613.227
internal_count=18510 11903 6607 7016 4887 1898 2989 4061 2738 5479 1537 2546 1385 1323 1161
is_linear=0
shrinkage=0.1


Tree=12
num_leaves=16
num_cat=0
split_feature=2 7 2 2 8 1 0 6 7 9 6 4 9 2 7
split_gain=333.423 76.6942 51.8503 17.6545 21.6892 16.7448 16.4532 13.7055 12.9695 12.2124 11.8326 10.8903 6.16582 6.10456 4.90993
threshold=2.7354564901917757 2.2964485107132391 4.0006492661164303 1.9450577034443663 0.027928045484396553 0.91577987196958743 2.7690810784697537 1.7159731051489231 5.1456965176370462 0.034238001087611408 5.696664644162527 0.0019531250018191004 0.029396223010547153 3.0699992356767143 7.8726113052925166
decision_type=2 2 2 2 2 2 2 2 2 2 2 2 2 2 2
left_child=1 5 8 6 -5 7 -3 -1 10 -7 -2 12 -4 -10 -13
right_child=2 3 11 4 -6 9 -8 -9 13 -11 -12 14 -14 -15 -16
leaf_value=-0.049798086870042661 0.038688598825362165 0.0026854477496350525 0.0090852267721060979 0.0015627439904502081 0.033069854730838615 0.0015552339083910768 0.076061129635848657 0.013740956906102889 0.033751461268934017 -0.025254932266417784 0.10675752073008354 0.074590170102722272 0.061703931138858595 0.059975465883417511 0.09521872417883398
leaf_weight=176.71039400994778 1186.0854784250259 586.22378358244896 35.526459440588951 272.26964262127876 1106.0851572901011 571.01373706012964 32.240174755454063 42.020601376891136 101.85895182192326 241.87166512012482 26.099740490317345 797.38700415194035 59.678513661026955 690.69406123459339 134.90240320563316
leaf_count=1225 2835 2225 86 851 3082 2911 87 223 241 1299 49 1575 123 1449 249
internal_value=0.0325792 0.0091094 0.0560196 0.0205477 0.0268462 -0.0130308 0.00651048 -0.0375915 0.0466579 -0.00642205 0.0401542 0.0742852 0.0420689 0.0566052 0.0775751
internal_weight=6060.67 3028.44 3032.23 1996.82 1378.35 1031.62 618.464 218.731 2004.74 812.885 1212.19 1027.49 95.205 792.553 932.289
internal_count=18510 11903 6607 6245 3933 5658 2312 1448 4574 4210 2884 2033 209 1690 1824
is_linear=0
shrinkage=0.1


Tree=13
num_leaves=16
num_cat=0
split_feature=7 1 2 9 7 7 7 8 8 1 8 8 4 9 4
split_gain=280.126 77.8109 39.5786 18.9268 22.3206 18.1553 16.233 12.8601 9.972 14.7536 12.8399 9.86642 7.59236 5.76633 4.72081
threshold=4.2465896435773329 1.7941395220289744 4.0006492661164303 0.027028248650108853 4.0505621046034808 1.654208777337862 2.9935353535212759 0.023655557653908053 0.035904065045693552 2.7728492056254335 0.036069737905192904 0.027762572119977551 0.0019531250018191004 0.029396223010547153 0.0039062500036382009
decision_type=2 2 2 2 2 2 2 2 2 2 2 2 2 2 2
left_child=1 5 8 4 -3 7 -5 -1 9 -2 -10 -7 13 -4 -14
right_child=2 3 12 6 -6 11 -8 -9 10 -11 -12 -13 14 -15 -16
leaf_value=0.05320121550014674 0.018188306101394408 0.002361226196892489 0.0098604571751297766 0.011330298329680416 -0.13074901964555152 -0.021100782619565477 0.032508469381697082 -0.030393367581906999 0.14214430290897165 0.045040808897854764 0.054884958097376847 0.0040487801276475627 0.11955747166583114 0.061206748296128655 0.070678285832538698
leaf_weight=19.337681397795677 248.04685854911804 176.20456899702549 35.208116978406906 518.14633391797543 13.567446842789648 195.45018723607063 1200.455316722393 380.75138852745295 17.810129031538963 1168.4601773321629 317.15933538973331 772.6489939391613 20.211337268352509 57.740795090794563 883.21593269705772
leaf_count=110 641 592 85 1751 52 907 3169 2533 28 2609 686 3413 34 119 1781
internal_value=0.0295131 0.00976586 0.0530599 0.0228141 -0.00715528 -0.00843407 0.0261234 -0.026353 0.0440079 0.0403386 0.0595245 -0.00102868 0.0689718 0.0417573 0.0717718
internal_weight=6024.41 3276.56 2747.85 1908.37 189.772 1368.19 1718.6 400.089 1751.48 1416.51 334.969 968.099 996.376 92.9489 903.427
internal_count=18510 12527 5983 5564 644 6963 4920 2643 3964 3250 714 4320 2019 204 1815
is_linear=0
shrinkage=0.1


Tree=14
num_leaves=16
num_cat=0
split_feature=2 6 7 2 6 5 1 6 2 3 8 9 2 2 9
split_gain=233.775 69.3539 28.5134 20.3411 19.7587 14.9467 13.3885 13.2484 11.1578 9.2683 9.15046 8.62646 4.94747 5.15041 4.97073
threshold=3.050517445126355 2.312279278010283 6.0008290826640094 1.9450577034443663 2.5681656546948948 0.23533075995698158 0.91577987196958743 1.7159731051489231 4.1131562816289584 0.68399789022247148 0.038146956633270411 0.030970776054343153 4.9080226852318232 3.1769677935721474 0.026616794699548803
decision_type=2 2 2 2 2 2 2 2 2 2 2 2 2 2 2
left_child=1 6 8 5 -5 -3 7 -1 9 -2 -8 -10 13 -4 -14
right_child=2 3 12 4 -6 -7 10 -9 11 -11 -12 -13 14 -15 -16
leaf_value=-0.04487347202028355 -0.022848257011075332 -0.0036063465803629516 0.11358591304893911 0.060333465064108631 0.022435053835466085 0.036181734459237315 0.00014947991295206344 0.016003325970864266 0.03970605959415003 0.039207499631121551 -0.026044009255313239 0.077862432910874593 0.017702700617134266 0.060129072166361319 0.087014048039372488
leaf_weight=168.05116779357195 24.59044186770916 477.8872929662466 18.431016772985458 149.71108803153038 1695.974136903882 117.66030524671078 797.82917037606239 45.40816955268383 103.71997074782848 1132.3369626551867 160.13918355852365 138.19968537986279 11.237756446003912 814.86203193664551 130.52453862130642
leaf_count=1225 65 1823 32 411 4545 403 3908 235 229 2570 803 271 27 1708 255
internal_value=0.0267449 0.0107261 0.0511225 0.020324 0.0255091 0.00425445 -0.00927566 -0.0319234 0.0419725 0.0378885 -0.00422917 0.0615034 0.0642495 0.0613114 0.0815196
internal_weight=5986.56 3612.66 2373.9 2441.23 1845.69 595.548 1171.43 213.459 1398.85 1156.93 957.968 241.92 975.055 833.293 141.762
internal_count=18510 13353 5157 7182 4956 2226 6171 1460 3135 2635 4711 500 2022 1740 282
is_linear=0
shrinkage=0.1


Tree=15
num_leaves=15
num_cat=0
split_feature=7 1 2 6 6 0 3 2 0 2 9 8 3 5
split_gain=199.199 46.4089 39.2629 15.1536 16.1446 15.0937 16.6554 13.5188 12.3673 10.8971 16.3979 10.6932 8.92905 5.78329
threshold=3.9998871188320408 1.7778907877999039 3.3559082042031729 3.7192463539540772 1.9378662109375002 4.0305876910581668 2.1481757338843992 4.5089691410493566 2.8470764160156254 1.6283912482947895 0.033232482294643408 0.027677580723673555 0.90408894410676754 0.065843777582870758
decision_type=2 2 2 2 2 2 2 2 2 2 2 2 2 2
left_child=1 3 9 4 -1 6 -3 8 -4 10 -2 -5 -11 -9
right_child=2 5 7 11 -6 -7 -8 13 -10 12 -12 -13 -14 -15
leaf_value=-0.01714566477394935 0.14655443938518453 0.019482451979484571 0.072991581736813069 0.014299590673164593 0.0051303794244758763 0.11738405975391707 -0.014717431858060615 0.040831935394632403 0.043660361938644754 0.055409082375081312 -0.038684801576601063 -0.14992847794338865 0.024033639518682773 0.07278361734779823
leaf_weight=690.61633297801018 17.216782033443454 1500.831829637289 162.91356086730957 5.7912280112504986 615.14519435167313 14.885926082730291 157.3256724178791 67.559938311576843 1222.2202455103397 99.494354337453842 6.614954248070716 12.570774391293524 1026.6180060207844 350.74310766160488
leaf_count=4266 34 4457 325 21 2517 29 478 152 2685 225 21 57 2518 725
internal_value=0.0242296 0.00606732 0.0426611 -0.00792 -0.0066514 0.0171375 0.0162376 0.0518681 0.0471102 0.0282219 0.0951377 -0.0981323 0.0268057 0.0676231
internal_weight=5950.55 2997.17 2953.38 1324.12 1305.76 1673.04 1658.16 1803.44 1385.13 1149.94 23.8317 18.362 1126.11 418.303
internal_count=18510 11825 6685 6861 6783 4964 4935 3887 3010 2798 55 78 2743 877
is_linear=0
shrinkage=0.1


Tree=16
num_leaves=16
num_cat=0
split_feature=7 1 2 9 7 1 2 8 5 3 7 4 4 3 4
split_gain=167.111 41.0055 28.803 15.2203 18.9392 13.7853 12.4723 10.686 9.75864 8.9806 10.3038 7.83526 6.68915 6.77474 6.11148
threshold=4.2465896435773329 1.7941395220289744 4.0006492661164303 0.027028248650108853 4.0505621046034808 0.91577987196958743 2.095427243163599 0.047440854473580006 0.49055228323067396 0.98725134893455568 5.1456965176370462 0.0010401015281544502 0.0020141899585723504 2.8286100988644387 0.0039062500036382009
decision_type=2 2 2 2 2 2 2 2 2 2 2 2 2 2 2
left_child=1 5 9 4 -3 7 -5 -1 -7 11 -11 -2 13 -4 -14
right_child=2 3 12 6 -6 8 -8 -9 -10 10 -12 -13 14 -15 -16
leaf_value=-0.03375884043470858 0.02765410511072396 -0.0019142949741983908 0.041128733124839105 0.0046673693100888272 -0.12519097335719237 -0.00066629266847052272 0.024137752590964682 0.077002619587217713 -0.065649757200906822 0.022599430904051816 0.038912381784595024 0.072020694318884373 0.12003307719993683 -0.03283762284377504 0.056510804220248137
leaf_weight=213.84604850411415 64.732212036848068 177.94935886561871 77.28955078125 441.61602039635181 13.400821805000303 1102.0887030735612 1290.1873011440039 9.0802417397499067 23.60406756401062 789.38322615623474 759.95838369429111 103.36982604861259 15.431395545601843 14.745382487773893 818.60277946293354
leaf_count=1492 153 592 171 1501 52 5289 3419 45 137 1899 1700 212 27 40 1781
internal_value=0.0219489 0.00684069 0.0406478 0.0162156 -0.0105477 -0.00652809 0.0191727 -0.0292473 -0.0020289 0.0329829 0.030601 0.0549361 0.0548629 0.0292782 0.0576861
internal_weight=5915.29 3271.77 2643.51 1923.15 191.35 1348.62 1731.8 222.926 1125.69 1717.44 1549.34 168.102 926.069 92.0349 834.034
internal_count=18510 12527 5983 5564 644 6963 4920 1537 5426 3964 3599 365 2019 211 1808
is_linear=0
shrinkage=0.1


Tree=17
num_leaves=16
num_cat=0
split_feature=2 6 7 8 2 4 3 5 2 5 5 9 0 2 7
split_gain=140.838 38.6075 22.3383 12.7087 18.2182 15.8948 10.8538 11.1109 9.17399 8.27991 7.20379 9.48635 6.79725 6.38687 4.80922
threshold=3.050517445126355 2.312279278010283 6.4447910680756051 0.035305829456735903 1.6572298945860715 1.2521629333496096 2.9273775205081205 0.99800448215324011 0.99924726701666267 0.21399216267499133 0.29629760007005917 0.030116410553901504 3.1201432865834886 0.36325760162929754 6.5405045639562598
decision_type=2 2 2 2 2 2 2 2 2 2 2 2 2 2 2
left_child=1 8 6 5 -5 -3 7 -2 13 -10 11 -4 -8 -1 -12
right_child=2 3 10 4 -6 -7 12 -9 9 -11 14 -13 -14 -15 -16
leaf_value=0.0057398038513522699 0.031422325459208006 0.0098950549538319894 0.023901962571142063 -0.024286022745148978 0.032941191508259443 0.14424957996644591 0.090497817760895757 -0.050259234580137646 0.00037446237977888417 -0.025700837786603949 0.099431452818618482 0.058131792240636554 0.043459877438314955 -0.037479013931815755 0.060927732174195628
leaf_weight=44.52982796728611 1451.9002254009247 1829.5041732490063 135.19209249317646 61.871864095330238 551.30244180560112 8.8480372577905637 47.729191929101944 16.846631109714508 819.78403551131487 143.02330653369427 36.418463870882988 201.84284684062004 86.211476743221283 147.30675888061523 296.88215151429176
leaf_count=310 3346 5475 322 250 1442 15 91 48 4047 754 69 442 192 1060 647
internal_value=0.0198869 0.00759896 0.0393818 0.0146999 0.0271667 0.0105417 0.0329706 0.0304854 -0.00747777 -0.00349898 0.0547104 0.0444015 0.0602216 -0.0274469 0.0651349
internal_weight=5879.19 3606.17 2273.02 2451.53 613.174 1838.35 1602.69 1468.75 1154.64 962.807 670.336 337.035 133.941 191.837 333.301
internal_count=18510 13353 5157 7182 1692 5490 3677 3394 6171 4801 1480 764 283 1370 716
is_linear=0
shrinkage=0.1


Tree=18
num_leaves=16
num_cat=0
split_feature=7 1 2 9 7 0 8 1 7 7 9 8 8 0 8
split_gain=118.808 28.2554 22.7933 13.3702 19.7802 10.9673 14.6706 14.5032 10.3759 8.83998 9.98521 6.48772 6.04926 6.62972 5.57492
threshold=4.2716773828138983 1.7941395220289744 4.1131562816289584 0.027028248650108853 4.0505621046034808 0.56886819909505004 0.026779536305628005 0.57012383074228923 2.9935353535212759 6.4447910680756051 0.035738103647503607 0.025873397435897356 0.032037046049724155 2.7135953903198247 0.030411446907121904
decision_type=2 2 2 2 2 2 2 2 2 2 2 2 2 2 2
left_child=1 5 9 4 -3 6 -1 -7 -5 10 -2 -11 14 -14 -4
right_child=2 3 12 8 -6 7 -8 -9 -10 11 -12 -13 13 -15 -16
leaf_value=0.03622525586699453 0.02132998847996467 -0.0027157058640496744 0.045622547964132114 0.0041278928186013752 -0.12392886738879393 0.13911966624031388 -0.051320554813487108 -0.0036976197553610745 0.020887154135478189 0.075848557385618798 0.041503307877596894 0.036780954308848465 -0.055380616881211257 0.05913595257665704 0.014973820951905845
leaf_weight=23.764891915023327 1249.0455713570118 178.20432649552822 313.65470995008945 527.37223899364471 14.562825873494146 7.1525569558143607 98.391682609915733 1210.8946933373809 1233.3662886172533 56.046875908970833 305.33924202620983 175.94947549700737 5.1245927065610877 374.60489802062511 73.19980064034462
leaf_count=159 2974 592 716 1751 58 43 710 6056 3226 112 679 399 15 837 183
internal_value=0.0180087 0.00545851 0.0342002 0.0131301 -0.0118729 -0.00572375 -0.034289 -0.00285898 0.0158675 0.0280105 0.0252928 0.0462191 0.0486243 0.0575905 0.0398233
internal_weight=5846.67 3293.71 2552.97 1953.51 192.767 1340.2 122.157 1218.05 1760.74 1786.38 1554.38 231.996 766.584 379.729 386.855
internal_count=18510 12595 5915 5627 650 6968 869 6099 4977 4164 3653 511 1751 852 899
is_linear=0
shrinkage=0.1


Tree=19
num_leaves=13
num_cat=0
split_feature=2 6 7 0 8 4 8 2 2 5 2 7
split_gain=99.4105 26.9162 18.0633 10.4253 10.0036 9.91681 10.4199 7.03193 9.68319 6.97965 6.73905 2.09601
threshold=3.050517445126355 1.9378662109375002 5.717960192513865 1.8373969658277931 0.048823298489279902 1.2521629333496096 0.030218418952394903 3.1769677935721474 3.2841729681101728 1.0008246543718549 4.4059250808337787 6.1871739739092648
decision_type=2 2 2 2 2 2 2 2 2 2 2 2
left_child=1 3 9 4 -1 6 -3 11 -9 10 -2 -4
right_child=2 5 7 -5 -6 -7 -8 8 -10 -11 -12 -13
leaf_value=-0.014301840775175677 0.023085739743477607 0.0027244050959325285 0.11924058651686181 0.14211852768768371 0.057537437434213759 0.10836447018263523 0.014981559579082135 -0.022031388801192507 0.042662939232024993 -0.062392011743475168 0.05444589149893219 0.062294533139620058
leaf_weight=689.53038460761309 1078.6336824446917 1167.5940098464489 14.411816000938417 4.4002243727445594 19.94414771348238 10.287080958485602 1708.2971681803465 23.682363390922546 1002.6121479868889 9.1953612565994245 73.172438591718674 11.71948419511318
leaf_count=4295 2537 3754 24 15 98 19 5172 62 2324 27 159 24
internal_value=0.0163091 0.00605548 0.0329861 -0.0113307 -0.0122824 0.0103558 0.0100052 0.0424744 0.0411701 0.0243852 0.025078 0.0937012
internal_weight=5813.48 3600.05 2213.43 713.875 709.475 2886.18 2875.89 1052.43 1026.29 1161 1151.81 26.1313
internal_count=18510 13353 5157 4408 4393 8945 8926 2434 2386 2723 2696 48
is_linear=0
shrinkage=0.1


Tree=20
num_leaves=15
num_cat=0
split_feature=7 2 0 0 7 3 0 8 9 5 5 3 5 8
split_gain=84.6341 21.0057 19.2506 12.7363 14.1805 12.0809 11.5201 10.8135 21.0627 12.1982 10.6168 9.7625 8.37765 6.42438
threshold=3.9998871188320408 3.712128042018688 1.0939804350491615 4.0305876910581668 3.8827529928396083 0.98130110422505412 3.6315525783385287 0.047440854473580006 0.04483052721310276 0.35594836362522758 0.29629760007005917 1.0772519562834657 0.58780132856666811 0.029315862708781355
decision_type=2 2 2 2 2 2 2 2 2 2 2 2 2 2
left_child=2 5 7 4 -4 6 -2 9 -9 -1 13 -7 -12 -3
right_child=1 10 3 -5 -6 11 -8 8 -10 -11 12 -13 -14 -15
leaf_value=-0.013411309989920947 0.036373888465605103 0.015617832927186099 0.0080682067167196312 0.099282999344872877 -0.028932102005723201 -0.031949103702618276 0.12243388366841415 0.23949495739288962 0.00628497014838363 -0.091954934180150869 0.056335687437084184 0.018228659208525767 0.02867830397264744 0.036098005902228551
leaf_weight=527.65644197911024 145.20086582005024 234.07167932391167 2291.525434024632 14.852892383933066 108.48454949259758 39.880984649062157 17.420634105801582 4.7863478213548687 20.289559178054333 20.542846880853176 363.90064541995525 1396.638213917613 156.67561341822147 443.13548621535301
leaf_count=3229 341 574 7978 29 313 112 29 15 102 159 821 3381 383 1044
internal_value=0.0147583 0.0272603 0.00305632 0.00696704 0.00639573 0.01976 0.045593 -0.0134172 0.0507988 -0.0163546 0.0372737 0.0168356 0.0480118 0.0290192
internal_weight=5785.06 2796.92 2988.14 2414.86 2400.01 1599.14 162.621 573.275 25.0759 548.199 1197.78 1436.52 520.576 677.207
internal_count=18510 6685 11825 8320 8291 3863 370 3505 117 3388 2822 3493 1204 1618
is_linear=0
shrinkage=0.1


Tree=21
num_leaves=16
num_cat=0
split_feature=1 6 7 5 1 4 9 6 1 4 0 7 9 4 6
split_gain=70.664 19.0168 17.1071 12.4768 30.2398 12.6051 12.443 16.8865 12.3108 12.2876 8.79618 5.6476 12.4632 9.43194 2.81419
threshold=2.9866828785916515 1.553153991699219 5.717960192513865 0.098765666374306157 1.5557672441531614 0.020144096634176354 0.027028248650108853 6.8627033625637601 2.9999350821634021 0.51562500213913165 2.8301456757704608 7.8726113052925166 0.023655304279090454 1.1337128281593325 4.232233855204667
decision_type=2 2 2 2 2 2 2 2 2 2 2 2 2 2 2
left_child=1 3 8 5 -5 -1 9 -8 14 -3 -10 13 -13 -4 -2
right_child=2 6 11 4 -6 -7 7 -9 10 -11 -12 12 -14 -15 -16
leaf_value=-0.012823291775748442 0.042071599157080683 -0.0069362009595277455 0.032069900234291349 -0.072774619571811847 0.18709031924102223 0.069975350027755831 0.0096289270089211926 -0.15621604047162418 0.04628809121843705 -0.09654961552430652 0.015164700841860633 -0.10735401307923836 0.061755270964314192 0.099619192443557256 0.10895670345684663
leaf_weight=319.84554801136255 9.7370220124721545 314.30651205033064 885.49289524555206 64.302388057112694 4.8131838142871848 19.507945150136948 2711.9301097467542 6.153462052345275 98.678294897079468 16.084096796810627 1138.4327842444181 4.5143190175294867 125.91267286241055 21.16496554017067 17.772769823670387
leaf_count=2175 23 1164 2133 542 20 123 8885 22 218 63 2760 15 293 42 32
internal_value=0.01335 0.0043111 0.0269257 -0.015951 -0.0546777 -0.00806356 0.00702604 0.00925347 0.0191186 -0.0112988 0.0176473 0.0364457 0.0559021 0.0336468 0.0852829
internal_weight=5758.65 3456.94 2301.71 408.469 69.1156 339.353 3048.47 2718.08 1264.62 330.391 1237.11 1037.08 130.427 906.658 27.5098
internal_count=18510 12994 5516 2860 562 2298 10134 8907 3033 1227 2978 2483 308 2175 55
is_linear=0
shrinkage=0.1


Tree=22
num_leaves=15
num_cat=0
split_feature=7 1 3 0 7 7 6 5 6 0 8 9 8 8
split_gain=60.8311 15.8901 14.5663 15.0974 14.5337 12.037 11.0185 13.8176 10.4146 13.4485 9.01906 5.96114 29.2116 5.61294
threshold=4.2983962471845443 2.2097294936819938 1.9621337804180015 2.5326289494816723 6.4447910680756051 2.7615454961133987 4.1175613962509736 0.087841405644444662 4.7200647220597611 2.1408576965332036 0.035400461552096606 0.034482915193459807 0.034901533927286003 0.044454744026974205
decision_type=2 2 2 2 2 2 2 2 2 2 2 2 2 2
left_child=1 8 3 -3 6 -4 7 -2 9 -1 -8 12 -6 -13
right_child=4 2 5 -5 11 -7 10 -9 -10 -11 -12 13 -14 -15
leaf_value=-0.0003790148602538515 0.0016122531260105684 0.032862569617501107 0.099401507086529034 0.0076257437668736288 0.035563878964585384 -0.011818989983409831 0.013268793748021821 0.069373252010010031 0.10303502482064696 -0.03159117635398407 0.030674127497014633 0.060476788904627189 -0.13037352815851569 -0.0059140577446462443
leaf_weight=1888.8611601740122 44.976890102028847 397.82808840274811 10.088808104395865 586.52918292582035 456.10567992925644 274.20249931514263 1273.793229162693 90.94087752699852 9.3653518259525281 148.93186631798744 388.51668359339237 139.52985911071301 10.861432269215582 14.013183251023291
leaf_count=8717 113 1024 23 1565 1116 771 3112 187 19 543 912 329 40 39
internal_value=0.0120695 0.00327297 0.0120667 0.0178252 0.0241286 -0.00787204 0.0195751 0.0469503 -0.00217662 -0.00266015 0.0173368 0.0373246 0.0317043 0.0544176
internal_weight=5734.54 3315.81 1268.65 984.357 2418.74 284.291 1798.23 135.918 2047.16 2037.79 1662.31 620.51 466.967 153.543
internal_count=18510 12662 3383 2589 5848 794 4324 300 9279 9260 4024 1524 1156 368
is_linear=0
shrinkage=0.1


Tree=23
num_leaves=16
num_cat=0
split_feature=7 7 3 5 3 8 1 2 6 5 1 7 8 6 7
split_gain=51.9246 20.2009 15.3259 12.1072 10.9905 10.8295 10.149 10.125 11.8472 9.18597 9.12414 6.7522 6.65948 6.17748 5.63786
threshold=5.1456965176370462 2.9935353535212759 1.4136133572730891 0.36102778765515747 1.1609553769579566 0.032037046049724155 2.7196997342307934 0.99924726701666267 2.5681656546948948 0.019509297768010556 2.5705113077880477 7.8726113052925166 0.031164949377101753 8.1550829410552996 5.1764307640338165
decision_type=2 2 2 2 2 2 2 2 2 2 2 2 2 2 2
left_child=1 7 4 -4 -3 6 10 9 -9 -1 -2 14 -8 -13 -7
right_child=5 2 3 -5 -6 11 12 8 -10 -11 -12 13 -14 -15 -16
leaf_value=-0.037236622987549331 0.0045892162260032848 0.011105043248819271 0.00068375429082504716 0.024546111992973269 0.032930867274235893 0.092894775326281945 0.024407446117826831 0.0043879321380706736 -0.016547310773920704 0.010077679801225089 -0.10421605504559323 0.11465930385443034 -0.0069888140172559166 0.039419549820777722 0.032212535153179442
leaf_weight=145.76636647433043 21.43721941113472 497.36469119787216 1222.2397796660662 257.40594939887524 430.33839988708496 15.71929197013378 762.91199681162834 1236.4962462484837 345.93184497952461 57.11040885001421 12.033349126577376 20.406296938657761 74.123083293437958 23.45479990541935 588.80735218524933
leaf_count=1052 54 1358 3267 629 1079 30 1858 5740 1254 416 39 44 196 62 1432
internal_value=0.0109141 0.0051752 0.0111528 0.00483496 0.0212295 0.0267554 0.019468 -0.00288516 -0.000188685 -0.0239175 -0.0345285 0.0365392 0.0216272 0.0744247 0.0337904
internal_weight=5711.55 4192.65 2407.35 1479.65 927.703 1518.89 870.506 1785.3 1582.43 202.877 33.4706 648.388 837.035 43.8611 604.527
internal_count=18510 14795 6333 3896 2437 3715 2147 8462 6994 1468 93 1568 2054 106 1462
is_linear=0
shrinkage=0.1


Tree=24
num_leaves=14
num_cat=0
split_feature=2 6 6 2 7 7 7 5 7 2 0 8 5
split_gain=43.9618 17.2287 19.978 25.2832 17.104 9.62986 11.1361 7.86917 7.9446 7.79046 7.25457 5.55709 5.26133
threshold=3.39642062371844 2.4001159667968754 2.5681656546948948 1.0584635516652536 2.9935353535212759 3.7090585029941097 3.5160556921942705 0.49055228323067396 3.0346220117932003 4.5089691410493566 3.608862977358513 0.030304800111292204 0.065843777582870758
decision_type=2 2 2 2 2 2 2 2 2 2 2 2 2
left_child=1 7 3 -3 -4 6 -2 8 -1 10 -7 -9 -11
right_child=5 2 4 -5 -6 9 -8 11 -10 12 -12 -13 -14
leaf_value=-0.003770325350566853 0.020488900032071575 -0.13144900946853541 -0.014150812525211866 0.043111793624381493 0.0093716230775306303 0.0308936203953253 -0.15424281625346956 -0.1274552051639922 -0.11972801384951499 0.010730195489091664 0.014987719582800017 -0.025444138852350542 0.043897112063276233
leaf_weight=1205.8966589644551 8.3223568052053434 8.6144095808267576 357.10597401857376 225.42976675927639 2300.6489067822695 468.17224468290806 6.4932145923376074 8.5362243950366992 5.9375363290309897 57.572395116090775 739.94216613471508 14.262639641761778 282.59071654081345
leaf_count=6348 21 48 1311 700 6067 1092 24 61 23 152 1851 87 725
internal_value=0.00986561 0.00445552 0.00867757 0.0366868 0.00621106 0.0241478 -0.0560907 -0.00543352 -0.00433847 0.0249156 0.0211516 -0.0636386 0.0382836
internal_weight=5689.53 4126.43 2891.8 234.044 2657.75 1563.09 14.8156 1234.63 1211.83 1548.28 1208.11 22.7989 340.163
internal_count=18510 14645 8126 748 7378 3865 45 6519 6371 3820 2943 148 877
is_linear=0
shrinkage=0.1


Tree=25
num_leaves=15
num_cat=0
split_feature=7 7 1 6 3 3 3 8 5 4 3 7 6 4
split_gain=37.1783 14.5901 16.1229 13.6498 12.0988 17.6424 15.5119 9.02251 8.38641 15.598 6.86132 5.98978 5.90583 5.62899
threshold=5.1456965176370462 2.592605419117477 2.3475343707584595 2.7336185633740526 1.3744756132473772 1.1609553769579566 1.3809951494238508 0.032037046049724155 0.30181410459426988 0.18799696026511101 2.0229089986031128 7.8726113052925166 8.1550829410552996 0.0039062500036382009
decision_type=2 2 2 2 2 2 2 2 2 2 2 2 2 2
left_child=1 2 3 -1 5 -3 -6 8 9 -2 -10 13 -13 -9
right_child=7 4 -4 -5 6 -7 -8 11 10 -11 -12 12 -14 -15
leaf_value=-0.0021796499273063394 0.013553855523794903 0.0058501840791599178 -0.16948501684019723 -0.065876164412198776 -0.11392784620169055 0.031623917373156105 0.0037173158205041227 0.051938205993429049 0.014734441305522417 -0.043641702641715824 0.04245685799697578 0.110321732086042 0.034072197582407947 0.024847783984332836
leaf_weight=1283.6925901770592 442.00635918974876 653.05830970406532 5.9030117094516745 34.548563838005066 11.280069708824156 447.62180475890636 1746.8341854512691 90.66713459789753 194.70317859947681 53.446401968598366 164.88289220631123 18.541443794965744 22.465964540839195 497.9220332056284
leaf_count=6757 1104 1909 25 160 42 1173 4729 203 493 155 395 44 62 1259
internal_value=0.00891564 0.00409045 -0.00458742 -0.00384901 0.00810988 0.0163318 0.0029625 0.0225106 0.0158211 0.00738395 0.0274461 0.0315954 0.0685483 0.0290208
internal_weight=5667.57 4182.94 1324.14 1318.24 2858.79 1100.68 1758.11 1484.64 855.039 495.453 359.586 629.597 41.0074 588.589
internal_count=18510 14795 6942 6917 7853 3082 4771 3715 2147 1259 888 1568 106 1462
is_linear=0
shrinkage=0.1


Tree=26
num_leaves=15
num_cat=0
split_feature=2 2 6 5 8 6 4 8 9 7 6 9 4 8
split_gain=32.1252 10.9684 10.1137 12.3963 23.3734 10.2148 9.27282 8.17579 7.50024 7.73709 7.56444 4.69149 8.42896 6.66068
threshold=2.7354564901917757 4.5089691410493566 1.553153991699219 0.098765666374306157 0.025620267397453652 1.4994792938232424 1.2521629333496096 0.023280288533625005 0.034132340297057605 3.0346220117932003 6.9866569218575032 0.027028248650108853 0.25958633428717809 0.027617034118476404
decision_type=2 2 2 2 2 2 2 2 2 2 2 2 2 2
left_child=2 8 3 5 -5 -1 7 -4 10 -10 -2 12 -3 -13
right_child=1 11 6 4 -6 -7 -8 -9 9 -11 -12 13 -14 -15
leaf_value=0.0018279740648783423 0.0072476468702990134 -0.036256164238713175 -0.035164938445061661 0.13065719906048257 -0.073366394708157506 -0.044751483443691044 0.12823145865167393 0.0037973624594473086 0.08486591911607963 0.020568900817400239 0.027358720181222991 0.094178106962849936 0.059022054444961163 0.033561744880032246
leaf_weight=277.65477529913187 1398.8783377557993 23.916404485702515 55.019266054034233 6.2095213681459418 58.661609679460526 56.693573214113712 5.9236911982297888 2549.0618902817369 19.245834723114967 678.86236025393009 215.89226660132408 19.438879936933517 15.177489280700682 268.71611776947975
leaf_count=1914 3500 71 218 42 518 384 10 8817 40 1656 534 44 38 724
internal_value=0.00805444 0.0161052 0.000991125 -0.0138321 -0.0538371 -0.00607024 0.00325845 0.00297416 0.0136807 0.0223415 0.00993647 0.0332407 0.000733862 0.0376509
internal_weight=5649.35 2640.13 3009.22 399.219 64.8711 334.348 2610 2604.08 2312.88 698.108 1614.77 327.249 39.0939 288.155
internal_count=18510 6607 11903 2858 560 2298 9045 9035 5730 1696 4034 877 109 768
is_linear=0
shrinkage=0.1


Tree=27
num_leaves=13
num_cat=0
split_feature=2 2 5 1 5 7 7 8 8 7 9 9
split_gain=27.0129 10.8752 7.84028 14.8459 14.0698 7.53377 9.10474 6.33106 11.772 6.70414 6.24005 9.41498
threshold=3.39642062371844 0.99924726701666267 0.23070291946124397 2.1129190486921532 0.15807170694062084 3.7090585029941097 3.5160556921942705 0.026367607912578205 0.026048252440058053 3.8293263055462918 0.04483052721310276 0.042589831587077707
decision_type=2 2 2 2 2 2 2 2 2 2 2 2
left_child=1 10 4 -4 -3 6 -2 8 -7 -9 11 -1
right_child=5 2 3 -5 -6 7 -8 9 -10 -11 -12 -13
leaf_value=-0.020019232987284287 0.016855269989073197 0.0039950668736179499 -0.0083632877130890709 0.019405419274166932 -0.018876398710955613 0.010425638269470345 -0.14134004804473241 0.12629824957619593 -0.074951930231490341 0.021482370018728048 -0.12472261134648843 0.11731410141122288
leaf_weight=194.36744133383036 8.3166384845972043 2627.7261083126068 262.834646679461 719.75391314923763 299.63720131665468 188.21239671111107 6.4672857522964469 6.1312694251537314 17.665408566594124 1288.5877673625946 5.4732259213924399 5.1235025823116294
leaf_count=1428 21 9251 1124 1780 994 483 24 10 55 3272 37 31
internal_value=0.0072747 0.00307131 0.00424835 0.0119775 0.001654 0.0186887 -0.0523479 0.0193886 0.00309979 0.0219787 -0.0193822 -0.0164921
internal_weight=5630.3 4114.92 3909.95 982.589 2927.36 1515.38 14.7839 1500.6 205.878 1294.72 204.964 199.491
internal_count=18510 14645 13149 2904 10245 3865 45 3820 538 3282 1496 1459
is_linear=0
shrinkage=0.1


Tree=28
num_leaves=16
num_cat=0
split_feature=7 0 8 4 8 1 8 7 8 1 5 0 8 2 3
split_gain=22.5886 9.72921 13.4345 22.1084 14.8609 11.2141 8.85375 7.5647 6.98453 7.53637 8.28035 6.06297 5.67362 6.37478 5.93623
threshold=5.1456965176370462 0.56886819909505004 0.026779536305628005 0.08258884027600287 0.041390175630837613 0.57012383074228923 0.033541033973185912 2.0664225712958308 0.032037046049724155 2.7196997342307934 0.35594836362522758 2.6466744693851401 0.032638776938369807 2.6106589349686398 2.3545279755458286
decision_type=2 2 2 2 2 2 2 2 2 2 2 2 2 2 2
left_child=1 2 3 -1 -4 6 -3 -7 9 10 -2 -11 14 -14 -10
right_child=8 5 4 -5 -6 7 -8 -9 12 11 -12 -13 13 -15 -16
leaf_value=0.004303131999508018 -0.061834443134723707 0.02808225581814466 -0.060902659130760796 0.29617646426901495 0.050987044643287238 -0.006516953229035974 0.24694696567988533 0.0052985642830370352 0.035317320883007861 0.05881923066397015 0.057544154997981149 0.01170269856439961 0.081107159348936295 0.020465835361677794 0.10751139723727066
leaf_weight=19.9949019625783 25.940969541668892 4.1310524567961684 76.161722108721733 2.9822644591331473 14.062097422778605 644.42032609879971 3.3448814004659653 3404.6444888114929 40.020924150943756 28.309075549244881 7.4872584491968146 774.71302683651447 17.918011114001274 532.92203169316053 15.920373424887655
leaf_count=141 77 26 623 18 87 3878 17 10005 100 61 16 1993 35 1400 33
internal_value=0.00656927 0.00283709 -0.0260788 0.0421861 -0.0434638 0.00364401 0.126007 0.00341809 0.0173522 0.011427 -0.035096 0.0133637 0.0255199 0.0224384 0.0558631
internal_weight=5612.97 4169.74 113.201 22.9772 90.2238 4056.54 7.47593 4049.06 1443.23 836.45 33.4282 803.022 606.781 550.84 55.9413
internal_count=18510 14795 869 159 710 13926 43 13883 3715 2147 93 2054 1568 1435 133
is_linear=0
shrinkage=0.1


Tree=29
num_leaves=15
num_cat=0
split_feature=2 7 8 8 5 7 7 3 6 0 3 6 8 4
split_gain=19.3251 8.25817 10.8561 12.3959 7.03344 17.9765 8.73642 6.57145 6.091 14.6459 6.15232 7.07409 6.85638 5.35191
threshold=3.39642062371844 1.6873839240856467 0.023280288533625005 0.024945524138419353 0.23533075995698158 1.852868663843626 1.7059459513111657 0.58125981006828031 3.5000839233398442 2.9652175879091378 2.2802722689053589 4.4688720703125009 0.026367607912578205 0.033447374201387554
decision_type=2 2 2 2 2 2 2 2 2 2 2 2 2 2
left_child=1 2 7 -4 6 -6 -3 -1 9 13 12 -12 -10 -2
right_child=8 4 3 -5 5 -7 -8 -9 10 -11 11 -13 -14 -15
leaf_value=0.1068431602668336 -0.035344008189873065 0.087482404323684773 -0.099398240919781986 -0.010987769824839691 0.1255796747115577 0.0096608748794909799 0.00095645630736137491 -0.020407922725782204 -0.0083484457767414502 -0.14488423189679508 0.056210865842558758 0.021162080120053765 0.015653803230416759 0.043816331190014317
leaf_weight=12.111784420907499 16.179498568177223 11.718858681619166 16.574594408273697 367.21893454343081 13.574066817760466 927.04526326060295 2753.399111777544 6.1032318472862235 138.69893372058868 7.8631505817174903 67.167849510908127 403.72272107005119 838.46648718416691 18.089801400899887
leaf_count=65 46 63 129 2686 68 2584 9011 39 371 28 147 1063 2169 41
internal_value=0.0059262 0.00238732 -0.0112259 -0.0148059 0.00386411 0.0113337 0.00132316 0.0642057 0.0156812 -0.0217995 0.0167718 0.0261614 0.0122469 0.00644251
internal_weight=5597.93 4107.75 402.009 383.794 3705.74 940.619 2765.12 18.215 1490.19 42.1325 1448.06 470.891 977.165 34.2693
internal_count=18510 14645 2919 2815 11726 2652 9074 104 3865 115 3750 1210 2540 87
is_linear=0
shrinkage=0.1


Tree=30
num_leaves=14
num_cat=0
split_feature=6 2 9 7 6 7 3 3 2 2 6 7 8
split_gain=16.4871 9.23248 29.3574 8.94758 8.98785 8.59385 8.80959 16.6937 10.2668 7.65186 7.55849 6.022 2.53919
threshold=3.9762834849041089 1.7648365702856856 0.032620139314485312 6.4447910680756051 4.0313625443377541 4.6441255465239593 2.1481757338843992 2.2063694962864431 1.8888939054833285 1.5421225628177735 4.390477418899537 6.5405045639562598 0.033480569973008752
decision_type=2 2 2 2 2 2 2 2 2 2 2 2 2
left_child=5 2 10 4 -3 6 8 -8 -1 -4 -2 -5 -7
right_child=1 3 9 11 -6 12 7 -9 -10 -11 -12 -13 -14
leaf_value=-0.0050767355464291265 0.044817301479974987 0.037324539173798653 -0.13495355532023592 0.053955605101299015 0.0056110385303007769 0.024663119830169829 -0.098973859754062074 -0.0098016575143498909 0.0071043054161309535 0.0095366781649736769 0.12851254950571939 0.018143356050450057 0.09600663363701524
leaf_weight=1317.5252362191677 19.287525206804276 93.829758733510971 8.2855984419584257 51.760150536894798 1878.0541897714138 8.799473389983179 23.802421793341637 177.92772882431746 1457.2616179436445 6.5724660456180564 24.492451429367065 505.73865476995707 11.519331216812132
leaf_count=6988 56 221 33 128 4776 21 86 516 4201 19 46 1396 23
internal_value=0.00534522 0.011192 0.0504197 0.0102826 0.00712009 0.000296064 -0.000146379 -0.0203232 0.0013205 -0.0710383 0.0916401 0.0214683 0.0651099
internal_weight=5584.86 2588.02 58.638 2529.38 1971.88 2996.84 2976.52 201.73 2774.79 14.8581 43.78 557.499 20.3188
internal_count=18510 6675 154 6521 4997 11835 11791 602 11189 52 102 1524 44
is_linear=0
shrinkage=0.1


Tree=31
num_leaves=13
num_cat=0
split_feature=2 4 9 0 2 3 9 1 8 5 3 3
split_gain=14.2217 7.5027 7.41171 7.88628 7.26748 6.37681 5.7416 7.3352 7.18804 4.7048 13.4971 7.10486
threshold=2.7354564901917757 1.2521629333496096 0.048306246752310857 0.56886819909505004 4.5089691410493566 1.2462170777016672 0.034132340297057605 2.3618881976580242 0.031164949377101753 0.019501635228218853 1.4144243060713533 1.0046363306297892
decision_type=2 2 2 2 2 2 2 2 2 2 2 2
left_child=1 2 3 -1 6 -4 8 -8 -2 10 -6 -11
right_child=4 -3 5 -5 9 -7 7 -9 -10 11 -12 -13
leaf_value=-0.027457982519848486 0.0093273689786129276 0.11432159317528608 0.0089807128530064572 0.00032865422153581199 0.08313978419171128 0.087789370762339475 0.064271133349518339 0.013778621250587901 -0.0055201721851923192 -0.08811697726002847 -0.075855937641477578 0.030419809126184191
leaf_weight=105.94351013749838 1126.0766985118389 5.7443748861551276 24.92140918970108 2845.8280685171485 8.3438699096441287 17.460958778858185 30.105157911777496 649.31452390551567 458.95647065341473 5.1500220596790305 14.826240122318266 278.41664528846741
leaf_count=850 2833 10 106 10893 18 44 64 1632 1201 18 48 793
internal_value=0.00482414 0.000146573 -7.24756e-05 -0.00066865 0.0102816 0.0414488 0.00832491 0.0160159 0.00502817 0.0247268 -0.0185994 0.028267
internal_weight=5571.09 2999.9 2994.15 2951.77 2571.19 42.3824 2264.45 679.42 1585.03 306.737 23.1701 283.567
internal_count=18510 11903 11893 11743 6607 150 5730 1696 4034 877 66 811
is_linear=0
shrinkage=0.1


Tree=32
num_leaves=13
num_cat=0
split_feature=7 7 2 9 6 9 8 7 6 3 5 8
split_gain=12.3013 6.29833 6.20345 8.41176 8.64782 6.11207 6.66618 6.09779 5.09743 4.90373 4.62854 1.88972
threshold=5.717960192513865 5.7505320119694536 0.99924726701666267 0.048306246752310857 3.3754253387451176 0.04483052721310276 0.040626747040283406 5.6500609628956129 5.0004882812500009 2.2977551824681934 0.35096928830258101 0.031445679544791653
decision_type=2 2 2 2 2 2 2 2 2 2 2 2
left_child=2 10 5 7 -5 6 -1 -4 11 -10 -2 -3
right_child=1 8 3 4 -6 -7 -8 -9 9 -11 -12 -13
leaf_value=-0.017452107002416877 0.023729779495510629 -0.013531067690645261 0.0028679928430840277 0.067187345180278218 -0.01620132925332694 -0.12272913937979298 0.054276375918716847 -0.033882003122599695 0.0090946032617243364 0.024806542353113012 0.10306902737388771 -0.090163563954276785
leaf_weight=178.59663538634777 16.06008575856686 6.9296039342880231 4299.5456501692533 39.499619737267494 18.151197746396065 5.1411210000514975 13.970177493989466 45.629139140248299 624.09962520748377 291.38188593834639 13.562665894627569 6.007665678858757
leaf_count=1367 39 20 14111 125 49 37 92 129 1704 790 26 21
internal_value=0.00435416 0.0146629 0.00220741 0.00298555 0.0409327 -0.0151213 -0.0122484 0.00248208 0.0132146 0.0140954 0.060055 -0.0491168
internal_weight=5558.58 958.042 4600.53 4402.83 57.6508 197.708 192.567 4345.17 928.419 915.482 29.6228 12.9373
internal_count=18510 2600 15910 14414 174 1496 1459 14240 2535 2494 65 41
is_linear=0
shrinkage=0.1


Tree=33
num_leaves=12
num_cat=0
split_feature=1 1 2 4 2 6 5 5 4 2 6
split_gain=11.0259 11.2185 10.7602 17.2902 12.6789 9.62044 7.00402 13.9007 12.5734 4.68937 2.76293
threshold=2.9866828785916515 2.9999350821634021 3.632919140159975 0.029046060546662453 3.3559082042031729 5.5873899459838876 0.29366739147192461 0.43209975107807824 0.12597657748847266 3.4163064910516807 4.232233855204667
decision_type=2 2 2 2 2 2 2 2 2 2 2
left_child=2 10 4 -4 5 -1 8 -8 -3 -6 -2
right_child=1 6 3 -5 9 -7 7 -9 -10 -11 -12
leaf_value=0.00084191888572141818 0.029195506403340149 0.0089974087129406754 0.0047848097525534632 -0.21616688882591395 0.091212936042204651 -0.036002642854023617 0.030830653787815757 0.0044337549748483416 -0.016116654456532733 0.027533707244579726 0.09550815500059763
leaf_weight=3295.6894892975688 9.5835044384002703 1034.1629538461566 8.715292349457739 5.9660965502262107 18.256806269288063 72.425041750073433 355.97640043497086 453.82470753788948 246.95543970167637 31.546702399849892 18.244891807436943
leaf_count=12638 23 2656 22 24 35 201 889 1230 684 74 34
internal_value=0.00392468 0.00959725 0.000423322 -0.0850036 0.000790266 4.96451e-05 0.00875779 0.0160374 0.00415628 0.050877 0.0726715
internal_weight=5551.35 2118.75 3432.6 14.6814 3417.92 3368.11 2090.92 809.801 1281.12 49.8035 27.8284
internal_count=18510 5516 12994 46 12948 12839 5459 2119 3340 109 57
is_linear=0
shrinkage=0.1


Tree=34
num_leaves=14
num_cat=0
split_feature=2 6 6 1 7 7 8 0 0 4 5 8 4
split_gain=10.0748 6.06272 15.4581 18.9995 11.3808 11.0346 7.42597 4.65592 6.29385 6.04316 8.59562 5.43976 0.642491
threshold=4.1131562816289584 2.3601288601913173 2.5681656546948948 1.0165858102259675 3.0346220117932003 2.9935353535212759 0.038146956633270411 4.1993243413890022 4.2363507812842736 0.75394553320495994 0.53265144286276622 0.022870172605628004 0.89236838999617674
decision_type=2 2 2 2 2 2 2 2 2 2 2 2 2
left_child=1 4 3 -3 6 -4 -1 9 -9 10 -2 -10 -11
right_child=7 2 5 -5 -6 -7 -8 8 11 12 -12 -13 -14
leaf_value=-2.8461775398704006e-05 0.026756529154481186 -0.12837387414971621 -0.01448692681000676 0.031077371808275259 -0.16772641515592207 0.0040914452051838196 -0.021162575177074924 -0.090005687855074193 -0.075969358274238882 0.10065174398336396 -0.033529427968387412 0.01133086780922524 0.063031348801855944
leaf_weight=977.36027885973454 248.52366705983877 7.6850351989269248 356.32566100358963 270.67251951992512 4.2413398325443259 3110.3194310665131 200.33856825530529 6.5098093897104254 7.3055091947317115 8.4439961314201373 26.138185158371925 310.44566352665424 9.8178643435239774
leaf_count=5287 676 46 1311 849 18 8159 1079 23 24 19 85 909 25
internal_value=0.00354044 0.00203168 0.00400237 0.0266752 -0.00421247 0.00218183 -0.00362359 0.0155848 0.0073296 0.0247231 0.0210194 0.00932372 0.0804264
internal_weight=5544.13 4926.94 3745 278.358 1181.94 3466.65 1177.7 617.185 324.261 292.924 274.662 317.751 18.2619
internal_count=18510 16749 10365 895 6384 9470 6366 1761 956 805 761 933 44
is_linear=0
shrinkage=0.1


Tree=35
num_leaves=15
num_cat=0
split_feature=7 3 3 4 7 3 6 9 7 7 9 4 9 2
split_gain=8.74741 6.85732 21.5247 11.6664 11.5129 9.68784 19.1596 10.3242 6.46906 4.78982 10.0672 5.83742 3.66597 6.27003
threshold=5.1456965176370462 1.4283080586984369 1.2581026797544415 7.6369033195078387e-05 3.9751113520749395 1.4980630835284627 3.951958873512043 0.027259804554855004 5.204540143719659 7.8726113052925166 0.023655304279090454 1.1337128281593325 0.03525667389477171 3.3014431213419906
decision_type=2 2 2 2 2 2 2 2 2 2 2 2 2 2
left_child=1 2 4 -4 -1 6 -3 -7 12 11 -11 -10 13 -2
right_child=8 5 3 -5 -6 7 -8 -9 9 10 -12 -13 -14 -15
leaf_value=-0.0040718525196244927 0.069195983324962171 -0.0058011100911884448 0.045028542264777816 0.012531051444751959 0.017897702048544996 -0.023415220078176618 -0.081100968640123616 0.0014981608134183369 0.0058224187497214119 -0.12025090085271589 0.035374339117170903 0.052450925994484893 0.087136631635258144 -0.0064579968253509522
leaf_weight=1548.1598499976099 20.378862246870995 122.80885519087315 157.59044948965311 369.43846343457699 281.97273515164852 188.15225285291672 46.617593199014664 1434.734236292541 1192.7001896351576 4.333663433790206 101.8046630769968 27.466664992272854 14.08287864923477 23.689147651195526
leaf_count=7328 41 407 498 1118 689 598 145 4012 3206 15 295 67 29 62
internal_value=0.00319275 0.000896254 0.00444106 0.0222483 -0.000686953 -0.00376571 -0.0265198 -0.00139022 0.0100758 0.00864446 0.0290201 0.00687205 0.0427214 0.0285275
internal_weight=5533.93 4149.47 2357.16 527.029 1830.13 1792.31 169.426 1622.89 1384.46 1326.31 106.138 1220.17 58.1509 44.068
internal_count=18510 14795 9633 1616 8017 5162 552 4610 3715 3583 310 3273 132 103
is_linear=0
shrinkage=0.1


Tree=36
num_leaves=13
num_cat=0
split_feature=2 2 9 8 4 0 0 5 3 3 0 3
split_gain=7.73222 5.34303 8.17404 11.4832 9.59079 6.8631 10.0678 4.0191 9.10093 7.46431 5.80395 4.47678
threshold=4.5089691410493566 2.1570287971743638 0.034132340297057605 0.035062737710960155 0.62551124911999534 3.608862977358513 2.7690810784697537 0.065843777582870758 2.8016712082681736 1.0046363306297892 4.6387913026846954 1.3107349072242471
decision_type=2 2 2 2 2 2 2 2 2 2 2 2
left_child=1 5 3 -3 -4 6 -1 8 10 -9 -2 -11
right_child=7 2 4 -5 -6 -7 -8 9 -10 11 -12 -13
leaf_value=-0.0033504749603380855 0.036497888274568117 0.0021062816201540871 0.014891277345990795 -0.050205527539566933 -0.019957499997389508 -0.12037706931442381 0.033948626849268422 -0.098372651178586692 -0.093852885138519693 0.079317365678576737 -0.046127399493255478 0.023066263644348665
leaf_weight=1846.7438959144056 30.562903553247452 2250.4230183660984 926.00025282800198 42.759924277663231 86.336200684309006 4.9009027034044257 75.318185418844223 4.872430056333541 9.7042613476514799 15.117012381553648 11.777681604027746 220.78262194246054
leaf_count=8743 80 5941 2361 128 240 18 202 17 33 41 39 667
internal_value=0.00287999 0.00199504 0.00443486 0.00113085 0.0119192 -0.00219022 -0.00188887 0.0186936 -0.00650526 0.0241405 0.0135144 0.026671
internal_weight=5525.3 5232.48 3305.52 2293.18 1012.34 1926.96 1922.06 292.817 52.0448 240.772 42.3406 235.9
internal_count=18510 17633 8670 6069 2601 8963 8945 877 152 725 119 708
is_linear=0
shrinkage=0.1


Tree=37
num_leaves=14
num_cat=0
split_feature=7 3 4 4 8 3 8 2 7 5 0 2 8
split_gain=6.87903 5.52786 17.5531 12.0253 10.0463 10.034 15.0237 7.86985 5.51397 7.39125 5.48601 5.40582 3.23979
threshold=6.4447910680756051 0.56916989255896577 0.062744680908508557 0.031494144372118157 0.032638776938369807 0.58835879082059905 0.04039802305186161 1.0584635516652536 6.5405045639562598 0.12920984155796678 2.468809193070006 2.9995140082839078 0.026367607912578205
decision_type=2 2 2 2 2 2 2 2 2 2 2 2 2
left_child=1 2 3 -1 -4 6 -3 -7 9 -2 -10 -12 -11
right_child=8 5 4 -5 -6 7 -8 -9 10 12 11 -13 -14
leaf_value=-0.0043544093564115384 -0.020192268610191549 0.028826436882839996 -0.097957085229097157 0.10936428767101328 -0.014873452177524227 -0.020852453616676335 0.21204452249547009 0.0026943254876736567 0.092487880454397584 0.13117782812947484 -0.081526285889494801 0.01009175837784998 0.054331297138764591
leaf_weight=297.29003049433231 12.595747247338293 36.974071696400642 32.240635238587856 9.5992004722356779 26.529453866183758 146.63347935304046 5.091804862022399 4434.0187159627676 7.9697397947311392 6.7703938186168662 6.5307053923606864 464.72008796036243 28.922678261995316
leaf_count=1572 37 196 195 42 144 1047 15 13775 16 13 20 1360 78
internal_value=0.00259918 0.00145078 -0.0103853 -0.000797398 -0.0604522 0.00238702 0.0510038 0.00194056 0.0134589 0.0456668 0.0102135 0.00882209 0.0689078
internal_weight=5515.89 4988.38 365.659 306.889 58.7701 4622.72 42.0659 4580.65 527.509 48.2888 479.221 471.251 35.6931
internal_count=18510 16986 1953 1614 339 15033 211 14822 1524 128 1396 1380 91
is_linear=0
shrinkage=0.1


Tree=38
num_leaves=14
num_cat=0
split_feature=5 3 3 1 4 3 2 1 4 3 7 2 2
split_gain=6.66303 12.1396 8.39681 7.0758 7.00547 15.9857 27.6026 7.71133 6.93599 6.41605 6.02629 9.66607 3.04695
threshold=0.23533075995698158 0.58125981006828031 0.6198727158284133 2.1395392391475432 0.24855566129664552 1.8460012175073208 2.872783176172673 3.7788991481083207 0.15684647905438187 2.2802722689053589 6.9585768583618117 3.1193823197090915 1.7898484201361362
decision_type=2 2 2 2 2 2 2 2 2 2 2 2 2
left_child=4 10 12 -4 8 6 -6 -7 9 -1 11 -2 -3
right_child=1 2 3 -5 5 7 -8 -9 -10 -11 -12 -13 -14
leaf_value=-0.00077721913162381059 -0.036804724233600261 0.14952675522317169 -0.0071046848525063849 0.011520437342567443 -0.030599445389227473 -0.044647181406847446 0.071372953591645125 -0.13616018126981283 0.076119033981465981 0.012084815989613355 0.058650917897012447 -0.19212776240274976 0.040390015270789531
leaf_weight=3245.664877153933 42.020338550209999 5.5548418685793859 240.87267611175776 1331.5852314382792 93.46642742305994 32.556739389896393 37.074481442570686 12.839275285601614 12.253935024142264 440.46960988640785 5.5484968423843375 4.428913176059722 4.7418956756591797
leaf_count=11872 240 28 1010 3512 385 98 78 47 30 1168 13 17 12
internal_value=0.00234099 0.00769487 0.0092568 0.0086674 8.19468e-05 -0.0194142 -0.00163861 -0.0705296 0.0010094 0.000759712 -0.0398486 -0.0516147 0.0992667
internal_weight=5509.08 1634.75 1582.75 1572.46 3874.33 175.937 130.541 45.396 3698.39 3686.13 51.9977 46.4493 10.2967
internal_count=18510 4832 4562 4522 13678 608 463 145 13070 13040 270 257 40
is_linear=0
shrinkage=0.1


Tree=39
num_leaves=11
num_cat=0
split_feature=2 7 6 9 0 6 7 0 4 7
split_gain=5.51372 4.5528 7.45147 10.4004 4.49056 4.06658 6.31762 8.35501 7.46199 4.32627
threshold=4.5089691410493566 8.941671430499591 8.8587990403175372 0.030258970900329956 0.56886819909505004 4.5638341246176433 6.0893213401195672 3.973165088123658 0.00013736271660030004 5.0940287500116437
decision_type=2 2 2 2 2 2 2 2 2 2
left_child=1 2 4 -4 -1 9 7 -7 -8 -2
right_child=5 -3 3 -5 -6 6 8 -9 -10 -11
leaf_value=-0.018909653631889081 0.017126087158812923 0.071375329710081203 -0.14240586817857273 0.023462677531959256 0.0018764246506516907 -0.081017552649179217 -0.09121877557447583 0.0075772138442053065 0.022798619346955127 0.10677104145650436
leaf_weight=106.10262408852577 12.053975716233255 9.273706302046774 8.477074593305586 6.822804480791091 5083.8763350434601 15.428283706307409 5.9025211781263343 34.331220328807831 208.47488537430763 9.7282019257545453
leaf_count=869 31 23 32 19 16690 53 20 97 655 21
internal_value=0.00211214 0.00137077 0.00124605 -0.0684387 0.00145148 0.0156332 0.0122084 -0.0198922 0.0196593 0.0571627
internal_weight=5500.47 5214.55 5205.28 15.2999 5189.98 285.919 264.137 49.7595 214.377 21.7822
internal_count=18510 17633 17610 51 17559 877 825 150 675 52
is_linear=0
shrinkage=0.1


Tree=40
num_leaves=16
num_cat=0
split_feature=5 3 7 0 7 4 2 3 3 9 8 1 5 6 5
split_gain=5.2532 10.434 12.7712 16.1647 14.6384 9.57528 17.6585 17.8251 8.2251 6.40008 7.37415 5.85866 5.46374 7.53072 6.62681
threshold=0.22348317679672353 0.58125981006828031 1.3333043501091739 0.77462736865185888 1.6666145024147139 0.12500265624839813 2.287244287853325 1.6040980375116181 1.7808349598773365 0.023655304279090454 0.023431441219875202 1.184263913138919 0.56136711318848209 6.7489929199218759 0.33774774622206433
decision_type=2 2 2 2 2 2 2 2 2 2 2 2 2 2 2
left_child=5 12 3 -3 -4 9 7 -7 -8 11 -11 -1 14 -14 -2
right_child=1 2 4 -5 -6 6 8 -9 -10 10 -12 -13 13 -15 -16
leaf_value=0.079977318327533353 -0.035161863377226522 -0.0062272136913177206 -0.092863676452561869 0.33149632992840927 0.0082344867632268125 -0.030353133551058439 0.018299024137086294 -0.13540896679774642 -0.020190811172726891 -0.041336827723930748 0.0012686112634628854 0.014546871408744739 -0.033595874323742579 0.095256933122776236 -0.14644064615042354
leaf_weight=18.034134209156036 15.879010416567327 2.920896776020526 14.447715837508438 2.7530586495995522 1646.8935553878546 93.033784359693527 116.82479999214411 19.543415248394012 105.8007999882102 41.126246638596058 3325.9331691339612 56.742714017629623 22.626623742282394 5.6729460209608069 8.0719699859619123
leaf_count=96 96 32 138 17 4647 434 293 83 297 158 11863 177 102 12 65
internal_value=0.00190534 0.00648761 0.00786681 0.15764 0.0073553 -0.00018046 -0.0163144 -0.0485908 7.07852e-06 0.00139084 0.000748216 0.0303269 -0.0375149 -0.00776598 -0.0726651
internal_weight=5496.3 1719.27 1667.02 5.67396 1661.34 3777.04 335.203 112.577 222.626 3441.84 3367.06 74.7768 52.2506 28.2996 23.951
internal_count=18510 5109 4834 49 4785 13401 1107 517 590 12294 12021 273 275 114 161
is_linear=0
shrinkage=0.1


Tree=41
num_leaves=13
num_cat=0
split_feature=7 6 1 3 5 2 7 4 3 4 8 8
split_gain=4.64917 7.46709 5.11748 6.15195 3.98679 8.53564 9.19703 5.04679 11.1171 5.13428 3.32432 0.239984
threshold=7.8726113052925166 8.0006534552085231 3.9550007637074254 1.0909740318376111 0.23533075995698158 0.66959830222929895 2.5282861237899286 0.24855566129664552 1.8460012175073208 0.15684647905438187 0.030720272689445004 0.034767493311520105
decision_type=2 2 2 2 2 2 2 2 2 2 2 2
left_child=4 10 -3 -4 7 -6 -7 9 -9 -1 -2 -12
right_child=1 2 3 -5 5 6 -8 8 -10 -11 11 -13
leaf_value=0.00014971559293747324 0.027663218047298724 -0.075971848126000885 -0.089297867110001414 0.023992457875817483 0.13993693871072677 -0.019617565335396717 0.0075423611052920659 -0.00196238092290276 -0.059674987053614841 0.066256551871857181 0.088714862574355319 0.114576368589066
leaf_weight=3642.6602621227503 10.416050210595133 6.7046442478895178 5.1805234700441352 64.113697610795498 4.7133115306496611 136.65700422972441 1422.345701649785 126.72059354186058 45.311976954340935 11.786637946963308 7.0527358427643758 7.3043955862522125
leaf_count=12924 30 22 19 196 30 786 3829 460 142 29 21 22
internal_value=0.00171139 0.0229926 0.00745105 0.0155227 0.00131353 0.00556785 0.00516161 -0.000425028 -0.0171634 0.000362929 0.0706706 0.101872
internal_weight=5490.97 100.772 75.9989 69.2942 5390.2 1563.72 1559 3826.48 172.033 3654.45 24.7732 14.3571
internal_count=18510 310 237 215 18200 4645 4615 13555 602 12953 73 43
is_linear=0
shrinkage=0.1


Tree=42
num_leaves=14
num_cat=0
split_feature=6 6 5 8 0 9 7 6 3 4 2 2 2
split_gain=4.04245 14.5826 10.3962 16.2109 8.7264 9.81696 8.69103 7.97696 11.1371 7.8882 6.44432 0.0188139 0.00670923
threshold=1.5003051757812502 1.4994792938232424 0.098765666374306157 0.028298536310326052 1.2464497465617037 0.027200743064223203 1.4664889481784742 1.5354003906250002 1.4422221919158151 0.020144096634176354 0.66959830222929895 0.9765786576635852 1.0584635516652536
decision_type=2 2 2 2 2 2 2 2 2 2 2 2 2
left_child=1 2 9 -4 11 -6 12 8 -8 -1 -9 -3 -2
right_child=6 4 3 -5 5 -7 7 10 -10 -11 -12 -13 -14
leaf_value=0.0012076280501647934 -0.11333909983195876 -0.11279243175857473 0.051198295766082674 -0.080226519194737375 0.12506281138901376 -0.056346801740135372 0.028865643792582375 0.051942935278940505 0.231912679064392 0.070105730227402574 0.0019261804348909642 -0.11915305280739096 -0.11994806443089084
leaf_weight=251.73643981665373 3.1231332197785369 8.637410946190359 12.838513970375059 34.89406868442893 3.7550582140684154 14.508899196982382 12.318841595202683 25.891211271286011 3.4600999280810347 17.791874207556248 5083.5736055113375 10.074097879230974 3.022714838385582
leaf_count=1804 31 88 105 353 21 104 80 138 15 110 15562 77 22
internal_value=0.00154311 -0.00878879 -0.0018622 -0.0448775 -0.0682211 -0.0190491 0.00225635 0.00239887 0.073391 0.00575567 0.00217963 -0.116217 -0.11659
internal_weight=5485.63 354.236 317.261 47.7326 36.9755 18.264 5131.39 5125.24 15.7789 269.528 5109.46 18.7115 6.14585
internal_count=18510 2662 2372 458 290 125 15848 15795 95 1914 15700 165 53
is_linear=0
shrinkage=0.1


Tree=43
num_leaves=13
num_cat=0
split_feature=0 8 8 8 9 6 1 9 0 3 1 6
split_gain=4.074 11.6972 21.5445 11.4758 9.67138 9.29208 8.67852 6.51504 4.37159 10.6364 7.36347 3.00862
threshold=0.56886819909505004 0.025873397435897356 0.024945524138419353 0.053582082930170707 0.022845321404810954 1.2501525878906252 0.57012383074228923 0.028034113190167805 0.72308349609375011 1.3044047383791086 0.91577987196958743 1.0625381469726565
decision_type=2 2 2 2 2 2 2 2 2 2 2 2
left_child=1 2 4 7 -1 -4 11 -3 9 -8 -10 -2
right_child=6 3 5 -5 -6 -7 8 -9 10 -11 -12 -13
leaf_value=0.074951042735946535 0.039937195201498042 -0.11539489510468025 0.30265774692714514 0.15158831013508275 -0.11690355773449648 0.070200863214760878 0.0033349043667901994 -0.029882936614716291 -0.035785740481781375 0.1044902019996979 0.0016953850032614924 0.16251541929153443
leaf_weight=4.6810515597462672 3.7423447445034963 10.12534101679921 3.6767272204160681 3.2415006905794135 5.9894018247723579 3.2305068373680115 39.348242301493883 74.211531322449446 52.94233176112175 14.126750163733957 5264.1158196888864 4.306640699505806
leaf_count=28 22 95 22 13 51 20 268 640 436 57 16837 21
internal_value=0.0013827 -0.0181108 0.0563351 -0.0330527 -0.0327383 0.193938 0.00176381 -0.0401494 0.0016083 0.0300576 0.00132218 0.105523
internal_weight=5483.74 105.156 17.5777 87.5784 10.6705 6.90723 5378.58 84.3369 5370.53 53.475 5317.06 8.04899
internal_count=18510 869 121 748 79 42 17641 735 17598 325 17273 43
is_linear=0
shrinkage=0.1


Tree=44
num_leaves=13
num_cat=0
split_feature=2 8 4 9 4 4 2 7 6 9 7 7
split_gain=3.86953 3.92698 6.48547 6.87543 6.5358 4.63047 8.07274 3.8804 5.77828 6.31861 3.80196 2.77543
threshold=4.5089691410493566 0.037894254049969163 0.38417315483093267 0.034931498615301752 0.45361913019223726 0.25000000004377659 4.7283564722215763 8.941671430499591 8.8587990403175372 0.029861868032469104 7.7596721662862365 5.7505320119694536
decision_type=2 2 2 2 2 2 2 2 2 2 2 2
left_child=7 2 3 -2 -4 11 -7 8 10 -10 -1 -3
right_child=1 5 4 -5 -6 6 -8 -9 9 -11 -12 -13
leaf_value=0.00047713731924647689 0.0036653858873454759 0.019767884552359949 0.11740080261699851 -0.062555544397245463 0.021849681209257298 0.064665336773678125 -0.059962357885926389 0.066996545314370617 -0.12020361003682621 0.0064033661202461739 0.034491896685538051 0.097365045335187486
leaf_weight=5144.8803687170148 145.18603213131428 6.6852573156356838 8.0267027020454389 17.576803848147392 66.18928911536932 11.272892266511919 9.6438548788428289 8.7931666374206525 8.2715576291084272 7.5307973176240912 33.071613952517509 14.843838721513746
leaf_count=17469 448 19 21 65 212 33 38 23 29 22 90 41
internal_value=0.00123822 0.0127022 0.00768504 -0.00348583 0.0321838 0.0407136 0.00720461 0.000622499 0.000510126 -0.0598676 0.00069439 0.0732694
internal_weight=5481.97 279.425 236.979 162.763 74.216 42.4458 20.9167 5202.55 5193.75 15.8024 5177.95 21.5291
internal_count=18510 877 746 513 233 131 71 17633 17610 51 17559 60
is_linear=0
shrinkage=0.1


Tree=45
num_leaves=13
num_cat=0
split_feature=2 4 3 3 9 9 6 6 1 0 8 0
split_gain=3.58698 8.64526 4.22467 9.86993 5.68649 3.27941 7.18842 10.9276 10.5953 4.55532 10.8673 7.17357
threshold=4.9080226852318232 0.00013736271660030004 1.7354996184423512 1.3809951494238508 0.026864687535349104 0.048306246752310857 3.3754253387451176 4.4688720703125009 2.1822577646459695 0.56886819909505004 0.026779536305628005 0.72308349609375011
decision_type=2 2 2 2 2 2 2 2 2 2 2 2
left_child=5 -2 3 -3 -4 9 8 -8 -7 10 -1 -11
right_child=1 2 4 -5 -6 6 7 -9 -10 11 -12 -13
leaf_value=0.039121277168727181 -0.10614669525549414 0.053307700879544173 -0.035310370893306943 -0.096974405142105979 0.045104122745129364 0.016547736653409747 -0.12003198895694733 0.026607076561220688 0.12819158542941214 0.036243991636946686 -0.039007954680620252 0.00050098771878479117
leaf_weight=23.240927346050739 5.2144979536533347 9.1210947707295436 10.004418402910231 8.3901464119553548 72.669155590236187 30.88159753382206 7.6176996231079128 15.266080513596533 11.728951349854468 56.769186835736036 76.089826751500368 5152.077895745635
leaf_count=159 17 27 32 34 225 124 26 38 20 335 691 16782
internal_value=0.00111874 0.0193883 0.0259222 -0.0186968 0.0353731 0.000760405 0.0230003 -0.0222071 0.0472787 0.000486 -0.0207277 0.000890537
internal_weight=5479.07 105.399 100.185 17.5112 82.6736 5373.67 65.4943 22.8838 42.6105 5308.18 99.3308 5208.85
internal_count=18510 335 318 61 257 18175 208 64 144 17967 850 17117
is_linear=0
shrinkage=0.1


Tree=46
num_leaves=16
num_cat=0
split_feature=5 3 7 8 7 4 2 3 9 8 4 4 0 4 8
split_gain=3.33652 7.9781 10.2181 13.4976 11.5469 7.32764 14.5886 14.9619 7.80062 5.85151 7.96942 5.65625 16.4705 8.08535 4.9385
threshold=0.22348317679672353 0.587993547598891 1.3333043501091739 0.028445541691976203 1.6666145024147139 0.12500265624839813 2.287244287853325 1.6040980375116181 0.030616494874103752 0.030348940611998356 0.49609375000000006 0.07066735625267026 4.7514481507241735 0.062500000010944121 0.027499704059011254
decision_type=2 2 2 2 2 2 2 2 2 2 2 2 2 2 2
left_child=5 9 3 -3 -4 11 7 -7 -8 14 -11 13 -13 -1 -2
right_child=1 2 4 -5 -6 6 8 -9 -10 10 -12 12 -14 -15 -16
leaf_value=0.00084700571585142692 -0.030029285650199758 0.2859722024991912 -0.088733799611989073 -0.012439849368848994 0.0061663040190982933 -0.027822043567941997 -0.022945620031131778 -0.1256275522482565 0.015259139825884414 -0.10424782917082742 0.02473180804000449 0.02079843771958886 -0.12600968342006827 -0.021078382448775655 -0.1215761012991631
leaf_weight=3029.909294962883 13.431008584797384 3.005477685481309 12.922840379178522 3.0579396523535252 1632.5974696949124 91.673964101821184 89.225302994251251 18.858407393097878 133.26581583172083 6.1052737087011364 22.245980240404606 224.21604660153389 7.9116639941930762 178.07660315185785 10.498797383159397
leaf_count=10985 66 14 138 32 4640 434 251 83 339 42 113 699 30 580 64
internal_value=0.00100813 0.00468103 0.00589849 0.135475 0.00542102 -0.000650472 -0.0148143 -0.0445091 -6.20617e-05 -0.0337791 -0.00304319 0.000720668 0.0157947 -0.000370082 -0.0701939
internal_weight=5477 1703.86 1651.58 6.06342 1645.52 3773.14 333.023 110.532 222.491 52.2811 28.3513 3440.11 232.128 3207.99 23.9298
internal_count=18510 5109 4824 46 4778 13401 1107 517 590 285 155 12294 729 11565 130
is_linear=0
shrinkage=0.1


Tree=47
num_leaves=12
num_cat=0
split_feature=7 9 6 7 9 4 3 4 6 3 3
split_gain=3.3054 7.14922 6.92476 5.11495 4.2352 3.44563 7.28101 5.89097 5.69062 3.82413 3.23002
threshold=7.8726113052925166 0.023655304279090454 8.1550829410552996 8.941671430499591 0.030303750455630853 1.1337128281593325 2.5342257350634276 1.0039234776049855 6.5036778450012216 1.942661705475397 1.4203383537325094
decision_type=2 2 2 2 2 2 2 2 2 2 2
left_child=5 -2 4 -4 -3 7 9 10 -9 -7 -1
right_child=1 2 3 -5 -6 6 -8 8 -10 -11 -12
leaf_value=0.0031845356109092221 -0.10301992433389069 0.017198361879910522 -0.011672574620625618 0.049230019115428694 0.097042652012950703 0.031830692972964078 0.11983863456444917 -0.064026554396962462 0.027156186866257384 -0.04303664287003707 -0.0017558663389222432
leaf_weight=2556.700758267194 4.5636763721704474 10.742780409753324 44.633279152214527 19.955867290496826 17.40916995704174 22.975402593612671 7.3361515700817099 26.241756826639175 9.2594241276383382 9.7042622342705709 2743.3412844613194
leaf_count=10191 15 34 144 60 57 58 15 82 26 30 7798
internal_value=0.000905297 0.0191715 0.0251844 0.00714427 0.0665741 0.000574654 0.0298092 0.000355399 -0.0402443 0.00959876 0.000627347
internal_weight=5472.86 97.3048 92.7411 64.5891 28.152 5375.56 40.0158 5335.54 35.5012 32.6797 5300.04
internal_count=18510 310 295 204 91 18200 103 18097 108 88 17989
is_linear=0
shrinkage=0.1


Tree=48
num_leaves=14
num_cat=0
split_feature=7 6 9 9 6 8 3 9 9 0 6 8 2
split_gain=3.24537 13.3227 13.6559 17.3674 10.479 12.0083 11.4547 6.37019 23.1023 7.12878 4.28009 17.9035 4.16739
threshold=1.3623685413808875 1.1876392145031778 0.029312594273928506 0.035084914623824508 1.0000343322753908 0.023280288533625005 0.51892269459518114 0.028307223401498906 0.028707864374744853 1.0000000180025095e-35 1.2956730499863627 0.048823298489279902 0.76310575290396243
decision_type=2 2 2 2 2 2 2 2 2 2 2 2 2
left_child=4 2 -2 -4 7 -6 -7 9 -9 -1 11 -3 -12
right_child=1 10 3 -5 5 6 -8 8 -10 -11 12 -13 -14
leaf_value=0.073175004082747602 0.25386910704211157 -0.056712026924665954 -0.11739470276190692 0.17313321850190305 0.1163707776331438 -0.094512678572727715 -0.019566093087431076 0.23225147783764616 0.012856059185572782 -0.043343732809192709 0.032999628452709803 0.21110662413802453 0.0010220920521908331
leaf_weight=6.4499501064419738 4.1121553331613532 30.453437943011522 4.0358860120177251 4.1976336762309074 5.0780878886580458 28.7216029278934 70.326121985912323 5.2636969424784175 54.429348703473806 28.242229420691729 41.077041860669851 2.7189256548881522 5188.5363530814648
leaf_count=46 21 247 34 23 24 251 599 29 429 209 250 10 16338
internal_value=0.000817185 0.00128954 0.10505 0.030723 -0.011735 -0.0336096 -0.0412989 0.0123971 0.0322022 -0.0216806 0.00104614 -0.0347607 0.00127327
internal_weight=5473.64 5275.13 12.3457 8.23352 198.511 104.126 99.0477 94.3852 59.693 34.6922 5262.79 33.1724 5229.61
internal_count=18510 16923 78 57 1587 874 850 713 458 255 16845 257 16588
is_linear=0
shrinkage=0.1


Tree=49
num_leaves=14
num_cat=0
split_feature=0 8 8 8 9 9 6 1 4 8 6 8 7
split_gain=3.20227 6.80092 13.6931 9.76058 8.0353 7.76248 6.09521 6.09131 5.95598 5.11523 3.79072 16.8362 11.2942
threshold=0.56886819909505004 0.025873397435897356 0.024945524138419353 0.041390175630837613 0.025688365906841804 0.022845321404810954 1.5003051757812502 0.57012383074228923 0.00036910176277160005 0.033541033973185912 1.0000343322753908 0.027762572119977551 1.3623685413808875
decision_type=2 2 2 2 2 2 2 2 2 2 2 2 2
left_child=1 2 5 6 -4 -1 -3 9 -5 -2 11 -9 -12
right_child=7 3 4 8 -6 -7 -8 10 -10 -11 12 -13 -14
leaf_value=0.052221690056328762 0.010858711278589788 -0.067878576354579251 0.22688377627704748 0.0022426463666988267 0.030810312818102804 -0.11627802285200034 -0.0072530360101634786 -0.054433166770931019 0.14166211625128741 0.16419276374372269 -0.036514137217011577 0.058301972299837128 0.0012083820508530698
leaf_weight=5.1761970818042773 4.5241889879107458 42.730644378811121 4.3658240884542447 9.5529641062021238 4.0096728056669235 5.7947792857885361 27.101522579789162 18.764928672462702 4.5110511854290953 4.191111221909523 80.596246760338545 45.051840759813786 5216.1462658345699
leaf_count=28 26 479 18 64 24 51 182 135 23 17 663 297 16503
internal_value=0.000726655 -0.0167181 0.0367291 -0.029043 0.133016 -0.0367785 -0.0443501 0.00106209 0.0469616 0.0845957 0.000926279 0.0251529 0.000634389
internal_weight=5472.52 103.243 19.3465 83.8962 8.3755 10.971 69.8322 5369.27 14.064 8.7153 5360.56 63.8168 5296.74
internal_count=18510 869 121 748 42 79 661 17641 87 43 17598 432 17166
is_linear=0
shrinkage=0.1


Tree=50
num_leaves=14
num_cat=0
split_feature=2 2 5 0 0 3 3 4 0 2 2 7 3
split_gain=3.0756 11.7206 7.16121 7.03344 7.6912 4.8371 14.6231 13.397 7.27898 6.68249 6.68174 4.83741 0.709174
threshold=3.712128042018688 3.7348234246419687 0.11177620310370581 2.2484388500452046 3.4880016240748524 1.4283080586984369 1.2975068657921276 0.00024414062522825009 3.973165088123658 1.0794349015302898 0.76310575290396243 2.1854913771457629 1.9116561977867585
decision_type=2 2 2 2 2 2 2 2 2 2 2 2 2
left_child=5 2 -2 -3 -5 6 8 -8 -1 10 -7 -11 -4
right_child=1 3 12 4 -6 9 7 -9 -10 11 -12 -13 -14
leaf_value=-0.0017485450817711326 -0.0083939059894521158 -0.082451660114766706 0.11562733054456131 0.022241668862063635 -5.7545123732608171e-06 0.029713764248995401 0.044557241166595311 0.0071948920797550373 0.057248023684219343 0.02575375536019266 -0.13139438759848493 -0.0044550992921440387 0.079850688928894825
leaf_weight=1979.7825149223208 9.2309633791446704 9.3804681599140149 10.277740344405176 195.57159090787172 756.41130194813013 3.8064111694693548 139.72567889839411 306.46787732839584 21.136309921741486 54.478928580880165 7.9526456817984581 1963.732733592391 12.020762637257574
leaf_count=8514 24 30 19 514 2230 18 431 911 46 258 45 5445 25
internal_value=0.000647986 0.00568321 0.0656773 0.00371561 0.00456467 -0.000468687 0.00252504 0.0188949 -0.00112535 -0.0040776 -0.0792436 -0.00363965 0.0963407
internal_weight=5469.98 992.893 31.5295 961.363 951.983 4477.08 2447.11 446.194 2000.92 2029.97 11.7591 2018.21 22.2985
internal_count=18510 2842 68 2774 2744 15668 9902 1342 8560 5766 63 5703 44
is_linear=0
shrinkage=0.1


Tree=51
num_leaves=15
num_cat=0
split_feature=6 2 9 7 6 8 9 5 8 9 5 3 6 8
split_gain=2.79407 10.174 23.5074 7.79455 7.15253 6.83375 15.5921 14.8011 13.124 16.9363 10.523 9.6287 6.41037 5.48018
threshold=3.9762834849041089 1.7648365702856856 0.032427306648669253 3.497647982169354 4.0313625443377541 0.027789895035480603 0.028188002525226453 0.37354826203737873 0.028298536310326052 0.029605872170973904 0.8294063017405362 0.68399789022247148 4.390477418899537 0.034675309700333258
decision_type=2 2 2 2 2 2 2 2 2 2 2 2 2 2
left_child=5 2 12 -3 -5 6 11 -8 9 -7 -10 -1 -2 -4
right_child=1 3 13 4 -6 8 7 -9 10 -11 -12 -13 -14 -15
leaf_value=-0.032685251181768314 0.040590329806660996 0.07193977658432453 -0.010077247400553664 0.029778662469594243 0.00055368727496171635 0.048923086875551955 -0.0660264232593189 0.092303263159533244 -0.0013593681455839131 -0.088497138051259208 0.073733918041061206 0.0025909750754916712 0.11857036948619828 -0.1287398304381995
leaf_weight=97.542060639709234 19.304300740361214 15.859635114669798 9.4908698946237582 86.868358165025711 2328.0027087256312 93.218106865882874 71.571988206356764 6.4351999424397937 2306.3268759287894 9.9231281913816911 18.813313037157059 374.25097371637821 23.224383667111397 6.5973338186740866
leaf_count=585 55 38 30 207 6276 330 330 20 8996 52 60 1462 43 26
internal_value=0.000584054 0.00305665 0.0442246 0.00206388 0.00160498 -0.00148276 -0.0115499 -0.052965 0.000796605 0.035702 -0.000751769 -0.0047023 0.0831743 -0.0587375
internal_weight=5467.43 2489.35 58.6169 2430.73 2414.87 2978.08 549.8 78.0072 2428.28 103.141 2325.14 471.793 42.5287 16.0882
internal_count=18510 6675 154 6521 6483 11835 2397 350 9438 382 9056 2047 98 56
is_linear=0
shrinkage=0.1


Tree=52
num_leaves=11
num_cat=0
split_feature=7 9 6 3 6 3 4 9 5 8
split_gain=2.73992 5.66319 6.23671 4.03561 2.8481 5.10797 2.74672 6.31227 3.12022 1.75693
threshold=7.8726113052925166 0.023655304279090454 8.0006534552085231 2.2802722689053589 8.3278629514388758 2.3356363798088586 1.2521629333496096 0.031196938688742255 1.0008246543718549 0.033794899524831556
decision_type=2 2 2 2 2 2 2 2 2 2
left_child=4 -2 9 -4 6 -6 8 -8 -1 -3
right_child=1 2 3 -5 5 -7 7 -9 -10 -11
leaf_value=0.00029375503613238499 -0.08896891275360802 0.050050154689786942 -0.0085643481966676694 0.041861154042924113 0.0023883992737851498 -0.10799816033538019 0.073054934600304752 -0.025585718121836715 -0.060231504193518928 0.11156515674895591
leaf_weight=5314.8895847760141 4.7643260806798926 13.314086414873602 46.203836247324944 24.175579875707626 10.980334863066675 6.7805515825748435 15.707666322588922 11.052072487771509 8.5311561077833158 7.1289944797754279
leaf_count=18049 15 43 153 73 31 24 35 34 27 26
internal_value=0.000523521 0.0173053 0.0228801 0.00875699 0.000224689 -0.0397537 0.000357404 0.0323152 0.000196759 0.0715019
internal_weight=5463.53 95.5868 90.8225 70.3794 5367.94 17.7609 5350.18 26.7597 5323.42 20.4431
internal_count=18510 310 295 226 18200 55 18145 69 18076 69
is_linear=0
shrinkage=0.1


Tree=53
num_leaves=9
num_cat=0
split_feature=7 0 6 5 7 5 9 9
split_gain=2.5769 4.19386 3.99568 7.74654 5.62043 5.27893 3.50067 2.53005
threshold=8.941671430499591 4.7514481507241735 8.5270092450951669 0.46661714043236485 7.8726113052925166 0.34764549050014798 0.030258970900329956 0.042231731435171359
decision_type=2 2 2 2 2 2 2 2
left_child=2 -2 4 5 7 -4 -6 -1
right_child=1 -3 3 -5 6 -7 -8 -9
leaf_value=-0.00023248219590832429 -0.0021208168979714162 0.092040962069290314 -0.033797657849998705 -0.12225765217066674 0.0036198692412399316 0.062479146154190285 0.060034627811794077 0.0095877915719548758
leaf_weight=5083.807197034359 11.458832800388338 8.0550392940640432 22.368454568088058 7.608542948961257 19.279078617691994 7.6404028832912436 25.611391663551331 276.62590774521232
leaf_count=17265 39 23 71 29 61 20 91 911
internal_value=0.000473404 0.0367478 0.000343354 -0.0321351 0.000569382 -0.00928511 0.0358062 0.000274294
internal_weight=5462.45 19.5139 5442.94 37.6174 5405.32 30.0089 44.8905 5360.43
internal_count=18510 62 18448 120 18328 91 152 18176
is_linear=0
shrinkage=0.1


Tree=54
num_leaves=14
num_cat=0
split_feature=7 7 7 6 4 8 9 8 7 9 3 5 2
split_gain=2.45364 6.31301 5.81072 21.4303 15.8278 5.10097 9.73644 5.22903 3.94444 13.1574 6.99213 3.81007 2.58408
threshold=5.717960192513865 5.7505320119694536 5.5470364592556214 5.2999830903718257 0.12745193580678948 0.04393074600309891 0.04483052721310276 0.040626747040283406 5.1456965176370462 0.030880397192198754 1.4283080586984369 0.35096928830258101 4.088457632940778
decision_type=2 2 2 2 2 2 2 2 2 2 2 2 2
left_child=2 11 8 12 -5 7 -7 -3 10 -10 -1 -2 -4
right_child=1 5 3 4 -6 6 -8 -9 9 -11 -12 -13 -14
leaf_value=0.0028376405576368401 0.019127182464773334 0.0035445187153033721 0.010540381603524758 -0.1075178509730611 -0.016852261885835669 -0.12122227994423694 0.0056615960919901261 0.046179013294908887 -0.01054219889287035 0.030262480065794913 -0.0054700398124855991 0.093325833151165591 0.065683720127562309
leaf_weight=2341.3660563416779 15.676945418119432 815.25826905667782 14.416448205709456 30.442639946937561 52.391727462410927 9.405047260224821 16.941305458545685 29.819476194679737 150.93146534264088 165.86266726255417 1785.7959341108799 12.390180155634878 20.700179740786552
leaf_count=9633 39 2363 36 99 141 37 51 84 393 397 5162 26 49
internal_value=0.000428122 0.00520152 -0.000513071 -0.0224197 -0.050173 0.00369802 -0.0396331 0.00504892 6.8373e-05 0.0108217 -0.000757038 0.051882 0.0430457
internal_weight=5461.4 899.491 4561.91 117.951 82.8344 871.424 26.3464 845.078 4443.96 316.794 4127.16 28.0671 35.1166
internal_count=18510 2600 15910 325 240 2535 88 2447 15585 790 14795 65 85
is_linear=0
shrinkage=0.1


Tree=55
num_leaves=15
num_cat=0
split_feature=0 8 7 9 7 4 0 3 0 3 0 1 0 0
split_gain=2.48197 6.14225 11.7893 10.8629 12.5662 9.42136 5.12302 9.92375 11.9477 7.74811 4.21035 13.7068 8.29203 2.48235
threshold=0.56886819909505004 0.026779536305628005 1.7992236087153985 0.030348526080070652 1.5055942117238748 0.08258884027600287 0.72308349609375011 0.75121252084839563 0.68775177001953136 0.6569432331036148 0.83612060546875011 1.2365495657918693 0.90881625634581564 0.50037372112274181
decision_type=2 2 2 2 2 2 2 2 2 2 2 2 2 2
left_child=1 2 5 13 -5 -1 7 9 -9 -2 11 -8 -12 -3
right_child=6 3 -4 4 -6 -7 10 8 -10 -11 12 -13 -14 -15
leaf_value=0.027394313100481234 0.058319819480106651 -0.11361516388470633 -0.1295220747518176 -0.056446622196831608 0.036110234939893598 0.20420293383339283 -0.039010170279412747 -0.017564409598812902 0.097591770973715394 0.2427477130278938 0.039958533175673126 0.094737804230469846 0.00028883222909769013 -0.015583499302513716
leaf_weight=16.746042653918273 6.9001249484717828 14.983636558055879 3.9497500732541075 28.097925208508968 30.690341539680958 3.6751544997096053 65.338620878756046 36.227046694606543 11.992131564766167 3.4005722217261791 53.234060607850552 8.6803170740604383 5172.765913926065 3.1210748627781859
leaf_count=118 48 162 25 320 199 16 445 216 54 20 310 27 16521 29
internal_value=0.000389293 -0.0151205 0.028626 -0.0289858 -0.00812743 0.0592141 0.000682392 0.0301081 0.011075 0.119205 0.000357489 -0.0233253 0.000692923 -0.0967155
internal_weight=5459.8 101.264 24.3709 76.893 58.7883 20.4212 5358.54 58.5199 48.2192 10.3007 5300.02 74.0189 5226 18.1047
internal_count=18510 869 159 710 519 134 17641 338 270 68 17303 472 16831 191
is_linear=0
shrinkage=0.1


Tree=56
num_leaves=14
num_cat=0
split_feature=3 2 2 3 3 5 3 5 0 0 9 2 9
split_gain=2.44826 7.98846 8.7327 10.4037 6.92436 13.5814 10.285 7.82472 6.7046 5.85129 10.2305 6.05623 4.00747
threshold=2.2802722689053589 1.830478123554834 3.2841729681101728 2.3165457353048153 2.1791582966958694 0.2325647070182362 2.2063694962864431 0.35594836362522758 2.865490322589308 4.6387913026846954 0.032190672754387355 4.088457632940778 0.031104408267291203
decision_type=2 2 2 2 2 2 2 2 2 2 2 2 2
left_child=4 12 3 -3 9 6 -6 -7 -4 11 -11 -1 -2
right_child=1 2 8 -5 5 7 -8 -9 -10 10 -12 -13 -14
leaf_value=-2.976852639079413e-05 0.11932861621655461 0.046761664269736422 0.036619533350975501 -0.018459544735102168 -0.10555841281036323 0.053900048608465534 -0.027082515595124021 -0.016665705470965127 0.0063750534380829548 -0.043446152550903235 0.01054688985856668 0.01641597115289822 0.010968076256960611
leaf_weight=4183.1338779907674 9.1542250365018827 27.5478495657444 90.115840911865234 218.00377501547337 22.135258808732033 27.711225546896458 68.020100779831409 36.29512981325388 392.70088323950768 79.921672962605953 62.565168753266335 236.58563143759966 5.4417598545551291
leaf_count=14864 23 65 218 608 79 65 203 108 1127 253 193 686 18
internal_value=0.000343694 0.00567923 0.00421136 -0.0111425 -0.000496808 -0.021341 -0.0463502 0.0138854 0.0120201 0.000207539 -0.0197381 0.000850565 0.078929
internal_weight=5459.33 742.964 728.368 245.552 4716.37 154.162 90.1554 64.0064 482.817 4562.21 142.487 4419.72 14.596
internal_count=18510 2059 2018 673 16451 455 282 173 1345 15996 446 15550 41
is_linear=0
shrinkage=0.1


Tree=57
num_leaves=15
num_cat=0
split_feature=2 6 1 6 9 0 6 9 8 9 5 2 9 4
split_gain=2.36364 7.18709 15.487 12.2317 10.2128 8.29601 7.24061 5.9743 20.9785 12.0892 20.6303 12.2321 7.6324 4.59191
threshold=2.1570287971743638 2.2501674388768156 2.0000444033923528 2.2287819383295191 0.028571521906096752 1.7906180922195747 2.5681656546948948 0.032323540752712404 0.031164949377101753 0.030453594304287655 0.69894265660432697 1.8182405094753225 0.032620139314485312 1.0000000180025095e-35
decision_type=2 2 2 2 2 2 2 2 2 2 2 2 2 2
left_child=7 3 5 4 -2 -3 -4 9 13 11 -11 -1 -10 -9
right_child=1 2 6 -5 -6 -7 -8 8 12 10 -12 -13 -14 -15
leaf_value=0.0041171538467217874 0.055010371368413413 0.047757400445859938 0.027738005285392775 -0.13656144802446957 -0.029263771683919162 -0.051576572344016337 0.00057757635657777219 -0.052011977134158255 -0.057033178005995257 0.015604618476735874 0.22556897707289625 -0.022997274561246259 -0.0044237208320095263 -0.14448793940506255
leaf_weight=528.41509764827788 17.661997258663177 101.10243731737137 101.23559513688087 8.8431356698274595 77.381411597132683 9.1702174097299558 3223.0898294821382 9.3198161125183123 28.590385004878044 313.86832376942039 4.7504861727356902 242.84228648245335 777.3468671515584 12.668144460767506
leaf_count=2753 54 254 260 35 255 29 8660 45 146 1407 13 876 3655 68
internal_value=0.000311618 0.00184389 0.00262769 -0.0240696 -0.013603 0.0394968 0.00140469 -0.00251553 -0.00891929 0.00234909 0.0187351 -0.00442024 -0.00629003 -0.105291
internal_weight=5456.29 3538.48 3434.6 103.887 95.0434 110.273 3324.33 1917.8 827.925 1089.88 318.619 771.257 805.937 21.988
internal_count=18510 9547 9203 344 309 283 8920 8963 3914 5049 1420 3629 3801 113
is_linear=0
shrinkage=0.1


Tree=58
num_leaves=15
num_cat=0
split_feature=0 1 3 9 7 6 7 5 3 6 2 6 5 2
split_gain=2.25935 10.1011 23.9539 19.4968 9.80873 19.4101 10.7767 8.21819 7.00501 15.4985 14.782 14.0938 10.8773 4.44246
threshold=1.0939804350491615 1.2365495657918693 0.48625854655178119 0.037503563287377605 1.9454309685786588 2.0005516347882808 1.9661116971748924 0.0022700208660183002 1.853553017681272 2.3754212719213688 1.9450577034443663 1.853179854266273 0.00015036494098165005 2.1720953233776767
decision_type=2 2 2 2 2 2 2 2 2 2 2 2 2 2
left_child=8 2 7 -4 5 -3 -6 -2 10 11 12 -10 -1 -12
right_child=1 4 3 -5 6 -7 -8 -9 9 -11 13 -13 -14 -15
leaf_value=0.0079799473046038953 0.092338851120733575 -0.012836558276422128 0.034883352708433533 -0.12547944919003945 0.10288921614243068 -0.13336281599338651 0.0010070359035847531 0.28629965236264371 0.068949466839076295 0.10823521310431486 -0.14645644416098308 -0.14881503164347457 -0.021280284485673054 -0.027250375128481937
leaf_weight=274.73732728511095 4.2593568712472898 162.29440079629421 68.652749076485634 8.522700831294058 10.405560120940207 14.560561195015906 4628.1109382361174 4.4843539074063301 5.7850431427359599 15.778349488973616 9.7831991165876371 6.1120945364236832 236.33737923204899 4.5944506078958502
leaf_count=1810 22 954 376 57 40 78 13425 19 22 36 49 29 1577 16
internal_value=0.000276999 0.000960715 0.0349467 0.017174 0.000354314 -0.0227595 0.00123559 0.191815 -0.00578144 0.0432541 -0.00836413 -0.0429259 -0.00555092 -0.108364
internal_weight=5454.42 4901.29 85.9192 77.1754 4815.37 176.855 4638.52 8.74371 553.128 27.6755 525.452 11.8971 511.075 14.3776
internal_count=18510 14971 474 433 14497 1032 13465 41 3539 87 3452 51 3387 65
is_linear=0
shrinkage=0.1


Tree=59
num_leaves=9
num_cat=0
split_feature=7 0 6 9 7 3 8 4
split_gain=2.12497 3.91306 3.44298 6.44755 3.40101 3.82774 2.78106 2.44794
threshold=8.941671430499591 4.7514481507241735 8.8587990403175372 0.031445234287485406 7.8726113052925166 2.3165457353048153 0.026537438154452007 1.1337128281593325
decision_type=2 2 2 2 2 2 2 2
left_child=2 -2 4 6 7 -6 -4 -1
right_child=1 -3 3 -5 5 -7 -8 -9
leaf_value=-0.00015676909759807455 -0.00348931112647857 0.08925988648707528 -0.043853558312928254 0.031859549098968723 0.0060438305710545882 0.061844106068610086 -0.13830975081099697 0.024979688710894885
leaf_weight=5318.673459276557 11.351448297500612 7.5904659107327452 7.2374655604362506 7.6069391369819632 36.008324228227139 18.665951311588287 5.4752003103494644 39.027303129434586
leaf_count=18093 39 23 22 22 123 65 20 103
internal_value=0.000241891 0.0336775 0.000125313 -0.0409609 0.000279562 0.0250942 -0.0845348 2.63334e-05
internal_weight=5451.64 18.9419 5432.69 20.3196 5412.38 54.6743 12.7127 5357.7
internal_count=18510 62 18448 64 18384 188 42 18196
is_linear=0
shrinkage=0.1


Tree=60
num_leaves=16
num_cat=0
split_feature=3 3 5 5 4 4 9 8 8 8 3 2 3 7 3
split_gain=2.15321 14.03 8.8323 15.7692 6.44481 25.1843 13.105 9.59079 16.9055 10.9492 7.60987 6.23449 5.82584 11.5803 10.0839
threshold=1.4203383537325094 1.2975068657921276 0.042270056824689657 0.065843777582870758 0.00024414062522825009 0.00013736271660030004 0.038095149361583251 0.035305829456735903 0.034854356445304005 0.036176518848054257 1.8078130357366955 2.628138413966401 1.2823754956215769 3.3333333333333339 1.2717120090641456
decision_type=2 2 2 2 2 2 2 2 2 2 2 2 2 2 2
left_child=1 12 11 -4 5 6 -2 8 -6 -9 -7 -3 14 -14 -1
right_child=4 2 3 -5 7 10 -8 9 -10 -11 -12 -13 13 -15 -16
leaf_value=-0.0015322419909968429 -0.0032090456850069728 0.043742507120415365 -0.076613239842491715 0.012868693865731796 -0.0015393420335376405 -0.06842972049844108 -0.060810730908290478 0.042029525810243787 -0.060327187348956673 0.0055001147999912178 -0.21665224316663451 0.0055264177982698084 -0.11022160427205602 0.0014261023341669095 0.044682943128018633
leaf_weight=2027.5002050921321 466.87065786868334 152.34272734075785 21.423123762011528 244.03415770456195 1666.3951161876321 6.7342354208230955 43.147639542818069 97.470369353890419 50.395671404898167 518.76543755084276 7.1322600543498993 59.306774064898491 14.533008269965647 25.751417174935341 48.338542081415653
leaf_count=8630 1410 489 77 701 4713 23 145 247 165 1461 30 151 68 66 134
internal_value=0.000219316 0.00230557 0.0177963 0.00564726 -0.00167438 -0.0116974 -0.00808216 0.000576299 -0.00326503 0.011278 -0.144668 0.0330339 -0.001187 -0.0388519 -0.000456063
internal_weight=5450.14 2593.23 477.107 265.457 2856.91 523.885 510.018 2333.03 1716.79 616.236 13.8665 211.65 2116.12 40.2844 2075.84
internal_count=18510 10316 1418 778 8194 1608 1555 6586 4878 1708 53 640 8898 134 8764
is_linear=0
shrinkage=0.1


Tree=61
num_leaves=13
num_cat=0
split_feature=9 8 7 0 8 8 8 3 3 6 3 9
split_gain=2.11929 10.8853 9.04642 14.9978 7.97211 16.9072 8.06003 7.39395 7.04976 15.4082 10.1979 5.383
threshold=0.027028248650108853 0.025967592523194253 3.6691413935616413 1.808596636473095 0.025396921803400755 0.024834846742096756 0.025620267397453652 1.4901563776497031 1.3498490918386536 2.498739278167593 1.2403920143193023 0.028614652378396953
decision_type=2 2 2 2 2 2 2 2 2 2 2 2
left_child=1 8 3 -3 5 -2 -6 -4 10 -10 -1 -8
right_child=4 2 7 -5 6 -7 11 -9 9 -11 -12 -13
leaf_value=0.0060009905006429198 0.01317640845807108 -0.021250481384297561 0.027505960181434155 -0.11757318690038905 0.083231759625344112 -0.18101905722924744 0.0098586695008470986 -0.029910629134830991 -0.093277147020675522 -0.0023072839032566377 0.063526627466650651 -0.00028267041853681621
leaf_weight=209.57407503947616 11.252145044505598 47.569190680980682 37.528844624757767 24.485262364149094 11.951856419444082 7.4526924565434447 599.68452026508749 55.742058306932449 19.978417500853539 273.64083282649517 36.129583954811096 4114.5337707214057
leaf_count=891 36 274 93 105 33 36 1963 162 99 777 101 13940
internal_value=0.000197494 -0.00491982 -0.0273684 -0.0539825 0.000957452 -0.0641982 0.00121532 -0.00680827 0.00196162 -0.00849705 0.0144599 0.00100739
internal_weight=5449.52 704.648 165.325 72.0545 4744.87 18.7048 4726.17 93.2709 539.323 293.619 245.704 4714.22
internal_count=18510 2502 634 379 16008 72 15936 255 1868 876 992 15903
is_linear=0
shrinkage=0.1


Tree=62
num_leaves=15
num_cat=0
split_feature=9 8 3 7 2 3 6 9 4 4 6 0 1 0
split_gain=2.12549 10.7422 9.56396 7.54065 13.2248 10.7192 9.9328 11.8923 11.8117 6.74414 6.61748 3.41655 7.09123 4.00101
threshold=0.042231731435171359 0.044454744026974205 1.9942429919152178 2.5470403881319759 1.5801497179396502 0.90408894410676754 3.3754253387451176 0.042916129696863002 0.0087890662289942505 0.031494144372118157 2.8953239636410903 0.56886819909505004 0.62147998450334951 0.72308349609375011
decision_type=2 2 2 2 2 2 2 2 2 2 2 2 2 2
left_child=1 11 10 4 5 -2 8 -8 -5 -6 -3 12 -1 -13
right_child=3 2 -4 6 9 -7 7 -9 -10 -11 -12 13 -14 -15
leaf_value=0.0035369190793916971 -0.029304166410478723 -0.054455022597924702 0.021159258680171461 -0.0027205345931884083 -0.038723791343553721 0.068130988486202845 0.065071619863103919 -0.013551320834445185 0.077083627086886722 -0.14641163681965608 -0.17327447047867783 0.027561218591625844 -0.054354213661838006 0.00011331896215888654
leaf_weight=53.348628632724285 26.254814155399799 12.13186171278358 9.6315353661775571 30.109844997525215 16.17454614490271 19.810434639453888 23.660108759999275 102.94015195965767 48.292916744947433 9.0804747790098173 7.6384012252092353 53.677032496780157 35.067602941766381 5000.0635789521039
leaf_count=475 173 56 25 88 64 90 52 294 109 45 29 312 329 16369
internal_value=0.000175857 -0.00028072 -0.0605536 0.00872097 -0.0192862 0.012598 0.0184646 0.00114239 0.0464356 -0.0774431 -0.100362 6.39079e-05 -0.0194238 0.00040485
internal_weight=5447.88 5171.56 29.4018 276.323 71.3203 46.0652 205.003 126.6 78.4028 25.255 19.7703 5142.16 88.4162 5053.74
internal_count=18510 17595 110 915 372 263 543 346 197 109 85 17485 804 16681
is_linear=0
shrinkage=0.1


Tree=63
num_leaves=11
num_cat=0
split_feature=1 1 2 4 0 0 3 6 9 8
split_gain=1.94508 9.90961 11.7096 8.23858 3.36236 3.67176 9.1488 4.26721 2.96178 2.38943
threshold=4.8091970606756194 4.8423089298718036 4.2232898982920251 0.25028039166727561 5.5241041183471689 4.3807729692514394 2.4871541643045192 7.905923815735151 0.029019050882444702 0.033388860261775309
decision_type=2 2 2 2 2 2 2 2 2 2
left_child=4 8 -3 -4 5 7 -7 -1 -2 -10
right_child=1 2 3 -5 -6 6 -8 -9 9 -11
leaf_value=0.0001908985419994025 0.12367019530585331 -0.12701608923602922 -0.032010164025332417 0.038253351101503082 0.050128886295426479 -0.020037451933924939 0.014476661656607121 0.029166354042199857 -0.0046001587673395261 0.077445355615848255
leaf_weight=4914.7006924524903 7.4739603996276882 6.9442875087261191 28.430746540427208 40.401223175227642 13.294289648532866 260.12782408297062 108.97653782367706 51.35686119645834 5.6713585406541815 9.4881953299045545
leaf_count=16957 17 25 95 131 32 770 292 145 19 27
internal_value=0.000156834 0.0140881 -0.00325467 0.00923131 -9.94965e-05 -0.000224657 -0.0098473 0.00049055 0.0721511 0.0467512
internal_weight=5446.87 98.4098 75.7763 68.832 5348.46 5335.16 369.104 4966.06 22.6335 15.1596
internal_count=18510 314 251 226 18196 18164 1062 17102 63 46
is_linear=0
shrinkage=0.1


Tree=64
num_leaves=15
num_cat=0
split_feature=9 9 3 2 9 6 8 5 5 8 8 4 9 1
split_gain=1.91209 19.4104 12.4823 18.2071 12.0619 20.5892 15.846 19.4471 11.4377 9.84119 6.52146 20.6334 9.89764 5.53351
threshold=0.029061030588642303 0.028614652378396953 2.1791582966958694 3.0002638514813715 0.029721634601298404 7.6800621915242289 0.028481130018822454 0.17314662254983307 0.73145388729342975 0.027867276908422004 0.029315862708781355 0.14453159747341712 0.027978643335795656 1.3860431604828387
decision_type=2 2 2 2 2 2 2 2 2 2 2 2 2 2
left_child=1 10 9 -4 5 8 7 -6 -2 -3 12 -12 -1 -8
right_child=4 2 3 -5 6 -7 13 -9 -10 -11 11 -13 -14 -15
leaf_value=-0.0017308922487598837 0.025327271452759877 -0.088252473175976842 0.10000577570584744 -0.036625305352236986 -0.11083345268921284 -0.14106773668404884 -0.0096960594254524475 0.010109950008220134 -0.10958982801327453 -0.030305948252042483 -0.1050365382024098 0.052096175447258267 0.019899847054914044 0.0019675772320821116
leaf_weight=1031.6002337429672 333.65222988277674 38.196778483688831 16.275239363312721 24.337444566190243 28.526952065527439 7.8456950709223738 469.62148380279541 24.89964909479022 6.4041565209627143 125.95018666982651 20.586634591221809 14.066924821585415 266.10533409938216 3038.5186256244779
leaf_count=3601 1039 160 35 73 127 32 2970 77 24 462 93 37 836 8944
internal_value=0.000144225 -0.00284389 -0.0315089 0.0181286 0.00131909 0.0190913 -0.000416941 -0.0544674 0.0227864 -0.04379 0.0015614 -0.0412516 0.00270467 0.00040621
internal_weight=5446.59 1537.12 204.76 40.6127 3909.47 347.902 3561.57 53.4266 340.056 164.147 1332.36 34.6536 1297.71 3508.14
internal_count=18510 5297 730 108 13213 1095 12118 204 1063 622 4567 130 4437 11914
is_linear=0
shrinkage=0.1


Tree=65
num_leaves=13
num_cat=0
split_feature=9 6 1 6 1 9 2 1 9 8 7 1
split_gain=1.85597 5.52033 8.89013 8.18187 5.54684 3.40563 14.2351 7.33189 2.89095 8.70375 8.37177 2.02782
threshold=0.048306246752310857 3.3754253387451176 2.1822577646459695 4.4688720703125009 1.8896865370230997 0.046408474464205852 3.4163064910516807 2.1042420648562064 0.042231731435171359 0.044454744026974205 2.5282861237899286 3.0002028581093447
decision_type=2 2 2 2 2 2 2 2 2 2 2 2
left_child=5 2 4 -3 -2 8 7 -7 9 -1 -10 -5
right_child=1 3 -4 11 -6 6 -8 -9 10 -11 -12 -13
leaf_value=2.7695341421881674e-05 0.029831616125027272 -0.10673564544598886 0.1141193720606843 0.064094604557364251 -0.081965804821163474 -0.038415767655977859 0.047769341714454842 -0.15587087331604565 -0.029401451234417994 -0.054581886047508188 0.024524704406516433 -0.0099602806815894292
leaf_weight=5137.8403007984161 25.945765756070617 7.6951810717582729 11.320164933800696 6.1387949138879767 5.3536761850118628 16.228728279471401 14.768917441368101 7.9025768637657157 36.661683812737465 29.352347284555435 134.05377481877804 9.2983866035938245
leaf_count=17485 106 26 20 13 18 73 38 29 215 110 350 27
internal_value=0.000129852 0.0168289 0.0381758 -0.022501 0.010709 -7.4358e-05 -0.0295556 -0.0768802 0.000140488 -0.000282516 0.0129439 0.0194886
internal_weight=5442.56 65.752 42.6196 23.1324 31.2994 5376.81 38.9002 24.1313 5337.91 5167.19 170.715 15.4372
internal_count=18510 210 144 66 124 18300 140 102 18160 17595 565 40
is_linear=0
shrinkage=0.1


Tree=66
num_leaves=16
num_cat=0
split_feature=3 3 0 6 9 4 4 1 3 3 5 5 0 6 8
split_gain=1.87749 11.2157 13.0767 17.6386 13.0206 8.33657 11.5324 7.09698 6.1292 8.01813 17.8337 7.04558 6.64374 4.95809 1.78158
threshold=1.4203383537325094 1.3937085607863613 2.8755226135253911 4.6188845634460458 0.028466902989027404 0.52444779872894298 0.37894453123226418 4.1389075673014384 1.5550425626959636 1.5744103251304262 0.049917815509505907 0.66666960015763288 1.6826858520507815 3.9762834849041089 0.034605807676732658
decision_type=2 2 2 2 2 2 2 2 2 2 2 2 2 2 2
left_child=1 5 4 -4 -3 6 -1 -7 11 10 -10 12 -2 -11 -13
right_child=8 2 3 -5 -6 7 -8 -9 9 13 -12 14 -14 -15 -16
leaf_value=-7.0687413246257822e-06 0.012012541889651444 -0.028420175517250835 -0.086540492776719879 0.033547811837477175 0.071197269546853278 -0.014923374649737531 0.026111938754629582 -0.092820239620170608 -0.038528301975387841 -0.0071183011007801113 0.065329359042359522 0.07779695293280639 -0.021709725968807957 0.002532580649898363 0.013030704708376653
leaf_weight=2086.9495276547968 71.240878105163574 16.038374736905098 19.130210742354393 33.914345189929008 72.126049235463142 162.76301759853959 183.94574276544154 12.601414635777472 24.27697665989399 809.62410073727369 51.835262134671211 9.7540576308965701 324.69125211238861 1554.2528446987271 7.5230290815234175
leaf_count=8666 274 63 61 83 206 543 645 49 79 2468 122 20 965 4246 20
internal_value=0.000117485 0.00206819 0.0294711 -0.00976134 0.0530754 0.00048637 0.00210861 -0.0205209 -0.00165154 0.000255795 0.0322026 -0.0129143 -0.015642 -0.000772831 0.0495955
internal_weight=5440.67 2587.47 141.209 53.0446 88.1644 2446.26 2270.9 175.364 2853.2 2439.99 76.1122 413.209 395.932 2363.88 17.2771
internal_count=18510 10316 413 144 269 9903 9311 592 8194 6915 201 1279 1239 6714 40
is_linear=0
shrinkage=0.1


Tree=67
num_leaves=16
num_cat=0
split_feature=9 8 8 7 8 0 8 5 2 3 2 9 8 4 8
split_gain=1.81179 17.9364 20.2038 14.2 23.3887 10.6948 9.19288 11.1842 9.89084 9.27026 8.55492 8.32083 25.0846 9.76799 3.46941
threshold=0.036124438595642454 0.036176518848054257 0.035904065045693552 3.0929877446414573 0.037424634965564856 1.7906180922195747 0.035231246020190059 0.22176829464569783 2.4164468475176828 1.6839974165328091 1.9004112024204727 0.037074312903873509 0.039231448878427708 0.74774172902243674 0.035719589445014459
decision_type=2 2 2 2 2 2 2 2 2 2 2 2 2 2 2
left_child=1 2 14 5 -5 -3 7 8 -2 -9 -4 12 -8 -13 -1
right_child=6 3 10 4 -6 -7 11 9 -10 -11 -12 13 -14 -15 -16
leaf_value=1.286157434577643e-05 -0.1428588767996056 -0.044180632453135284 -0.026861551555678143 -0.045873476057745687 0.044973857726222227 -0.1355921121584589 0.038666257825430483 0.075949911447051155 -0.020061632269679212 -0.063736226994588835 0.081870353989553599 0.0040965206279641809 -0.080213544421194174 -0.04433558433754483 -0.035169634895124681
leaf_weight=4095.2724857889116 13.392767876386644 46.624813079833984 8.7371265292167646 73.847565531730652 45.985777527093887 17.641502872109413 158.47640497609973 11.308239597827198 12.85534320771694 8.1933174431323987 42.118149869143963 814.00266204029322 19.988487992435694 43.88786906003952 28.221846967935562
leaf_count=13885 75 263 49 227 113 72 520 33 35 26 94 2790 78 146 104
internal_value=0.000106755 -0.000802532 0.000544673 -0.0313496 -0.011011 -0.0692737 0.00376913 -0.0400992 -0.0827174 0.0172627 0.0631898 0.00570569 0.0253514 0.00161884 -0.000227933
internal_weight=5440.55 4358.45 4174.35 184.1 119.833 64.2663 1082.11 45.7497 26.2481 19.5016 50.8553 1036.36 178.465 857.891 4123.49
internal_count=18510 14807 14132 675 340 335 3703 169 110 59 143 3534 598 2936 13989
is_linear=0
shrinkage=0.1


Tree=68
num_leaves=14
num_cat=0
split_feature=8 9 4 9 4 6 0 9 6 4 9 9 0
split_gain=1.7959 8.30769 8.58013 8.0374 13.1871 9.51386 9.23513 6.86358 7.36844 5.80569 4.58025 14.8467 9.70953
threshold=0.039715755772169813 0.037074312903873509 0.093750000003652204 0.037981879189669505 1.4418037608265879e-06 1.0365896803152943 2.1749677686817583 0.040513771243254108 1.3321533203125002 0.017578125007408001 0.036124438595642454 0.035997126505940856 4.2503242464684226
decision_type=2 2 2 2 2 2 2 2 2 2 2 2 2
left_child=3 2 -2 10 5 -5 -6 9 -9 -3 11 -1 -12
right_child=1 7 -4 4 6 -7 -8 8 -10 -11 12 -13 -14
leaf_value=-0.00031943520251604454 -0.15227021430893364 0.0027306624363773934 0.021989339077751961 0.066014328911221123 -0.04989987652304053 -0.11405972268325147 0.008059277194300097 0.049607581181824262 -0.0049284856940050121 0.036593597450505673 0.016903610108933365 -0.096608406980025777 -0.041127833346172191
leaf_weight=4338.8385396394879 6.6825202107429487 90.563388548791409 4.8954529277980328 3.3956409543752697 40.057903416454792 21.579187005758286 87.635054342448711 26.663373328745365 349.75086678937078 114.81970217078924 305.31292236223817 16.072449881583452 31.838402509689331
leaf_count=14728 31 346 16 28 182 108 237 168 1120 332 1033 72 109
internal_value=9.58048e-05 0.00528843 -0.078589 -0.000540181 -0.0231206 -0.0895764 -0.0101228 0.00695762 -0.00106541 0.0216618 0.000194527 -0.000674804 0.0114235
internal_weight=5438.11 593.375 11.578 4844.73 152.668 24.9748 127.693 581.797 376.414 205.383 4692.06 4354.91 337.151
internal_count=18510 2013 47 16497 555 136 419 1966 1288 678 15942 14800 1142
is_linear=0
shrinkage=0.1


Tree=69
num_leaves=15
num_cat=0
split_feature=3 4 4 2 3 8 8 8 9 5 5 2 5 1
split_gain=1.80147 8.75655 8.36912 9.12003 8.3617 9.51187 21.698 7.36468 16.4757 7.34396 5.78597 4.4808 12.4175 7.97962
threshold=0.56916989255896577 0.062744680908508557 0.031494144372118157 1.1626179023418095 0.58835879082059905 0.04039802305186161 0.032701505365585005 0.032638776938369807 0.032978673420281705 0.056902024833327201 0.56136711318848209 1.0584635516652536 0.1642295392995399 1.0165858102259675
decision_type=2 2 2 2 2 2 2 2 2 2 2 2 2 2
left_child=1 2 9 -4 5 6 -2 10 -9 -1 -3 12 -6 -13
right_child=4 7 3 -5 11 -7 -8 8 -10 -11 -12 13 -14 -15
leaf_value=-0.000882064440813664 0.070417899444334589 -0.11130524757481364 0.18920552521175044 -0.00077273936494050104 -0.030419624977340572 0.16594893016165765 -0.10575769699337789 0.16222300301272552 -0.040197905425105845 -0.12402564660312287 -0.029796711468835571 0.031921376681707352 0.050070556797666123 0.00018869706050175068
leaf_weight=298.87862418219447 27.903548270463943 17.777729537338018 4.8151544183492643 5.3173483908176422 118.18309446424246 5.6108260676264754 9.3277760520577413 4.9939387664198902 20.639141384512186 4.9226791635155669 17.072665903717279 80.5749801248312 22.876845659688115 4798.8511295840144
leaf_count=1559 135 138 21 21 886 15 64 19 127 36 72 496 161 14760
internal_value=8.51996e-05 -0.00660815 0.000104405 0.0895085 0.000580152 0.0445714 0.0262796 -0.041449 -0.000761458 -0.00287744 -0.0713755 0.000204754 -0.0173659 0.000712705
internal_weight=5437.75 374.417 313.934 10.1325 5063.33 42.8422 37.2313 60.4835 25.6331 303.801 34.8504 5020.49 141.06 4879.43
internal_count=18510 1993 1637 42 16517 214 199 356 146 1595 210 16303 1047 15256
is_linear=0
shrinkage=0.1


Tree=70
num_leaves=14
num_cat=0
split_feature=7 8 7 8 5 9 1 3 6 2 5 4 5
split_gain=1.78611 5.80178 12.6076 9.71543 6.95596 6.47647 4.57862 12.8632 12.2409 9.90668 5.75948 3.98368 3.70083
threshold=6.4447910680756051 0.025967592523194253 7.1555559818719123 0.026304969814729854 0.14124637661672182 0.023655304279090454 4.1651140164659717 2.4871541643045192 6.3196258876194804 4.8487372820517791 0.14948720255231787 0.51619303692132246 0.062220617662799259
decision_type=2 2 2 2 2 2 2 2 2 2 2 2 2
left_child=6 2 12 -3 -5 -4 9 8 -8 11 -9 -1 -2
right_child=1 3 5 4 -6 -7 7 10 -10 -11 -12 -13 -14
leaf_value=0.00088485964890315451 0.11163132008041857 -0.12189763552841544 -0.091774997751861098 -0.017150478254487744 0.011387295349454369 0.0087510036763431762 -0.017065552508268838 0.045706202340387629 -0.087375236246589508 0.11298503262192927 -0.0067133561063548791 -0.0095469576600643469 0.047999235946714951
leaf_weight=4292.434323547408 12.773068636655806 6.3525702357292166 7.8832744657993308 122.55789951235056 281.80100812762976 34.266547061502934 123.50960110872984 38.798215463757515 30.971012637019157 7.7726314514875403 45.589296042919159 400.20021709427238 32.13433638215065
leaf_count=15101 24 23 26 379 890 101 357 92 103 17 136 1180 81
internal_value=7.10754e-05 0.00578047 0.0292299 0.000809964 0.00273773 -0.0100504 -0.000504305 -0.0140102 -0.0311616 0.000182048 0.0173872 -4.79317e-06 0.0660982
internal_weight=5437.04 497.769 87.0572 410.711 404.359 42.1498 4939.28 238.868 154.481 4700.41 84.3875 4692.63 44.9074
internal_count=18510 1524 232 1292 1269 127 16986 688 460 16298 228 16281 105
is_linear=0
shrinkage=0.1


Tree=71
num_leaves=11
num_cat=0
split_feature=1 1 2 4 9 0 0 6 5 8
split_gain=1.75261 8.30801 8.83555 6.55683 2.83431 2.61353 3.53247 9.22993 2.52126 2.16787
threshold=4.8091970606756194 4.8423089298718036 4.2232898982920251 0.25028039166727561 0.029019050882444702 5.5241041183471689 5.2499603033065805 6.7894879328086981 0.43209975107807824 0.033388860261775309
decision_type=2 2 2 2 2 2 2 2 2 2
left_child=5 4 -3 -4 -2 6 8 -8 -1 -6
right_child=1 2 3 -5 9 -7 7 -9 -10 -11
leaf_value=0.00067994980069792474 0.12115818367871874 -0.10589626683254688 -0.026893461302742686 0.035651039030820182 -0.0052099463150056327 0.044926091641691285 -0.11730314643969575 0.011232279850234729 -0.0061185017362156017 0.073848348069115458
leaf_weight=4686.3996402546763 6.8787673115730312 7.4121473580598822 29.179475113749504 39.386386230587959 5.649115875363349 12.818185552954672 9.170047730207445 14.296532124280928 617.36497175320983 8.9853303059935552
leaf_count=16243 17 25 95 131 19 32 31 40 1850 27
internal_value=6.84124e-05 0.0133556 -0.00217813 0.00903407 0.0682157 -0.000174166 -0.000282684 -0.0389956 -0.000111399 0.0433307
internal_weight=5437.54 97.4912 75.978 68.5659 21.5132 5340.05 5327.23 23.4666 5303.76 14.6344
internal_count=18510 314 251 226 63 18196 18164 71 18093 46
is_linear=0
shrinkage=0.1


Tree=72
num_leaves=16
num_cat=0
split_feature=6 6 2 9 8 8 7 6 7 5 5 2 5 1 2
split_gain=1.71979 7.98214 20.5358 11.2336 8.39838 11.5559 8.8528 4.61593 8.53802 8.21905 22.0067 6.99349 2.60254 0.0117662 0.00351488
threshold=1.553153991699219 1.3950428314901731 1.0584635516652536 0.026864687535349104 0.023655557653908053 0.024945524138419353 1.1483406550320865 1.7441729118141225 1.6297735778760016 0.33333386430052253 0.25066940638753893 0.72282655097279502 0.44444640010508857 0.94673068129858262 1.0944267782376362
decision_type=2 2 2 2 2 2 2 2 2 2 2 2 2 2 2
left_child=1 4 13 -4 6 -6 -1 9 14 10 -2 -10 -11 -3 -9
right_child=7 2 3 -5 5 -7 -8 8 11 12 -12 -13 -14 -15 -16
leaf_value=0.016033735033985943 0.015198481395385131 -0.11115023032241195 0.09294386247821379 -0.020404217777862072 -0.11461450578088575 0.0019376506363418138 0.16454448855382878 -0.11724933414112988 0.050821581791108253 -0.12175877398844144 0.2026186821894839 -8.2668359289255942e-05 0.0043955826685651306 -0.1156733113272914 -0.12214069239669229
leaf_weight=11.101134374737741 117.68855816870928 12.212916579097511 10.004145607352255 69.393927946686745 8.8124092668294889 245.25980380550027 6.287156753242015 2.6941739469766608 27.138463467359543 5.1968935951590529 6.6172801405191413 4898.706548281014 2.3861024230718613 10.870461918413637 3.2308409139513969
leaf_count=67 626 144 55 456 83 1931 26 22 131 39 31 14763 16 98 22
internal_value=6.39343e-05 -0.00648039 -0.0302591 -0.00612238 0.00249652 -0.00210492 0.0697314 0.00054722 5.34786e-05 0.0190099 0.0251756 0.000197784 -0.0820624 -0.11328 -0.119917
internal_weight=5437.6 373.942 102.481 79.3981 271.461 254.072 17.3883 5063.66 4931.77 131.889 124.306 4925.85 7.583 23.0834 5.92501
internal_count=18510 2860 753 511 2107 2014 93 15650 14938 712 657 14894 55 242 44
is_linear=0
shrinkage=0.1


Tree=73
num_leaves=11
num_cat=0
split_feature=1 1 6 2 4 2 4 4 3 5
split_gain=1.73197 10.2112 9.25523 8.0622 12.3895 9.44542 5.4759 9.68499 7.75501 2.40735
threshold=2.9866828785916515 2.9999350821634021 7.0264203892023565 3.632919140159975 0.029046060546662453 3.3559082042031729 0.0039062500036382009 0.0016830612638077502 1.0377490433255421 0.21806159349263168
decision_type=2 2 2 2 2 2 2 2 2 2
left_child=2 9 3 5 -5 -1 7 -3 -8 -2
right_child=1 6 -4 4 -6 -7 8 -9 -10 -11
leaf_value=-0.0014315598549548185 0.090362153321236566 0.0057684611363860092 -0.13966536439308716 0.0037214731687135274 -0.18028055604060567 0.043997612786131804 0.027381013024971309 0.050479881705953203 -0.0030308643664060772 0.030161654620280531
leaf_weight=3337.9557406175882 14.924464181065561 399.25329566001892 4.8294716775417319 8.6270565390586835 6.3550387173891059 46.403139874339104 88.946293339133263 55.136919915676117 1463.0244473442435 11.97040545940399
leaf_count=12826 29 1014 17 22 24 105 220 129 4096 28
internal_value=5.00782e-05 0.00235939 -0.00132924 -0.0011327 -0.0743277 -0.000808678 0.0015389 0.0111939 -0.0012879 0.063568
internal_weight=5437.43 2033.26 3404.17 3399.34 14.9821 3384.36 2006.36 454.39 1551.97 26.8949
internal_count=18510 5516 12994 12977 46 12931 5459 1143 4316 57
is_linear=0
shrinkage=0.1


Tree=74
num_leaves=16
num_cat=0
split_feature=5 0 5 6 2 4 4 4 8 0 2 3 5 3 4
split_gain=1.6703 18.6056 12.8218 9.33041 6.75311 8.78857 6.26626 4.59445 10.1434 12.5462 5.13117 3.97954 12.277 5.7942 3.69099
threshold=0.34764549050014798 1.4062504326053946 0.38728589591186885 4.0313625443377541 1.0584635516652536 0.50390626590524346 0.5078125004820323 0.50001681608231341 0.028925882174290502 3.8458717659485209 2.1720953233776767 1.4203383537325094 0.33138451042034106 1.4481506250347003 0.32129484415054327
decision_type=2 2 2 2 2 2 2 2 2 2 2 2 2 2 2
left_child=7 4 6 -4 5 -2 -3 11 9 -9 -10 12 -1 -13 -6
right_child=1 2 3 -5 14 -7 -8 8 10 -11 -12 13 -14 -15 -16
leaf_value=0.0011273199994871299 -0.11294067231310889 0.019123518848152863 0.018572571100404566 -0.0059846101300317913 -0.01780328447467704 0.080042280642637686 0.061245740845002783 -0.146454049359343 -0.063669427177923871 0.027260630925293558 0.015219971356636088 -0.032464320433039547 0.040315440013216526 -0.0025099221090073998 -0.11592444395048361
leaf_weight=2126.9786006249487 3.9784521739929897 133.11941573768854 213.26938211917877 563.56225020438433 4.7614606171846416 5.8002698943018913 48.070430032908916 12.589530430734159 10.605287618935106 6.2075413465499869 37.042006716132164 66.625554144382477 83.065929103642702 2099.3368318900466 19.67528186365962
leaf_count=8756 51 367 603 1605 26 53 117 52 46 16 94 223 305 6057 139
internal_value=4.70832e-05 0.00375657 0.00634441 0.000757256 -0.0687022 0.00152758 0.0302987 -0.000781443 -0.0268799 -0.0890865 -0.00233915 -0.000385169 0.00260023 -0.00343133 -0.0968057
internal_weight=5434.69 992.237 958.021 776.832 34.2155 9.77872 181.19 4442.45 66.4444 18.7971 47.6473 4376.01 2210.04 2165.96 24.4367
internal_count=18510 2961 2692 2208 269 104 484 15549 208 68 140 15341 9061 6280 165
is_linear=0
shrinkage=0.1


Tree=75
num_leaves=13
num_cat=0
split_feature=1 1 2 6 8 2 2 2 3 2 2 2
split_gain=1.6706 5.78756 15.016 9.28228 4.32968 8.1709 13.0725 6.80333 15.3432 3.79124 5.56253 2.69426
threshold=0.92986588421478833 0.99438129742281167 1.3886043197112303 1.8323788715133145 0.040626747040283406 1.241945662610545 0.8786657642610104 1.255300339228439 1.4692722165720393 0.72282655097279502 0.99924726701666267 1.4500318461487869
decision_type=2 2 2 2 2 2 2 2 2 2 2 2
left_child=4 2 3 -2 7 6 -6 8 -1 -3 -11 -9
right_child=1 9 -4 -5 5 -7 -8 11 -10 10 -12 -13
leaf_value=-0.013568138514689038 0.034322858447028176 0.070305908727536198 0.16800266980558459 -0.091085369287272538 0.071783244932922902 0.16083479970380674 -0.087900425094533524 -0.11991932690739626 0.23242668585936582 -0.049096047986554585 0.00017911711278147634 -0.0029726310057258155
leaf_weight=156.21057455614209 31.863736629486084 7.672756038606166 7.2259150445461264 7.2437963038682929 12.233978454023605 3.9963587075471869 8.8247425593435747 8.1699295639991742 2.5773287191987029 23.011633366346359 5162.9581459313631 2.5959345623850814
leaf_count=1355 210 36 29 38 75 14 68 65 11 139 16453 17
internal_value=4.041e-05 0.000378295 0.0355645 0.0110938 -0.00905738 0.0297445 0.00486715 -0.0147912 -0.00957533 6.4393e-05 -3.95309e-05 -0.0917204
internal_weight=5434.58 5239.98 46.3334 39.1075 194.609 25.0551 21.0587 169.554 158.788 5193.64 5185.97 10.7659
internal_count=18510 16905 277 248 1605 157 143 1448 1366 16628 16592 82
is_linear=0
shrinkage=0.1


Tree=76
num_leaves=12
num_cat=0
split_feature=7 7 2 2 6 2 6 8 8 6 7
split_gain=1.65467 5.83039 6.30984 11.5988 6.28214 7.44009 5.0348 4.69249 4.51799 3.85806 4.39132
threshold=5.717960192513865 5.8844537980476046 2.7354564901917757 2.4705385651895875 5.696664644162527 3.7563605459582488 6.5036778450012216 0.030268517986058653 0.04393074600309891 6.4790365832049899 5.6500609628956129
decision_type=2 2 2 2 2 2 2 2 2 2 2
left_child=6 4 3 -3 5 -2 9 -6 -4 10 -1
right_child=1 2 8 -5 7 -7 -8 -9 -10 -11 -12
leaf_value=-0.00039090475974239115 -0.072358155378391659 0.020340392791105451 0.0036392683962006862 -0.16139276131026925 0.06637812527398626 0.023469364625028338 -0.0730281614685869 0.011871728044621234 -0.039579924399310192 0.082525387112809531 -0.033092876658295765
leaf_weight=4486.351294323802 11.742901936173437 7.4546765089035016 747.6954263523221 6.6400905251502991 39.970869705080986 26.132201850414276 9.6148353070020658 26.11337448656559 24.996154457330704 5.5782023370265952 41.442006155848503
leaf_count=15751 36 18 2215 24 85 71 29 68 83 11 119
internal_value=3.15656e-05 0.00397252 0.00103165 -0.0652747 0.0262296 -0.00624126 -0.000741138 0.0448398 0.00224115 -0.000587825 -0.00069022
internal_weight=5433.73 890.746 786.786 14.0948 103.959 37.8751 4542.99 66.0842 772.692 4533.37 4527.79
internal_count=18510 2600 2340 42 260 107 15910 153 2298 15881 15870
is_linear=0
shrinkage=0.1


Tree=77
num_leaves=13
num_cat=0
split_feature=9 8 9 0 9 0 0 0 8 8 8 9
split_gain=1.62385 8.36775 8.67728 11.1771 9.66772 6.48531 16.6751 10.8027 6.33719 14.2381 6.47715 4.20032
threshold=0.027028248650108853 0.025967592523194253 0.025894555071865104 2.7306164245819677 0.026527266527141054 0.89165500735673509 0.79703047161456209 2.0937286696783421 0.025396921803400755 0.024834846742096756 0.025620267397453652 0.028353227783446403
decision_type=2 2 2 2 2 2 2 2 2 2 2 2
left_child=1 5 3 -3 -4 6 -1 -7 9 -2 -10 -12
right_child=8 2 4 -5 -6 7 -8 -9 10 -11 11 -13
leaf_value=0.0086573092731755813 0.013108395532085593 -0.041244476961272369 0.016602980159244444 -0.20985555899136391 -0.03645927547012158 -0.023875645110537715 0.18209548335529974 0.0082205874546504056 0.074307368741990037 -0.16675589005365157 0.0096920770231900336 -0.00026036702023560942
leaf_weight=27.593224342912436 11.158211939036848 15.044685605913402 56.638087727129459 5.3222915828227988 87.200761564075947 149.0913533680141 6.9370988756418219 353.48780182003975 11.997542306780813 7.2676839157938948 471.31612820550799 4228.9981137625873
leaf_count=179 36 65 200 22 347 686 30 973 33 36 1547 14356
internal_value=3.03325e-05 -0.00446021 -0.0242156 -0.0853059 -0.0155654 0.00157942 0.0435008 -0.00130084 0.00069604 -0.0578351 0.000924906 0.000737598
internal_weight=5432.05 701.315 164.206 20.367 143.839 537.109 34.5303 502.579 4730.74 18.4259 4712.31 4700.31
internal_count=18510 2502 634 87 547 1868 209 1659 16008 72 15936 15903
is_linear=0
shrinkage=0.1


Tree=78
num_leaves=15
num_cat=0
split_feature=9 9 3 2 9 6 8 6 8 8 8 4 9 1
split_gain=1.61045 15.7961 10.2108 14.7952 9.91366 15.7422 13.0387 15.7008 11.2439 8.22959 5.78961 12.0428 5.43297 4.55918
threshold=0.029061030588642303 0.028614652378396953 2.1791582966958694 3.0002638514813715 0.029721634601298404 7.6800621915242289 0.028481130018822454 5.8332672119140634 0.028726762622525302 0.027867276908422004 0.029808569695386904 0.12281913687574832 0.027978643335795656 1.3860431604828387
decision_type=2 2 2 2 2 2 2 2 2 2 2 2 2 2
left_child=1 10 9 -4 5 8 7 -6 -2 -3 12 -12 -1 -8
right_child=4 2 3 -5 6 -7 13 -9 -10 -11 11 -13 -14 -15
leaf_value=-0.0014948606969201104 0.041842063319399159 -0.080825022065333513 0.090116297107995846 -0.032809839725248355 -0.084709458823907555 -0.11748137237603945 -0.0089409059215110817 0.035096915069285181 0.0050129639287782041 -0.027520596528420684 -0.16763233507053674 0.036586093601919854 0.01411613627572466 0.0016861162078528316
leaf_weight=1031.1863893251866 143.46203337237239 37.647013828158379 16.255199447274208 24.621809497475624 37.474656730890274 8.4669600352644903 465.70593493431807 15.44763061404228 196.35744072496891 125.57086134329438 5.989925801753996 5.5753356367349625 284.42391507700086 3032.2851203605533
leaf_count=3615 421 160 35 73 165 32 2970 39 642 462 33 14 905 8944
internal_value=2.59287e-05 -0.00272207 -0.0286219 0.0160731 0.00110511 0.0172053 -0.000474059 -0.0497388 0.0205612 -0.0398155 0.00126084 -0.0691835 0.00188011 0.000271285
internal_weight=5430.47 1531.27 204.095 40.877 3899.2 348.286 3550.91 52.9223 339.819 163.218 1327.18 11.5653 1315.61 3497.99
internal_count=18510 5297 730 108 13213 1095 12118 204 1063 622 4567 47 4520 11914
is_linear=0
shrinkage=0.1


Tree=79
num_leaves=13
num_cat=0
split_feature=2 2 0 0 6 2 9 3 3 9 3 7
split_gain=1.81021 15.1145 12.3527 12.3603 10.7591 7.34156 6.90011 5.89378 15.749 14.658 5.10952 0.0332165
threshold=1.255300339228439 1.2959920212224811 1.8205501324575872 1.7487476730649725 3.0674362182617192 1.1821280780057815 0.028791270673975054 0.68399789022247148 0.69358009935311449 0.039925945535283204 1.4008766986199972 2.6648514645285073
decision_type=2 2 2 2 2 2 2 2 2 2 2 2
left_child=2 4 3 5 10 -1 -4 9 -9 -3 -2 -8
right_child=1 7 6 -5 -6 -7 11 8 -10 -11 -12 -13
leaf_value=0.0016654270915046456 -0.10203579534196301 -0.022680409697758711 0.0033318112242782822 0.13236807514253021 0.09291905267211871 0.038859413278285938 -0.1344442170307317 0.12423869270081273 0.00043654626789374625 0.061799012259909109 0.018195908108128229 -0.14670608016543524
leaf_weight=417.85608286038041 26.647400822490457 227.42282992228866 5.3826016932725897 7.9169785529375067 3.7696333527564994 60.789759289473295 4.7263886556029302 10.298197649419306 4630.4734428711236 22.577630177140236 4.0751557648181906 4.1482042372226715
leaf_count=2908 178 874 22 27 11 322 26 31 14000 71 20 20
internal_value=2.27726e-05 -0.000559662 0.00575067 0.00843903 -0.0665242 0.0063892 -0.0859965 -9.44467e-05 0.000711272 -0.015051 -0.0860878 -0.140176
internal_weight=5426.08 4925.26 500.82 486.563 34.4922 478.646 14.2572 4890.77 4640.77 250 30.7226 8.87459
internal_count=18510 15185 3325 3257 209 3230 68 14976 14031 945 198 46
is_linear=0
shrinkage=0.1


Tree=80
num_leaves=16
num_cat=0
split_feature=3 3 2 4 1 3 8 8 6 6 5 7 7 1 7
split_gain=1.86159 13.434 10.6373 17.6005 16.7005 7.22965 8.68862 20.983 5.95727 14.1611 11.3074 5.49754 13.8701 11.4491 4.21337
threshold=0.911005218937047 0.83650625540252688 1.3318307137689755 1.9306608010083441e-06 1.3956804253114095 0.93132920619705206 0.028520886100095604 0.030348940611998356 1.6419373601675036 1.7441729118141225 0.044842158623753313 3.0169008733066152 3.4373717519591445 1.506232112313503 2.9163999390336852
decision_type=2 2 2 2 2 2 2 2 2 2 2 2 2 2 2
left_child=1 11 3 -3 -4 6 14 -8 10 -10 -7 13 -13 -1 -2
right_child=5 2 4 -5 -6 8 7 -9 9 -11 -12 12 -14 -15 -16
leaf_value=0.0025758912145703214 -0.066162123793456887 -0.021311577918965957 -0.085651356077495994 0.12640731148560352 0.028808519984653426 -0.0014827124908822972 0.097404692095598613 -0.057829525858086289 0.055951774637827911 -0.00036137425085541026 -0.067469711061784829 0.070398261651030233 0.00086794726193420543 -0.02784104943526431 -0.17897574566396865
leaf_weight=431.36707065068185 13.003785140812399 12.059810090810059 14.288978829979895 24.355556219816208 118.15772175788879 82.12165068089962 12.506397753953932 28.665721531957388 45.13245751708746 4229.0480052828789 37.977980133146048 34.759209737181664 164.31375063955784 173.53055980801582 4.4412991702556601
leaf_count=2935 68 81 86 132 373 506 41 141 200 12405 284 87 434 719 18
internal_value=1.64643e-05 0.00397938 0.0296205 0.0774867 0.01646 -0.000849321 -0.0357367 -0.0106758 -0.000383943 0.000233255 -0.0223492 -0.00140616 0.0130083 -0.00615 -0.0948831
internal_weight=5425.73 972.833 168.862 36.4154 132.447 4452.9 58.6172 41.1721 4394.28 4274.18 120.1 803.971 199.073 604.898 17.4451
internal_count=18510 4847 672 213 459 13663 268 182 13395 12605 790 4175 521 3654 86
is_linear=0
shrinkage=0.1


Tree=81
num_leaves=9
num_cat=0
split_feature=6 6 3 5 0 7 3 4
split_gain=1.61943 3.78508 6.89175 3.39307 3.32022 3.31463 3.55499 2.29819
threshold=9.3399825388251845 8.8587990403175372 2.0911002175005051 0.098765666374306157 4.8446563091511061 7.8726113052925166 2.7240811532301259 1.1337128281593325
decision_type=2 2 2 2 2 2 2 2
left_child=1 5 -3 -2 -5 7 -7 -1
right_child=3 2 -4 4 -6 6 -8 -9
leaf_value=-0.00037007642203463705 0.084581911726282988 -0.0018837440035678389 -0.1323691832222183 -0.05466512078451613 0.050473776247485495 0.012021108840145128 0.076275447794781015 0.024072195461882974
leaf_weight=5294.3374491427094 6.9841858744621304 12.059258028864862 6.0926688537001601 6.1196582168340665 5.8987330868840218 44.645940877497196 10.668108716607092 38.749856546521187
leaf_count=18093 18 36 24 23 19 156 38 103
internal_value=8.96319e-06 -9.34616e-05 -0.045681 0.0291505 -0.00306202 6.01093e-05 0.0244135 -0.000192481
internal_weight=5425.56 5406.55 18.1519 19.0026 12.0184 5388.4 55.314 5333.09
internal_count=18510 18450 60 60 42 18390 194 18196
is_linear=0
shrinkage=0.1


Tree=82
num_leaves=16
num_cat=0
split_feature=3 3 0 6 3 7 6 1 7 5 1 0 8 6 9
split_gain=1.60944 13.9678 11.0928 20.6429 14.3414 6.2502 14.601 14.6758 9.9811 22.0199 8.11376 6.4915 5.26913 7.77919 7.079
threshold=0.89716298040732301 0.83650625540252688 1.1252672672271731 1.6250837194384078 0.88924732487501223 1.6670033485650435 1.3752784290063553 1.3860431604828387 1.7777890419106768 0.25066940638753893 1.5185938585332697 0.40580896146619011 0.023655557653908053 2.937565609812737 0.027874092826248205
decision_type=2 2 2 2 2 2 2 2 2 2 2 2 2 2 2
left_child=1 12 4 -4 -3 6 7 -2 9 -7 -8 -10 13 -1 -14
right_child=5 2 3 -5 -6 8 10 -9 11 -11 -12 -13 14 -15 -16
leaf_value=0.059035856385856511 -0.0099284712346622821 -0.06948174830240865 0.16552165476094002 0.030577761215470262 0.15875715987906122 0.021632936942901485 -0.1059564324257945 0.19502125484457603 -0.12171672316601652 0.24924806040591393 0.023727744698717659 -0.00062744987754523405 -0.023194661579583449 -0.023187772516709976 0.0013875796370841939
leaf_weight=32.632426135241985 36.238700147718191 17.603198517113928 12.737320497632025 103.04968612641096 3.2634042203426352 33.659562759101391 25.361846365034584 3.8666745424270621 4.4317354559898368 4.8644745498895636 5.9577683359384528 4370.3746346533298 145.14116521924734 17.773524418473244 607.35306562669575
leaf_count=158 288 131 62 326 18 189 214 18 35 18 28 13008 765 54 3198
internal_value=9.64829e-06 0.00377299 0.0333275 0.0454225 -0.0337866 -0.000778769 -0.0301239 0.00983132 -0.00030385 0.0503742 -0.0812873 -0.000750115 -0.00125719 0.0300432 -0.00335385
internal_weight=5424.31 939.554 136.654 115.787 20.8666 4484.76 71.425 40.1054 4413.33 38.524 31.3196 4374.81 802.9 50.406 752.494
internal_count=18510 4712 537 388 149 13798 548 306 13250 207 242 13043 4175 212 3963
is_linear=0
shrinkage=0.1


Tree=83
num_leaves=9
num_cat=0
split_feature=7 0 6 5 2 7 9 4
split_gain=1.47527 3.49396 2.67078 5.18742 4.44819 3.5907 2.88122 1.89719
threshold=8.941671430499591 4.7514481507241735 8.5270092450951669 0.46661714043236485 3.9119621947166512 7.8726113052925166 0.030880397192198754 1.1337128281593325
decision_type=2 2 2 2 2 2 2 2
left_child=2 -2 5 4 -4 7 -7 -1
right_child=1 -3 3 -5 -6 6 -8 -9
leaf_value=-0.0002975251516492822 -0.0059163730742795659 0.084724077943182916 -0.070569570926660774 -0.096733736839745302 0.016199680560977894 0.0057408951220168794 0.058529864828870876 0.022019904041332399
leaf_weight=5288.8667854741216 11.186290457844736 6.8613229170441619 8.082596495747568 8.2343259155750257 21.961078032851219 23.197418816387653 18.653138600289822 38.367255583405495
leaf_count=18073 39 23 25 29 66 76 76 103
internal_value=3.48323e-08 0.0285432 -9.52309e-05 -0.0264162 -0.0071437 9.24202e-05 0.0292694 -0.000136793
internal_weight=5425.41 18.0476 5407.36 38.278 30.0437 5369.08 41.8506 5327.23
internal_count=18510 62 18448 120 91 18328 152 18176
is_linear=0
shrinkage=0.1


Tree=84
num_leaves=12
num_cat=0
split_feature=6 0 1 3 1 1 6 6 1 6 4
split_gain=1.41153 6.66195 5.98044 7.77847 5.58693 19.3872 19.3801 12.801 11.211 21.8376 13.3665
threshold=1.9378662109375002 1.8373969658277931 2.0906597588729885 1.6668101198093084 1.5185938585332697 1.6590508552870997 2.0005516347882808 1.9638609167440293 1.3860431604828387 2.2688198238611226 0.063476562501818962
decision_type=2 2 2 2 2 2 2 2 2 2 2
left_child=1 2 3 -1 8 6 -6 -7 10 -10 -2
right_child=4 -3 -4 -5 5 7 -8 -9 9 -11 -12
leaf_value=-0.0068156087739822124 -0.012422011955902984 0.11349819395384564 -0.11375333978740879 0.042981123963842946 0.10114198054781059 0.12885608032386725 -0.051074770631858918 0.00049154319574877493 0.090834534518316953 0.0031358176745131618 0.040581277196902452
leaf_weight=625.47321290895343 194.2052066475153 4.7665212005376807 5.0318267345428458 33.024627342820168 9.0356400161981565 7.7830449640750876 112.58428829908371 4250.336564976722 46.857710167765617 72.055874273180962 63.017157688736916
leaf_count=4247 875 15 19 133 32 22 468 12019 164 264 252
internal_value=1.47332e-06 -0.0043019 -0.00514812 -0.00431823 0.000606183 -0.000398247 -0.039766 0.00072617 0.0123018 0.0376934 0.000563316
internal_weight=5424.17 668.296 663.53 658.498 4755.88 4379.74 121.62 4258.12 376.136 118.914 257.222
internal_count=18510 4414 4399 4380 14096 12541 500 12041 1555 428 1127
is_linear=0
shrinkage=0.1


Tree=85
num_leaves=13
num_cat=0
split_feature=2 2 7 0 0 1 9 1 1 0 3 7
split_gain=1.53946 12.9559 11.0355 10.3659 9.02173 7.00459 6.22088 5.83282 19.6787 13.2298 5.3299 0.016562
threshold=1.255300339228439 1.2959920212224811 2.9369411809334687 1.8205501324575872 1.7487476730649725 1.4446437976077207 0.028791270673975054 1.0165858102259675 1.184263913138919 0.50037372112274181 1.4008766986199972 2.6648514645285073
decision_type=2 2 2 2 2 2 2 2 2 2 2 2
left_child=3 2 10 4 5 -1 -5 9 -9 -3 -2 -8
right_child=1 7 -4 6 -6 -7 11 8 -10 -11 -12 -13
leaf_value=0.0069066483642179766 -0.099440034080773135 -0.12159864642808285 0.10507571595801997 0.0031978180646716941 0.11031687057260171 -0.13696228289710807 -0.13063104380207854 -0.058817384119134002 0.00031062355173917648 0.0735226094945583 0.026513700236854822 -0.13958088501223245
leaf_weight=475.68950049206614 25.616928510367874 4.0622139163315323 3.4922731518745413 5.3825026601552954 8.4172838032245618 3.408388450741767 4.4256860986351949 56.954581819474697 4803.0721033625305 24.034556660801172 3.8668056875467292 3.8807689175009727
leaf_count=3212 181 34 9 22 27 18 26 332 14491 119 19 20
internal_value=-3.34792e-06 -0.000541082 -0.0630116 0.00527643 0.00768626 0.00588314 -0.0805467 -0.000119647 -0.000382297 0.0453121 -0.0829211 -0.134812
internal_weight=5422.3 4921.1 32.976 501.204 487.515 479.098 13.689 4888.12 4860.03 28.0968 29.4837 8.30646
internal_count=18510 15185 209 3325 3257 3230 68 14976 14823 153 200 46
is_linear=0
shrinkage=0.1


Tree=86
num_leaves=15
num_cat=0
split_feature=3 3 5 9 3 2 2 6 7 3 7 3 4 7
split_gain=1.46432 9.18317 7.63019 11.5509 6.31771 5.6 5.37391 4.997 9.99125 4.90143 9.57909 7.48672 1.49563 0.00794626
threshold=1.4203383537325094 1.2975068657921276 0.0038536889757071007 0.025341125987677654 1.3107349072242471 1.0794349015302898 0.76310575290396243 1.4157937448399027 2.018481825828268 1.2823754956215769 3.3333333333333339 1.2717120090641456 0.013671928085386703 2.2811656327412568
decision_type=2 2 2 2 2 2 2 2 2 2 2 2 2 2
left_child=1 9 3 -3 -4 6 -2 12 -9 11 -11 -1 -7 -8
right_child=5 2 4 -5 -6 7 13 8 -10 10 -12 -13 -14 -15
leaf_value=-0.0013895255136833432 0.019548042006039136 -0.094251242623313428 0.043904643928167703 0.040229125970357577 0.0011080110263846088 -0.1227794522585598 -0.12216883137008257 0.06316681435366675 -0.0016367494416779959 -0.10310249150640949 0.00015218391731332203 0.038578829569116166 -0.028732187806572076 -0.12901428952689478
leaf_weight=2011.6654729098082 3.9860565513372404 6.7070560827851287 39.017361663281918 133.84224572777748 297.51715861260891 4.2476459816098204 2.9405453205108643 23.995184198021889 2802.9124411270022 13.832336608320473 25.637288257479668 47.98400616645813 2.8093355149030685 4.0057362839579582
leaf_count=8630 18 29 107 398 884 30 21 113 7972 68 66 134 16 24
internal_value=-8.07313e-06 0.00171903 0.0142426 0.0338117 0.0060698 -0.00157205 -0.0730055 -0.00129649 -0.00108669 -0.0011273 -0.036034 -0.000458376 -0.0853399 -0.126116
internal_weight=5421.1 2576.2 477.084 140.549 336.535 2844.9 10.9323 2833.96 2826.91 2099.12 39.4696 2059.65 7.05698 6.94628
internal_count=18510 10316 1418 427 991 8194 63 8131 8085 8898 134 8764 46 45
is_linear=0
shrinkage=0.1


Tree=87
num_leaves=16
num_cat=0
split_feature=3 3 0 7 3 3 4 9 5 9 8 7 7 1 2
split_gain=1.47788 11.0626 8.79952 15.1916 11.0232 5.69706 12.149 14.7942 10.1841 5.40201 22.8601 16.6735 4.05362 6.14235 3.79526
threshold=0.89716298040732301 0.83650625540252688 1.1252672672271731 2.2210349067693911 0.88924732487501223 1.0772519562834657 0.13281261920928958 0.026933791672140304 0.00043451064469580009 0.033940337632379906 0.034416521964213208 2.6648514645285073 1.5055942117238748 1.0486279547285382 1.0219002241763657
decision_type=2 2 2 2 2 2 2 2 2 2 2 2 2 2 2
left_child=1 9 4 -4 -3 6 8 -8 -2 10 -1 -11 14 -14 -7
right_child=5 2 3 -5 -6 12 7 -9 -10 11 -12 -13 13 -15 -16
leaf_value=0.00047427832598475619 0.00099186942904532015 -0.065191414507675349 0.097176682144427429 0.017554710850974202 0.12761748477402815 0.044704879079415644 -0.08574818648019672 0.025352238708051818 -0.034819820151594953 -0.031368913858198753 0.10890488324264612 0.027704680273306664 0.036285982779479246 0.00016363539913809611 -0.11724363157859324
leaf_weight=552.25842563807964 127.73052886500955 16.717361010611061 33.530378960072994 83.980229422450066 3.6045516580343238 1.9794199839234341 13.307332683354614 120.67072064056993 209.91113844886422 161.34277751296759 20.153004687279463 67.881405502557755 47.641248427331448 3954.8742324672639 5.3805177733302116
leaf_count=2788 573 131 141 247 18 23 59 394 868 1105 100 182 254 11577 50
internal_value=-9.53572e-06 0.00359668 0.0297665 0.040274 -0.0309924 -0.000765516 -0.0111619 0.0143172 -0.0212722 -0.000902942 0.00429182 -0.0138751 0.000457252 0.000593593 -0.0736884
internal_weight=5420.96 939.468 137.833 117.511 20.3219 4481.5 471.62 133.978 337.642 801.636 572.411 229.224 4009.88 4002.52 7.35994
internal_count=18510 4712 537 388 149 13798 1894 453 1441 4175 2888 1287 11904 11831 73
is_linear=0
shrinkage=0.1


Tree=88
num_leaves=13
num_cat=0
split_feature=2 2 7 0 0 1 9 3 1 9 0 7
split_gain=1.48934 11.1439 9.23405 8.44371 6.94549 6.08382 5.82086 4.58296 4.46901 15.5313 11.0226 0.0112997
threshold=1.255300339228439 1.2959920212224811 2.9369411809334687 1.8205501324575872 1.7487476730649725 1.4446437976077207 0.028791270673975054 1.4008766986199972 1.3625962496584469 0.030021474196441453 0.87549392206710774 2.6648514645285073
decision_type=2 2 2 2 2 2 2 2 2 2 2 2
left_child=3 2 7 4 5 -1 -5 -2 9 -3 -10 -8
right_child=1 8 -4 6 -6 -7 11 -9 10 -11 -12 -13
leaf_value=0.0066034267409492645 -0.09573296930828544 0.024060155415430318 0.091181867953056051 0.0059531776238396419 0.095664993857166272 -0.13221813690050724 -0.12685558584395393 0.020039054202929719 0.12508771112102049 -0.033736347087477345 0.00028934410181948289 -0.13456481617689087
leaf_weight=476.09650188870728 23.949340425431735 69.758989654481411 3.5893684774637213 5.2977406531572324 8.7344199568033201 3.1779852136969557 4.0441127270460129 3.9888080582022658 7.0880142897367469 139.4167329184711 4670.1891469843686 3.5882304459810257
leaf_count=3212 181 356 9 22 27 18 26 19 16 781 13823 20
internal_value=-1.43347e-05 -0.000543436 -0.0598057 0.00518013 0.00729343 0.00568293 -0.0745803 -0.0792039 -0.000161075 -0.0144615 0.000478465 -0.13048
internal_weight=5418.92 4917.98 31.5275 500.939 488.009 479.274 12.9301 27.9381 4886.45 209.176 4677.28 7.63234
internal_count=18510 15185 209 3325 3257 3230 68 200 14976 1137 13839 46
is_linear=0
shrinkage=0.1


Tree=89
num_leaves=13
num_cat=0
split_feature=0 6 6 7 9 6 1 6 8 7 7 8
split_gain=1.36161 5.76219 7.86388 11.7693 8.23508 5.66345 4.73931 3.48074 12.2982 10.0619 1.77516 0.0490569
threshold=0.56886819909505004 2.0363445281982426 1.6570157889993415 1.9454309685786588 0.025688365906841804 2.8571128845214848 0.57012383074228923 1.0000343322753908 0.027762572119977551 1.1483406550320865 1.3141679010448712 0.035231246020190059
decision_type=2 2 2 2 2 2 2 2 2 2 2 2
left_child=1 2 4 -4 -1 11 10 8 -8 -9 -2 -3
right_child=6 5 3 -5 -6 -7 7 9 -10 -11 -12 -13
leaf_value=0.056438706844972319 0.036657280284152251 -0.12080787860303857 0.14690561578582476 -0.01383917771370957 -0.035310343077654224 0.028530912791290663 -0.048387368757807893 -0.077516404354586899 0.04986372861879191 3.7988463722811564e-05 0.1270998969546481 -0.13734325005033024
leaf_weight=11.898648891597984 5.4953055605292302 4.8684264644980413 7.9189255237579372 10.722163513302801 55.015610422939062 3.3683841228485107 17.489904303103685 16.782529328018427 46.910266529768705 5230.4293970540166 3.5865191668272018 2.8413600325584412
leaf_count=74 28 36 42 66 620 14 135 160 297 17006 15 17
internal_value=-1.67085e-05 -0.0117807 -0.0029937 0.0544469 -0.0189956 -0.0796416 0.000196947 7.35379e-05 0.0231805 -0.000210059 0.0723741 -0.126902
internal_weight=5417.33 96.6335 85.5553 18.6411 66.9143 11.0782 5320.69 5311.61 64.4002 5247.21 9.08182 7.70979
internal_count=18510 869 802 108 694 67 17641 17598 432 17166 43 53
is_linear=0
shrinkage=0.1


Tree=90
num_leaves=13
num_cat=0
split_feature=9 9 7 8 0 1 9 7 7 9 4 8
split_gain=1.3456 4.23889 5.02328 5.37467 4.19137 5.91756 2.63729 12.6714 3.40807 2.28647 6.79223 6.68959
threshold=0.048306246752310857 0.054418731291907961 3.9000688153609997 0.053582082930170707 1.6546110040995321 1.3160361385144774 0.046408474464205852 5.1456965176370462 2.2598278585106022 0.042231731435171359 0.017921477563504554 0.044454744026974205
decision_type=2 2 2 2 2 2 2 2 2 2 2 2
left_child=6 2 3 -2 5 -3 9 8 -8 11 -11 -1
right_child=1 4 -4 -5 -6 -7 7 -9 -10 10 -12 -13
leaf_value=-0.00010912286515715176 0.014578991686930224 0.0075894652040337024 -0.020191618369304477 0.096060275796448769 0.014909638853112462 -0.16088789289377448 -0.12670465550673479 0.063028193334524113 -0.04345014649221976 -0.012569337054176555 0.028116266249732215 -0.04805659140005572
leaf_weight=5113.4070145525038 17.601757049560547 4.0804673209786433 13.657410725951193 14.989112742245196 11.329787388443945 4.2626174241304398 6.4335796013474491 11.254068747162817 20.857174649834633 69.592079747468233 99.986885849386454 29.264888767153025
leaf_count=17485 64 20 39 38 29 20 43 29 68 270 295 110
internal_value=-1.94066e-05 0.0141805 0.0307192 0.0520537 -0.0246996 -0.0784884 -0.000194348 -0.0262574 -0.0630767 -5.23861e-06 0.0114196 -0.000381973
internal_weight=5416.72 65.9212 46.2483 32.5909 19.6729 8.34308 5350.8 38.5448 27.2908 5312.25 169.579 5142.67
internal_count=18510 210 141 102 69 40 18300 140 111 18160 565 17595
is_linear=0
shrinkage=0.1


Tree=91
num_leaves=16
num_cat=0
split_feature=6 6 1 1 7 0 9 6 7 4 0 3 9 3 3
split_gain=1.38668 15.5939 13.7611 13.2757 10.3656 15.5869 18.1881 11.756 10.3435 7.19092 6.91944 8.20873 6.67774 6.61438 4.35627
threshold=2.5938553179803425 2.4141073226928715 1.1712066773122365 1.2881528954104964 2.6461728276411214 2.1253509521484379 0.032978673420281705 2.6252441406250004 2.6673351628965092 0.015626232605427455 2.217564736201894 1.0181560217821024 0.028944550042402952 1.7530245545915017 1.4692722165720393
decision_type=2 2 2 2 2 2 2 2 2 2 2 2 2 2 2
left_child=1 10 12 -4 5 6 -2 14 -9 -7 13 -12 -3 -1 -6
right_child=4 2 3 -5 7 9 -8 8 -10 -11 11 -13 -14 -15 -16
leaf_value=0.00088989001984517428 0.032612582137497868 0.029396925563875593 0.14761563922086748 0.02635646163839649 -0.13021555615064626 -0.12855405170983655 -0.095984463395303032 0.070087745010901301 -0.00019464285999600656 -0.038487352740876675 0.014071619726236419 -0.13188128551979963 -0.13037495991692855 -0.028543563322227405 -0.034366013809492821
leaf_weight=1114.7545350156724 41.476543068885803 3.8662916496396056 9.4166260510683042 219.19092176109552 8.785642623901369 18.766070805490017 14.967154294252394 21.05497982352972 3830.0622615963221 16.800659641623497 6.8499963581562033 8.8088850826024991 8.088990204036234 81.963208988308907 10.301586672663687
leaf_count=6224 167 19 26 666 36 89 74 68 10624 68 22 38 49 307 33
internal_value=-1.80106e-05 0.00262457 0.0258818 0.0313513 -0.000987042 -0.0341594 -0.00148745 -0.0001984 0.000189608 -0.0860092 -0.00199018 -0.068034 -0.0787054 -0.00112601 -0.0784845
internal_weight=5415.15 1452.94 240.563 228.608 3962.21 92.0104 56.4437 3870.2 3851.12 35.5667 1212.38 15.6589 11.9553 1196.72 19.0872
internal_count=18510 7351 760 692 11159 398 241 10761 10692 157 6591 60 68 6531 69
is_linear=0
shrinkage=0.1


Tree=92
num_leaves=16
num_cat=0
split_feature=8 4 5 4 7 9 0 6 9 4 6 9 9 8 0
split_gain=1.30655 6.56103 20.0983 13.126 8.82279 8.71145 8.01274 7.47941 6.44608 10.565 8.22644 7.44062 3.85195 12.8092 8.1868
threshold=0.039715755772169813 0.017578125007408001 0.048773310423837257 0.060768850177340107 2.3333333333333344 0.037503563287377605 2.5001220703125004 4.3136235766006896 0.037981879189669505 1.4418037608265879e-06 1.0365896803152943 0.039158780927348057 0.036124438595642454 0.036176518848054257 4.1993243413890022
decision_type=2 2 2 2 2 2 2 2 2 2 2 2 2 2 2
left_child=8 2 5 6 -5 -2 -3 -4 12 10 -10 -11 13 -1 -14
right_child=1 3 7 4 -6 -7 -8 -9 9 11 -12 -13 14 -15 -16
leaf_value=0.00042367529092393087 -0.087195322816395249 0.080577585035986943 -0.20603979456865767 -0.05260750771594605 0.010099265673363604 0.0025209273544835424 0.0022224288848928099 -0.039308816948060231 0.060347115233164841 -0.029596036416884072 -0.1057841667621887 0.019793597070927354 0.015776738944525429 -0.026794242717868767 -0.03492662985948343
leaf_weight=4158.1423737667501 11.338029742240904 41.430995501577854 6.6564835757017118 24.709600631147623 244.02707020193338 238.26776731014252 19.052864924073219 4.5157455056905746 3.4859738871455219 74.506951946765184 20.561331704258919 51.646237302571535 300.51339079812169 180.40842492878437 35.619466841220856
leaf_count=14132 54 112 35 169 672 904 53 14 28 263 108 156 1024 668 118
internal_value=-2.11144e-05 0.00442096 -0.00742768 0.0138064 0.00433355 -0.00155432 0.0558951 -0.138648 -0.000564302 -0.0209556 -0.0817012 -0.00937626 9.08828e-05 -0.000708118 0.0104038
internal_weight=5414.88 589.999 260.778 329.221 268.737 249.606 60.4839 11.1722 4824.88 150.2 24.0473 126.153 4674.68 4338.55 336.133
internal_count=18510 2013 1007 1006 841 958 165 49 16497 555 136 419 15942 14800 1142
is_linear=0
shrinkage=0.1


Tree=93
num_leaves=11
num_cat=0
split_feature=1 1 2 4 9 4 0 1 4 7
split_gain=1.37075 7.21234 6.94186 5.51921 2.71819 2.16148 2.14349 2.96243 10.9107 3.46763
threshold=4.8091970606756194 4.8423089298718036 4.2232898982920251 0.25028039166727561 0.029019050882444702 0.08258884027600287 5.5241041183471689 4.5706991047275656 0.62551124911999534 7.7596721662862365
decision_type=2 2 2 2 2 2 2 2 2 2
left_child=6 4 -3 -4 -2 -6 7 9 -9 -1
right_child=1 2 3 -5 5 -7 -8 8 -10 -11
leaf_value=-0.00023730412501567363 0.11896766329151404 -0.092280175669650188 -0.024735636814014434 0.032839375399677163 -0.008972678655286382 0.071239125783610219 0.041236564868331181 -0.0027487679150711391 -0.082592480874842195 0.0239861672969824
leaf_weight=5116.4347924795002 6.3247647285461452 7.7229071259498587 29.475218646228313 38.264375746250153 5.4906502887606612 8.6553645357489568 12.434490934014319 109.06401346623898 20.300353474915028 59.786836393177509
leaf_count=17563 17 25 95 131 19 27 32 344 75 182
internal_value=-2.01684e-05 0.0118269 -0.00245395 0.00778702 0.0644713 0.0401056 -0.000233881 -0.000331074 -0.0152782 4.24839e-05
internal_weight=5413.95 95.9333 75.4625 67.7396 20.4708 14.146 5318.02 5305.59 129.364 5176.22
internal_count=18510 314 251 226 63 46 18196 18164 419 17745
is_linear=0
shrinkage=0.1


Tree=94
num_leaves=13
num_cat=0
split_feature=2 0 6 1 7 2 3 4 3 7 3 2
split_gain=1.32387 7.02412 12.1937 12.0238 8.17633 4.89585 6.05975 3.89203 3.41265 6.7848 3.33494 2.22913
threshold=3.4818003875156278 2.1408576965332036 3.6055095148494734 3.300317375202821 4.1358982719099773 3.4547029127097297 1.7094729303693588 0.062988288744236315 3.5836326984472939 5.3700344425672659 2.5677195717399868 3.2133370295505945
decision_type=2 2 2 2 2 2 2 2 2 2 2 2
left_child=5 2 -2 4 -3 8 -7 -8 11 -10 -5 -1
right_child=1 3 -4 10 -6 6 7 -9 9 -11 -12 -13
leaf_value=0.00024321450129726344 0.011100562470417543 -0.038524301124616397 -0.16475610375723762 -0.0021427340641390021 0.045888334006367354 0.010917011268204206 -0.047386891914802137 -0.15825133334626112 -0.11508090216102768 0.026006848228032849 0.011109601619436941 -0.0082456765464819694
leaf_weight=3774.0860824771225 9.4058612436056155 13.061441898345945 6.7887522578239432 900.14239358156919 94.45917771756649 10.400107920169832 8.0426423549652082 5.2230289429426184 7.4341196715831739 6.2943516224622726 240.65927609056234 336.95711842179298
leaf_count=13942 24 37 25 2578 220 26 23 19 25 15 708 868
internal_value=-1.55753e-05 0.00281703 -0.0626182 0.00366592 0.035634 -0.000879002 -0.0462325 -0.091037 -0.000618787 -0.0503937 0.000652929 -0.000452568
internal_weight=5412.95 1264.52 16.1946 1248.32 107.521 4148.44 23.6658 13.2657 4124.77 13.7285 1140.8 4111.04
internal_count=18510 3592 49 3543 257 14918 68 42 14850 40 3286 14810
is_linear=0
shrinkage=0.1


Tree=95
num_leaves=10
num_cat=0
split_feature=9 5 8 3 3 3 9 4 8
split_gain=1.28225 4.8705 4.45493 6.9796 4.39902 9.47056 3.21702 4.3267 3.80256
threshold=0.022224509028427753 0.37723360255969224 0.021703155130842051 1.4832713779362972 1.7808349598773365 0.95637025744303006 0.023257870718731751 0.037120819091796854 0.023116401314833303
decision_type=2 2 2 2 2 2 2 2 2
left_child=1 4 3 -2 5 -1 7 -4 -8
right_child=2 -3 6 -5 -6 -7 8 -9 -10
leaf_value=0.0083365325390937356 0.12315889054019942 -0.10379029731087466 0.055375173614471952 -0.0040456049651366385 0.061433328527420276 -0.1367732028417469 -0.027466777424515556 -0.021434157860868795 2.3388585577748472e-05
leaf_weight=20.583845347166065 7.5321484357118633 5.661292389035224 22.888509407639503 10.09403111040592 7.9670667946338645 5.7551302239298812 50.802788846194744 10.791569590568541 5270.1629184093326
leaf_count=84 21 21 81 29 19 24 181 33 18017
internal_value=-1.16143e-05 -0.0178569 0.000121147 0.0503124 -0.00367592 -0.0233703 -4.40702e-05 0.0307644 -0.000239078
internal_weight=5412.24 39.9673 5372.27 17.6262 34.306 26.339 5354.65 33.6801 5320.97
internal_count=18510 148 18362 50 127 108 18312 114 18198
is_linear=0
shrinkage=0.1


Tree=96
num_leaves=13
num_cat=0
split_feature=0 9 8 7 0 8 1 9 0 9 1 9
split_gain=1.30035 6.06567 11.8107 6.77117 4.90979 19.5672 5.22271 9.1765 6.36527 4.61394 4.36699 2.78902
threshold=0.36239294987171888 0.025688365906841804 0.024834846742096756 1.3623685413808875 0.40580896146619011 0.031301831506938362 0.57012383074228923 0.032263596773172511 0.50037372112274181 0.022224509028427753 0.44560956914260658 0.041508263465468855
decision_type=2 2 2 2 2 2 2 2 2 2 2 2
left_child=1 2 9 11 5 -2 7 -6 -8 -1 -5 -3
right_child=4 3 -4 10 6 -7 8 -9 -10 -11 -12 -13
leaf_value=0.050085037012124634 -0.11423957279973387 -0.10981462156527749 0.18941033391259887 0.041642549079629748 -0.013210547843794985 0.2108843011689325 -0.055573722795917407 0.1190859106898654 3.0384394359231627e-05 -0.11792521392979222 -0.065948831186964194 0.0046504728773607814
leaf_weight=3.3223011791706067 3.0993433259427539 11.965373359620573 3.7832498028874397 10.7847814001143 11.01540168002248 4.5962572209537029 20.667439045384526 10.005183402448891 5322.0222927648574 3.2176079079508781 5.802009589970111 2.5892952457070342
leaf_count=14 32 155 13 68 87 34 223 62 17715 28 56 23
internal_value=-1.06426e-05 -0.0176515 0.0487784 -0.0396726 0.000125537 0.0799432 1.10179e-05 0.0497587 -0.000184712 -0.0325753 0.00400741 -0.0894511
internal_weight=5412.87 41.4646 10.3232 31.1415 5371.41 7.6956 5363.71 21.0206 5342.69 6.53991 16.5868 14.5547
internal_count=18510 357 55 302 18153 66 18087 149 17938 42 124 178
is_linear=0
shrinkage=0.1


Tree=97
num_leaves=9
num_cat=0
split_feature=6 6 0 5 8 7 3 7
split_gain=1.23918 2.96555 5.40652 2.90003 3.32626 2.1119 3.15189 1.87468
threshold=9.3399825388251845 8.8587990403175372 4.2363507812842736 0.098765666374306157 0.026930824114768555 7.8726113052925166 2.7240811532301259 7.3084584549943052
decision_type=2 2 2 2 2 2 2 2
left_child=1 5 -3 -2 -5 7 -7 -1
right_child=3 2 -4 4 -6 6 -8 -9
leaf_value=9.3010388446718671e-05 0.079602729847197046 -0.11864221899888094 -0.002859606425871021 0.061828104044587009 -0.046310368362767779 0.008330819666461084 0.071298491107265147 -0.013902932472557184
leaf_weight=5224.7677466776222 6.500885725021365 5.9440951347351101 12.544112809002398 4.7110416144132596 7.178926132619381 43.304952412843704 9.7368012741208059 97.488313481211662
leaf_count=17885 18 22 38 13 29 156 38 311
internal_value=-1.46371e-05 -0.000102993 -0.0400846 0.025899 -0.00346376 3.45226e-05 0.0198897 -0.000163355
internal_weight=5412.18 5393.79 18.4882 18.3909 11.89 5375.3 53.0418 5322.26
internal_count=18510 18450 60 60 42 18390 194 18196
is_linear=0
shrinkage=0.1


Tree=98
num_leaves=15
num_cat=0
split_feature=7 7 0 6 6 0 7 2 8 1 6 6 3 5
split_gain=1.27121 5.58162 5.5288 32.3687 17.4477 5.59858 4.88697 3.49548 6.69132 5.38909 2.94167 9.52295 3.16974 2.82426
threshold=5.1456965176370462 5.204540143719659 4.5000069216863112 5.4513573683798322 4.892546148970724 4.4413886584731683 5.0005639825334312 2.3625759345448478 0.033662689384603657 2.6670032002360111 4.9423855794320284 4.5638341246176433 1.8931561282127667 0.10455309247046417
decision_type=2 2 2 2 2 2 2 2 2 2 2 2 2 2
left_child=2 10 5 4 -4 6 -1 8 -3 -9 11 -2 -12 -5
right_child=1 7 3 13 -6 -7 -8 9 -10 -11 12 -13 -14 -15
leaf_value=-0.00015609498914143235 0.074537545766329802 0.00051496488878639173 0.018706061390353228 0.018201383687464583 -0.18519354155915441 0.06106628984516508 -0.02151361656973233 -0.040863775390708748 0.11720697174360205 0.0016781549902280656 0.021802768589281225 -0.073401867492214931 0.079630085155553837 0.093609628412145707
leaf_weight=3929.8855829797685 8.6025739461183566 14.106510877609255 5.9031419903039959 10.853004828095438 14.517328947782515 14.710044607520102 110.13919144868851 30.52853125333786 7.5407008826732627 1209.6250540837646 19.898345813155174 8.8043465018272382 18.102090418338776 9.1574233621358854
leaf_count=14357 20 37 14 26 55 31 295 86 13 3447 48 27 37 17
internal_value=-1.18589e-05 0.00269037 -0.000881031 -0.0376773 -0.12625 -0.000514125 -0.000738344 0.00132629 0.0411641 0.000630912 0.0337549 -0.000289582 0.0493497 0.0527107
internal_weight=5412.37 1317.21 4095.17 40.4309 20.4205 4054.73 4040.02 1261.8 21.6472 1240.15 55.4074 17.4069 38.0004 20.0104
internal_count=18510 3715 14795 112 69 14683 14652 3583 50 3533 132 47 85 43
is_linear=0
shrinkage=0.1


Tree=99
num_leaves=14
num_cat=0
split_feature=3 3 1 7 3 4 4 8 2 2 2 7 7
split_gain=1.22569 9.64706 16.9718 16.1474 6.42612 5.46752 6.84675 6.62824 5.26908 4.7572 4.42727 7.10036 0.007107
threshold=1.4144243060713533 1.4008766986199972 2.3323568274517816 4.9558708741911701 1.4136133572730891 0.52444779872894298 0.37894453123226418 0.035132977859255808 1.0794349015302898 0.76310575290396243 1.225727224582102 1.852868663843626 2.2811656327412568
decision_type=2 2 2 2 2 2 2 2 2 2 2 2 2
left_child=1 5 4 -4 -3 6 -1 -7 9 -2 -10 -12 -11
right_child=8 2 3 -5 -6 7 -8 -9 10 12 11 -13 -14
leaf_value=8.1127162696753542e-05 0.013318961569924204 0.11136990529792823 -0.058198334853175097 0.057117794769843647 0.034033916105919222 -0.00494761047081265 0.020164898654050772 -0.048698456911038655 0.072931404652704743 -0.12015708436855743 -0.089285259343017093 -0.0010897394700000956 -0.12682993444883336
leaf_weight=2089.6711845844984 4.0787191465496999 25.177433013916016 27.428557023406029 21.789309203624725 18.743141859769821 131.62893743440509 184.75113891065121 46.98945564031601 8.0413052663207036 2.7110793218016624 9.1577063426375371 2837.2692754752934 3.8809991702437401
leaf_count=8724 18 66 83 50 75 426 649 176 30 21 63 8104 25
internal_value=-7.5953e-06 0.0015889 0.0331783 -0.00714657 0.0783667 0.000389498 0.00171253 -0.0164572 -0.00142636 -0.0715652 -0.00116416 -0.00137349 -0.124086
internal_weight=5411.32 2546.18 93.1384 49.2179 43.9206 2453.04 2274.42 178.618 2865.14 10.6708 2854.47 2846.43 6.59208
internal_count=18510 10249 274 133 141 9975 9373 602 8261 64 8197 8167 46
is_linear=0
shrinkage=0.1


end of trees

feature_importances:
targets_L5=188
receptions_L10=170
target_share_L3=147
target_share_L5=141
receptions_std_L5=140
targets_L3=139
rec_tds_L3=102
receptions_L3=100
receptions_L5=96
rec_tds_L5=85

parameters:
[boosting: gbdt]
[objective: binary]
[metric: binary_logloss]
[tree_learner: serial]
[device_type: cpu]
[data_sample_strategy: bagging]
[data: ]
[valid: ]
[num_iterations: 100]
[learning_rate: 0.1]
[num_leaves: 31]
[num_threads: 2]
[seed: 42]
[deterministic: 0]
[force_col_wise: 0]
[force_row_wise: 0]
[histogram_pool_size: -1]
[max_depth: 4]
[min_data_in_leaf: 20]
[min_sum_hessian_in_leaf: 0.001]
[bagging_fraction: 1]
[pos_bagging_fraction: 1]
[neg_bagging_fraction: 1]
[bagging_freq: 0]
[bagging_seed: 400]
[bagging_by_query: 0]
[feature_fraction: 1]
[feature_fraction_bynode: 1]
[feature_fraction_seed: 30056]
[extra_trees: 0]
[extra_seed: 12879]
[early_stopping_round: 0]
[early_stopping_min_delta: 0]
[first_metric_only: 0]
[max_delta_step: 0]
[lambda_l1: 0]
[lambda_l2: 0]
[linear_lambda: 0]
[min_gain_to_split: 0]
[drop_rate: 0.1]
[max_drop: 50]
[skip_drop: 0.5]
[xgboost_dart_mode: 0]
[uniform_drop: 0]
[drop_seed: 17869]
[top_rate: 0.2]
[other_rate: 0.1]
[min_data_per_group: 100]
[max_cat_threshold: 32]
[cat_l2: 10]
[cat_smooth: 10]
[max_cat_to_onehot: 4]
[top_k: 20]
[monotone_constraints: ]
[monotone_constraints_method: basic]
[monotone_penalty: 0]
[feature_contri: ]
[forcedsplits_filename: ]
[refit_decay_rate: 0.9]
[cegb_tradeoff: 1]
[cegb_penalty_split: 0]
[cegb_penalty_feature_lazy: ]
[cegb_penalty_feature_coupled: ]
[path_smooth: 0]
[interaction_constraints: ]
[verbosity: -1]
[saved_feature_importance_type: 0]
[use_quantized_grad: 0]
[num_grad_quant_bins: 4]
[quant_train_renew_leaf: 0]
[stochastic_rounding: 1]
[linear_tree: 0]
[max_bin: 255]
[max_bin_by_feature: ]
[min_data_in_bin: 3]
[bin_construct_sample_cnt: 200000]
[data_random_seed: 175]
[is_enable_sparse: 1]
[enable_bundle: 1]
[use_missing: 1]
[zero_as_missing: 0]
[feature_pre_filter: 1]
[pre_partition: 0]
[two_round: 0]
[header: 0]
[label_column: ]
[weight_column: ]
[group_column: ]
[ignore_column: ]
[categorical_feature: ]
[forcedbins_filename: ]
[precise_float_parser: 0]
[parser_config_file: ]
[objective_seed: 16083]
[num_class: 1]
[is_unbalance: 0]
[scale_pos_weight: 3.0753]
[sigmoid: 1]
[boost_from_average: 1]
[reg_sqrt: 0]
[alpha: 0.9]
[fair_c: 1]
[poisson_max_delta_step: 0.7]
[tweedie_variance_power: 1.5]
[lambdarank_truncation_level: 30]
[lambdarank_norm: 1]
[label_gain: ]
[lambdarank_position_bias_regularization: 0]
[eval_at: ]
[multi_error_top_k: 1]
[auc_mu_weights: ]
[num_machines: 1]
[local_listen_port: 12400]
[time_out: 120]
[machine_list_filename: ]
[machines: ]
[gpu_platform_id: -1]
[gpu_device_id: -1]
[gpu_use_dp: 0]
[num_gpu: 1]

end of parameters

pandas_categorical:[]
