tree
version=v4
num_class=1
num_tree_per_iteration=1
label_index=0
max_feature_idx=11
objective=binary sigmoid:1
feature_names=receiving_yards_L3 receiving_yards_L5 receiving_yards_L10 receiving_yards_std_L5 rec_tds_L3 rec_tds_L5 receptions_L3 receptions_L5 targets_L3 targets_L5 target_share_L3 target_share_L5
feature_infos=[-7:59] [-7:39.99922610595118] [-7:64.511645379413963] [0:83.4386001800126] [0:2] [0:2] [0:8] [0:8] [1:10] [1:10] [0.016949152542372801:0.1846360613437889] [0.016949152542372801:0.1353284777711542]
tree_sizes=1817 1809 1811 1827 1813 1817 1817 1828 1607 1822 1836 1615 1819 1718 1720 1835 1703 1717 1821 1739 1825 1710 1830 1719 1830 1722 1717 1827 1834 1713 1615 1827 1511 1614 1839 1413 1401 1836 1499 1502 1617 1295 1091 1719 1746 1619 1304 1722 1828 1207 1821 1721 1512 1828 1208 1207 1298 1831 1517 1820 1739 1412 1827 1854 1501 1844 1309 1620 1830 1205 1507 1741 1405 1635 1723 1399 1820 1399 1836 1743 1520 1714 1506 1733 1728 1721 1511 1718 1214 1840 1204 1734 1840 1720 1396 1735 1834 1532 1835 1742

Tree=0
num_leaves=16
num_cat=0
split_feature=9 2 1 9 8 9 2 2 2 4 3 10 5 6 2
split_gain=1983.65 406.242 255.561 72.6894 60.6404 59.8607 42.4068 39.6297 36.5697 27.235 25.338 24.2657 21.0202 17.6173 12.5511
threshold=2.9998137140341083 26.276694365810815 13.779817330579791 4.302379955753393 1.5158691406250002 1.7985910006943391 18.633102958589692 42.51632499611933 26.012392569899355 3.8146972691915923e-06 1.0000000180025095e-35 0.028904006462835252 0.0039247554466884512 2.5619697390912801 12.118110829083721
decision_type=2 2 2 2 2 2 2 2 2 2 2 2 2 2 2
left_child=2 6 4 9 10 14 13 -5 -7 -3 -1 -8 -6 -2 -4
right_child=1 3 5 7 12 8 11 -9 -10 -11 -12 -13 -14 -15 -16
leaf_value=-0.88161221645117627 -0.80083780270610416 -0.80812158037842974 -0.79631027012996769 -0.69431176091976687 -0.9017587650786153 -0.83493808848365203 -0.80241500356175299 -0.62636050991260017 -0.77686527299829211 -0.72762458298210619 -0.93920458699542209 -0.76097822236761758 -0.86737470341386425 -0.84764215966793233 -0.90472224558774361
leaf_weight=91.346521228551865 200.2551836669445 46.72480234503746 11.62938643991947 689.08854965865612 382.67993432283401 660.27007538080215 217.3956895172596 98.038116082549095 129.74469369649887 418.38759118318558 466.58606722950935 403.88458348810673 332.08579201996326 134.39042030274868 130.65852843225002
leaf_count=353 677 160 39 1890 1525 2367 737 229 420 1231 1964 1269 1255 492 523
internal_value=-0.808839 -0.741844 -0.875931 -0.704369 -0.905069 -0.836154 -0.790936 -0.685848 -0.825401 -0.735711 -0.929775 -0.775478 -0.885784 -0.819634 -0.895862
internal_weight=4413.17 2208.16 2205 1252.24 1272.7 932.303 955.926 787.127 790.015 465.112 557.933 621.28 714.766 334.646 142.288
internal_count=15131 6685 8446 3510 5097 3349 3175 2119 2787 1391 2317 2006 2780 1169 562
is_linear=0
shrinkage=1


Tree=1
num_leaves=16
num_cat=0
split_feature=9 2 1 9 8 1 9 3 2 7 1 10 2 8 6
split_gain=1407.8 271.196 195.967 52.1654 46.2082 43.8512 39.0621 38.8488 30.9279 28.1587 26.6453 17.0534 16.9495 13.7834 10.4902
threshold=2.9998137140341083 27.639746521661479 13.779817330579791 1.3580186553965439 1.6071160890055582 17.364109412918719 5.2652338277033914 1.0000000180025095e-35 24.505518107161013 0.77909566511248174 27.044235436801774 0.033299917218228857 35.282241122939013 5.4076031150461867 0.63460889745357474
decision_type=2 2 2 2 2 2 2 2 2 2 2 2 2 2 2
left_child=2 5 3 7 14 11 12 -1 -6 -5 -8 -2 -3 -7 -4
right_child=1 6 4 9 8 13 10 -9 -10 -11 -12 -13 -14 -15 -16
leaf_value=0.028991144835186628 0.059937784320552939 0.15415162182073602 0.10852921407330018 0.066281505577424696 0.065601979022122475 0.11615901062700887 0.084489923787917698 -0.047207725065463189 0.11237512854860926 0.013152473098975099 0.20886976378738745 0.10964741585428779 0.18402923449265327 0.15738777081582397 0.0014743035143834312
leaf_weight=92.163590490818024 205.99705511331558 550.43238253891468 9.9561766386032087 113.4358791410923 658.83519949018955 736.52683767676353 18.07705283164978 244.16733276844025 179.99197793006897 827.34252128005028 364.75053098797798 103.78145428001881 289.86423853039742 91.119528383016586 113.48725208640099
leaf_count=351 714 1499 33 414 2302 2254 56 1074 562 3258 850 327 729 256 452
internal_value=0.0899512 0.143834 0.0331525 0.00747441 0.067232 0.108686 0.17652 -0.0263272 0.0756384 0.0195586 0.202997 0.0765914 0.164458 0.120698 0.0101087
internal_weight=4599.93 2360.55 2239.38 1277.11 962.271 1137.42 1223.12 336.331 838.827 940.778 382.828 309.779 840.297 827.646 123.443
internal_count=15131 6685 8446 5097 3349 3551 3134 1425 2864 3672 906 1041 2228 2510 485
is_linear=0
shrinkage=0.1


Tree=2
num_leaves=16
num_cat=0
split_feature=2 2 8 9 6 4 9 7 9 3 7 2 4 8 8
split_gain=1052.4 195.726 149.177 63.5734 48.5147 46.7727 33.0109 28.8486 26.5373 30.647 24.5135 24.0275 19.9559 16.623 13.8334
threshold=19.071124410375717 26.276694365810815 1.9273788758397645 4.000433128527817 1.282445162534714 3.3196556628264408e-11 3.7286113942896475 1.5804593106946914 1.3580186553965439 1.0000000180025095e-35 0.83902661369588538 32.622553955509453 3.3196556628264408e-11 3.1473633678529138 1.2088274337384066
decision_type=2 2 2 2 2 2 2 2 2 2 2 2 2 2 2
left_child=2 4 8 5 14 -3 7 -4 9 -1 -10 -5 -8 -6 -2
right_child=1 3 6 11 13 -7 12 -9 10 -11 -12 -13 -14 -15 -16
leaf_value=0.021496023788652781 0.13262611664920299 0.032028776521522348 0.06605208156507017 0.13790258388452062 0.079070656982041465 0.12566387799180265 0.14138736824968418 0.031292529291959442 0.05568233912727083 -0.04342258239385656 0.00076909381702313837 0.16939482668671121 0.062979331957953216 0.10645192057454674 0.019163121382614501
leaf_weight=101.87428110837936 11.839190527796744 60.050077602267265 377.63881328701973 387.40538540482521 373.47074078023434 477.96330410242081 57.60596689581871 649.29599799215794 96.846203997731209 254.09767888486385 506.18161197006702 646.69300247728825 74.361848533153534 545.66390454769135 116.3022446334362
leaf_count=387 38 204 1310 981 1201 1288 162 2334 348 1137 2012 1471 245 1587 426
internal_value=0.0783995 0.120781 0.0259824 0.143092 0.0872897 0.115213 0.050125 0.0440748 -0.00319266 -0.0248438 0.00958816 0.157597 0.0972056 0.0953261 0.0296461
internal_weight=4737.29 2619.39 2117.9 1572.11 1047.28 538.013 1158.9 1026.93 959 355.972 603.028 1034.1 131.968 919.135 128.141
internal_count=15131 7196 7935 3944 3252 1492 4051 3644 3884 1524 2360 2452 407 2788 464
is_linear=0
shrinkage=0.1


Tree=3
num_leaves=16
num_cat=0
split_feature=9 2 1 8 8 6 9 1 2 5 11 3 11 7 11
split_gain=815.22 146.757 125.88 32.8372 30.4464 27.224 24.5799 24.2574 17.2381 16.5673 16.5082 14.8604 13.7879 12.3333 9.24575
threshold=2.9998137140341083 27.639746521661479 13.779817330579791 1.5158691406250002 1.6071160890055582 1.7418403625488283 4.683403296132421 17.364109412918719 42.51632499611933 0.0039247554466884512 0.027739096165910852 1.0000000180025095e-35 0.026647334882410206 2.5855476876959922 0.038849336502636354
decision_type=2 2 2 2 2 2 2 2 2 2 2 2 2 2 2
left_child=2 7 3 11 14 -6 10 12 -8 -5 -3 -1 -2 -9 -4
right_child=1 6 4 9 5 -7 8 13 -10 -11 -12 -13 -14 -15 -16
leaf_value=0.022625911884675613 0.002386220026880442 0.072867483542886094 0.016527649190885473 0.0047839378837357801 0.076685061524183806 0.041509289865546931 0.13732273234871825 0.10445720721658663 0.18136885678632375 0.034801290105868979 0.12268271208942752 -0.020952348889221161 0.066855312927985286 0.080745557881091334 -0.064861484297792524
leaf_weight=94.495992809534073 37.498987600207329 75.318865671753883 109.27497424185276 393.25023663043976 433.25415989756584 447.04697120189667 581.19286465644836 396.80112294852734 104.88882777094841 345.33343681693077 569.68833649158478 455.18709471821785 287.60541988909245 490.534273609519 16.001396059989929
leaf_count=353 134 208 416 1525 1366 1498 1325 1098 201 1255 1400 1964 907 1412 69
internal_value=0.0689708 0.107956 0.0257424 0.00504566 0.0522574 0.0588216 0.130881 0.0827873 0.144057 0.0188189 0.116866 -0.0134608 0.0594192 0.091349 0.00613192
internal_weight=4837.37 2543.53 2293.84 1288.27 1005.58 880.301 1331.09 1212.44 686.082 738.584 645.007 549.683 325.104 887.335 125.276
internal_count=15131 6685 8446 5097 3349 2864 3134 3551 1526 2780 1608 2317 1041 2510 485
is_linear=0
shrinkage=0.1


Tree=4
num_leaves=16
num_cat=0
split_feature=2 2 8 8 5 11 3 9 9 9 3 7 8 10 6
split_gain=643.557 121.819 94.9101 40.2042 33.131 30.5041 24.7909 27.3878 24.0292 19.3999 22.547 20.4919 12.6256 10.119 6.91012
threshold=19.071124410375717 30.607402214534787 1.9273788758397645 3.2501379086970705 0.32805411461313405 0.044828089077890411 19.997305005641419 2.8889191126503335 5.2652338277033914 1.3580186553965439 1.4276834733094399 0.83902661369588538 1.8125418597192042 0.028619226356489853 2.9341576993465428
decision_type=2 2 2 2 2 2 2 2 2 2 2 2 2 2 2
left_child=2 3 9 5 -5 -2 7 -4 12 10 -1 -11 -3 -8 -10
right_child=1 8 6 4 -6 -7 13 -9 14 11 -12 -13 -14 -15 -16
leaf_value=0.014618816202797339 0.053062195192421828 0.0026479583268600353 0.02107489094209913 0.079432500875518994 0.12492625828706388 0.1452608671200982 0.11373817488455103 0.054433416633203058 0.11039937310326149 0.049172767775544503 -0.039587022511886207 -0.00057917861793929703 0.10979628658034518 0.05846014608843754 0.14561793383559862
leaf_weight=113.50410982966423 675.63832403719425 11.166148155927656 657.76304234564304 720.24519743025303 205.82292351126671 37.897474274039268 50.369177266955376 393.26817946135998 68.026206076145172 98.883358284831047 236.88273878395557 508.57891027629375 726.53864458203316 96.674686148762703 307.7383888065815
leaf_count=431 2100 39 2364 1953 495 96 142 1239 153 348 1093 2012 1729 306 631
internal_value=0.0610923 0.0931332 0.0201767 0.0757985 0.0895437 0.0579591 0.0389372 0.0335568 0.118659 -0.00328901 -0.0220276 0.0075195 0.108174 0.0773954 0.139242
internal_weight=4909 2753.07 2155.92 1639.6 926.068 713.536 1198.08 1051.03 1113.47 957.849 350.387 607.462 737.705 147.044 375.765
internal_count=15131 7196 7935 4644 2448 2196 4051 3603 2552 3884 1524 2360 1768 448 784
is_linear=0
shrinkage=0.1


Tree=5
num_leaves=16
num_cat=0
split_feature=2 2 8 9 4 6 3 9 2 6 1 10 10 3 9
split_gain=510.433 109.835 73.492 34.4949 32.0923 29.3365 21.1644 23.9012 17.6554 15.4074 14.5832 14.2472 11.946 15.5258 11.401
threshold=18.633102958589692 26.276694365810815 1.5616183302401334 4.000433128527817 3.3196556628264408e-11 1.282445162534714 19.034256116931221 2.8889191126503335 41.739329647645548 1.4376297818962487 15.655288702755813 0.028904006462835252 0.045751445278461207 10.799673043431211 2.0135645255869159
decision_type=2 2 2 2 2 2 2 2 2 2 2 2 2 2 2
left_child=2 5 12 4 -3 10 7 -4 -5 -8 -2 -7 14 -14 -1
right_child=1 3 6 8 -6 11 9 -9 -10 -11 -12 -13 13 -15 -16
leaf_value=-0.016098890064587364 0.057045158370875815 0.01133463721094983 0.015910872184133593 0.10367380527547361 0.086794493648199952 0.047621490405179281 0.10368142157776897 0.046338436938259786 0.14059867497964562 0.041567965167033254 -0.0068593923340544219 0.072663266960323047 0.094737715684277524 -0.072784600651273373 0.12776202107311435
leaf_weight=594.40830664336681 57.684019893407822 63.344801023602486 915.5410708039999 949.09433062374592 511.10108599066734 335.20204089581966 57.177187994122505 359.53819541633129 149.94990122318268 132.43460057675838 93.741253033280373 705.11056618392467 21.28968004882336 7.4747354686260215 5.5603494793176642
leaf_count=2531 189 204 3332 2159 1288 991 165 1122 293 421 334 1974 76 34 18
internal_value=0.0543854 0.0818098 0.0168503 0.0983321 0.0784734 0.0586086 0.0291261 0.0244906 0.108712 0.0602982 0.0174844 0.0645945 -0.0117475 0.0512053 -0.0147656
internal_weight=4958.65 2865.23 2093.42 1673.49 574.446 1191.74 1464.69 1275.08 1099.04 189.612 151.425 1040.31 628.733 28.7644 599.969
internal_count=15131 7432 7699 3944 1492 3488 5040 4454 2452 586 523 2965 2659 110 2549
is_linear=0
shrinkage=0.1


Tree=6
num_leaves=16
num_cat=0
split_feature=9 2 1 4 10 11 9 3 5 9 8 6 9 8 1
split_gain=413.313 83.513 64.6071 22.9678 24.9909 19.8019 19.1641 20.3029 19.122 15.6306 15.3904 13.5102 10.3772 8.18701 6.54395
threshold=2.9998137140341083 30.061575815048617 13.779817330579791 0.25781250106956582 0.034862294652244108 0.045517205013138252 1.3580186553965439 1.4276834733094399 0.008774950068821152 5.2652338277033914 1.6371521338793615 3.2282338353106756 2.6807130327069522 3.2501379086970705 27.044235436801774
decision_type=2 2 2 2 2 2 2 2 2 2 2 2 2 2 2
left_child=2 3 6 4 -2 10 7 -1 -8 11 -4 -3 -7 -5 -11
right_child=1 9 5 13 -6 12 8 -9 -10 14 -12 -13 -14 -15 -16
leaf_value=0.01808332548013249 0.04655349952942292 0.095011307922225161 0.0031291419380951855 0.044936585934548329 0.080010305429081802 0.13526338367744614 -0.0019820897685206263 -0.035553794811112788 0.026366737779719453 0.032951712980507072 0.038811471929301719 0.062434129566816002 0.0021319483320948701 0.092703754370597274 0.11459923765967051
leaf_weight=104.60494366288185 943.10371051728725 569.63223950564861 140.38812737166882 41.969331905245781 292.50532208383083 29.32792691886425 560.3811839222908 216.90460762381554 413.51699864864349 10.076328575611113 869.75455187261105 163.93874253332615 7.3152607530355445 247.34982433915138 380.59062147140503
leaf_count=393 2681 1301 531 121 758 73 2175 1032 1497 27 2722 403 23 606 788
internal_value=0.0485998 0.0756573 0.0179962 0.0604123 0.0544737 0.036472 0.00306636 -0.0181027 0.0100548 0.0963357 0.0338524 0.0877309 0.108686 0.0857745 0.112493
internal_weight=4991.36 2649.17 2342.19 1524.93 1235.61 1046.79 1295.41 321.51 973.898 1124.24 1010.14 733.571 36.6432 289.319 390.667
internal_count=15131 6685 8446 4166 3439 3349 5097 1425 3672 2519 3253 1704 96 727 815
is_linear=0
shrinkage=0.1


Tree=7
num_leaves=16
num_cat=0
split_feature=2 2 8 9 11 7 8 10 1 9 2 5 0 2 11
split_gain=339.627 77.5938 48.063 26.2834 29.2804 25.9884 20.8627 20.5756 17.4394 16.6532 13.9913 12.723 11.6825 10.9447 10.4784
threshold=18.633102958589692 26.276694365810815 1.9273788758397645 4.302379955753393 0.027595735274586603 1.5171893674537167 3.1096649169921879 0.031154823700438854 16.587090041617692 2.8889191126503335 42.51632499611933 0.43213256603097167 8.2520446777343768 14.901352015388611 0.029089041756188753
decision_type=2 2 2 2 2 2 2 2 2 2 2 2 2 2 2
left_child=2 6 11 4 -3 8 7 -2 -4 -7 -5 12 -1 -13 -8
right_child=1 3 5 10 -6 9 14 -9 -10 -11 -12 13 -14 -15 -16
leaf_value=-0.011563616975507734 0.0086440786192599536 0.0060798095331466573 0.040363533213762445 0.086046153642122924 0.072142463768082074 0.0030088334019977062 0.040737317167985738 0.04773933405301619 0.10598146464332177 0.031759463320089179 0.12290400855822377 -0.11295042627039494 0.011309602498127586 0.053395384318292272 0.067682802105767353
leaf_weight=530.89161784946918 220.63058295845985 74.82050858438015 318.35548673570156 840.10030949115753 649.4477808624506 427.51622876524925 215.91462273895741 345.31186762452126 46.407024517655373 381.0231748521328 117.38119551539421 18.213210284709934 385.39388956129551 5.0525509417057028 435.22252485156059
leaf_count=2219 719 219 1055 1890 1606 1527 607 1032 122 1165 229 87 1506 18 1130
internal_value=0.0435492 0.0657737 0.0130572 0.0796918 0.0653179 0.0265538 0.0465417 0.0324982 0.0487118 0.0165575 0.0905647 -0.00379733 -0.00194304 -0.0768256 0.0587478
internal_weight=5011.68 2898.83 2112.85 1681.75 724.268 1173.3 1217.08 565.942 364.763 808.539 957.482 939.551 916.286 23.2658 651.137
internal_count=15131 7432 7699 3944 1825 3869 3488 1751 1177 2692 2119 3830 3725 105 1737
is_linear=0
shrinkage=0.1


Tree=8
num_leaves=14
num_cat=0
split_feature=1 8 2 9 4 0 0 9 5 1 4 9 2
split_gain=279.685 55.8854 44.5282 23.4551 16.2323 14.2703 14.2516 13.9234 13.7172 11.8174 10.7742 10.4051 9.08619
threshold=21.51068987742212 1.6071160890055582 30.909832648525008 3.7286113942896475 3.7280224532421088e-09 16.298212299984158 23.676654071070821 4.2783247998111635 0.33522476519508532 19.797635283300682 0.00012874645975100002 3.7500905121205412 42.51632499611933
decision_type=2 2 2 2 2 2 2 2 2 2 2 2 2
left_child=1 6 5 4 -3 -2 9 10 -7 -1 -4 -5 -9
right_child=2 3 7 11 -6 8 -8 12 -10 -11 -12 -13 -14
leaf_value=-0.0069365783223418022 -0.067204351098784837 0.0075367866804665097 0.017798458224352574 0.15346955338814011 0.028225373362277203 0.047917300620642068 0.16383837308430271 0.082655746852316525 0.075131423722885837 -0.14725901079943296 0.070045974173438982 0.048873944404363073 0.11318571190491547
leaf_weight=694.23837585747242 9.9832485914230329 566.34596176445484 45.52468079328537 9.8558944612741453 1147.954936221242 1026.0105186998844 4.8513792604207984 600.28447099030018 226.0147040784359 6.0539394319057456 296.70214249193668 271.64248551428318 116.38310094177723
leaf_count=2918 33 1981 130 21 3681 2761 14 1331 552 28 707 742 232
internal_value=0.0391097 0.0172334 0.0645682 0.0257835 0.0213906 0.0518804 -0.00696637 0.0796897 0.05283 -0.00814965 0.0630958 0.0525361 0.0876137
internal_weight=5021.85 2700.94 2320.9 1995.8 1714.3 1262.01 705.144 1058.89 1252.03 700.292 342.227 281.498 716.668
internal_count=15131 9385 5746 6425 5662 3346 2960 2400 3313 2946 837 763 1563
is_linear=0
shrinkage=0.1


Tree=9
num_leaves=16
num_cat=0
split_feature=2 8 8 9 11 0 5 7 0 7 3 2 7 1 10
split_gain=234.511 55.812 27.946 26.9289 21.9511 19.0762 16.3504 14.9582 13.5275 14.6772 13.1241 12.0579 9.96114 9.30035 9.09631
threshold=24.505518107161013 3.1253356125858991 3.6496040974320345 1.728649035414523 0.027739096165910852 19.061754745518559 0.26201308108926591 1.5804593106946914 25.344895906629976 2.3586763786259133 15.064362269893323 32.153330075617369 1.2345258099694403 24.541013146618546 0.027179105198187253
decision_type=2 2 2 2 2 2 2 2 2 2 2 2 2 2 2
left_child=1 3 4 12 13 -6 11 -5 9 -3 -10 -4 -1 -2 -8
right_child=2 8 6 7 5 -7 14 -9 10 -11 -12 -13 -14 -15 -16
leaf_value=-2.5982706498964162e-05 -0.063887771273309066 0.049888794814622939 0.050126581409427322 0.028386790204705355 0.01971076014241073 0.062351427169030506 0.058365797975209466 0.0085539363303938458 0.0027010581312742104 0.018524266537722371 0.070599360377837428 0.07421061173040859 -0.029318207096158629 0.016072647258531275 0.093950485143741796
leaf_weight=582.56788754463196 20.220891922712326 267.02105392515659 391.44195909798145 692.22439186275005 137.8203049749136 439.45647384226322 90.236358195543289 843.88399918377399 33.25968886911869 338.12879672646523 197.57929882407188 443.30079099535942 144.98471549153328 51.832930937409401 352.275524482131
leaf_count=2430 70 743 979 2316 390 1092 214 2810 97 986 500 997 601 148 758
internal_value=0.035169 0.0181396 0.0625672 0.00998503 0.0456755 0.0521713 0.0711545 0.0174913 0.0402203 0.0323638 0.0608165 0.0629167 -0.00586326 -0.00636712 0.0866941
internal_weight=5026.24 3099.65 1926.59 2263.66 649.331 577.277 1277.25 1536.11 835.989 605.15 230.839 834.743 727.553 72.0538 442.512
internal_count=15131 10483 4648 8157 1700 1482 2948 5126 2326 1729 597 1976 3031 218 972
is_linear=0
shrinkage=0.1


Tree=10
num_leaves=16
num_cat=0
split_feature=2 9 8 2 11 0 10 7 7 8 1 11 5 11 9
split_gain=195.046 47.5173 27.1981 22.2653 20.3734 16.7755 20.4135 17.907 14.9278 24.4841 13.8094 10.4198 16.7902 10.3131 7.86318
threshold=18.633102958589692 3.7286113942896475 1.5616183302401334 32.622553955509453 0.033820750732801004 19.061754745518559 0.030789747080966403 3.1966597362594644 1.6191240325078122 2.3821664092909089 13.779817330579791 0.038200172957012259 0.14784552976379853 0.031250218014159906 5.4613854619135109
decision_type=2 2 2 2 2 2 2 2 2 2 2 2 2 2 2
left_child=2 5 11 4 -3 6 -2 -7 10 -10 -4 13 -13 -1 -5
right_child=1 3 8 14 -6 7 -8 -9 9 -11 -12 12 -14 -15 -16
leaf_value=-0.0019278133950115846 -0.0096154631415273934 0.040790286972892165 0.018307034156096528 0.065141457691974533 0.075139580352360014 0.044544659070681246 0.034553914732975512 -0.076385391844763506 -0.022565744554157451 0.017055866543795536 0.050196036467345675 0.038387938617965807 -0.092586598302018888 -0.030072475939672383 0.086917887253755211
leaf_weight=296.11988313496113 162.82838788628578 674.4960649907589 528.05167369544506 446.49591195583344 232.09036958217621 806.22605139017105 292.76881003379822 12.433728903532026 211.77279357612133 591.7982402741909 182.81030879914761 79.848314508795738 11.155110552906988 232.35851737856865 263.77275921404362
leaf_count=1255 528 1728 1834 1026 537 2154 850 41 790 1875 541 313 54 1037 568
internal_value=0.0316635 0.0485896 0.00873145 0.0599708 0.0495839 0.0341485 0.018768 0.042708 0.015952 0.006614 0.0265078 -0.00892046 0.0223332 -0.0143023 0.0732286
internal_weight=5025.03 2891.11 2133.91 1616.86 906.586 1274.26 455.597 818.66 1514.43 803.571 710.862 619.482 91.0034 528.478 710.269
internal_count=15131 7432 7699 3859 2265 3573 1378 2195 5040 2665 2375 2659 367 2292 1594
is_linear=0
shrinkage=0.1


Tree=11
num_leaves=14
num_cat=0
split_feature=9 0 2 2 9 3 2 11 5 11 9 3 6
split_gain=163.217 56.1201 21.8912 21.0562 20.4068 16.2266 16.2176 15.6633 14.6836 13.052 6.99563 9.67985 8.42712
threshold=3.7286113942896475 19.061754745518559 32.622553955509453 10.06819490703548 1.3580186553965439 1.4276834733094399 24.231224699569182 0.022224509028427753 0.0061355650474069507 0.033820750732801004 5.4613854619135109 18.653950286396864 3.2282338353106756
decision_type=2 2 2 2 2 2 2 2 2 2 2 2 2
left_child=1 4 7 -3 5 -1 -5 -2 -6 -9 12 -12 -4
right_child=2 3 10 6 8 -7 -8 9 -10 -11 11 -13 -14
leaf_value=0.014419583960884351 -0.097265284832627932 0.16515251544133513 0.067865971229537289 0.02121406116246986 0.00097483403583785823 -0.03205692923954611 0.046172965680113878 0.038639756112881674 0.018663351818004666 0.06455455450577012 0.044812419753710288 0.090706669116112484 0.036952482898920835
leaf_weight=113.50390972197056 7.7791340202093116 12.166771456599234 319.64322611689568 559.08027343451977 878.74615164101124 222.14245000481606 487.20551264286041 771.63792020082474 1007.2060418874025 259.7784246057272 59.830812364816666 198.19021333754063 121.77868160605431
leaf_count=431 27 28 727 1673 3152 1084 1242 1995 3288 617 144 424 299
internal_value=0.0285365 0.0154069 0.0533063 0.0343572 0.00637827 -0.0163402 0.0328362 0.0441006 0.0104215 0.0451668 0.0669837 0.0800646 0.0593376
internal_weight=5018.69 3280.05 1738.64 1058.45 2221.6 335.646 1046.29 1039.2 1885.95 1031.42 699.443 258.021 441.422
internal_count=15131 10898 4233 2943 7955 1515 2915 2639 6440 2612 1594 568 1026
is_linear=0
shrinkage=0.1


Tree=12
num_leaves=16
num_cat=0
split_feature=9 2 1 5 4 5 11 11 9 6 2 9 6 6 11
split_gain=134.944 32.3249 21.1146 14.591 14.401 13.435 13.1383 11.2575 9.91991 11.5781 9.28843 8.63931 5.6753 5.50898 5.22995
threshold=2.9998137140341083 30.061575815048617 13.779817330579791 0.43213256603097167 0.0019610116799526002 0.61923925396792068 0.045517205013138252 0.025560086581618104 5.2652338277033914 3.2282338353106756 11.60066481822159 2.6807130327069522 1.4598507129774063 2.9341576993465428 0.028300250740204702
decision_type=2 2 2 2 2 2 2 2 2 2 2 2 2 2 2
left_child=2 5 3 4 -1 7 10 -2 9 -3 -4 -8 -5 -10 -7
right_child=1 8 6 12 -6 14 11 -9 13 -11 -12 -13 -14 -15 -16
leaf_value=-0.006011516868716385 -0.0012975773033060683 0.054818486676686574 0.066954875841636549 -0.10203517914270654 0.016486204284060026 0.018754572696315332 0.10001739973482487 0.032943372856850374 0.042483384010192152 0.024176008021525745 0.014981914414316892 -0.019657761928946613 -0.0042491132744038014 0.074342699129513565 0.10387023691437428
leaf_weight=849.07092919945717 103.0445653796196 550.91047246754169 35.600736126303673 19.164921596646312 427.91361770033836 9.0767108947038633 30.670140147209167 1407.9948279708624 66.743638694286346 158.86493912339211 1008.1413897275925 7.5089840590953818 8.5978621393442136 290.52441124618053 35.272236421704292
leaf_count=3406 304 1301 102 92 1567 25 73 3761 163 403 3151 23 32 652 76
internal_value=0.0257381 0.0413963 0.00853319 -3.18547e-05 0.0015274 0.0322005 0.0188622 0.0306083 0.0548006 0.04796 0.0167546 0.07648 -0.0717518 0.0683908 0.08645
internal_weight=5009.1 2622.43 2386.67 1304.75 1276.98 1555.39 1081.92 1511.04 1067.04 709.775 1043.74 38.1791 27.7628 357.268 44.3489
internal_count=15131 6685 8446 5097 4973 4166 3349 4065 2519 1704 3253 96 124 815 101
is_linear=0
shrinkage=0.1


Tree=13
num_leaves=15
num_cat=0
split_feature=9 0 2 2 7 9 7 3 6 11 8 5 5 0
split_gain=116.192 38.8277 16.9712 15.2926 14.803 14.5109 14.6754 13.8371 12.1082 17.1364 15.7489 6.96232 7.27377 4.23145
threshold=3.7286113942896475 19.061754745518559 32.622553955509453 10.06819490703548 3.1966597362594644 1.3580186553965439 0.82190214906264314 1.4276834733094399 3.7364093341861926 0.023257870718731751 5.6268820762634286 0.75396024622171653 0.29479376904522908 36.001708984375007
decision_type=2 2 2 2 2 2 2 2 2 2 2 2 2 2
left_child=1 5 8 -3 -5 7 -7 -1 9 -2 -10 12 -4 -13
right_child=2 3 11 4 -6 6 -8 -9 10 -11 -12 13 -14 -15
leaf_value=0.013707382509853101 -0.088813130647217575 0.13723843061987998 0.051205787894068669 0.027967130635965193 -0.079753631828031898 0.03829821268389863 0.005528647455860518 -0.029305026453996082 -0.0040153550240347178 0.043982429908504483 0.047538954925519461 0.038372441448241514 0.073907227159234409 -0.066034438675335191
leaf_weight=113.77069970965385 9.8402354419231397 12.652973428368567 457.79532380402088 1035.3793229907751 12.916248410940169 148.26615779101849 1746.2343162745237 218.30587416887283 146.0334258377552 778.64336964488029 99.714736267924309 8.5036610513925535 204.05105742812157 7.1419582068920127
leaf_count=431 34 28 1092 2872 43 497 5943 1084 407 1954 244 21 459 22
internal_value=0.0232158 0.0122152 0.0443436 0.0279589 0.0266399 0.00471337 0.00809324 -0.0145688 0.0362846 0.0423251 0.0169033 0.0566461 0.0582048 -0.00928752
internal_weight=4999.25 3287.53 1711.72 1060.95 1048.3 2226.58 1894.5 332.077 1034.23 788.484 245.748 677.492 661.846 15.6456
internal_count=15131 10898 4233 2943 2915 7955 6440 1515 2639 1988 651 1594 1551 43
is_linear=0
shrinkage=0.1


Tree=14
num_leaves=15
num_cat=0
split_feature=2 9 4 9 2 1 11 3 2 8 6 10 4 0
split_gain=99.3108 27.415 15.5823 15.4376 13.2496 12.4594 10.7854 10.7574 9.55527 9.28197 17.3156 10.3744 7.42177 7.40122
threshold=26.276694365810815 1.9507376127126796 3.8146972691915923e-06 4.9642711125813239 16.729055323350188 21.941618473441405 0.033047034615551855 19.79134954876718 40.347329501184589 1.9414116213637735 0.84995268994996576 0.027493242842802901 0.33624720573425299 21.83057728568517
decision_type=2 2 2 2 2 2 2 2 2 2 2 2 2 2
left_child=1 9 5 4 -3 -2 -5 -7 12 11 -11 -1 -4 -10
right_child=2 3 8 6 -6 7 -8 -9 13 10 -12 -13 -14 -15
leaf_value=-0.027859544573670583 -0.11403276862415804 0.0060920771232070813 0.037198267966348363 0.037880895222297109 0.021530805118857268 0.041610202882068542 0.1162144718317762 -0.010012992386206274 -0.0093406704545110145 0.14360908372117678 0.010409477668449196 -0.00048291706910463063 0.054837475932407564 0.071495026931889069
leaf_weight=170.6101593375206 7.3901803493499747 935.2586317807436 920.12577033042908 84.444469720125198 1370.3742921203375 91.004290193319321 22.196955040097237 72.544614732265472 12.124425977468489 11.554700613021849 62.819159060716629 733.68308517336845 322.01209825277328 172.11215820908546
leaf_count=725 28 3101 2284 218 3887 231 46 206 34 29 207 2974 762 399
internal_value=0.0209456 0.0112615 0.041504 0.0169887 0.0152682 0.012973 0.0541857 0.0187119 0.0449232 -0.00285506 0.0311033 -0.00564798 0.0417711 0.0661753
internal_weight=4988.25 3390.94 1597.31 2412.27 2305.63 170.939 106.641 163.549 1426.37 978.667 74.3739 904.293 1242.14 184.237
internal_count=15131 11187 3944 7252 6988 465 264 437 3479 3935 236 3699 3046 433
is_linear=0
shrinkage=0.1


Tree=15
num_leaves=16
num_cat=0
split_feature=2 9 7 9 4 9 11 11 6 8 8 9 10 4 10
split_gain=82.2497 22.2651 15.6288 13.0477 12.9513 11.7482 19.5303 10.9349 9.85903 9.79597 12.5663 9.8347 8.96971 9.81471 8.40884
threshold=26.276694365810815 2.9850910784600426 2.3586763786259133 5.0005639825334312 3.8146972691915923e-06 4.5222241725559558 0.027739096165910852 0.025297980199508501 4.3586425781250009 1.5616183302401334 2.5552302607177357 1.9507376127126796 0.034379281369849156 0.50000953674590687 0.03461997348839891
decision_type=2 2 2 2 2 2 2 2 2 2 2 2 2 2 2
left_child=1 9 7 -4 5 6 -2 -3 -7 11 -11 -1 13 -6 -14
right_child=4 2 3 -5 12 8 -8 -9 -10 10 -12 -13 14 -15 -16
leaf_value=-0.007633998498810312 -0.11104634848929756 -0.021618942501844162 0.0066046644329504191 0.049159293000657925 0.030342170450756108 0.062110688924946915 0.009039525046553273 0.039126284529750151 -0.02840362504769179 0.013576212229725224 -0.0075880070961627955 0.080218219589590301 0.11444687048446632 0.055955371674743917 0.049408427904813562
leaf_weight=651.84459689259529 16.1836768835783 31.726360693573952 608.75027258694172 81.723609104752541 766.17865355312824 55.997546300292015 83.012462362647057 449.31558576226234 15.327561080455778 1189.4260071665049 367.14303490519524 12.996590256690977 20.822654068470001 185.9069532006979 438.68338745832443
leaf_count=2802 59 100 1717 202 1939 130 232 1193 44 3926 1206 41 42 440 1058
internal_value=0.0189073 0.0101271 0.021282 0.0116414 0.0377367 0.011705 -0.0105523 0.0351199 0.0426594 0.00424433 0.00858427 -0.00591663 0.0408813 0.0353435 0.0523557
internal_weight=4975.04 3392.93 1171.52 690.474 1582.11 170.521 99.1961 481.042 71.3251 2221.41 1556.57 664.841 1411.59 952.086 459.506
internal_count=15131 11187 3212 1919 3944 465 291 1293 174 7975 5132 2843 3479 2379 1100
is_linear=0
shrinkage=0.1


Tree=16
num_leaves=15
num_cat=0
split_feature=9 0 2 2 1 11 2 7 6 5 3 11 7 9
split_gain=70.7481 23.6731 13.5835 13.3632 11.999 16.9601 14.6244 11.9364 11.3003 10.7153 7.48886 7.32237 6.26143 3.22179
threshold=3.7286113942896475 19.061754745518559 11.260338402754197 40.347329501184589 19.913514231687984 0.038464987638445809 18.201708887061148 3.1966597362594644 1.0626336336135866 0.27272773612084028 21.975002602702318 0.025297980199508501 2.9440244646833151 4.1012897747677899
decision_type=2 2 2 2 2 2 2 2 2 2 2 2 2 2
left_child=1 4 10 8 6 -6 -1 -4 13 -10 -3 -5 -13 -2
right_child=3 2 7 11 5 -7 -8 -9 9 -11 -12 12 -14 -15
leaf_value=0.0004534749860754575 0.068472423091087226 0.027383191527846976 0.020452775862407499 -0.049991096476076073 -0.048389227469123865 0.050650189612530788 0.021896657643912416 -0.076440189430624125 0.024666460754059288 0.043786220967473199 0.14910207594654187 0.035906132143025779 0.07822827804315402 0.14901501974776651
leaf_weight=1730.8309056460857 10.793930083513262 8.4285749197006243 1026.2161852866411 5.7676468491554251 89.753496900200844 21.41651239991188 389.65483346581459 12.873742759227751 1082.0471457540989 402.01962852478027 12.627902939915655 51.402396157383919 109.26593078672886 9.1990857422351819
leaf_count=6454 26 24 2850 18 290 54 1157 43 2801 984 26 130 257 17
internal_value=0.0170657 0.00855982 0.0208637 0.0338271 0.00271488 -0.0293096 0.00439382 0.0192523 0.0308519 0.0298458 0.10038 0.0607141 0.0646882 0.105531
internal_weight=4962.3 3291.8 1060.15 1670.5 2231.66 111.17 2120.49 1039.09 1504.06 1484.07 21.0565 166.436 160.668 19.993
internal_count=15131 10898 2943 4233 7955 344 7611 2893 3828 3785 50 405 387 43
is_linear=0
shrinkage=0.1


Tree=17
num_leaves=15
num_cat=0
split_feature=2 0 9 8 8 8 11 0 7 7 7 7 11 0
split_gain=59.8494 15.5068 14.4113 12.7464 11.9156 15.1976 14.7749 12.9851 16.5594 9.14452 7.82018 16.7845 12.8586 5.31056
threshold=24.505518107161013 14.380540206642539 4.9025409932960846 4.6751870602770405 3.6496040974320345 3.6147949025034909 0.027595735274586603 30.327482638931919 2.0756532419739946 2.6120191239807564 1.1111323487812104 1.2208843454204266 0.028706229459035306 33.61324316154441
decision_type=2 2 2 2 2 2 2 2 2 2 2 2 2 2
left_child=1 2 3 -1 5 6 -2 9 -9 -6 12 -12 -3 -7
right_child=4 10 -4 -5 7 13 -8 8 -10 -11 11 -13 -14 -15
leaf_value=0.00041652063882792104 -0.024148362889144202 -0.02670528199161017 0.11527893117834132 -0.14788818310112042 0.067050375321848585 -0.13947669039446473 0.026329858239577311 -0.10923716718068432 0.027967211894310496 0.038721721976838729 -0.064178289312301448 0.014495330885816133 0.064341831691045209 -0.010697008438859925
leaf_weight=1699.7095817327499 64.669821590185165 20.086277261376381 10.896754100918768 5.8151732534170142 161.70860025286674 7.8654032349586469 560.9619367569685 8.9232952296733838 618.82953372597694 385.81385153532028 27.693296000361443 1304.208079174161 68.111209914088249 5.4010781198740005
leaf_count=6269 197 72 23 22 372 28 1460 30 1584 962 104 3781 212 15
internal_value=0.015401 0.00703893 0.000643277 -8.91405e-05 0.0298581 0.0188662 0.0211121 0.0358335 0.0260169 0.0470885 0.0147691 0.0128595 0.0436066 -0.0870476
internal_weight=4950.69 3136.52 1716.42 1705.52 1814.17 638.898 625.632 1175.28 627.753 547.522 1420.1 1331.9 88.1975 13.2665
internal_count=15131 10483 6314 6291 4648 1700 1657 2948 1614 1334 4169 3885 284 43
is_linear=0
shrinkage=0.1


Tree=18
num_leaves=16
num_cat=0
split_feature=8 11 2 5 7 8 6 7 4 4 11 9 6 2 6
split_gain=50.534 17.7568 16.945 12.4361 11.4516 9.7148 12.1958 10.0711 8.54765 10.7644 7.91082 18.1683 7.18442 7.0556 5.84613
threshold=3.1253356125858991 0.047543581321058813 32.622553955509453 0.33522476519508532 2.6120191239807564 1.5616183302401334 1.3440151214599612 1.7030849457732218 0.062513359825970824 0.0039798468351364006 0.034620788498355003 4.9363571126700654 4.5905472148519388 23.504208084921874 3.3290990702662389
decision_type=2 2 2 2 2 2 2 2 2 2 2 2 2 2 2
left_child=1 5 3 4 -2 7 -7 -1 9 -3 11 -4 -5 -10 -12
right_child=2 8 10 12 -6 6 -8 -9 13 -11 14 -13 -14 -15 -16
leaf_value=-0.0081041253779258002 0.025521633428941117 0.045720546344763288 0.0073223918706713624 0.043072012800862647 0.0068548791237834266 0.018634705958098227 0.0016813073640570553 0.13236801764741365 -0.076960756423893134 0.14840320159426412 0.065170722388929792 0.047386911898917382 -0.042955917755624004 0.070943231248861219 0.023551207419318907
leaf_weight=658.07235911488533 610.25139033794403 32.348829194903374 187.7542013078928 243.5166185349226 712.18781965970993 616.82750011980534 1359.6444312781096 5.1437464207410803 7.463249206542967 14.917086958885191 146.84076480567455 284.99112638831139 10.110673204064367 5.6800150275230408 43.822226092219353
leaf_count=2819 1632 98 500 601 1937 1974 4279 14 27 32 346 713 30 13 116
internal_value=0.0138963 0.00468482 0.0250025 0.019359 0.0154688 0.00345804 0.00697221 -0.00701466 0.0582913 0.0781271 0.0384099 0.031475 0.0396426 -0.0130423 0.0556048
internal_weight=4939.57 2700.1 2239.47 1576.07 1322.44 2639.69 1976.47 663.216 60.4092 47.2659 663.408 472.745 253.627 13.1433 190.663
internal_count=15131 9256 5875 4200 3569 9086 6253 2833 170 130 1675 1213 631 40 462
is_linear=0
shrinkage=0.1


Tree=19
num_leaves=15
num_cat=0
split_feature=2 9 11 10 3 5 3 7 0 10 8 10 11 10
split_gain=44.2895 15.8147 12.3779 13.7227 11.6728 14.3201 19.9061 17.1845 8.82325 6.36386 5.3808 5.0105 3.97957 0.168979
threshold=18.201708887061148 5.1785474685095236 0.031170705234090403 0.031542347574416707 1.0000000180025095e-35 0.020121959860340256 15.939771091018889 2.5991784600736501 17.142496414482597 0.022567559231114701 3.9914461157472787 0.033436666927048504 0.024958352204612556 0.029395235239088404
decision_type=2 2 2 2 2 2 2 2 2 2 2 2 2 2
left_child=4 2 8 -4 10 6 -6 -7 -2 -3 12 -11 -1 -12
right_child=1 9 3 -5 5 7 -8 -9 -10 11 13 -13 -14 -15
leaf_value=-0.016608947597190261 -0.0095638788006225783 -0.032694395105038049 0.051602783325201088 0.020122331726983717 -0.014380785572870317 0.013376225643428703 0.019812293356986678 -0.049888973016329316 0.013743124594398914 0.033436135036587183 0.068647975569385372 0.057712797164386147 0.027003980087975221 0.088438160536295496
leaf_weight=24.755602836608887 200.0494549870491 12.430174663662909 156.84668317437172 1181.8658004850149 918.44139543175697 726.28756196796894 209.00377939641476 45.632177278399467 863.64399488270283 320.82642085850239 8.2686470001935977 115.6674777418375 135.10968713462353 9.0222785770893079
leaf_count=95 615 37 391 3175 3576 2479 650 150 2337 827 20 286 473 20
internal_value=0.0125414 0.0206317 0.0174124 0.0238107 0.00143233 -0.000857455 -0.00804213 0.00963629 0.00935976 0.0378601 0.025982 0.0398693 0.0202504 0.0789743
internal_weight=4927.85 2851.33 2402.41 1338.71 2076.52 1899.36 1127.45 771.92 1063.69 448.924 177.156 436.494 159.865 17.2909
internal_count=15131 7668 6518 3566 7463 6855 4226 2629 2952 1150 608 1113 568 40
is_linear=0
shrinkage=0.1


Tree=20
num_leaves=16
num_cat=0
split_feature=2 8 9 6 7 2 8 11 9 8 11 5 5 7 1
split_gain=37.6696 11.0448 15.1676 14.9891 10.8583 15.9299 10.578 10.2529 18.0396 13.8363 10.0107 8.36698 5.62879 4.81915 4.57059
threshold=26.276694365810815 1.9273788758397645 2.2079496269723289 1.5923098764324097 1.5171893674537167 16.729055323350188 2.1576739099086413 0.027871998278283103 4.9363571126700654 4.6175310066097444 0.028186077299171754 0.22222274934218891 0.03251554028255816 2.5237504566755367 33.627965691608459
decision_type=2 2 2 2 2 2 2 2 2 2 2 2 2 2 2
left_child=1 2 3 -1 6 -6 -3 8 9 -2 13 -12 -4 -9 -10
right_child=7 4 12 -5 5 -7 -8 10 14 -11 11 -13 -14 -15 -16
leaf_value=-0.0027230945395518929 -0.0061100109203246714 0.040965014066256272 0.084636537256606165 -0.056321031070976857 -0.0077226522154763555 0.012217750433599333 0.010737316482162664 0.017484115260343724 0.010458909005386534 -0.097251285085630815 0.020110730882433016 0.037373951015215519 0.019029823119108249 0.092694332588125192 0.048537415645989929
leaf_weight=965.81279441714287 112.51192520558834 191.15140151977539 24.385291546583176 55.156669825315475 589.22614093124866 1251.6862184107304 293.56170812249184 11.319763273000715 53.587327122688293 19.551235496997833 765.76703384518623 443.26948349177837 28.200810849666595 34.440042212605476 76.552902445197105
leaf_count=3894 316 575 70 213 1958 3491 898 30 143 64 2004 1119 88 76 192
internal_value=0.0113164 0.00546868 -0.00292108 -0.00561866 0.00934157 0.00583537 0.0226579 0.0244196 0.00643513 -0.019603 0.0281776 0.02644 0.049453 0.0740893 0.032858
internal_weight=4916.18 3399.18 1073.56 1020.97 2325.63 1840.91 484.713 1517 262.203 132.063 1254.8 1209.04 52.5861 45.7598 130.14
internal_count=15131 11187 4265 4107 6922 5449 1473 3944 715 380 3229 3123 158 106 335
is_linear=0
shrinkage=0.1


Tree=21
num_leaves=15
num_cat=0
split_feature=9 0 1 11 2 9 2 1 11 7 0 5 3 3
split_gain=32.4754 10.7669 12.76 13.0248 11.4454 11.3 10.186 9.73569 9.42128 12.8446 12.2152 9.37471 5.72223 5.34642
threshold=3.7286113942896475 19.061754745518559 19.913514231687984 0.038464987638445809 11.260338402754197 3.5904666554370324 42.51632499611933 33.190288305596205 0.033820750732801004 1.4786919237219911 30.90416282473598 0.020121959860340256 21.975002602702318 21.853872872223317
decision_type=2 2 2 2 2 2 2 2 2 2 2 2 2 2
left_child=1 2 11 -4 12 -6 8 -8 9 -2 -10 -1 -3 -9
right_child=6 4 3 -5 5 -7 7 13 10 -11 -12 -13 -14 -15
leaf_value=-0.0032040037820476822 0.10650277709634021 0.021985105476743143 -0.049150452362873687 0.037956980924971857 0.014675493761821347 -0.021472792063016007 -0.042887592686460113 0.11320960074043662 0.045550772186569444 0.013885039489356696 0.0085798951600733787 0.010306274824696759 0.12815752783120485 0.05147757459785704
leaf_weight=1257.0647066831589 15.180118530988691 8.4633121043443698 89.678410530090332 21.229185491800308 940.50366312265396 95.234126403927803 9.4176495820283872 17.684477165341377 264.14416947960854 1101.6469259560108 135.06397512555122 868.41868291795254 12.684036225080488 67.880816534161568
leaf_count=4710 32 24 290 54 2620 273 30 42 648 2934 364 2901 26 183
internal_value=0.0102127 0.00452122 0.000590497 -0.0324769 0.0128387 0.0113517 0.0218473 0.0536148 0.019857 0.0151439 0.0330424 0.00231595 0.0856666 0.0642362
internal_weight=4904.29 3293.28 2236.39 110.908 1056.89 1035.74 1611.02 94.9829 1516.04 1116.83 399.208 2125.48 21.1473 85.5653
internal_count=15131 10898 7955 344 2943 2893 4233 255 3978 2966 1012 7611 50 225
is_linear=0
shrinkage=0.1


Tree=22
num_leaves=16
num_cat=0
split_feature=2 4 3 11 10 9 5 5 6 7 9 6 1 0 0
split_gain=28.0925 8.52295 10.2393 10.4223 10.3455 8.13897 9.10362 11.15 7.50239 12.4133 11.6882 6.91157 6.83752 8.63597 7.14265
threshold=26.276694365810815 3.8146972691915923e-06 19.79134954876718 0.032528870177076057 0.032768741404631457 1.9507376127126796 0.37723360255969224 0.25731442076559818 0.53167724609375011 1.0146434182550175 2.2636031092821227 1.4998797650920226 39.499361617535975 30.327482638931919 40.998729705810554
decision_type=2 2 2 2 2 2 2 2 2 2 2 2 2 2 2
left_child=5 2 3 -2 -4 6 7 -1 10 -10 -7 -8 13 -3 -14
right_child=1 12 4 -5 -6 8 11 -9 9 -11 -12 -13 14 -15 -16
leaf_value=-0.0045874065576733116 -0.0040625113812643174 0.029488787190038657 0.0031937804078576502 0.066460753680284909 -0.071950745296295762 0.005885492160867375 -0.07471888299697238 0.038108378001724313 0.042248123362019295 0.0064550256461350722 -0.113011110914432 0.030102236332594307 0.094898497102746435 0.013049722480672227 0.0096042613237253931
leaf_weight=873.84862223267555 56.642752930521965 701.59501457214355 44.249089047312737 33.260705068707466 31.267921924591064 22.184934034943581 29.11926494538784 65.76850937306881 101.1809062063694 2285.8357565402985 13.180379077792166 8.0237075835466367 26.273621946573257 586.87313115596771 15.675605595111845
leaf_count=3540 161 1802 124 78 102 72 134 234 296 6833 51 27 63 1572 42
internal_value=0.00921308 0.020633 -0.000773838 0.0220283 -0.0279199 0.00418761 -0.00351836 -0.00159891 0.00729483 0.00797222 -0.0384264 -0.0520752 0.0232946 0.0220011 0.0630257
internal_weight=4894.98 1495.84 165.42 89.9035 75.517 3399.14 976.76 939.617 2422.38 2387.02 35.3653 37.143 1330.42 1288.47 41.9492
internal_count=15131 3944 465 239 226 11187 3935 3774 7252 7129 123 161 3479 3374 105
is_linear=0
shrinkage=0.1


Tree=23
num_leaves=15
num_cat=0
split_feature=8 10 5 7 11 9 6 7 7 8 0 4 4 2
split_gain=24.3756 13.7834 11.9422 9.22425 10.4215 8.95054 10.7202 8.61363 8.41522 7.11186 7.03355 6.15202 9.33933 6.82661
threshold=3.1253356125858991 0.047888755331993209 0.32805411461313405 2.5497471636775932 0.039357588644198957 5.7715410828981506 3.7364093341861926 1.6634679053707788 5.3119014565318912 1.7656464854550935 17.012441734550524 0.062500000010944121 0.0039798468351364006 22.374246856514265
decision_type=2 2 2 2 2 2 2 2 2 2 2 2 2 2
left_child=1 3 5 9 -5 6 -2 -4 -7 -1 -9 12 -3 -13
right_child=2 11 7 4 -6 8 -8 10 -10 -11 -12 13 -14 -15
leaf_value=-0.0052686716783080824 0.013152088199601848 0.031389314543732588 -0.070382989037430496 -0.019926751017723593 -0.14550695695016524 0.039968647883066435 -0.011327187365997075 -0.02090925758790016 -0.056236096525802519 0.0058406996280815776 0.034709273177863105 -0.05264125023913703 0.11380294452388391 0.061754353521101292
leaf_weight=896.26326179504395 1332.6784692257643 44.59813679754734 8.3823621422052366 97.459578335285187 7.0889467597007743 155.68729521334171 206.63671758770943 23.953876331448555 9.6562056243419629 1613.8343463689089 447.61654797196388 12.527872920036318 19.879801526665688 8.9386151134967786
leaf_count=3663 3606 138 27 294 26 409 580 71 31 5025 1151 45 44 21
internal_value=0.00831023 0.001957 0.016164 0.000661757 -0.0284418 0.0122409 0.00986601 0.030098 0.0343502 0.00187395 0.0318841 0.0413616 0.056799 -0.00500708
internal_weight=4885.2 2700.59 2184.61 2614.65 104.549 1704.66 1539.32 479.953 165.344 2510.1 471.57 85.9444 64.4779 21.4665
internal_count=15131 9256 5875 9008 320 4626 4186 1249 440 8688 1222 248 182 66
is_linear=0
shrinkage=0.1


Tree=24
num_leaves=16
num_cat=0
split_feature=2 3 9 1 9 11 3 9 7 2 5 1 11 8 11
split_gain=20.2896 11.1015 14.5943 11.8414 10.5695 10.0091 9.71072 10.496 16.648 12.8277 9.39809 8.63175 3.91508 10.4924 5.83999
threshold=18.201708887061148 17.011421524731684 1.9064185864470382 32.742972689331268 5.2652338277033914 0.031228738321902504 1.0000000180025095e-35 1.3580186553965439 0.82190214906264314 1.0000000000000004 0.056902024833327201 12.261519675181933 0.024958352204612556 1.2345123291015627 0.026308193205581653
decision_type=2 2 2 2 2 2 2 2 2 2 2 2 2 2 2
left_child=6 5 3 -3 -4 10 12 9 -9 -8 -2 -7 13 -1 -14
right_child=1 2 4 -5 -6 11 7 8 -10 -11 -12 -13 14 -15 -16
leaf_value=-0.071939499212020641 -0.0032401101100999197 -0.060415720602448535 0.0068711004713703358 0.088035606750048623 0.027547572561607381 0.128921822978141 0.085896835393629439 0.033971893852290311 -0.0023509045849087764 -0.027798820343237458 0.025754665465444023 0.030573788936336638 0.10002146353729853 0.05015061160808329 0.023317642194171411
leaf_weight=14.300667494535448 219.79479444026947 46.49110534787178 1544.6744372397661 6.0753808617591849 294.34181344509125 9.1046418249607068 10.410227090120314 137.45298355817795 1539.101695805788 212.22337590157986 227.49457891285419 450.19632224738598 10.689925268292425 13.862413823604582 138.91459234058857
leaf_count=63 641 172 4221 14 804 22 46 451 5270 1088 605 1189 32 42 471
internal_value=0.00749799 0.013056 0.0086954 -0.0432584 0.0101805 0.0221543 9.972e-06 -0.00208199 0.000627034 -0.0224825 0.0115068 0.0325233 0.0223596 -0.0118444 0.0287985
internal_weight=4875.13 2798.17 1891.58 52.5665 1839.02 906.59 2076.96 1899.19 1676.55 222.634 447.289 459.301 177.768 28.1631 149.605
internal_count=15131 7668 5211 186 5025 2457 7463 6855 5721 1134 1246 1211 608 105 503
is_linear=0
shrinkage=0.1


Tree=25
num_leaves=15
num_cat=0
split_feature=2 10 9 4 0 9 6 8 11 7 7 10 3 1
split_gain=17.8139 8.51152 11.1161 15.6245 7.16625 6.69918 8.98976 9.3141 8.53143 8.45088 7.89664 6.59826 5.35572 3.85434
threshold=26.276694365810815 0.026920081399850655 5.7020204976820432 0.00012874645975100002 46.734556417912252 4.9642711125813239 3.5650330959657524 5.3478312353238149 0.033047034615551855 3.1762703809669808 3.6736380887977078 0.029056941940306506 14.778768825356668 33.627965691608459
decision_type=2 2 2 2 2 2 2 2 2 2 2 2 2 2
left_child=5 2 3 -2 11 6 7 -1 10 -8 -7 -3 -10 -4
right_child=1 4 13 -5 -6 8 9 -9 12 -11 -12 -13 -14 -15
leaf_value=0.0025909234889231452 -0.097964349511060075 0.034647569846421242 -0.0036395258023805043 -0.0038695760944341667 -0.063788827594914013 0.034862675016519705 -0.10465510528612759 0.093285869800883464 0.13242866274495646 -0.016579271955490731 -0.030862233597440149 0.016236506939366624 0.031645850364217416 0.0533598952850051
leaf_weight=3180.8437951058149 20.164724633097649 241.70953747630119 17.03703373670578 141.34714622795582 10.336728245019911 55.727495208382607 12.44475509226322 11.363802433013914 11.079919561743738 87.425367832183838 27.203952774405479 999.97359648346901 10.060587033629416 39.066769599914551
leaf_count=10604 71 622 48 390 32 139 43 25 21 251 79 2679 25 102
internal_value=0.00675945 0.0159574 -0.00229664 -0.0156173 0.0191302 0.00277916 0.00198949 0.00291378 0.0277588 -0.0275543 0.013303 0.0198205 0.084467 0.0360509
internal_weight=4865.79 1469.64 217.616 161.512 1252.02 3396.15 3292.08 3192.21 104.072 99.8701 82.9314 1241.68 21.1405 56.1038
internal_count=15131 3944 611 461 3333 11187 10923 10629 264 294 218 3301 46 150
is_linear=0
shrinkage=0.1


Tree=26
num_leaves=15
num_cat=0
split_feature=8 11 2 9 7 5 11 1 4 9 10 10 8 2
split_gain=15.8446 10.7595 9.91816 9.07747 15.4518 8.07795 10.1044 6.77573 6.61618 8.74981 6.21722 6.21405 5.67911 4.60765
threshold=3.1253356125858991 0.047543581321058813 42.51632499611933 3.5692067053886829 2.4169524449930271 0.26615333977785344 0.022224509028427753 33.190288305596205 0.062513359825970824 2.0002284404011679 0.027493242842802901 0.024542527719260455 2.9416424497176199 23.504208084921874
decision_type=2 2 2 2 2 2 2 2 2 2 2 2 2 2
left_child=1 3 5 12 -5 6 -2 -4 9 -3 -7 -9 -1 -10
right_child=2 8 7 4 -6 10 -8 11 13 -11 -12 -13 -14 -15
leaf_value=0.0021278707565978209 -0.096676706602796564 0.01090887973458771 -0.041931842701214458 0.001968406925391642 -0.13330682372741773 0.0011099137466380959 0.0080971740184388272 -0.079957918531211244 -0.072467404353450685 0.097814082251627688 0.027566191612575792 0.060618153756606653 -0.014809182439188204 0.049194959166141576
leaf_weight=2387.6749196648598 9.259972929954527 20.442817658185959 7.997375324368476 21.952482402324677 13.721900701522825 113.37294293940067 1540.0154956579208 3.2824327647685996 7.3608058989047986 26.738380461931229 410.24849207699299 74.832225039601326 215.87125127017498 5.3940883427858353
leaf_count=8318 32 71 26 60 49 314 4204 12 27 59 1075 212 659 13
internal_value=0.0060961 0.0009885 0.0124815 3.7047e-05 -0.0500643 0.0111001 0.00747094 0.0457357 0.0428847 0.0601595 0.021838 0.054711 0.000723547 -0.021016
internal_weight=4858.17 2699.16 2159.01 2639.22 35.6744 2072.9 1549.28 86.112 59.9361 47.1812 523.621 78.1147 2603.55 12.7549
internal_count=15131 9256 5875 9086 109 5625 4236 250 170 130 1389 224 8977 40
is_linear=0
shrinkage=0.1


Tree=27
num_leaves=16
num_cat=0
split_feature=2 3 9 11 9 3 6 3 5 3 7 6 11 8 11
split_gain=13.3237 10.0734 11.2882 10.6291 9.08655 7.8486 9.14943 7.65032 9.36473 14.5076 14.492 3.46193 3.0339 8.72586 4.53469
threshold=18.201708887061148 17.011421524731684 1.9064185864470382 0.038348884219138409 1.9679689752640384 16.77000867366241 3.8967960048466925 1.0000000180025095e-35 0.020121959860340256 20.245295101203808 2.8500775583144446 3.6391737365248025 0.024958352204612556 1.2345123291015627 0.026308193205581653
decision_type=2 2 2 2 2 2 2 2 2 2 2 2 2 2 2
left_child=7 5 3 -3 -4 6 -2 12 9 -9 -10 -7 13 -1 -14
right_child=1 2 4 -5 -6 11 -8 8 10 -11 -12 -13 14 -15 -16
leaf_value=-0.067208302872701631 0.020478885531534086 -0.022853417779435635 0.10627616529300823 -0.15865778151245222 0.0066606176183175193 0.045377945960418255 -0.010915925345977169 -0.011422466212230397 0.0085005867872400189 0.032570660498206734 -0.069387367924863441 0.11409014367974557 0.086642361307253127 0.044629005365262403 0.019964102210779065
leaf_weight=13.897107422351839 750.89576932787895 45.30434538424015 9.2033572494983655 6.6032772511243811 1810.803752169013 35.0903300344944 105.92219667136669 1041.9098092466593 751.85012006759644 80.770086064934731 24.672313347458839 9.269401550292967 11.002119839191435 14.009178251028059 139.81160299479961
leaf_count=63 2045 157 21 29 5004 91 301 3995 2545 231 84 20 32 42 471
internal_value=0.00549818 0.0100348 0.00585291 -0.0401294 0.00716435 0.0187212 0.0165978 -0.000556107 -0.00241745 -0.00825742 0.00602587 0.059736 0.0192238 -0.0110651 0.0248284
internal_weight=4851.01 2773.09 1871.91 51.9076 1820.01 901.178 856.818 2077.92 1899.2 1122.68 776.522 44.3597 178.72 27.9063 150.814
internal_count=15131 7668 5211 186 5025 2457 2346 7463 6855 4226 2629 111 608 105 503
is_linear=0
shrinkage=0.1


Tree=28
num_leaves=16
num_cat=0
split_feature=9 10 1 9 2 7 6 10 9 10 11 11 10 3 0
split_gain=12.3768 11.3398 17.3417 9.50237 8.8566 15.6111 10.0229 7.92003 16.8732 15.2756 13.628 9.60673 16.6655 11.2532 7.88719
threshold=4.1802217722239705 0.034924441566478705 28.287137338654038 4.6295370093345793 30.793864485523901 2.897887065544436 1.8866990316123522 0.027765944688176152 4.048393346751622 0.026772245957744353 0.028079897992565207 0.027595735274586603 0.028433311649292855 14.084859044138785 23.830827370285991
decision_type=2 2 2 2 2 2 2 2 2 2 2 2 2 2 2
left_child=7 4 14 -4 5 -2 -6 8 10 -10 -1 13 -13 -9 -3
right_child=1 2 3 -5 6 -7 -8 11 9 -11 -12 12 -14 -15 -16
leaf_value=0.0011704954648796898 0.024693284740428912 0.046736511404320329 -0.031477647813706482 0.027205133214799615 -0.054959804818759776 -0.015201825469210055 0.021553744558948193 -0.0060430980622751766 -0.16628622353349068 0.030865433657876109 -0.037068260978959253 0.034925236538772296 0.0031414505421824726 -0.13221736607267973 0.10917932348914638
leaf_weight=601.55837114155293 150.4497152119875 58.538968846201897 36.875148341059685 109.63036353886127 17.807322636246681 281.79212209582329 443.8730337023735 19.782239645719532 12.202656924724581 5.7970687150955191 110.28929430246353 175.38192990422249 2778.9038174152374 10.998691707849501 30.908745542168617
leaf_count=2017 387 144 110 307 56 793 1221 73 46 15 388 532 8934 44 64
internal_value=0.00495357 0.0141184 0.033618 0.0124348 0.00897145 -0.0013156 0.0186026 0.00216612 -0.00717179 -0.102791 -0.00475398 0.00444924 0.0050283 -0.0511279 0.0683137
internal_weight=4844.79 1129.88 235.953 146.506 893.922 432.242 461.68 3714.91 729.847 17.9997 711.848 2985.07 2954.29 30.7809 89.4477
internal_count=15131 3082 625 417 2457 1180 1277 12049 2466 61 2405 9583 9466 117 208
is_linear=0
shrinkage=0.1


Tree=29
num_leaves=15
num_cat=0
split_feature=9 7 5 4 5 6 6 3 2 2 2 11 11 0
split_gain=11.0324 8.71254 9.8304 10.9378 8.38589 7.61861 8.89735 14.7104 7.8707 6.87778 6.43688 11.006 6.93183 4.03206
threshold=5.7020204976820432 4.2053093703929187 0.020121959860340256 0.0081265295884804505 0.013006198512007001 2.9341576993465428 2.4854911027941857 27.686299710764867 22.081483181153299 38.868588211187763 29.313579424026056 0.029797305949376303 0.028926753813939752 23.00085522369773
decision_type=2 2 2 2 2 2 2 2 2 2 2 2 2 2
left_child=1 2 4 -4 -1 6 13 -8 -7 -10 12 -12 -3 -2
right_child=5 10 3 -5 -6 8 7 -9 9 -11 11 -13 -14 -15
leaf_value=0.00050500657051630153 -0.036117274904392704 -0.063112555210401863 0.027448320705998577 0.0058285730242643311 -0.024680449511921762 0.12139524488715975 -0.004602940323717805 -0.19776450633005721 0.017223350809269112 0.060424340425824022 -0.01549817939065456 -0.14594139079186139 0.043111810098583864 0.069299900061646449
leaf_weight=1936.2336437702179 5.3393454849720028 10.571832686662676 261.64318461716175 2215.5028519779444 141.89405876398087 9.6572719961404783 12.496613115072252 5.7597540467977515 137.24274557828903 50.379837840795517 14.917679205536844 11.419914558529852 14.665156170725821 11.322295755147932
leaf_count=6566 16 33 749 6550 457 19 36 25 382 147 43 42 36 30
internal_value=0.00446645 0.00339449 0.00385722 0.00811211 -0.00121465 0.0257345 -0.0173207 -0.065544 0.0333551 0.0288235 -0.037476 -0.072058 -0.00138582 0.0355182
internal_weight=4839.05 4606.85 4555.27 2477.15 2078.13 232.198 34.918 18.2564 197.28 187.623 51.5746 26.3376 25.237 16.6616
internal_count=15131 14476 14322 7299 7023 655 107 61 548 529 154 85 69 46
is_linear=0
shrinkage=0.1


Tree=30
num_leaves=14
num_cat=0
split_feature=9 8 8 0 1 1 11 5 3 2 10 3 7
split_gain=10.4961 10.3798 15.4699 14.0698 12.215 10.5488 8.09758 11.4337 9.35178 11.0032 8.54294 7.26065 6.65956
threshold=2.9410137986696041 2.5552302607177357 2.5403361290227626 40.998729705810554 7.4173834385294279 33.190288305596205 0.033991856492112511 0.33333386430052253 8.7360950609944652 17.335868898019104 0.036405885921811855 42.394473173620291 2.897887065544436
decision_type=2 2 2 2 2 2 2 2 2 2 2 2 2
left_child=1 2 5 4 -3 -1 7 11 10 -10 -8 -2 -9
right_child=6 3 -4 -5 -6 -7 8 12 9 -11 -12 -13 -14
leaf_value=0.00047672176405136221 0.00030184182957585702 -0.11259922644534114 0.10109835782122452 -0.14804790127489995 -0.009917204578256858 0.06850116127125784 0.0013942675876410853 0.036027431529348515 -0.02625845990470492 0.018890347947045364 0.1054031012884539 0.063989952249394036 0.0077808963310275498
leaf_weight=1933.9793055802584 1434.0977216511965 11.989102929830549 15.64996215701103 7.9305751472711554 343.94559264183044 23.068641185760498 12.263533562421797 163.60031117498875 59.128634378314018 619.79375295341015 22.179611280560493 18.126478642225266 170.40656577050686
leaf_count=6966 4025 50 39 29 1102 54 35 417 181 1659 49 44 481
internal_value=0.00402644 -0.000792045 0.00207046 -0.0163111 -0.0133759 0.00127856 0.00853065 0.00493374 0.0175371 0.0149583 0.0683706 0.00109679 0.0216164
internal_weight=4836.16 2336.56 1972.7 363.865 355.935 1957.05 2499.6 1786.23 713.366 678.922 34.4431 1452.22 334.007
internal_count=15131 8240 7059 1181 1152 7020 6891 4967 1924 1840 84 4069 898
is_linear=0
shrinkage=0.1


Tree=31
num_leaves=16
num_cat=0
split_feature=0 7 5 10 11 5 3 3 8 7 9 6 6 10 1
split_gain=9.02502 7.53211 8.24473 7.90602 9.5639 7.41949 6.29049 11.5946 10.4711 15.3271 9.18398 5.76721 5.47347 4.22154 3.30399
threshold=17.142496414482597 3.2182344702787371 0.035050942059585456 0.024932358658062304 0.028571521906096752 0.28806650071871881 17.011421524731684 16.77000867366241 3.1473633678529138 2.4169524449930271 3.0135129719485643 2.4854911027941857 4.0000138433726224 0.030361925574262403 17.997791921168169
decision_type=2 2 2 2 2 2 2 2 2 2 2 2 2 2 2
left_child=1 3 14 5 -5 -1 7 12 9 -8 -10 -9 -2 -4 -3
right_child=6 2 13 4 -6 -7 8 11 10 -11 -12 -13 -14 -15 -16
leaf_value=-0.017012101233314394 0.014346355189483526 0.040585583588477352 -0.16285000237035793 0.01548079062791366 -0.0020682414315968487 -0.1092786621132259 -0.0016088592023386517 0.10487266522093452 0.056597067059749366 -0.054766678287733198 0.007291815600814093 0.030752216593745177 -0.012827754415594507 -0.05088975218559573 -0.05745145033061521
leaf_weight=136.35449104011059 795.50243833661079 8.3651356250047701 6.9855148792266828 381.66534160077572 1666.6180969029665 9.310457840561865 404.58074216544628 19.76481993496418 39.025904834270477 62.638416156172752 1181.9203653484583 22.3889150172472 81.739025846123695 6.5028549581766129 5.8358462601900092
leaf_count=517 2226 22 27 1326 5866 39 1172 45 98 193 3268 60 234 20 18
internal_value=0.00363023 -0.00105323 -0.0528829 -0.000399097 0.00120174 -0.0229095 0.00762054 0.014276 0.00399587 -0.00873554 0.00886779 0.0655054 0.0118143 -0.108873 0.000297591
internal_weight=4829.2 2221.64 27.6894 2193.95 2048.28 145.665 2607.56 919.395 1688.17 467.219 1220.95 42.1537 877.241 13.4884 14.201
internal_count=15131 7835 87 7748 7192 556 7296 2565 4731 1365 3366 105 2460 47 40
is_linear=0
shrinkage=0.1


Tree=32
num_leaves=13
num_cat=0
split_feature=9 10 5 11 2 7 6 1 2 2 3 6
split_gain=8.6979 7.10322 13.1668 11.0306 10.3207 9.84571 6.35675 8.09749 6.5619 6.71897 5.92741 4.63748
threshold=5.7020204976820432 0.027493242842802901 0.71619615347705601 0.02834276991985905 35.282241122939013 3.4831003504308735 2.9341576993465428 36.977000860881454 22.081483181153299 25.267690608735194 35.768429240918728 2.4213867187500004
decision_type=2 2 2 2 2 2 2 2 2 2 2 2
left_child=1 2 3 -1 5 -3 7 11 -8 -10 -6 -2
right_child=6 4 -4 -5 10 -7 8 -9 9 -11 -12 -13
leaf_value=-0.0010988392975461259 0.051138035040977851 0.0039090740450106803 -0.13869276780807824 -0.040433082248676942 0.016039111302784757 -0.021060105561465547 0.11086336253746638 -0.11773001511247294 -0.063750348579267077 0.029382373126777217 0.054802484187432832 -0.030117344581981981
leaf_weight=796.64352795481682 12.667226538062097 3257.0608534514904 7.386590212583541 78.302579164505005 245.72998118400574 165.96750392019749 9.4161806702613813 6.4875211715698233 8.1042707711458188 175.40706117451191 46.991390854120255 15.766087889671324
leaf_count=2563 34 10344 29 265 678 476 19 25 25 504 121 48
internal_value=0.00326937 0.00232433 -0.00574144 -0.00461902 0.00423961 0.00269843 0.0223408 -0.0169192 0.029447 0.0252694 0.0222619 0.00608246
internal_weight=4825.93 4598.08 882.333 874.946 3715.75 3423.03 227.848 34.9208 192.928 183.511 292.721 28.4333
internal_count=15131 14476 2857 2828 11619 10820 655 107 548 529 799 82
is_linear=0
shrinkage=0.1


Tree=33
num_leaves=14
num_cat=0
split_feature=9 9 5 7 6 9 9 7 9 11 8 2 7
split_gain=8.02443 11.9264 17.0815 9.5047 7.1558 7.07002 11.8046 10.2696 6.54445 7.98325 6.4334 6.21684 2.71194
threshold=3.7286113942896475 3.5904666554370324 0.35625821016123477 2.5237504566755367 1.0626336336135866 3.8784573873738872 3.9998532292389948 2.3089163203807721 2.9998137140341083 0.023257870718731751 2.5552302607177357 27.429445720049266 1.2110590558098935
decision_type=2 2 2 2 2 2 2 2 2 2 2 2 2
left_child=1 8 3 -3 12 7 -7 -6 10 -10 -1 -4 -2
right_child=4 2 11 -5 5 6 -8 -9 9 -11 -12 -13 -14
leaf_value=0.0013229113284913502 0.029855579840664139 -0.017117663135901018 -0.011378733952072888 -0.073294341599932006 -0.013771417744445749 -0.02577875928773099 0.0086573314898624673 0.045595613927954977 0.1006208123669184 0.0085264615832406996 -0.012271991932138158 0.089329263170354736 0.1065569624134296
leaf_weight=1985.7325993180275 8.6548112481832522 64.48600734770298 10.544275715947153 56.511582911014557 40.318942457437515 108.07330237329006 1261.6566627770662 105.07467445731163 9.5364667773246747 725.20934714376926 422.07442539930344 14.641087234020231 9.8628478795289976
leaf_count=7094 22 186 30 185 113 313 3504 260 23 1996 1352 32 21
internal_value=0.00294751 0.000161873 -0.0277593 -0.0433548 0.00892101 0.00816586 0.00594028 0.0291326 0.00146069 0.00972178 -0.0010602 0.0471662 0.0707082
internal_weight=4822.38 3288.74 146.183 120.998 1533.64 1515.12 1369.73 145.394 3142.55 734.746 2407.81 25.1854 18.5177
internal_count=15131 10898 433 371 4233 4190 3817 373 10465 2019 8446 62 43
is_linear=0
shrinkage=0.1


Tree=34
num_leaves=16
num_cat=0
split_feature=5 4 7 8 7 5 3 11 10 0 1 3 10 11 2
split_gain=7.07837 8.43424 9.4062 11.8655 11.7818 7.08364 13.0501 17.8851 10.7383 6.36341 11.6925 8.08274 5.86867 21.0114 9.33837
threshold=0.020121959860340256 0.0040895172362721008 1.653590207359273 3.1253356125858991 1.3868880804486392 0.013006198512007001 18.934384515318126 0.029460301405488852 0.039507074347653007 24.000161793082956 30.102475330032341 1.0000000180025095e-35 0.027493242842802901 0.027667340191315306 36.549248250867414
decision_type=2 2 2 2 2 2 2 2 2 2 2 2 2 2 2
left_child=5 2 4 -4 -2 9 8 -8 -7 11 -11 -1 13 -3 -14
right_child=1 12 3 -5 -6 6 7 -9 -10 10 -12 -13 14 -15 -16
leaf_value=0.016428149831867602 0.040432511014206439 0.0057256336618899976 -0.04663562276531983 0.046801778425782072 0.18772043759559975 -0.058985068030597533 -0.08306467482089272 0.046874081738212503 0.042514267352137272 0.023688013176259317 -0.0093668942891134369 -0.0057063842236733412 0.0049486843842717673 -0.045624051079964451 0.025715823480933958
leaf_weight=187.50116351246834 16.361561343073848 389.93644301593304 20.257973179221153 41.295197814702988 8.1294143199920637 80.422377422451973 14.041907772421835 43.125944510102272 11.9754591435194 268.11278234422207 178.09630547463894 1373.20164065063 1839.4350793659687 100.15241707861423 245.41941595077515
leaf_count=623 51 1159 66 105 16 290 48 109 34 714 509 4920 5456 330 701
internal_value=0.00265708 0.00610779 0.036906 0.0160503 0.0893225 -0.00160092 -0.0225953 0.0149578 -0.04583 -3.63091e-05 0.0104947 -0.00304717 0.00507864 -0.00476796 0.0073933
internal_weight=4817.47 2660.99 86.0441 61.5532 24.491 2156.48 149.566 57.1679 92.3978 2006.91 446.209 1560.7 2574.94 490.089 2084.85
internal_count=15131 7884 238 171 67 7247 481 157 324 6766 1223 5543 7646 1489 6157
is_linear=0
shrinkage=0.1


Tree=35
num_leaves=12
num_cat=0
split_feature=9 7 3 5 11 8 0 10 6 6 0
split_gain=6.35757 6.74106 6.38689 7.68423 5.75555 6.69789 5.81908 5.49418 7.28257 11.3145 7.31702
threshold=5.7020204976820432 4.2053093703929187 26.933296897128148 0.34387247573550905 0.026375314146116203 1.0646128296615649 10.265739419497551 0.039216457689533253 2.8709002014853273 2.4213867187500004 32.393877287395306
decision_type=2 2 2 2 2 2 2 2 2 2 2
left_child=1 4 3 -3 5 -1 -6 8 9 -2 -10
right_child=7 2 -4 -5 6 -7 -8 -9 10 -11 -12
leaf_value=-0.048508422871924958 0.035318849336674465 -0.0052439862669138148 -0.12714743864917002 -0.12818670033261309 -0.0034905686880775232 -0.0050637878357454556 0.0052869624526395631 0.080670361093855558 0.044276316712695697 -0.092537084299571998 0.0039885833940171709
leaf_weight=39.036910623311996 12.995266854763033 39.688597172498703 6.4737546890974036 5.8307573199272147 997.60411259531975 390.19877673685551 3109.3908262699842 13.514771878719328 82.155635461211205 14.808631584048269 99.8949014544487
leaf_count=183 37 110 23 21 3805 1240 9094 39 227 51 301
internal_value=0.00239499 0.00159296 -0.0342098 -0.0209922 0.00200332 -0.00901487 0.00315487 0.0188695 0.0148895 -0.0327785 0.0221696
internal_weight=4811.59 4588.22 51.9931 45.5194 4536.23 429.236 4106.99 223.369 209.854 27.8039 182.051
internal_count=15131 14476 154 131 14322 1423 12899 655 616 88 528
is_linear=0
shrinkage=0.1


Tree=36
num_leaves=12
num_cat=0
split_feature=10 0 1 8 9 7 2 5 3 3 4
split_gain=6.15596 7.68559 7.24854 6.49598 7.90265 7.87139 7.47121 6.5617 6.46983 5.77255 4.62257
threshold=0.047888755331993209 36.001708984375007 30.102475330032341 3.1253356125858991 3.5692067053886829 2.4169524449930271 42.51632499611933 0.33356028369447249 8.7360950609944652 21.853872872223317 0.031374131591292057
decision_type=2 2 2 2 2 2 2 2 2 2 2
left_child=3 2 10 4 7 -6 8 -1 -5 -8 -2
right_child=1 -3 -4 6 5 -7 9 -9 -10 -11 -12
leaf_value=0.00037446113874638328 0.04086495505392404 0.1116158177791774 -0.065321942114294415 0.02633676723046657 -0.01111325128374651 -0.11012071896424168 0.097439008132049032 -0.01847752400375224 0.0031260508307230602 0.024076357370076268 -0.0062522883262792692
leaf_weight=2379.8947463929653 64.583895921707153 9.4185878038406354 9.6392625793814641 128.31030216813087 20.545852363109589 13.181939259171484 12.961723126471041 200.15791276097298 1875.0997212529182 62.167869322001934 30.729262828826904
leaf_count=8238 184 21 32 347 58 46 40 666 5205 200 94
internal_value=0.00215995 0.0250824 0.0173167 0.00160124 -0.00171674 -0.0498087 0.00577362 -0.00108806 0.0046126 0.0367332 0.0256742
internal_weight=4806.69 114.371 104.952 4692.32 2613.78 33.7278 2078.54 2580.05 2003.41 75.1296 95.3132
internal_count=15131 331 310 14800 9008 104 5792 8904 5552 240 278
is_linear=0
shrinkage=0.1


Tree=37
num_leaves=16
num_cat=0
split_feature=5 4 1 1 4 4 3 1 5 3 11 10 0 0 6
split_gain=5.60357 7.47058 12.583 20.6764 10.0353 8.81687 8.77337 8.08811 5.82394 10.5251 14.4682 8.59275 4.80373 10.9459 7.30757
threshold=0.020121959860340256 0.0081265295884804505 13.348488388167608 14.87744316909003 0.017621217761188704 0.078125000029103817 8.2169701299845457 9.4143486517585284 0.013006198512007001 18.934384515318126 0.029460301405488852 0.039507074347653007 17.012441734550524 17.79381455649855 1.4998797650920226
decision_type=2 2 2 2 2 2 2 2 2 2 2 2 2 2 2
left_child=8 2 6 -4 7 -6 -2 -3 12 11 -11 -10 14 -14 -1
right_child=1 4 3 -5 5 -7 -8 -9 9 10 -12 -13 13 -15 -16
leaf_value=0.0013388532954243214 -0.024693035835014948 0.037595707350301849 -0.11574409387156528 0.015938759543957275 0.015080615353269655 0.0011326034334949232 0.070008546868568181 -0.02321030759372425 -0.053786549705144571 -0.074561538139807523 0.041949507992421475 0.037068734862408824 0.050330497396261276 0.0025044094195940604 -0.015008422431360783
leaf_weight=771.64964732527733 11.555566042661665 24.501518711447716 12.747422084212301 184.56037871539593 649.33757890760899 1500.3746832534671 63.757133692502975 204.0872872620821 79.686088874936104 14.20713199675083 42.665590807795525 11.973687663674353 51.082426130771637 757.304752394557 423.54647640883923
leaf_count=3007 44 83 49 506 1893 4487 188 634 290 48 109 34 141 2150 1468
internal_value=0.00194724 0.00502481 0.0207043 0.00743115 0.0032275 0.00534571 0.0554781 -0.0166928 -0.00184364 -0.0209496 0.0128444 -0.041918 -0.000427251 0.00552657 -0.0044542
internal_weight=4803.04 2650.92 272.621 197.308 2378.3 2149.71 75.3127 228.589 2152.12 148.532 56.8727 91.6598 2003.58 808.387 1195.2
internal_count=15131 7884 787 555 7097 6380 232 717 7247 481 157 324 6766 2291 4475
is_linear=0
shrinkage=0.1


Tree=38
num_leaves=13
num_cat=0
split_feature=4 4 8 3 6 7 5 0 1 3 3 2
split_gain=4.94932 9.82833 11.182 10.3459 9.74456 10.4215 15.6756 8.34445 7.01699 4.85876 7.27623 3.68635
threshold=0.25781250106956582 0.25147819729591531 4.2827287353575239 25.087613401853613 0.50037372112274181 1.5339244784397825 0.28806650071871881 46.734556417912252 17.86900293039508 35.768429240918728 34.996996540664561 44.400908746205047
decision_type=2 2 2 2 2 2 2 2 2 2 2 2
left_child=1 9 8 -4 -2 6 -6 -7 -3 10 -1 -11
right_child=4 2 3 -5 5 7 -8 -9 -10 11 -12 -13
leaf_value=0.00055162747198091698 0.1196791972975204 -0.087173351512042863 -0.20137345169835183 -0.023983784637876513 0.089435335527085616 0.014132174357760771 -0.029621455305263417 -0.090967959201193813 0.015379730758939454 0.030304164761849696 -0.072302486249812781 -0.026042030680649583
leaf_weight=3845.901157438755 7.8696986436843863 9.365347892045973 7.4278006106615049 5.8989893943071365 12.226132795214651 652.28672436624765 115.84690442681313 7.6427545547485343 23.1994868516922 85.920750111341476 13.757794708013533 13.425155892968176
leaf_count=12324 23 36 30 18 34 1829 430 25 63 228 45 46
internal_value=0.00175197 0.000320625 -0.0456913 -0.122853 0.0089546 0.00784881 -0.018256 0.012915 -0.0141136 0.000853982 0.000291938 0.0226898
internal_weight=4800.77 4004.9 45.8916 13.3268 795.872 788.003 128.073 659.929 32.5648 3959 3859.66 99.3459
internal_count=15131 12790 147 48 2341 2318 464 1854 99 12643 12369 274
is_linear=0
shrinkage=0.1


Tree=39
num_leaves=13
num_cat=0
split_feature=10 0 8 8 0 9 3 0 8 7 2 5
split_gain=4.88914 6.66583 6.55168 10.4088 6.46748 5.5536 9.54839 13.2726 8.80279 17.4521 5.96312 5.67156
threshold=0.047888755331993209 36.001708984375007 3.3696081722482636 4.2526066531909246 18.02899420609263 1.3580186553965439 4.3649473372551189 6.2793880485642157 1.2345123291015627 0.77909566511248174 22.218378071895778 0.24526348940724205
decision_type=2 2 2 2 2 2 2 2 2 2 2 2
left_child=5 2 4 -4 -2 6 10 -8 9 -7 -1 -10
right_child=1 -3 3 -5 -6 8 7 -9 11 -11 -12 -13
leaf_value=0.0023148510284800436 0.0066588467000722063 0.104479963944374 -0.11432053951347849 0.037367858634501601 0.064113877356428109 0.15131750544600484 -0.062018273967007403 -0.0047087934198354123 -0.00030375463091946917 0.01042018172350204 0.10894320914662883 0.0086455450848370897
leaf_weight=155.5887660831213 57.221173450350761 9.0292649865150434 9.2074667662382144 8.8928433507680875 29.792811900377274 11.622341379523276 68.518419027328491 98.512842789292336 3414.9782160967588 36.087455287575722 5.4277539104223242 893.41203256696463
leaf_count=656 183 21 32 24 71 32 380 478 10512 144 14 2584
internal_value=0.00157845 0.022027 0.0149443 -0.0397947 0.0263309 0.00108016 -0.0114672 -0.0282179 0.00202507 0.0447435 0.00590922 0.00155202
internal_weight=4798.29 114.144 105.114 18.1003 87.014 4684.15 328.048 167.031 4356.1 47.7098 161.017 4308.39
internal_count=15131 331 310 56 254 14800 1528 858 13272 176 670 13096
is_linear=0
shrinkage=0.1


Tree=40
num_leaves=14
num_cat=0
split_feature=9 7 8 0 9 1 4 3 3 6 3 4 10
split_gain=4.67909 6.9271 8.41721 7.17748 5.76296 9.19246 7.50819 5.48698 18.758 5.20244 3.57519 3.2729 3.02312
threshold=5.1785474685095236 3.4831003504308735 3.6677317799734586 38.849365234375007 4.1802217722239705 39.499361617535975 0.88282031240323289 14.778768825356668 15.695752009893932 5.6795272827148446 1.0000000180025095e-35 0.31285882226086476 0.026282968155092502
decision_type=2 2 2 2 2 2 2 2 2 2 2 2 2
left_child=1 4 -3 -4 5 -1 -6 10 -9 -10 12 -12 -2
right_child=7 2 3 -5 6 -7 -8 8 9 -11 11 -13 -14
leaf_value=-0.00028582935134584747 0.041679211711006782 -0.17196164545531445 -0.023172296583457996 0.027002916800985606 0.012925781109797294 0.097360709929688441 -0.075303727126036543 -0.13096667219730923 0.012829948322845022 -0.063867425247518567 0.035784091102843509 0.093911178446231577 -0.052055841536928542
leaf_weight=3662.1702723279595 6.5961705893278104 3.4629163444042197 169.58132028579712 34.271397307515144 507.17364965379238 9.6663574725389463 9.8320997655391675 9.630294591188429 313.42730978876352 9.1007495373487455 39.570136770606041 12.826638132333754 7.1925914734601974
leaf_count=11940 17 13 491 88 1379 21 32 35 927 30 103 32 23
internal_value=0.00142033 0.000479951 -0.0173631 -0.0147369 0.00136305 -2.87683e-05 0.0112479 0.0117984 0.00655942 0.0106658 0.0380907 0.0500135 -0.00721553
internal_weight=4794.5 4396.16 207.316 203.853 4188.84 3671.84 517.006 398.344 332.158 322.528 66.1855 52.3968 13.7888
internal_count=15131 13964 592 579 13372 11961 1411 1167 992 957 175 135 40
is_linear=0
shrinkage=0.1


Tree=41
num_leaves=11
num_cat=0
split_feature=10 0 8 0 0 10 3 10 3 8
split_gain=4.02975 5.80753 7.76976 10.7776 5.83629 4.86131 7.88929 4.92525 7.70602 5.57997
threshold=0.047888755331993209 33.378822803497322 3.3696081722482636 22.210603921918505 18.02899420609263 0.047284683950466803 17.434320939078926 0.046431084321771059 16.664806145084846 1.7656464854550935
decision_type=2 2 2 2 2 2 2 2 2 2
left_child=5 2 4 -4 -2 7 -7 9 -9 -1
right_child=1 -3 3 -5 -6 6 -8 8 -10 -11
leaf_value=-0.0063438913918817414 0.0060002589267575132 0.087038955077392496 0.032553696476139656 -0.12989606741782644 0.06153387489644379 -0.00015447146935044452 -0.14676281652237164 0.11449348111129742 -0.012430643726453351 0.0024896701093110583
leaf_weight=883.07105437666178 57.26185168325901 11.571363091468809 7.9510182738304165 8.3970100656151754 28.266258537769318 9.8650980442762357 5.8452902957797042 9.6606284230947512 9.4750042632222158 3759.1732996180654
leaf_count=3625 183 28 21 31 68 33 23 28 28 11063
internal_value=0.00128254 0.019905 0.0122798 -0.0508871 0.0243536 0.000830837 -0.0547023 0.001018 0.051647 0.000809306
internal_weight=4790.54 113.448 101.876 16.348 85.5281 4677.09 15.7104 4661.38 19.1356 4642.24
internal_count=15131 331 303 52 251 14800 56 14744 56 14688
is_linear=0
shrinkage=0.1


Tree=42
num_leaves=9
num_cat=0
split_feature=9 8 2 1 3 7 6 11
split_gain=3.90035 6.66405 4.95562 8.23698 4.84018 4.05993 5.76106 4.57991
threshold=5.7020204976820432 6.4148471802473077 22.785843304156341 26.525165885070169 14.778768825356668 4.2053093703929187 4.2383586443029353 0.026375314146116203
decision_type=2 2 2 2 2 2 2 2
left_child=1 5 -2 -4 -5 7 -7 -1
right_child=2 -3 3 4 -6 6 -8 -9
leaf_value=-0.0088409476132682834 0.072572490286126182 -0.084945057349206099 -0.06864719999381845 0.052112928322022412 0.0085509294154397942 -0.10157840461101697 -0.012080683172629815 0.0020493309791020033
leaf_weight=426.49302281439304 13.654029756784437 9.1023476719856244 12.398141339421271 30.318781897425652 160.68777246773243 8.6939317286014539 41.646791636943817 4084.5103431791067
leaf_count=1421 31 30 39 82 503 29 118 12878
internal_value=0.00115599 0.000533968 0.0142535 0.0103387 0.0154656 0.000704545 -0.0275371 0.00101971
internal_weight=4787.51 4570.45 217.059 203.405 191.007 4561.34 50.3407 4511
internal_count=15131 14476 655 624 585 14446 147 14299
is_linear=0
shrinkage=0.1


Tree=43
num_leaves=15
num_cat=0
split_feature=9 0 6 0 2 2 7 6 6 8 9 9 1 3
split_gain=3.50332 5.47328 12.5757 10.5869 9.08738 6.93255 5.38198 7.74016 11.0295 10.7979 4.72241 4.60712 7.69109 6.72353
threshold=5.1785474685095236 30.327482638931919 2.6748200356960301 26.251058006413981 23.83768152495669 23.665495888777368 3.4831003504308735 4.2812648120743697 4.0000138433726224 4.8233642578125009 5.4613854619135109 4.1802217722239705 39.499361617535975 23.347094942808891
decision_type=2 2 2 2 2 2 2 2 2 2 2 2 2 2
left_child=6 3 -3 5 -4 -2 11 8 -8 -9 -5 12 -1 -13
right_child=1 2 4 10 -6 -7 7 9 -10 -11 -12 13 -14 -15
leaf_value=-0.00046170201590810597 0.050902093828115384 -0.12224647070727593 -0.10117170189102626 0.011201527154494087 0.0083696856605981126 -0.015018390396842596 -0.011505325587733248 0.11586274192348944 -0.073452743609918103 -0.0030989637990181083 0.064876083920327995 0.018761897755147375 0.090627897355569587 -0.0048242696581074322
leaf_weight=3660.001658052206 20.664591372013092 8.1435068696737272 7.8611911088228217 22.819173872470856 206.75882460176945 69.975363910198212 114.77687257528305 9.1582543402910215 38.343207463622093 45.723870679736137 58.195875465869904 320.6715914607048 9.2929089814424497 193.96476943790913
leaf_count=11940 50 30 26 65 624 212 325 19 122 126 160 852 21 559
internal_value=0.00104197 0.0100699 -0.000270864 0.0234895 0.00435736 1.05211e-05 0.000231215 -0.0154689 -0.0270177 0.0167523 0.0497578 0.00101174 -0.000231007 0.00987235
internal_weight=4786.35 394.419 222.764 171.655 214.62 90.64 4391.93 208.002 153.12 54.8821 81.015 4183.93 3669.29 514.636
internal_count=15131 1167 680 487 650 262 13964 592 447 145 225 13372 11961 1411
is_linear=0
shrinkage=0.1


Tree=44
num_leaves=15
num_cat=0
split_feature=5 3 5 3 3 5 6 3 8 5 7 10 0 11
split_gain=3.32768 7.10412 11.5789 10.6322 10.4819 8.90451 7.58609 5.31812 9.07197 10.5937 7.69541 5.51719 8.25019 6.95732
threshold=0.020121959860340256 17.011421524731684 0.020781573405352104 17.19299547977478 16.77000867366241 0.03251554028255816 2.6563495460177369 1.0000000180025095e-35 1.3520202636718752 0.00050748167581325014 0.74556248732546182 0.031227071759269403 10.957310672211316 0.032247159869882601
decision_type=2 2 2 2 2 2 2 2 2 2 2 2 2 2
left_child=7 2 -2 6 -4 -5 -3 11 9 -9 -10 12 -1 -13
right_child=1 3 4 5 -6 -7 -8 8 10 -11 -12 13 -14 -15
leaf_value=0.021343426999135502 0.12176089712080912 -0.034272866539160278 0.0065603694742686711 0.027569024549529961 0.060436871272680839 -0.0024540345800076043 -0.17069754410608784 -0.012905033016914709 0.033310503021475014 -0.072329405494100371 -0.0026006720159565504 0.079786941618427865 -0.033212522657855376 0.016185518441178329
leaf_weight=63.499039486050606 9.0688193887472135 13.891418293118479 1106.2200555428863 106.53233483433723 37.32985445857048 1358.7600166872144 5.7685827165842047 164.00536945462227 61.888883411884308 36.715689018368721 1666.0446956604719 21.732229501008987 49.193448126316071 82.456471353769302
leaf_count=220 21 46 3469 286 97 3943 22 812 208 190 5330 61 162 264
internal_value=0.000942044 0.00332097 0.00921167 -0.00125138 0.00831911 -0.000271244 -0.0743022 -0.00198245 -0.00365198 -0.0237749 -0.00131445 0.0128642 -0.00247178 0.0294518
internal_weight=4783.11 2637.57 1152.62 1484.95 1143.55 1465.29 19.66 2145.54 1928.65 200.721 1727.93 216.881 112.692 104.189
internal_count=15131 7884 3587 4297 3566 4229 68 7247 6540 1002 5538 707 382 325
is_linear=0
shrinkage=0.1


Tree=45
num_leaves=14
num_cat=0
split_feature=3 3 11 10 8 2 0 10 8 0 5 8 3
split_gain=3.44888 10.2666 14.3954 13.3479 10.2077 8.67469 8.6496 20.1681 10.0035 7.82832 7.60182 5.73681 4.42405
threshold=28.458259295303971 26.578854117101571 0.033455770123801111 0.036733468049398053 3.3863235395401721 43.321327922177765 16.021029848299808 0.036852545514245154 2.0801003031565419 17.012441734550524 0.34082980819579439 5.4538574218750009 26.348807581122674
decision_type=2 2 2 2 2 2 2 2 2 2 2 2 2
left_child=1 5 4 -4 -3 12 7 8 -2 -8 -11 -7 -1
right_child=6 2 3 -5 -6 11 9 -9 -10 10 -12 -13 -14
leaf_value=0.00030828934955917978 -0.0044359524057163884 -0.098615254131067337 0.067799707974518467 -0.030597224313774221 -0.027374859719536949 0.011991988905974579 0.099752989635172568 0.062369993893234311 -0.13985083052253003 0.0037411132946946271 0.035675565010678527 0.11645833407469691 0.046650917959493492
leaf_weight=4105.3479359000921 8.4158616960048693 29.484531104564667 25.377626866102219 30.183432325720787 63.279030591249466 10.373817041516306 10.085394561290739 13.040468186140059 15.507397189736364 344.73653171211481 95.106167331337929 10.657011047005652 20.703477427363396
leaf_count=13186 26 103 63 92 189 34 23 33 57 979 257 36 53
internal_value=0.000846905 -5.72334e-05 -0.0259081 0.0143458 -0.0500183 0.00086735 0.0088233 -0.037678 -0.0922138 0.0126436 0.0106462 0.0649285 0.000540825
internal_weight=4782.3 4295.41 148.325 55.5611 92.7636 4147.08 486.892 36.9637 23.9233 449.928 439.843 21.0308 4126.05
internal_count=15131 13756 447 155 292 13309 1375 116 83 1259 1236 70 13239
is_linear=0
shrinkage=0.1


Tree=46
num_leaves=11
num_cat=0
split_feature=10 0 6 10 3 10 3 10 3 8
split_gain=3.23938 5.13287 5.82681 6.24964 6.08125 3.87622 6.18875 3.81613 6.10654 4.05552
threshold=0.047888755331993209 36.001708984375007 1.0007474422454836 0.053703533290775755 25.087613401853613 0.047284683950466803 17.434320939078926 0.046431084321771059 16.664806145084846 1.7656464854550935
decision_type=2 2 2 2 2 2 2 2 2 2
left_child=5 2 3 -2 -4 7 -7 9 -9 -1
right_child=1 -3 4 -5 -6 6 -8 8 -10 -11
leaf_value=-0.005766122708296669 0.0084500502160426618 0.093169676576126639 0.010188602266927535 0.10123794900083111 -0.063378889643031275 -0.00051944374916931097 -0.12974888591194961 0.099682486354491784 -0.012655801036055623 0.0017764747764562154
leaf_weight=880.08663064986467 16.542126536369327 8.3065358251333219 61.250364407896996 12.934999555349348 13.76059804856777 9.859569698572157 5.937382608652114 9.9093672633171099 9.4565070345997793 3751.7004337087274
leaf_count=3625 54 21 177 34 45 33 23 28 28 11063
internal_value=0.000765286 0.0175109 0.0114962 0.0491668 -0.00330719 0.000360564 -0.0490911 0.000528519 0.0448268 0.000343305
internal_weight=4779.74 112.795 104.488 29.4771 75.011 4666.95 15.797 4651.15 19.3659 4631.79
internal_count=15131 331 310 88 222 14800 56 14744 56 14688
is_linear=0
shrinkage=0.1


Tree=47
num_leaves=15
num_cat=0
split_feature=3 3 11 10 8 2 0 10 8 1 5 3 11 3
split_gain=2.85147 8.34032 11.6058 10.9802 8.36108 7.42513 6.97882 16.3367 8.01115 7.02944 7.96382 5.42901 5.01453 3.66606
threshold=28.458259295303971 26.578854117101571 0.033455770123801111 0.036733468049398053 3.3863235395401721 43.321327922177765 16.021029848299808 0.036852545514245154 2.0801003031565419 22.780013121395637 0.049844727618793612 21.853872872223317 0.031534437485316209 26.348807581122674
decision_type=2 2 2 2 2 2 2 2 2 2 2 2 2 2
left_child=1 5 4 -4 -3 13 7 8 -2 12 -11 -7 -8 -1
right_child=6 2 3 -5 -6 11 9 -9 -10 10 -12 -13 -14 -15
leaf_value=0.00019621643782786948 -0.003753846272202193 -0.089038914514989576 0.062131113944745776 -0.027451026439697369 -0.0246042078183282 0.11650536991058905 0.10233613084104537 0.056924781989059606 -0.12477937002242434 -0.015251127118768215 0.01627780490519538 0.012298064008988795 0.016528751332631215 0.042560641392595258
leaf_weight=4103.3113585263491 8.4063226729631442 29.427959129214287 24.890765175223351 30.385766595602036 63.794303014874458 9.4520221948623675 14.005751445889475 12.915623664855955 15.65514951944351 107.64367841184139 313.23736995458603 10.613039582967756 13.256953805685042 20.528823807835579
leaf_count=13186 26 103 63 92 189 33 32 33 57 313 877 37 37 53
internal_value=0.000689245 -0.000132067 -0.0234175 0.0128874 -0.0449446 0.000702378 0.0079563 -0.0337987 -0.0824969 0.0114016 0.00821403 0.0613869 0.0606108 0.00040711
internal_weight=4777.52 4292.4 148.499 55.2765 93.2223 4143.91 485.121 36.9771 24.0615 448.144 420.881 20.0651 27.2627 4123.84
internal_count=15131 13756 447 155 292 13309 1375 116 83 1259 1190 70 69 13239
is_linear=0
shrinkage=0.1


Tree=48
num_leaves=16
num_cat=0
split_feature=0 0 0 9 1 6 3 11 6 5 9 10 3 3 4
split_gain=3.03326 17.1366 10.5081 9.88076 9.77975 9.66479 10.032 9.38535 7.59161 7.5516 8.379 7.20832 6.44272 6.05296 4.45356
threshold=30.327482638931919 26.42476320266724 32.393877287395306 5.4613854619135109 25.915505779768488 3.7673696130514149 16.584033707284302 0.026045898658058453 3.038776778509487 0.38031289043712407 4.3646938921708962 0.025961130834159702 40.352084578849578 12.334133668543711 0.33624720573425299
decision_type=2 2 2 2 2 2 2 2 2 2 2 2 2 2 2
left_child=1 5 4 11 8 12 -7 -6 -2 13 -11 -3 -1 -4 -5
right_child=2 3 9 14 7 6 -8 -9 -10 10 -12 -13 -14 -15 -16
leaf_value=-0.00010311923834553936 -0.009076250232370504 0.054032758645169571 0.037117023418384694 0.046087558515170539 -0.11609702176417905 -0.0044250465007679689 -0.083785874882377237 -0.026894674967251016 0.11619949014029785 0.05069921912464357 0.00076175398934297787 0.010025849921991773 0.064973902450183502 -0.0069898785167293656 0.1176377035842473
leaf_weight=3394.5833470746875 12.422470241785051 41.785834953188896 33.150779113173485 43.043495088815689 12.775908410549162 36.805164158344269 28.081683918833733 153.62524656206369 7.9221114367246619 58.405666917562485 79.11206191778183 340.74502815306187 15.281462073326109 506.3895970582962 10.902871772646902
leaf_count=11209 36 104 87 127 46 104 94 465 16 144 242 936 39 1454 28
internal_value=0.00062254 0.00180699 -0.00474055 0.0204831 -0.0257417 -0.000538992 -0.0387708 -0.0337434 0.0397057 0.00105197 0.0219709 0.014833 0.000188526 -0.00427983 0.0605483
internal_weight=4775.03 3911.23 863.804 436.477 186.746 3474.75 64.8868 166.401 20.3446 677.058 137.518 382.531 3409.86 539.54 53.9464
internal_count=15131 12641 2490 1195 563 11446 198 511 52 1927 386 1040 11248 1541 155
is_linear=0
shrinkage=0.1


Tree=49
num_leaves=10
num_cat=0
split_feature=11 3 11 0 8 0 11 7 2
split_gain=2.90574 5.31489 2.98373 9.28441 12.4373 7.22624 5.10585 9.55224 3.40697
threshold=0.0213046900904106 1.0000000180025095e-35 0.023681383252825053 19.23026275634766 3.1696064174175267 31.309984717032396 0.024629285965222552 0.99658663896839006 26.276694365810815
decision_type=2 2 2 2 2 2 2 2 2
left_child=1 -1 3 4 -2 -5 7 -4 -8
right_child=2 -3 6 5 -6 -7 8 -9 -10
leaf_value=0.0050364268361369757 0.010707967654785974 -0.10691601269751312 0.064924934995820666 0.089605553388326209 -0.14307255891396053 -0.004514948758155805 -0.00090657741088289898 -0.036126239790691669 0.0050816700423167932
leaf_weight=10.554775536060335 35.706292435526848 7.0885915309190741 10.669748932123182 23.717520877718925 6.1676821112632743 12.433576941490172 3248.3094114363194 75.889519721269608 1342.8781742081046
leaf_count=37 137 30 41 55 24 36 10714 259 3798
internal_value=0.000564507 -0.0399428 0.000714784 0.0201089 -0.0119426 0.0572344 0.000391289 -0.0236701 0.000844927
internal_weight=4773.42 17.6434 4755.77 78.0251 41.874 36.1511 4677.75 86.5593 4591.19
internal_count=15131 67 15064 252 161 91 14812 300 14512
is_linear=0
shrinkage=0.1


Tree=50
num_leaves=16
num_cat=0
split_feature=0 0 3 11 0 0 1 0 3 11 7 5 8 8 11
split_gain=2.69802 11.0096 9.77436 10.7861 10.1033 9.32498 19.3211 11.2187 14.7289 10.4292 9.41129 9.04655 6.50835 7.53132 3.62489
threshold=3.4613470864132982 2.5025029778480534 8.7360950609944652 0.031393471790592056 1.6532346281861907 4.0009460449218759 5.5802751387265959 4.7041382776224063 7.6561256463580722 0.039952758615579211 0.96159780671796147 0.045357041169571656 1.0000343322753908 1.3283489053428641 0.032735527792753454
decision_type=2 2 2 2 2 2 2 2 2 2 2 2 2 2 2
left_child=1 2 3 -1 -4 6 9 8 -7 -2 -9 -8 14 -14 -3
right_child=5 12 4 -5 -6 7 11 10 -10 -11 -12 -13 13 -15 -16
leaf_value=0.01706643967552111 0.058591877162218323 -0.02216502197342108 -0.030650430312804122 -0.039403120171089601 0.10309034674985083 -0.12435537232612069 -0.088855385325516678 0.020781290232926481 -0.011131052778511036 0.2056253554529299 -1.5872668424329012e-05 0.05111950915744027 -0.11688284299234988 -0.034445757088334167 0.096148474574312803
leaf_weight=78.562773987650871 36.746030397713184 6.7162002772092801 8.3511839956045169 59.398248463869095 17.453727945685387 16.213003501296043 13.375945165753366 229.48689667880535 39.433149605989456 5.5531730502843848 4197.6345818266273 7.0512689650058737 16.561313569545746 33.497367411851883 4.2145765274763107
leaf_count=303 140 33 34 251 54 84 61 874 155 14 12869 22 92 129 16
internal_value=0.000508268 -0.0101869 0.0033197 -0.00724617 0.0598081 0.0010371 0.0393267 0.00050132 -0.04412 0.0778949 0.00106218 -0.0405375 -0.0464542 -0.0617191 0.0234531
internal_weight=4770.25 224.755 163.766 137.961 25.8049 4545.49 62.7264 4482.77 55.6462 42.2992 4427.12 20.4272 60.9895 50.0587 10.9308
internal_count=15131 912 642 554 88 14219 237 13982 239 154 13743 83 270 221 49
is_linear=0
shrinkage=0.1


Tree=51
num_leaves=15
num_cat=0
split_feature=0 0 6 0 9 8 5 11 2 3 3 3 9 3
split_gain=2.62397 13.5683 9.13393 8.44939 8.41843 8.35575 11.2074 8.55071 6.61126 6.23074 6.01896 5.33701 4.47841 3.99113
threshold=30.327482638931919 26.42476320266724 4.5905472148519388 32.393877287395306 5.4613854619135109 5.4538574218750009 0.029777854714304854 0.029043247633194904 43.321327922177765 12.334133668543711 5.6593177721255161 40.352084578849578 5.6467764060356673 22.531546483192646
decision_type=2 2 2 2 2 2 2 2 2 2 2 2 2 2
left_child=1 2 11 5 10 6 -2 -7 9 -5 -3 -1 -6 -10
right_child=3 4 -4 8 12 7 -8 -9 13 -11 -12 -13 -14 -15
leaf_value=-0.00055049378366529443 -0.07312930502461211 -0.060258002220022117 -0.11290430806765767 0.036387673286493928 0.1077234969144496 -0.042194518032310419 -0.014875201679013367 0.056316252142528084 0.11515727090888339 -0.0035887182379305983 0.015254371561711767 0.059378081706362676 0.039336791142524877 0.022921184227006744
leaf_weight=3451.3519555330276 48.913606211543083 10.865402385592459 7.217604085803031 41.63125267624855 12.670143410563467 14.186331018805502 101.67636497318745 23.254974290728569 7.4637137204408672 614.09696374088526 370.27184157073498 14.924657478928564 39.211241185665131 12.62969585508108
leaf_count=11382 158 35 25 112 32 47 294 64 28 1746 1005 39 123 41
internal_value=0.000451498 0.00155438 -0.000526458 -0.00453595 0.018246 -0.0232856 -0.0337969 0.018991 0.0006807 -0.00105067 0.0131017 -0.000292461 0.0560378 0.0571824
internal_weight=4770.37 3906.51 3473.49 863.853 433.019 188.031 150.59 37.4413 675.822 655.728 381.137 3466.28 51.8814 20.0934
internal_count=15131 12641 11446 2490 1195 563 452 111 1927 1858 1040 11421 155 69
is_linear=0
shrinkage=0.1


Tree=52
num_leaves=13
num_cat=0
split_feature=10 0 8 6 0 9 8 7 3 0 10 3
split_gain=2.59599 4.4918 6.03566 9.08426 5.25674 3.13321 8.07272 12.4524 7.32959 10.6061 5.42387 3.78144
threshold=0.047888755331993209 33.378822803497322 3.3696081722482636 2.5619697390912801 18.02899420609263 1.3580186553965439 1.2345123291015627 0.77909566511248174 4.3649473372551189 8.0000534514811097 0.025369638256136154 9.4600821397517532
decision_type=2 2 2 2 2 2 2 2 2 2 2 2
left_child=5 2 4 -4 -2 8 7 -7 10 -10 -1 -8
right_child=1 -3 3 -5 -6 6 11 -9 9 -11 -12 -13
leaf_value=-0.03719007063959974 0.0024310833980280347 0.076942352261284708 0.010788578666995422 -0.14229123155652307 0.055463133273727788 0.12889881992970917 0.0070804047995681255 0.011842573488913034 -0.047563492524996143 0.0038073727081226385 0.013552050319325624 -0.0010026574632920617
leaf_weight=24.931551665067673 57.480447754263878 10.735236734151838 10.400569483637812 6.1801761686801902 27.698096826672554 12.177085712552069 689.88532780110836 35.823723807930946 89.276256278157234 73.096713900566101 135.84822583198547 3593.4126310572028
leaf_count=116 183 28 29 23 68 32 2325 144 512 346 554 10771
internal_value=0.000410362 0.015421 0.00893074 -0.0462692 0.0196759 4.75661e-05 0.000756254 0.041538 -0.00945116 -0.0244375 0.00568365 0.000299233
internal_weight=4766.95 112.495 101.759 16.5807 85.1785 4654.45 4331.3 48.0008 323.153 162.373 160.78 4283.3
internal_count=15131 331 303 52 251 14800 13272 176 1528 858 670 13096
is_linear=0
shrinkage=0.1


Tree=53
num_leaves=16
num_cat=0
split_feature=9 9 0 8 4 5 2 5 9 11 9 6 4 10 6
split_gain=2.57511 11.674 22.4312 11.4112 14.3707 10.7148 13.5014 10.5915 9.64633 8.51845 7.39491 6.44141 5.9548 5.1402 4.63516
threshold=2.444508525980412 2.4906614862778094 14.380540206642539 2.5002758173941406 2.3842460483702871e-07 0.33333386430052253 14.901352015388611 0.25731442076559818 2.3333333333333344 0.037615731745884957 2.5076239333846906 0.53167724609375011 0.00018349289899785004 0.031775931923330454 1.7815280582290145
decision_type=2 2 2 2 2 2 2 2 2 2 2 2 2 2 2
left_child=3 2 12 5 13 7 -7 -1 -6 -4 14 -12 -2 -5 -3
right_child=1 10 9 4 8 6 -8 -9 -10 -11 11 -13 -14 -15 -16
leaf_value=-0.00093811892707490593 0.048319177932971025 -0.011708648291754685 -0.055487174228735781 -0.1429466921422935 0.033058678820921845 -0.071927268067228003 -0.00019542931055468779 0.037067273045816564 -0.068296914782866064 0.082314896844440391 -0.085921139858366552 0.0018657870710209431 0.1371492357849439 -0.043612392663790918 -0.12105488044741337
leaf_weight=1473.3873245120049 12.311488389968874 7.5841448456048948 19.353264838457111 14.779217302799227 23.174110591411591 46.96117214858532 59.465861946344376 77.167739883065224 15.78670586645603 5.8394113332033148 8.3819814622402173 2966.5454768538475 19.498418986797333 8.045007571578024 7.9301858991384506
leaf_count=5486 40 24 65 63 69 212 185 249 55 14 31 8533 46 29 30
internal_value=0.000368227 0.00211385 0.0469433 -0.00272684 -0.0449232 -0.00115344 -0.0318473 0.000953326 -0.00801004 -0.023546 0.00125933 0.00161844 0.102769 -0.107934 -0.0676012
internal_weight=4766.21 3047.44 57.0026 1718.77 61.785 1656.98 106.427 1550.56 38.9608 25.1927 2990.44 2974.93 31.8099 22.8242 15.5143
internal_count=15131 8783 165 6348 216 6132 397 5735 124 79 8618 8564 86 92 54
is_linear=0
shrinkage=0.1


Tree=54
num_leaves=10
num_cat=0
split_feature=11 3 11 0 8 1 11 5 11
split_gain=2.35499 4.40682 2.50006 7.4599 10.3869 5.94135 4.04239 7.87624 3.02614
threshold=0.0213046900904106 1.0000000180025095e-35 0.023681383252825053 19.23026275634766 3.1696064174175267 35.136011028754623 0.024629285965222552 0.40182125244055211 0.025027164247165654
decision_type=2 2 2 2 2 2 2 2 2
left_child=1 -1 3 4 -2 -5 7 -4 -8
right_child=2 -3 6 5 -6 -7 8 -9 -10
leaf_value=0.0045000582697124611 0.010084217209159778 -0.098218946139056559 -0.012664139829469324 0.073795166882306182 -0.13164030702435661 -0.023617426274996675 0.023002975019516751 -0.12730792222985063 0.00027707551415550685
leaf_weight=10.500677883625032 35.692034617066383 6.9349630475044242 80.016697376966476 27.696902826428413 6.0474520772695533 8.0899886041879636 59.362120240926743 6.4777685403823844 4522.8565298318863
leaf_count=37 137 30 275 66 24 25 180 25 14332
internal_value=0.000328201 -0.0363561 0.000462963 0.0182734 -0.0104496 0.0517741 0.000167212 -0.0212501 0.000571487
internal_weight=4763.68 17.4356 4746.24 77.5264 41.7395 35.7869 4668.71 86.4945 4582.22
internal_count=15131 67 15064 252 161 91 14812 300 14512
is_linear=0
shrinkage=0.1


Tree=55
num_leaves=10
num_cat=0
split_feature=3 11 0 0 6 8 3 6 10
split_gain=2.20359 2.67293 2.52551 10.8944 7.75447 22.3868 7.80923 7.39976 6.67278
threshold=45.628700044735155 0.030590454628759551 30.327482638931919 26.42476320266724 2.6748200356960301 5.2124361862586737 12.334133668543711 3.7673696130514149 0.037681829739566658
decision_type=2 2 2 2 2 2 2 2 2
left_child=2 -2 3 7 5 -4 -6 -1 -5
right_child=1 -3 4 8 6 -7 -8 -9 -10
leaf_value=1.8664754979314437e-05 0.076114098526151655 0.002271560572422348 -0.014506035666611551 0.021318959458224738 0.042192114752282621 -0.20427976412421059 -0.0016929789848522667 -0.033934119660229835 -0.0149374823261079
leaf_weight=3401.6115564703941 8.4591012001037615 11.657461553812025 254.26767438650131 367.68573193997145 43.807033032178879 6.3718927204608908 545.11626249551773 65.424530372023582 58.892205819487572
leaf_count=11238 21 34 736 1010 117 26 1576 198 175
internal_value=0.000295606 0.0333227 0.000155533 0.00123339 -0.00478437 -0.0191455 0.00157141 -0.00062204 0.0163135
internal_weight=4763.29 20.1166 4743.18 3893.61 849.563 260.64 588.923 3467.04 426.578
internal_count=15131 55 15076 12621 2455 762 1693 11436 1185
is_linear=0
shrinkage=0.1


Tree=56
num_leaves=11
num_cat=0
split_feature=1 10 5 1 7 0 11 0 6 0
split_gain=2.32864 5.25682 4.61055 2.92608 12.7316 3.57486 11.2706 6.71385 2.65009 2.44738
threshold=39.499361617535975 0.034553247869858708 0.22176829464569783 39.306291696417766 3.4266880384884204 38.849365234375007 0.033047034615551855 30.327482638931919 3.7673696130514149 40.998729705810554
decision_type=2 2 2 2 2 2 2 2 2 2
left_child=3 2 8 5 -5 7 -7 -1 -2 -3
right_child=1 9 -4 4 -6 6 -8 -9 -10 -11
leaf_value=0.0011606508697425059 -0.089400711709657743 0.11066030453039642 0.046446289164646215 0.024611012845249195 -0.15413721854329676 0.029002668508450971 -0.02134023625512263 -0.010142591657757889 0.0035775799379863631 0.026806625838314321
leaf_weight=3895.918513327837 6.5112563669681567 7.8064641654491407 9.7469398677349073 10.826631456613542 6.3054777681827536 140.88123518228531 64.982261657714844 607.42196162045002 5.7925906628370285 6.2811640799045563
leaf_count=12631 23 24 30 30 26 370 191 1771 18 17
internal_value=0.000268405 0.0255563 -0.00492855 7.50494e-05 -0.0411773 0.000225126 0.0131116 -0.000363959 -0.045627 0.073273
internal_weight=4762.47 36.1384 22.0508 4726.34 17.1321 4709.2 205.863 4503.34 12.3038 14.0876
internal_count=15131 112 71 15019 56 14963 561 14402 41 41
is_linear=0
shrinkage=0.1


Tree=57
num_leaves=16
num_cat=0
split_feature=9 8 4 9 0 5 2 8 9 11 9 11 4 10 6
split_gain=2.1987 9.42378 12.2047 9.33086 17.6395 8.71809 11.4888 9.9142 7.92555 6.98883 6.03257 5.68725 4.65785 4.6262 3.83804
threshold=2.444508525980412 2.5002758173941406 2.3842460483702871e-07 2.4906614862778094 14.380540206642539 0.33333386430052253 14.901352015388611 2.4108181623741989 2.3333333333333344 0.037615731745884957 2.5076239333846906 0.0213046900904106 0.00018349289899785004 0.031775931923330454 1.7815280582290145
decision_type=2 2 2 2 2 2 2 2 2 2 2 2 2 2 2
left_child=1 5 13 4 12 7 -7 -1 -4 -6 14 -12 -2 -3 -5
right_child=3 2 8 10 9 6 -8 -9 -10 -11 11 -13 -14 -15 -16
leaf_value=-0.00082545839051882631 0.042605098762955984 -0.13469575824468158 0.029462921630161339 -0.010661342998774685 -0.050318787541029454 -0.066797553693738868 -9.623659198751503e-05 0.042757087938983335 -0.062572777098144031 0.074773299159599169 -0.085820472854004959 0.0016322284751523215 0.12048712761109269 -0.039470097393013499 -0.11059346563645114
leaf_weight=1497.3668835312128 12.495007857680319 14.185016453266146 23.312225237488747 7.571777328848837 19.228145554661754 45.649691291153431 59.455354139208794 54.080573663115501 15.629692688584326 5.8175590485334387 7.4549791365861884 2965.7195302918553 19.923752591013908 7.967146858572959 7.804767981171608
leaf_count=5578 40 63 69 24 65 212 185 157 55 14 27 8537 46 29 30
internal_value=0.000244027 -0.00261693 -0.0411868 0.00185732 0.0417713 -0.00119447 -0.0290662 0.000693748 -0.00747644 -0.0212627 0.00108985 0.00141295 0.0904694 -0.100447 -0.0613845
internal_weight=4763.66 1717.65 61.0941 3046.02 57.4645 1656.55 105.105 1551.45 38.9419 25.0457 2988.55 2973.17 32.4188 22.1522 15.3765
internal_count=15131 6348 216 8783 165 6132 397 5735 124 79 8618 8564 86 92 54
is_linear=0
shrinkage=0.1


Tree=58
num_leaves=13
num_cat=0
split_feature=6 1 7 6 9 5 8 10 0 4 10 2
split_gain=2.22418 18.7333 17.1932 12.238 10.5441 10.2271 10.1905 8.79348 7.06991 5.06356 7.88224 4.93788
threshold=1.3440151214599612 7.4173834385294279 2.0543855207038377 1.3284179033944385 1.9867143613276146 0.43213256603097167 1.781267238587134 0.037037660335168053 10.830338291090811 0.33624720573425299 0.045751445278461207 7.2347284266910838
decision_type=2 2 2 2 2 2 2 2 2 2 2 2
left_child=3 2 4 5 -2 6 -1 -7 -5 11 -11 -3
right_child=1 9 -4 8 -6 7 -8 -9 -10 10 -12 -13
leaf_value=-0.0034430687554130746 -0.024216702692028292 -0.052526731256653615 0.092325763941187439 0.0083563748869634885 -0.11340574771326691 -0.027875879404514303 0.014901947671012312 -0.16144128187477813 0.12302370910605349 0.0065520046911075359 0.077125347926656762 -0.0014930232827790801
leaf_weight=762.51614275574684 23.260785907506943 19.088210627436638 6.9237358421087256 8.9789718091487902 30.815389186143875 25.220687389373783 502.25221553444862 6.126538783311843 13.40332807600498 534.672562494874 16.308620646595955 2811.2459544241428
leaf_count=3162 98 74 20 32 132 107 1509 32 31 1547 40 8347
internal_value=0.000217055 -0.00112065 -0.0560444 0.0037095 -0.0750412 0.00244347 0.00384192 -0.0539801 0.0770233 -0.000129805 0.00864092 -0.0018372
internal_weight=4760.81 3442.32 60.9999 1318.5 54.0762 1296.12 1264.77 31.3472 22.3823 3381.32 550.981 2830.33
internal_count=15131 10258 250 4873 230 4810 4671 139 63 10008 1587 8421
is_linear=0
shrinkage=0.1


Tree=59
num_leaves=16
num_cat=0
split_feature=3 3 8 8 0 6 11 2 2 7 6 4 7 3 0
split_gain=2.30353 14.0881 12.1949 13.519 11.05 8.77685 8.68357 9.2811 7.86855 10.2681 8.55214 6.89587 6.37078 13.9037 10.3236
threshold=17.011421524731684 16.854006552025336 1.5469098036257947 1.3127253664674883 11.002514478202389 1.4000278986059131 0.032382773206818254 17.978207703248092 17.657587166253915 1.6297422785504776 3.1771114835191843 0.015632637310773103 1.4855996348711442 18.28341522229768 12.376708984375002
decision_type=2 2 2 2 2 2 2 2 2 2 2 2 2 2 2
left_child=1 8 3 4 -2 -5 7 -3 9 -1 -10 -8 13 -4 -14
right_child=2 6 12 5 -6 -7 11 -9 10 -11 -12 -13 14 -15 -16
leaf_value=0.0025874602865273389 0.067227842201426968 0.17055606808641907 -0.045722498046136262 -0.10204598577911911 -0.052437692064472546 0.042839906495892685 -0.057963187229356256 0.047689384342536251 0.014010757577209057 -0.014100759424642329 -0.008962571441808103 0.071201424911372546 -0.034332738861270508 0.02515821598683082 -0.0010353128360151205
leaf_weight=1137.0340311527252 14.935041621327402 10.070107117295267 32.307306915521622 33.082627832889557 15.965511351823805 4.7859152406454077 8.7795316427946108 15.784910872578619 701.9817700907588 545.62578044831753 210.67218510806561 7.8104677349328986 98.417850568890572 192.97782592475414 1727.5067257359624
leaf_count=4412 53 22 110 144 63 15 29 42 1962 1848 607 19 318 540 4947
internal_value=0.000193205 0.00216583 -0.00226121 -0.0436834 0.00539978 -0.083735 0.0593124 0.095544 0.00123123 -0.00282393 0.00870772 0.0028467 -0.000872489 0.0149935 -0.00283005
internal_weight=4757.74 2637.76 2119.98 68.7691 30.9006 37.8685 42.445 25.855 2595.31 1682.66 912.654 16.59 2051.21 225.285 1825.92
internal_count=15131 8941 6190 275 116 159 112 64 8829 6260 2569 48 5915 650 5265
is_linear=0
shrinkage=0.1


Tree=60
num_leaves=15
num_cat=0
split_feature=9 10 11 6 9 1 7 7 10 11 7 9 9 6
split_gain=2.09847 8.25905 10.4717 17.9898 8.4066 7.77172 8.14752 6.02251 11.025 18.4606 11.4175 6.75614 9.96109 5.57355
threshold=4.5222241725559558 0.032026227624885807 0.029744708380209452 3.8575516641139989 4.9363571126700654 17.86900293039508 4.7472696258504561 2.6284838010642821 0.031384683756084809 0.031170705234090403 2.8026052999391227 4.2783247998111635 4.3423626925832455 2.7988779544830327
decision_type=2 2 2 2 2 2 2 2 2 2 2 2 2 2
left_child=7 2 4 -4 -2 -3 -7 11 10 -10 -9 13 -13 -1
right_child=1 5 3 -5 -6 6 -8 8 9 -11 -12 12 -14 -15
leaf_value=-0.00025416739984189583 -0.018896794351885002 -0.066419957580337807 -0.0026269256673554686 -0.079644709826856966 0.015339731167203796 0.024979151864658447 -0.061711426108019843 -0.031180087692578219 -0.14364963434475508 -0.018345083307565107 0.012314431559655541 0.083905190118925874 0.00062466593290550995 0.028721644284471132
leaf_weight=3170.873712413013 97.851588264107704 10.434640541672705 101.92385484278202 43.175099730491638 268.56213793158531 268.36681824177504 11.297701388597487 77.62114442884922 12.245648741722105 294.90877547860146 271.29549421370029 24.124321520328522 35.491931170225143 67.803099811077118
leaf_count=10590 282 33 298 146 767 766 40 235 45 855 739 55 99 181
internal_value=0.000171721 0.00483711 -0.00280702 -0.025544 0.00619679 0.0183155 0.0214771 -0.000774027 -0.00952426 -0.0233407 0.0026385 0.000966503 0.034325 0.000352454
internal_weight=4755.98 801.612 511.513 145.099 366.414 290.099 279.665 3954.36 656.071 307.154 348.917 3298.29 59.6163 3238.68
internal_count=15131 2332 1493 444 1049 839 806 12799 1874 900 974 10925 154 10771
is_linear=0
shrinkage=0.1


Tree=61
num_leaves=12
num_cat=0
split_feature=7 0 2 0 6 3 10 9 8 7 0
split_gain=2.06707 11.1208 20.0718 10.3962 9.78639 7.77677 4.78524 3.91223 10.0586 8.54928 2.50135
threshold=0.72359396433470535 6.2793880485642157 15.208836959831681 5.5616939514496844 0.46902465820312506 8.7360950609944652 0.039365947598557105 1.728649035414523 1.3907470703125002 1.2345258099694403 3.7835993766784672
decision_type=2 2 2 2 2 2 2 2 2 2 2
left_child=1 3 6 5 10 -1 -3 9 -9 -6 -2
right_child=4 2 -4 -5 7 -7 -8 8 -10 -11 -12
leaf_value=-0.010448885011661255 -0.053112922916160356 0.060992332712998143 -0.12139470360668639 -0.14710200856612476 -0.00046121319160045808 0.041213454723856041 0.1595454729763042 -0.099551432907771326 0.0012592069425371463 -0.028603803169395616 -0.15583727309140327
leaf_weight=125.90401615202427 5.0186000913381559 39.568605810403824 6.0003988593816748 4.8466825634241095 403.88644284754992 37.910972766578197 5.6274592429399481 9.9222637861967069 3963.0229721516371 147.31757247447968 4.4922573566436768
leaf_count=538 20 135 26 25 1737 132 17 44 11821 616 20
internal_value=0.000158301 0.00962771 0.0504488 -0.00276335 -0.000300914 0.0015071 0.0732634 -8.78906e-05 0.00100744 -0.00798274 -0.101633
internal_weight=4753.52 219.858 51.1965 168.662 4533.66 163.815 45.1961 4524.15 3972.95 551.204 9.51086
internal_count=15131 873 178 695 14258 670 152 14218 11865 2353 40
is_linear=0
shrinkage=0.1


Tree=62
num_leaves=16
num_cat=0
split_feature=3 3 4 8 8 2 6 6 6 0 2 2 7 6 1
split_gain=2.12078 11.8378 9.3974 9.27201 11.4823 9.10683 7.81831 7.59083 5.71828 14.1279 5.8541 5.29885 8.85641 8.34231 3.80168
threshold=17.011421524731684 16.175864502760529 0.31285882226086476 1.5469098036257947 1.3127253664674883 14.030694681966326 0.99238973855972301 1.4000278986059131 1.3750800665932277 10.481719970703127 17.757380876276006 17.657587166253915 1.6297422785504776 3.1771114835191843 22.526606756827515
decision_type=2 2 2 2 2 2 2 2 2 2 2 2 2 2 2
left_child=1 11 6 4 5 -2 -3 -6 10 -10 -5 12 -1 -13 -4
right_child=3 2 14 8 7 -7 -8 -9 9 -11 -12 13 -14 -15 -16
leaf_value=0.0019150501835633578 0.089073052505861755 -0.055151339379409858 0.12231098252058954 0.036227661547420513 -0.094454578581810333 -0.029405632089383349 0.022782594821023908 0.040407889676792021 -0.072038685265832361 -0.001900863734897118 0.0032783505852591859 0.012436718943846934 -0.013848536708538467 -0.011646394160281549 0.049482464865223584
leaf_weight=1112.1499744132161 9.270085424184801 14.058751359581946 11.354960411787035 75.616486892104149 31.689551338553429 21.614402458071709 152.54472340643406 4.8065998703241339 29.196713596582413 1755.7913256436586 187.94881188869476 613.30363270640373 524.49025741219521 187.90081726014614 19.436437487602234
leaf_count=4330 33 53 26 216 144 83 430 15 106 5051 542 1718 1789 544 51
internal_value=0.000139336 0.0020325 0.0255863 -0.00221846 -0.0387184 0.00615615 0.0162062 -0.076693 -0.00101791 -0.00304809 0.0127315 0.000125323 -0.00313667 0.00678868 0.0763395
internal_weight=4751.17 2635.24 197.395 2115.93 67.3806 30.8845 166.603 36.4962 2048.55 1784.99 263.565 2437.84 1636.64 801.204 30.7914
internal_count=15131 8941 560 6190 275 116 483 159 5915 5157 758 8381 6119 2262 77
is_linear=0
shrinkage=0.1


Tree=63
num_leaves=16
num_cat=0
split_feature=10 11 11 3 9 4 7 6 10 11 11 10 6 11 6
split_gain=2.06872 10.942 14.2525 10.9679 10.9031 13.8855 10.3981 8.83187 8.65608 11.8891 12.6146 5.22078 5.21396 7.84628 7.34543
threshold=0.027493242842802901 0.028613090976531152 0.029043247633194904 19.894614912337836 1.1645749304301802 0.078125000029103817 2.897887065544436 0.62473459169268619 0.028433311649292855 0.027595735274586603 0.028393081720095501 0.027617034118476404 4.7172618296688151 0.033047034615551855 4.2812648120743697
decision_type=2 2 2 2 2 2 2 2 2 2 2 2 2 2 2
left_child=1 4 6 -4 7 -6 -3 -1 9 11 -11 -2 14 -14 -10
right_child=8 2 3 -5 5 -7 -8 -9 12 10 -12 -13 13 -15 -16
leaf_value=0.0064543325907897575 0.025195391431978183 -0.1378727173973496 0.029925374401780391 -0.096211912703195776 0.010658436516973468 -0.016694918225749162 0.016520983405479108 -0.079598188364969014 -0.00045728936512077448 0.050879606541669502 0.0078065156749548142 -0.057594061709969974 -0.073718494890715316 0.014941650017715491 0.037960568947370717
leaf_weight=19.401377364993095 10.402118653059004 19.358862034976486 25.495553627610207 9.4479886144399625 552.58091736584902 279.43098191171885 5.6308619678020468 30.958065703511238 3382.5819667354226 106.69642077386379 187.43844301998615 28.449095889925957 23.37254486232996 17.4223522990942 50.511277422308922
leaf_count=91 32 81 80 33 1736 870 15 159 10783 305 576 105 79 50 136
internal_value=0.000123592 -0.00407139 -0.0454185 -0.00417946 -0.00126297 0.00147182 -0.103084 -0.0464458 0.00116196 0.0165638 0.0234311 -0.0354278 -0.00031436 -0.0358542 0.000107955
internal_weight=4749.18 942.305 59.9333 34.9435 882.371 832.012 24.9897 50.3594 3806.87 332.986 294.135 38.8512 3473.89 40.7949 3433.09
internal_count=15131 3065 209 113 2856 2606 96 250 12066 1018 881 137 11048 129 10919
is_linear=0
shrinkage=0.1


Tree=64
num_leaves=13
num_cat=0
split_feature=6 6 3 1 4 3 10 6 6 8 10 10
split_gain=2.11543 9.65924 7.7746 7.1419 9.52772 6.797 6.11017 4.14595 8.45544 6.82191 2.75065 2.71404
threshold=5.0000553734904862 4.7172618296688151 24.384226230901287 34.431339147709942 0.12506104353815317 24.103917069398268 0.028142840797992504 4.2812648120743697 3.9926161244511609 4.8233642578125009 0.029003652942401703 0.026846616847136556
decision_type=2 2 2 2 2 2 2 2 2 2 2 2
left_child=1 7 6 10 5 -5 -3 8 -1 -9 11 -2
right_child=3 2 -4 4 -6 -7 -8 9 -10 -11 -12 -13
leaf_value=0.00048915011874809235 0.037685523035645367 -0.030141508202332912 0.014996941732160289 -0.13739104059784854 0.050080486668564711 0.0063387374251166785 -0.14274041649906685 0.097977001105320621 -0.028628859969193832 0.011571155894511473 0.0078927973190029612 0.11449745253871796
leaf_weight=4478.9496321305633 8.8446115106344276 8.5450194329023414 9.92120663076639 7.6165236234664935 11.059020623564718 5.7924550473690033 11.053223863244055 10.377825468778608 101.99813613295555 76.441980347037315 8.1586732268333417 9.5851838141679746
leaf_count=14341 23 26 29 29 31 17 41 23 310 218 23 20
internal_value=0.000110541 -0.000109513 -0.0571323 0.020356 -0.0186319 -0.0753022 -0.0936462 0.000251105 -0.000159184 0.0218995 0.0562344 0.0776348
internal_weight=4748.34 4697.29 29.5194 51.0565 24.468 13.409 19.5982 4667.77 4580.95 86.8198 26.5885 18.4298
internal_count=15131 14988 96 143 77 46 67 14892 14651 241 66 43
is_linear=0
shrinkage=0.1


Tree=65
num_leaves=16
num_cat=0
split_feature=3 9 2 6 11 8 10 10 11 0 0 10 0 8 4
split_gain=1.99829 4.87256 9.72309 8.92294 6.70856 6.05562 12.1235 4.34213 6.6663 6.63848 10.3714 7.01043 4.54675 3.92441 3.74987
threshold=1.0000000180025095e-35 1.3580186553965439 1.0000000000000004 0.49990844726562506 0.031343380469631053 1.2345123291015627 0.030567278127916851 0.031227071759269403 0.032247159869882601 10.957310672211316 6.8851607870310554 0.026282968155092502 11.911499023437502 2.9999798322188487 0.25490963695119734
decision_type=2 2 2 2 2 2 2 2 2 2 2 2 2 2 2
left_child=7 2 4 -4 -2 6 -3 9 12 10 -1 -11 -9 -10 -7
right_child=1 5 3 -5 -6 14 -8 8 13 11 -12 -13 -14 -15 -16
leaf_value=-0.0026545593038971769 0.1443422041048075 0.09755149550255135 -0.075849898477524463 -0.012034961389463188 -0.016651737397215479 -0.0014127705501467238 -0.0029193987355876135 0.034559545129249802 -0.0023598802246549613 0.0073507776395182987 0.096532548956334743 -0.064256221395545973 0.12228829259862034 0.045046020155829924 0.0063730031137043596
leaf_weight=52.265802070498466 6.298249199986456 19.13909600675106 24.845656663179398 185.50913181900978 4.3939948827028275 3490.4358951747417 32.243630841374397 15.05238150060177 65.162755027413368 26.331734776496887 13.205668121576307 28.437443062663078 9.7241733074188215 23.855532050132751 751.85431890189648
leaf_count=190 24 61 147 973 22 10801 125 47 228 83 39 98 22 61 2210
internal_value=0.000102045 -0.000365006 -0.0148439 -0.0195723 0.0781815 0.000380397 0.0345041 0.00911181 0.0231133 -0.00413911 0.0173516 -0.0298293 0.0689909 0.0103442 -3.29103e-05
internal_weight=4748.76 4514.72 221.047 210.355 10.6922 4293.67 51.3827 234.035 113.795 120.241 65.4715 54.7692 24.7766 89.0183 4242.29
internal_count=15131 14363 1166 1120 46 13197 186 768 358 410 229 181 69 289 13011
is_linear=0
shrinkage=0.1


Tree=66
num_leaves=11
num_cat=0
split_feature=1 8 7 11 0 10 7 0 9 6
split_gain=1.95874 4.82193 12.1601 3.44375 2.29272 8.96739 8.12376 7.91104 7.50864 6.45045
threshold=39.499361617535975 4.0317883142874971 3.1966597362594644 0.033991856492112511 30.327482638931919 0.049914262761785309 2.2312299588691693 26.42476320266724 5.4613854619135109 4.5000069216863112
decision_type=2 2 2 2 2 2 2 2 2 2
left_child=4 -2 -3 -4 7 6 -6 9 -9 -1
right_child=1 2 3 -5 5 -7 -8 8 -10 -11
leaf_value=-0.00041142758856347754 0.085032112024526443 -0.10738650823335932 0.014070549945058889 0.1052968659536612 -0.027462488853642254 0.09919763554848926 -0.0013092222491952372 0.0090339845493602102 0.050812990647631277 -0.078928141258501769
leaf_weight=3447.0851096585393 9.3713763654232007 7.3695518448948887 12.482020303606989 6.1901651173830023 144.06975826621056 8.1994077861309034 676.32179134339094 376.20307703316212 48.571460008621216 10.495090916752813
leaf_count=11410 23 27 41 21 429 19 1935 1038 153 35
internal_value=8.94146e-05 0.0235199 0.00138406 0.0443137 -8.67167e-05 -0.004862 -0.00590202 0.000932447 0.0138113 -0.000649756
internal_weight=4746.36 35.4131 26.0417 18.6722 4710.95 828.591 820.392 3882.35 424.775 3457.58
internal_count=15131 112 89 62 15019 2383 2364 12636 1191 11445
is_linear=0
shrinkage=0.1


Tree=67
num_leaves=14
num_cat=0
split_feature=7 2 11 7 1 7 10 9 10 5 9 3 8
split_gain=1.9868 11.0781 16.2212 9.34411 19.8892 6.36877 5.90026 9.8766 10.6947 8.38756 7.37803 0.47826 0.171887
threshold=1.0146434182550175 4.5413553870903067 0.028567498519161703 1.0766892209978089 8.4132321886142609 1.1111323487812104 0.028142840797992504 2.8429026266488449 0.028433311649292855 0.33356028369447249 2.1090664846931566 3.3283394435300111 1.9969708003924176
decision_type=2 2 2 2 2 2 2 2 2 2 2 2 2
left_child=6 2 -2 4 -3 -5 9 8 -8 10 -1 -9 -4
right_child=1 3 12 5 -6 -7 7 11 -10 -11 -12 -13 -14
leaf_value=0.0001501304647333638 0.036141979141453159 0.043822163205383111 -0.13176469028090659 0.035031702293818939 -0.072839056530381682 -0.00018578523495426787 0.097036476212109007 0.10015984208972147 0.0054448134569340337 -0.13465613125150608 -0.072357870995416504 0.067052732056453471 -0.15511512080044573
leaf_weight=141.95726472884417 8.209474444389345 21.107714399695396 5.8778844475746137 52.024417772889137 47.501026302576065 3960.1340713500977 13.121209084987639 9.2593695223331469 448.66902782768011 5.3223662227392188 15.57311390340328 8.252041280269621 6.7990269064903259
leaf_count=589 31 80 33 178 191 12053 46 20 1773 32 54 20 31
internal_value=8.30729e-05 -0.000726682 -0.0733695 -0.000354878 -0.0369478 0.000270869 0.00525525 0.0108426 0.00804728 -0.0111893 -0.00701785 0.0845585 -0.144288
internal_weight=4743.81 4101.65 20.8864 4080.77 68.6087 4012.16 642.154 479.302 461.79 162.853 157.53 17.5114 12.6769
internal_count=15131 12597 95 12502 271 12231 2534 1859 1819 675 643 40 64
is_linear=0
shrinkage=0.1


Tree=68
num_leaves=16
num_cat=0
split_feature=0 0 0 1 0 3 3 5 7 3 11 0 11 10 7
split_gain=1.97415 8.67224 7.79383 15.8245 8.88171 12.8455 8.56072 7.06653 6.83502 6.79495 8.41302 7.48021 5.95332 6.84277 3.75367
threshold=3.4613470864132982 2.5025029778480534 4.0009460449218759 5.5802751387265959 4.7041382776224063 7.6561256463580722 5.6593177721255161 0.045357041169571656 0.96159780671796147 8.7360950609944652 0.031393471790592056 1.6532346281861907 0.032735527792753454 0.035275331237545761 1.0766892209978089
decision_type=2 2 2 2 2 2 2 2 2 2 2 2 2 2 2
left_child=1 9 3 6 5 -4 -2 -5 -6 10 -1 -11 14 -14 -3
right_child=2 12 4 7 8 -7 -8 -9 -10 11 -12 -13 13 -15 -16
leaf_value=0.015067992565274888 0.027280523259465658 -0.053882293276129124 -0.11865181118986277 -0.082572121683293989 0.017293163035170606 -0.0099610170134092069 0.11661052094586055 0.041529521593027426 -0.00040080062448688948 -0.029469206064032739 -0.035183570385352851 0.085351678616455776 0.069995901280605774 -0.041486688884491592 -0.14118600671608808
leaf_weight=78.676891289651394 22.650929525494576 28.028713710606098 15.072244234383104 12.814343124628069 230.36548556387424 39.03084209561348 20.380554191768169 7.1475365012884131 4174.5283033549786 8.2733503133058566 57.785444959998131 18.057182118296623 8.1924551129341143 16.788635298609734 5.9745950400829306
leaf_count=303 89 133 84 61 874 155 65 22 12869 34 251 54 31 76 30
internal_value=7.16013e-05 -0.00913999 0.000523376 0.035452 2.99301e-05 -0.0402405 0.069589 -0.0381364 0.000524552 0.00276306 -0.0062112 0.0492737 -0.0419916 -0.00492639 -0.0692221
internal_weight=4743.77 221.777 4521.99 62.9934 4459 54.1031 43.0315 19.9619 4404.89 162.793 136.462 26.3305 58.9844 24.9811 34.0033
internal_count=15131 912 14219 237 13982 239 154 83 13743 642 554 88 270 107 163
is_linear=0
shrinkage=0.1


Tree=69
num_leaves=10
num_cat=0
split_feature=3 2 3 3 6 6 11 4 8
split_gain=1.88563 2.26818 2.02885 10.1918 9.0539 11.2844 6.88344 6.27533 5.79295
threshold=45.628700044735155 31.671495408546722 17.011421524731684 16.854006552025336 0.4271290516480804 0.59767150878906261 0.032382773206818254 0.0049133311591451007 1.3127253664674883
decision_type=2 2 2 2 2 2 2 2 2
left_child=2 -2 3 7 8 -6 -5 -1 -4
right_child=1 -3 4 6 5 -7 -8 -9 -10
leaf_value=-0.0031396529325613191 -0.00025176148704796357 0.067551465008210382 -0.015993326722103504 0.082762642507710302 0.065356835781078815 -0.0027189580457985065 -0.00019070869357561796 0.0068628387916166494 -0.16088190040810585
leaf_weight=1521.0336321145296 10.774418175220491 9.1013941466808301 5.2209725975990278 25.77735923230648 24.641223177313805 2057.4054248705506 16.346641272306442 1067.364193469286 5.8531473875045776
leaf_count=5471 30 25 20 64 72 6017 48 3358 26
internal_value=5.97284e-05 0.0307962 -6.96025e-05 0.00177908 -0.00239293 -0.00191327 0.0505718 0.000985023 -0.0925732
internal_weight=4743.52 19.8758 4723.64 2630.52 2093.12 2082.05 42.124 2588.4 11.0741
internal_count=15131 55 15076 8941 6135 6089 112 8829 46
is_linear=0
shrinkage=0.1


Tree=70
num_leaves=13
num_cat=0
split_feature=0 1 8 9 1 10 0 0 6 8 6 4
split_gain=1.91236 6.94239 12.4531 11.338 7.24926 8.03764 4.06436 7.52012 9.94085 6.02221 7.55568 5.13936
threshold=38.48114526030259 32.982898987200052 2.5838692344259475 2.9581716921017058 31.217731321418519 0.031300200775991112 30.327482638931919 29.127405274659399 1.843772888183594 1.8749055862426762 1.728975782170892 0.078125000029103817
decision_type=2 2 2 2 2 2 2 2 2 2 2 2
left_child=6 4 -3 -4 -2 -6 7 11 -9 -8 -11 -1
right_child=1 2 3 -5 5 -7 9 8 -10 10 -12 -13
leaf_value=0.0021916678774336075 0.014103069958205478 0.10674839041901084 -0.11026072093438982 0.012803182672601741 -0.02556888175652916 -0.17866841339135858 -0.10327243778399134 -0.07697338616476089 0.033376213958659175 0.044346590253343955 -0.0094249805464090928 -0.006198959964366208
leaf_weight=2768.3770209699869 13.248060628771784 13.676804810762404 7.770430475473403 204.86144815385342 8.297012731432913 5.8446782529354087 6.5658441931009284 8.8056497573852521 111.96422593295574 27.375904411077499 574.97496398538351 991.42515977472067
leaf_count=9205 36 29 27 566 24 23 25 30 306 69 1691 3100
internal_value=5.35599e-05 0.00850031 0.0142552 0.00830593 -0.0390499 -0.088844 -0.000423761 0.000768108 0.0253303 -0.00801944 -0.00698115 -2.08633e-05
internal_weight=4743.19 253.698 226.309 212.632 27.3898 14.1417 4489.49 3880.57 120.77 608.917 602.351 3759.8
internal_count=15131 705 622 593 83 47 14426 12641 336 1785 1760 12305
is_linear=0
shrinkage=0.1


Tree=71
num_leaves=15
num_cat=0
split_feature=11 2 2 10 7 10 6 11 6 7 10 3 8 0
split_gain=1.7507 8.42044 10.9962 6.68607 8.4646 6.65312 5.28354 4.38009 10.2442 13.2347 9.53986 10.101 8.24786 4.9783
threshold=0.026375314146116203 36.013611849741963 30.793864485523901 0.025029324760656852 3.0464226517796078 0.026481309285345603 4.0543229933828124 0.028571521906096752 0.4271290516480804 0.77909566511248174 0.027425939397505702 21.332903967369294 1.1250762939453127 14.380540206642539
decision_type=2 2 2 2 2 2 2 2 2 2 2 2 2 2
left_child=1 2 5 4 -3 -1 -4 8 12 -10 11 -9 -2 -12
right_child=7 3 6 -5 -6 -7 -8 10 9 -11 13 -13 -14 -15
leaf_value=-0.0049714611766336738 0.0026127240211091919 0.042642347697179839 0.057901857176330979 -0.13422576107093376 -0.073076925911567003 -0.066817655240286322 -0.014538651657407392 -0.018394155555041099 0.080009251928379641 0.0069298995261008458 -0.0048783777618614998 -0.11825219730069658 -0.15281041102523379 0.0028783229073055996
leaf_weight=368.44952563941479 6.6060825139284116 10.155842915177347 41.045077577233315 7.8602295368909827 16.740891754627228 18.255833506584167 13.341001182794569 44.748728066682816 25.76113748550415 651.55049455910921 1330.6925267651677 13.093849569559096 7.0669044405221939 2187.7803168669343
leaf_count=1251 26 27 102 30 59 69 41 155 92 2020 4862 48 33 6316
internal_value=4.92142e-05 -0.00570406 -0.00196993 -0.0530929 -0.0293829 -0.00789114 0.0401321 0.000690764 0.00797944 0.00970943 -0.000717491 -0.0409991 -0.077718 -5.52747e-05
internal_weight=4743.15 475.848 441.091 34.757 26.8967 386.705 54.3861 4267.3 690.985 677.312 3576.32 57.8426 13.673 3518.47
internal_count=15131 1579 1463 116 86 1320 143 13552 2171 2112 11381 203 59 11178
is_linear=0
shrinkage=0.1


Tree=72
num_leaves=12
num_cat=0
split_feature=6 6 0 3 11 3 8 8 6 6 5
split_gain=1.80882 7.70302 6.29517 8.932 6.56312 5.84989 5.31315 5.21075 3.60313 6.83893 6.49956
threshold=5.0000553734904862 4.7172618296688151 32.393877287395306 22.268065827728428 0.029797305949376303 24.384226230901287 6.273953822776094 7.0005871891832543 4.2812648120743697 3.9926161244511609 0.066470404313618711
decision_type=2 2 2 2 2 2 2 2 2 2 2
left_child=1 8 -2 4 -4 6 -3 -5 9 -1 -10
right_child=2 5 3 7 -6 -7 -8 -9 10 -11 -12
leaf_value=0.00036951441153786264 0.080882599761555693 -0.042305175695344491 -0.0032780950072895652 -0.0066755598507281791 -0.12195446040115956 0.012632686517279258 -0.14892726397513609 0.099866668478059265 -0.011664762857116028 -0.025750360923871837 0.043906875047755596
leaf_weight=4470.9699961841106 12.362865686416624 12.640723675489431 12.480169028043749 8.7770653069019335 7.4367619156837454 9.7711175158619863 7.4153603017330161 9.623740226030348 36.458208039402962 102.5400545746088 49.787252470850945
leaf_count=14341 31 39 37 25 27 29 28 23 106 310 135
internal_value=4.45695e-05 -0.000158503 0.0188353 -0.00118374 -0.0475905 -0.0508154 -0.0817267 0.0490467 0.000165753 -0.000216104 0.0204153
internal_weight=4740.26 4689.58 50.6806 38.3177 19.9169 29.8272 20.0561 18.4008 4659.76 4573.51 86.2455
internal_count=15131 14988 143 112 64 96 67 48 14892 14651 241
is_linear=0
shrinkage=0.1


Tree=73
num_leaves=14
num_cat=0
split_feature=3 9 2 6 7 11 6 11 6 10 11 11 10
split_gain=1.78966 4.33493 7.68925 7.59793 4.49353 8.8568 7.59208 4.24849 3.45836 2.1919 5.83701 3.4911 0.478588
threshold=1.0000000180025095e-35 1.3580186553965439 1.0000000000000004 0.49990844726562506 0.72359396433470535 0.042585642202748554 0.46902465820312506 0.031343380469631053 3.9926161244511609 0.031227071759269403 0.032247159869882601 0.026308193205581653 0.028550708827829504
decision_type=2 2 2 2 2 2 2 2 2 2 2 2 2
left_child=8 2 7 -4 5 -3 -6 -2 9 11 -11 -1 -10
right_child=1 4 3 -5 6 -7 -8 -9 12 10 -12 -13 -14
leaf_value=0.021703337995806857 0.11576764253834526 0.012944828883422025 -0.071737463312330121 -0.011588236196557506 -0.092722253027734389 0.12753280977223655 2.1576810538042526e-06 -0.011443911708111329 -0.019472259502327682 0.065594963030748729 0.0095256619148311374 -0.014106946686103947 -0.055989244588778853
leaf_weight=48.909462943673134 6.8448699414730054 90.940989062190056 23.695676192641258 184.65558743476868 8.8489373773336393 7.2856533825397483 4180.2861751690507 4.2587319910526276 6.7564885616302472 23.75912918150425 84.961056083440781 61.399359956383705 7.6555373519659042
leaf_count=169 24 296 147 973 39 17 12845 22 20 66 279 209 25
internal_value=4.25753e-05 -0.000399644 -0.0141078 -0.018429 0.000302028 0.021444 -0.000193709 0.0669763 0.00858006 0.0117022 0.0217787 0.00177086 -0.0388698
internal_weight=4740.26 4506.82 219.455 208.351 4287.36 98.2266 4189.14 11.1036 233.441 219.029 108.72 110.309 14.412
internal_count=15131 14363 1166 1120 13197 313 12884 46 768 723 345 378 45
is_linear=0
shrinkage=0.1


Tree=74
num_leaves=15
num_cat=0
split_feature=9 8 3 3 2 7 5 7 8 7 3 7 11 3
split_gain=1.77692 8.03773 8.21647 19.0122 5.77753 5.58351 8.72328 12.7665 9.18784 5.05911 14.2459 6.47125 3.35386 2.25091
threshold=4.5222241725559558 4.0558051897678533 14.778768825356668 15.474835527583235 29.86750480056601 2.5077284081044215 0.61923925396792068 3.2182344702787371 3.5507026562409014 2.220883902256833 7.6561256463580722 2.0756532419739946 0.033099275776521102 24.551281798434598
decision_type=2 2 2 2 2 2 2 2 2 2 2 2 2 2
left_child=5 12 4 -4 -3 9 8 -8 -7 11 -11 -1 13 -2
right_child=1 2 3 -5 -6 6 7 -9 -10 10 -12 -13 -14 -15
leaf_value=0.00090896832246325208 0.047071499875879219 0.0081110459302224276 -0.10642891615094097 0.00041237197662265154 0.049472323902677827 -0.02559728506783043 0.071191213514364554 -0.086620544662860954 -0.0025075659871173395 -0.091097786219801261 0.014275436043288476 -0.016899217836902146 0.011969641257396742 0.11844098264715897
leaf_weight=2491.6444895267487 8.6852285712957435 87.350649461150169 17.123644828796387 609.06641577929258 55.05878022313118 264.20080995559692 27.280166238546371 6.3123319298028937 495.6344698369503 13.232746630907057 421.61174856126308 222.25784711539745 10.469926655292509 8.9966157674789411
leaf_count=8634 22 239 59 1811 149 795 65 21 1388 49 1170 677 31 21
internal_value=3.64109e-05 0.00434366 0.00242142 -0.00250928 0.0241023 -0.000834126 -0.00833136 0.041537 -0.010536 0.00105504 0.0110688 -0.000549452 0.0568247 0.0833847
internal_weight=4738.93 796.751 768.599 626.19 142.409 3942.17 793.428 33.5925 759.835 3148.75 434.844 2713.9 28.1518 17.6818
internal_count=15131 2332 2258 1870 388 12799 2269 86 2183 10530 1219 9311 74 43
is_linear=0
shrinkage=0.1


Tree=75
num_leaves=12
num_cat=0
split_feature=5 5 6 7 0 9 9 8 3 3 11
split_gain=2.06229 9.14768 4.568 4.4809 8.59628 8.12468 7.49668 3.53522 2.11069 8.05796 7.63851
threshold=0.71619615347705601 0.66684244201707699 3.2597045898437504 2.5991784600736501 16.698813279703092 4.0742265155456181 5.1343516397384334 3.3115855728694901 9.3669728430957608 10.039135026383358 0.027473826338316902
decision_type=2 2 2 2 2 2 2 2 2 2 2
left_child=1 8 -3 4 -2 -5 -7 -6 10 -10 -1
right_child=3 2 -4 5 7 6 -8 -9 9 -11 -12
leaf_value=-0.013468381251368552 0.022103376815118592 0.10313858264486085 0.0093213799806358463 0.085278143031388906 -0.15966197671506877 -0.08591328200840892 0.024888538061521817 -0.049065119024460278 -0.02666927957951188 -0.00026521410509198421 0.008788258857816986
leaf_weight=194.36184849590063 8.1090094298124331 12.850972816348078 8.7057977616786939 8.803814545273779 6.6657119244337064 11.426326915621759 13.114906072616575 5.1027466058731079 119.4114793613553 3602.3573954105377 746.28965874761343
leaf_count=760 33 30 27 21 26 38 40 16 447 10912 2781
internal_value=3.53656e-05 0.000257775 0.0652501 -0.0195384 -0.0571195 0.00286431 -0.0267005 -0.111708 -4.27175e-05 -0.00111238 0.00418949
internal_weight=4737.2 4683.98 21.5568 53.2225 19.8775 33.345 24.5412 11.7685 4662.42 3721.77 940.652
internal_count=15131 14957 57 174 75 99 78 42 14900 11359 3541
is_linear=0
shrinkage=0.1


Tree=76
num_leaves=16
num_cat=0
split_feature=0 0 0 1 7 0 3 5 8 8 3 3 2 7 10
split_gain=1.66501 6.92083 6.14393 11.8952 8.07793 7.19629 11.652 5.83829 5.78082 7.02814 5.72664 7.64359 6.48231 5.30876 3.56743
threshold=3.4613470864132982 2.5025029778480534 4.0009460449218759 5.5802751387265959 0.94695930498399661 4.7041382776224063 7.6561256463580722 0.045357041169571656 1.0000343322753908 1.3283489053428641 8.7360950609944652 3.867957116439094 10.650112822940978 0.96159780671796147 0.034452830045667356
decision_type=2 2 2 2 2 2 2 2 2 2 2 2 2 2 2
left_child=1 10 3 4 -2 6 -4 -5 14 -10 11 -1 -12 -7 -3
right_child=2 8 5 7 -6 13 -8 -9 9 -11 12 -13 -14 -15 -16
leaf_value=0.0080799494353460382 0.0033132726920362997 -0.016775969912107707 -0.11419707923939389 -0.075893883588323538 0.092451695657373406 0.015197297671610635 -0.0082454561720692893 0.037694411907458786 -0.110428392376486 -0.027138035497936565 0.070952940162496467 -0.045580163583964377 -0.048465542565525058 -0.00037083016910181995 0.10290237429562576
leaf_weight=99.913852162659168 15.949672743678091 6.5745081678032857 14.1839637234807 12.225478246808054 28.038394749164581 231.18302317708731 38.700311526656151 7.1840036362409583 14.75059864670038 32.348386600613594 20.643277466297153 36.15033296495676 5.8290934413671485 4169.5504689067602 4.0098130255937576
leaf_count=380 66 35 84 61 88 874 155 22 92 129 68 174 20 12869 14
internal_value=3.2427e-05 -0.00845827 0.000446377 0.0313577 0.0601309 6.35285e-06 -0.0366625 -0.0338516 -0.0382161 -0.0532232 0.00210262 -0.00617678 0.0446575 0.000447008 0.0285635
internal_weight=4737.24 220.22 4517.02 63.3975 43.9881 4453.62 52.8843 19.4095 57.6833 47.099 162.537 136.064 26.4724 4400.73 10.5843
internal_count=15131 912 14219 237 154 13982 239 83 270 221 642 554 88 13743 49
is_linear=0
shrinkage=0.1


Tree=77
num_leaves=12
num_cat=0
split_feature=5 5 2 6 1 3 2 6 0 1 7
split_gain=1.66019 7.58297 4.17958 9.0136 9.69996 4.74269 4.60769 3.89165 1.88238 6.77147 4.14126
threshold=0.71619615347705601 0.66684244201707699 32.379977572491832 2.6097316741943364 16.336381649138854 19.597943475236743 26.959594785506486 3.2597045898437504 38.48114526030259 32.982898987200052 2.6120191239807564
decision_type=2 2 2 2 2 2 2 2 2 2 2
left_child=1 8 3 4 -2 -4 -5 -3 10 -10 -1
right_child=2 7 5 6 -6 -7 -8 -9 9 -11 -12
leaf_value=0.0012844815662327205 0.02491671747881094 0.095676882979698452 -0.12146659481010467 -0.0023203922978483056 -0.13137957470477618 -0.016210348528956139 0.095389383174038861 0.0084663046940279332 -0.038735314597913718 0.014540684912913195 -0.0057199069705903905
leaf_weight=3286.1816284954548 7.9384704977273923 12.491833701729776 6.9422632157802608 9.2954553514719027 7.9445313662290573 11.166473165154455 10.037937045097349 8.6667532920837385 26.863748326897621 213.16683989018202 1135.8544432371855
leaf_count=10905 32 30 26 26 30 36 24 27 82 586 3327
internal_value=2.47772e-05 0.000224552 -0.0175203 0.00255549 -0.0532612 -0.056562 0.0484107 0.0599546 -4.653e-05 0.00857814 -0.000514682
internal_weight=4736.55 4683.23 53.3251 35.2164 15.883 18.1087 19.3334 21.1586 4662.07 240.031 4422.04
internal_count=15131 14957 174 112 62 62 50 57 14900 668 14232
is_linear=0
shrinkage=0.1


Tree=78
num_leaves=16
num_cat=0
split_feature=9 9 4 2 10 9 7 8 11 9 11 11 7 9 6
split_gain=1.70856 10.4221 12.4087 9.76367 8.64063 7.20788 8.2221 9.28751 7.79646 7.61355 14.4418 7.4731 4.76466 14.0924 7.37232
threshold=3.7286113942896475 3.5904666554370324 0.24618633892745831 26.767374987224326 0.030037044875570355 3.8784573873738872 2.3204482673382727 3.7308256477117543 0.027531256908497004 3.9998532292389948 0.039952758615579211 0.022815518249451151 3.0661214453323615 3.4386095200485394 2.8709002014853273
decision_type=2 2 2 2 2 2 2 2 2 2 2 2 2 2 2
left_child=1 12 3 -3 -4 6 7 -2 -8 10 -7 -11 14 -14 -1
right_child=5 2 4 -5 -6 9 8 -9 -10 11 -12 -13 13 -15 -16
leaf_value=-0.00064879714513087249 0.029238295669374911 -0.025257559464044229 -0.038600210137780637 -0.09154283625374332 0.056776803623792615 -0.014846129062006759 -0.035839579039216765 -0.062847539517370918 0.050124216751009143 -0.063065482861907926 -0.15813889435304535 0.0037155431021634955 -0.15138766677200841 0.0065546785585590232 0.024942999120642136
leaf_weight=2967.1002622172236 24.553616836667061 71.843741178512573 15.519268751144407 32.173199072480202 24.483976066112518 101.5860304236412 11.979344591498373 19.772195443511009 88.44292414188385 16.991875931620598 7.556723177433013 1211.9869203940034 8.1799862682819384 18.259235233068466 117.00368118286133
leaf_count=10066 63 220 47 106 60 290 36 62 217 57 28 3480 31 51 317
internal_value=2.39475e-05 -0.00125794 -0.0275569 -0.0457601 0.0197753 0.0028374 0.0240353 -0.011838 0.0398696 0.000544358 -0.0247673 0.00279223 -4.02788e-05 -0.0423108 0.000322096
internal_weight=4737.43 3254.56 144.02 104.017 40.0032 1482.87 144.748 44.3258 100.422 1338.12 109.143 1228.98 3110.54 26.4392 3084.1
internal_count=15131 10898 433 326 107 4233 378 125 253 3855 318 3537 10465 82 10383
is_linear=0
shrinkage=0.1


Tree=79
num_leaves=15
num_cat=0
split_feature=4 4 3 4 5 11 6 5 11 11 11 7 4 4
split_gain=1.61228 12.0293 14.9871 9.66191 9.00147 11.815 9.56059 7.43094 8.90203 7.0839 14.7713 12.2268 6.57918 5.44234
threshold=0.078125000029103817 0.070812464458867921 18.28341522229768 0.13970947265625003 0.1967084451041328 0.029043247633194904 4.4289754814526541 0.073159625946822265 0.030507730700544203 0.027922038052394151 0.029933059722068004 1.3205351917882793 0.074035644531250014 0.012102127075195302
decision_type=2 2 2 2 2 2 2 2 2 2 2 2 2 2
left_child=1 7 -3 4 6 -6 -2 13 -9 11 -11 -5 -4 -1
right_child=3 2 12 9 5 -7 -8 8 -10 10 -12 -13 -14 -15
leaf_value=0.00023935596548276583 -0.014352980126423193 0.14457052939092907 0.066595037943353835 -0.085126613145567465 -0.14339445312221441 -0.028624249047700303 0.10388008449406234 0.028677982788000968 0.00078206851349859165 0.028259918393513689 -0.0015881506243085636 -0.0067027858447118978 -0.059184430136683674 -0.014074940750595481
leaf_weight=2468.8435947522521 262.00713340193033 13.100929364562036 8.0484763383865356 22.001136764883995 12.222454756498335 33.703165382146835 7.0225342959165564 194.5102027207613 277.73890948295593 216.5967685803771 706.99006961286068 206.20891660451889 8.6047000586986542 297.63118033856153
leaf_count=8243 816 29 21 102 48 106 16 550 839 617 2163 619 28 934
internal_value=2.37786e-05 0.00125988 0.0645535 -0.00273073 -0.0182516 -0.0591687 -0.0112667 0.000678404 0.0122719 0.00151341 0.00541173 -0.0142634 0.00160476 -0.00130065
internal_weight=4735.23 3268.48 29.7541 1466.75 314.955 45.9256 269.03 3238.72 472.249 1151.8 923.587 228.21 16.6532 2766.47
internal_count=15131 10644 78 4487 986 154 832 10566 1389 3501 2780 721 49 9177
is_linear=0
shrinkage=0.1


Tree=80
num_leaves=13
num_cat=0
split_feature=10 4 5 10 11 1 4 10 7 10 2 11
split_gain=1.62985 4.42316 8.99965 5.47905 4.52776 5.36842 3.3688 3.23638 5.84706 2.50306 5.34845 2.94888
threshold=0.047888755331993209 0.035156250014816003 0.35029750223435174 0.04878568499363576 0.055447911642811154 11.904655455638542 0.00049591064454540014 0.047284683950466803 1.7473758929414143 0.046431084321771059 14.672449311344279 0.043321218281967812
decision_type=2 2 2 2 2 2 2 2 2 2 2 2
left_child=7 4 3 -3 5 -2 -6 9 -9 11 -11 -1
right_child=1 2 -4 -5 6 -7 -8 8 -10 10 -12 -13
leaf_value=5.0845631412745992e-06 0.079218886132581087 0.043059361120082601 0.079462257992613403 -0.063044992911338096 -0.079504787288422446 0.016244227317724499 0.021333812214110851 -0.11515625883281107 0.0082307486392624047 0.095374067085839204 -0.010499180821790287 -0.024298946076734666
leaf_weight=4537.5554608926177 20.733301416039467 6.1370396465063122 7.8286779671907416 23.512353867292404 6.2951667606830579 38.999532870948315 6.9935272783041 6.8250650763511649 8.7828978449106199 8.470720939338209 10.926132336258886 50.478311851620674
leaf_count=14521 62 18 21 80 23 108 19 31 25 24 32 167
internal_value=2.21206e-05 0.0120244 -0.0159025 -0.0410828 0.0263578 0.0381028 -0.0264358 -0.000264758 -0.045724 -0.000110762 0.0357363 -0.000262312
internal_weight=4733.54 110.5 37.4781 29.6494 73.0215 59.7328 13.2887 4623.04 15.608 4607.43 19.3969 4588.03
internal_count=15131 331 119 98 212 170 42 14800 56 14744 56 14688
is_linear=0
shrinkage=0.1


Tree=81
num_leaves=15
num_cat=0
split_feature=11 3 2 9 2 1 9 3 1 7 2 2 4 3
split_gain=1.57709 6.3965 14.8421 10.4255 8.0911 9.33523 8.47819 4.10498 10.9925 6.37873 3.33534 3.1438 3.84159 3.13878
threshold=0.038464987638445809 32.296253019753131 35.783948744583384 3.4679354421177657 23.001134860434483 19.913514231687984 2.2636031092821227 42.394473173620291 29.432767101905316 3.0005048003540158 41.001073257653722 42.51632499611933 0.50067187846070749 38.917432958295159
decision_type=2 2 2 2 2 2 2 2 2 2 2 2 2 2
left_child=7 4 3 -3 5 -2 -6 11 -9 -10 -4 13 -13 -1
right_child=1 2 10 -5 6 -7 -8 8 9 -11 -12 12 -14 -15
leaf_value=-0.0010361675810863168 0.0043835921356151107 -0.051610016092825145 0.061134355723289492 -0.22749278343479276 -0.070563205001533666 -0.047934519238805505 0.028040833019071579 0.13596346037156365 -0.034240594409080977 0.066732382237707999 -0.024435515090009199 0.014071533136224468 0.10452769611320097 -0.036512128381238254
leaf_weight=4075.3010638207197 265.36372467875481 10.046786308288572 10.234730303287508 5.0713408142328253 9.1369164139032346 39.134958073496819 191.07483566552401 8.0556904375553113 17.046146541833881 9.8841356188058835 8.2083465456962568 54.690267316997051 5.1358926594257346 25.093311563134193
leaf_count=13059 915 32 26 21 30 124 514 16 53 28 28 189 19 77
internal_value=1.94622e-05 0.00511528 -0.0371587 -0.110609 0.00792632 -0.00234047 0.0235409 -0.000634363 0.0334763 0.0028192 0.0230503 -0.000921222 0.0218369 -0.00125327
internal_weight=4733.48 538.272 33.5612 15.1181 504.71 304.499 200.212 4195.21 34.986 26.9303 18.4431 4160.22 59.8262 4100.39
internal_count=15131 1690 107 53 1583 1039 544 13441 97 81 54 13344 208 13136
is_linear=0
shrinkage=0.1


Tree=82
num_leaves=13
num_cat=0
split_feature=5 2 8 8 10 5 3 10 9 5 2 5
split_gain=1.55028 5.62172 7.8707 8.02551 4.10023 3.66669 4.8895 2.39844 2.35975 1.90188 10.0983 4.15316
threshold=0.75396024622171653 32.379977572491832 2.9999798322188487 1.4920447096228602 0.033299917218228857 0.66684244201707699 21.600903518300544 0.030084258162455354 4.326579866710242 0.43213256603097167 15.522703269006671 0.40758214357343853
decision_type=2 2 2 2 2 2 2 2 2 2 2 2
left_child=5 2 3 -2 -3 9 7 -7 -4 11 -11 -1
right_child=1 4 8 -5 -6 6 -8 -9 -10 10 -12 -13
leaf_value=0.00013037192162002116 0.018504817843206119 -0.030268282125581459 0.071911282432385551 -0.16720314255416024 -0.14378074625291279 0.10527590906699608 -0.01386765292385693 0.031964805315383232 0.004029088235397031 -0.071005068869482157 -0.0017773626218634143 0.032006117755630635
leaf_weight=4390.2626338601112 4.8482218086719531 8.7132916599512082 10.938686057925226 4.4750452935695648 5.0129071772098532 8.8599479198455864 12.160544142127035 8.9914687573909742 9.6287094205617887 23.515243411064148 202.73927153646946 41.259178385138512
leaf_count=14066 23 27 27 20 21 21 39 25 28 115 602 117
internal_value=2.04526e-05 -0.0187453 0.00558314 -0.0706326 -0.0717239 0.000195056 0.0350364 0.0683503 0.040132 -2.9441e-05 -0.00897239 0.000427147
internal_weight=4731.41 43.6169 29.8907 9.32327 13.7262 4687.79 30.012 17.8514 20.5674 4657.78 226.255 4431.52
internal_count=15131 146 98 43 48 14985 85 46 55 14900 717 14183
is_linear=0
shrinkage=0.1


Tree=83
num_leaves=15
num_cat=0
split_feature=7 8 5 0 9 9 7 10 10 5 7 11 9 5
split_gain=1.53962 7.74269 11.232 8.94041 7.67259 7.04352 6.62246 10.4644 14.1325 13.4707 6.77521 13.2807 6.02842 5.04278
threshold=2.5382704843299382 3.5507026562409014 0.61923925396792068 38.12119188904763 3.4679354421177657 3.6847821231261739 2.2312299588691693 0.035643360442364512 0.03509228207238186 0.41285085505755686 2.0677975339889847 0.031343380469631053 3.4195329372681891 0.53172752489290864
decision_type=2 2 2 2 2 2 2 2 2 2 2 2 2 2
left_child=6 2 3 -2 12 -6 10 8 -8 -9 13 -12 -3 -1
right_child=1 4 -4 -5 5 -7 7 9 -10 -11 11 -13 -14 -15
leaf_value=0.0015367025686975804 -0.019257323996429161 0.016066221999270609 0.077574658905808502 -0.1243610697009115 -0.036315858656953241 0.00095286091937313343 0.0063215181793688487 0.046237716618295531 -0.12528886119545973 -0.073761318975260518 -0.04170074336657812 0.0033415354018512416 0.098690397955928488 -0.031769221062941284
leaf_weight=2453.2928723990917 240.72901836037636 25.997720628976822 11.672831833362578 8.3747708648443204 53.152468144893646 1103.944725677371 370.46253694593906 116.62598441541195 8.3427560627460462 10.170581459999083 113.90951113402843 153.90611407160759 13.372924745082853 46.318073533475399
leaf_count=8481 720 71 27 29 163 3203 1051 299 30 33 369 447 30 178
internal_value=1.88013e-05 -0.00268499 -0.0182983 -0.0227909 0.000718024 -0.000759117 0.0012226 0.0117463 0.00342295 0.0366124 -0.00070005 -0.0158162 0.044131 0.00091954
internal_weight=4730.27 1457.24 260.777 249.104 1196.47 1157.1 3273.03 505.602 378.805 126.797 2767.43 267.816 39.3706 2499.61
internal_count=15131 4243 776 749 3467 3366 10888 1413 1081 332 9475 816 101 8659
is_linear=0
shrinkage=0.1


Tree=84
num_leaves=15
num_cat=0
split_feature=3 3 11 10 8 0 10 8 11 1 8 2 8 1
split_gain=1.5022 6.89353 9.65243 9.57609 6.47026 5.40048 13.1607 6.8095 11.1779 6.46916 6.11523 5.15446 5.61369 3.24071
threshold=28.458259295303971 26.578854117101571 0.033455770123801111 0.036733468049398053 3.3863235395401721 16.021029848299808 0.036852545514245154 4.0002441406250009 0.038849336502636354 22.780013121395637 2.0801003031565419 43.321327922177765 5.4538574218750009 30.661092575473464
decision_type=2 2 2 2 2 2 2 2 2 2 2 2 2 2
left_child=1 11 4 -4 -3 6 10 9 -9 -7 -2 13 -13 -1
right_child=5 2 3 -5 -6 7 -8 8 -10 -11 -12 12 -14 -15
leaf_value=0.00097189327752065342 -0.00577356574244604 -0.080649741525979243 0.05828658717274824 -0.026081388167977178 -0.023641922372633285 0.068085165864197009 0.051595853589396556 0.0015809924836930026 -0.086419208586820367 0.014098470459792043 -0.11216616018238067 0.001009398384020897 0.11294655419474511 -0.0077989804524876694
leaf_weight=3612.8238890990615 8.2739304602146166 29.01714876294136 24.279486417770386 30.171840697526932 63.42859348654747 24.702216014266014 12.453776776790617 179.64689430594444 15.695212103426455 218.76948115229607 15.566626235842703 9.5361029803752917 8.4503531157970411 476.86762860417366
leaf_count=11842 26 103 63 92 189 61 33 543 57 598 57 34 36 1397
internal_value=1.84524e-05 -0.000577095 -0.0218626 0.0115377 -0.0415357 0.00535155 -0.03172 0.00841774 -0.00548959 0.0195759 -0.0752423 0.000184109 0.0535994 -5.08112e-05
internal_weight=4729.68 4254.58 146.897 54.4513 92.4457 475.108 36.2943 438.814 195.342 243.472 23.8406 4107.68 17.9865 4089.69
internal_count=15131 13756 447 155 292 1375 116 1259 600 659 83 13309 70 13239
is_linear=0
shrinkage=0.1


Tree=85
num_leaves=15
num_cat=0
split_feature=9 8 9 10 8 9 11 9 0 7 10 6 6 4
split_gain=1.51487 8.63131 10.9066 14.5207 10.259 7.96644 10.385 7.45008 14.0235 7.41299 5.93323 5.64693 5.30857 3.66056
threshold=2.444508525980412 2.2812957763671879 2.3714428463273225 0.030317660148058503 2.356295215822787 2.3333333333333344 0.027975263832147403 2.4906614862778094 14.380540206642539 1.6191240325078122 0.036852545514245154 0.59767150878906261 0.75098784413421538 0.00018349289899785004
decision_type=2 2 2 2 2 2 2 2 2 2 2 2 2 2
left_child=1 5 4 -4 -3 9 -7 8 13 -1 -10 -9 -13 -2
right_child=7 2 3 -5 -6 6 -8 11 10 -11 -12 12 -14 -15
leaf_value=0.0015770606765008203 0.037741059422138332 -0.057396104268335905 -0.0061726433538650365 -0.1304074402208959 0.0043649323107701034 0.10927480772324615 0.014044184242863224 -0.074784401230911221 -0.053923574348357518 -0.01800851389160572 0.050185079350136969 0.055056111620155425 0.00059185590876304395 0.10650579987936037
leaf_weight=1214.1735960319638 12.588059008121489 35.40381246805191 18.09653627872467 19.595398530364037 111.91213515400887 14.065707623958586 61.608903527259827 9.8850900530815107 16.646031513810161 229.83079844713211 8.1564740538597089 18.005530998110771 2940.1514811217785 20.106032177805901
leaf_count=4697 40 129 61 81 358 35 186 37 58 801 21 47 8534 46
internal_value=1.8598e-05 -0.00236551 -0.0227593 -0.0707602 -0.0104778 0.000117254 0.0317448 0.00136188 0.0370146 -0.00154022 -0.0196867 0.00067122 0.000923366 0.0800296
internal_weight=4730.23 1704.69 185.008 37.6919 147.316 1519.68 75.6746 3025.54 57.4966 1444 24.8025 2968.04 2958.16 32.6941
internal_count=15131 6348 629 142 487 5719 221 8783 165 5498 79 8618 8581 86
is_linear=0
shrinkage=0.1


Tree=86
num_leaves=13
num_cat=0
split_feature=0 9 7 0 3 0 0 6 10 11 7 9
split_gain=1.45545 6.21565 10.5419 12.5754 4.60304 3.23533 6.11293 7.92597 5.37387 9.7982 5.97229 4.14506
threshold=38.48114526030259 2.0277881487422813 2.0756532419739946 39.966759953765134 15.939771091018889 30.327482638931919 29.127405274659399 1.843772888183594 0.026772245957744353 0.027531256908497004 2.33310470964792 6.67865945778619
decision_type=2 2 2 2 2 2 2 2 2 2 2 2
left_child=5 -2 3 -3 -4 6 11 -8 9 -7 -10 -1
right_child=1 2 4 -5 -6 8 7 -9 10 -11 -12 -13
leaf_value=-0.00025614849207426316 0.090036109619627894 0.054324829866561064 -0.036190050470406576 -0.11469885724601939 0.015250906244521776 -0.017409291140576176 -0.068132508893385374 0.030258216517816655 -0.023257238991857266 -0.11774132338223982 0.0027568081640938357 0.051976659293436638
leaf_weight=3735.3911422640085 8.7886868566274625 6.3123114556074169 19.030891135334969 14.543112337589262 202.37535075098276 87.700165361166 8.8434383571147901 110.35958902537823 113.58172690868378 10.948595300316809 395.73572296649218 15.255068659782408
leaf_count=12260 21 16 60 51 557 262 30 306 337 40 1146 45
internal_value=1.48315e-05 0.00742407 0.0044271 -0.0635405 0.0108293 -0.00040057 0.000664845 0.0229588 -0.00718219 -0.0285447 -0.00304453 -4.37011e-05
internal_weight=4728.87 251.05 242.262 20.8554 221.406 4477.82 3869.85 119.203 607.966 98.6488 509.317 3750.65
internal_count=15131 705 684 67 617 14426 12641 336 1785 302 1483 12305
is_linear=0
shrinkage=0.1


Tree=87
num_leaves=15
num_cat=0
split_feature=3 8 6 6 3 7 6 6 6 0 9 2 0 10
split_gain=1.52722 8.24676 10.7868 15.0855 8.17517 8.21217 15.8418 7.3869 5.89763 10.7943 9.71651 5.56564 6.76702 1.92053
threshold=17.011421524731684 1.6071160890055582 0.59767150878906261 1.4376297818962487 16.175864502760529 0.82190214906264314 0.99238973855972301 0.4271290516480804 1.3750800665932277 10.481719970703127 1.715199968132133 38.39759873203478 36.899665777100786 0.031107019633487155
decision_type=2 2 2 2 2 2 2 2 2 2 2 2 2 2
left_child=4 2 7 -4 11 -6 -7 -2 10 -10 -3 12 -1 -13
right_child=1 8 3 -5 5 6 -8 -9 9 -11 -12 13 -14 -15
leaf_value=0.00028282993212322974 -0.053749258626242802 0.10918122117420176 -0.07469091476020058 0.096992284861080316 0.13776726009980644 -0.099321579195305265 0.024850067338464017 0.067958224801606834 -0.063848628506222929 -0.001804646773236034 0.0095057854554579692 0.025282707076134121 -0.046289132705774338 0.098537305089352822
leaf_weight=2381.9891355335712 7.6590991467237499 10.190580576658247 50.27735798060894 5.6980937123298636 5.8732289373874655 10.902254879474638 178.43663509190083 14.293255776166914 28.499102592468262 1744.5352396294475 242.67488542199135 7.1001636534929258 31.613653466105461 7.2164678871631622
leaf_count=8241 33 25 224 16 16 44 500 43 105 5046 698 23 100 17
internal_value=1.48136e-05 -0.00199226 -0.0339149 -0.0572142 0.00162455 0.0213126 0.0177002 0.0254949 -0.000764333 -0.00280192 0.0135227 4.15713e-05 -0.000327175 0.0622076
internal_weight=4726.96 2103.83 77.9278 55.9755 2623.13 195.212 189.339 21.9524 2025.9 1773.03 252.865 2427.92 2413.6 14.3166
internal_count=15131 6190 316 240 8941 560 544 76 5874 5151 723 8381 8341 40
is_linear=0
shrinkage=0.1


Tree=88
num_leaves=10
num_cat=0
split_feature=3 2 11 11 3 5 0 3 0
split_gain=1.43396 2.27816 1.53479 5.86719 8.18796 5.17734 3.20574 10.0582 5.60603
threshold=45.628700044735155 31.671495408546722 0.038464987638445809 0.03899115254440106 15.064362269893323 0.17566700286979128 5.280543382745237 2.8430918942915526 7.1250066814351394
decision_type=2 2 2 2 2 2 2 2 2
left_child=2 -2 6 4 -4 -5 7 -1 -8
right_child=1 -3 3 5 -6 -7 8 -9 -10
leaf_value=0.015497723559189736 -0.0041078546990591233 0.064695542085278182 -0.0097514554631712019 0.0072360551156828642 0.066420545911149528 -0.016950197701337124 0.015724792817011429 -0.021093654075279696 -0.00084348222707722204
leaf_weight=108.38873288035393 10.598438367247583 8.8150912523269636 24.063260942697525 359.67137564718723 34.123705744743347 117.39242880791426 216.49747204780579 244.74934931099415 3601.4822378456593
leaf_count=399 30 25 83 1133 88 379 813 1075 11106
internal_value=1.16621e-05 0.0271337 -0.000100215 0.00494094 0.0349196 0.00128448 -0.000747111 -0.00986266 9.60172e-05
internal_weight=4725.78 19.4135 4706.37 535.251 58.187 477.064 4171.12 353.138 3817.98
internal_count=15131 55 15076 1683 171 1512 13393 1474 11919
is_linear=0
shrinkage=0.1


Tree=89
num_leaves=16
num_cat=0
split_feature=5 4 6 8 7 3 5 3 5 5 3 7 5 3 4
split_gain=1.42015 5.33413 10.1257 14.5133 8.7147 6.10578 12.7344 7.26104 4.7109 9.54202 9.27731 5.81322 4.47975 6.878 5.78671
threshold=0.020121959860340256 0.0081265295884804505 1.3284179033944385 3.2091515551554615 1.2861563095023134 17.011421524731684 0.04400067687312776 11.529528507872961 0.013006198512007001 0.013568813572930952 18.934384515318126 1.9126616949173563 0.0112411842747653 10.799673043431211 0.00097703983192330029
decision_type=2 2 2 2 2 2 2 2 2 2 2 2 2 2 2
left_child=8 2 4 -4 -2 7 -7 -3 12 11 -11 -10 14 -14 -1
right_child=1 5 3 -5 -6 6 -8 -9 9 10 -12 -13 13 -15 -16
leaf_value=-0.00074479902123212466 0.023125942890723072 -0.0050987662478968535 -0.029239962222400575 0.025974601384534057 0.097186708851990447 -0.064461705960290397 -0.0028305700006364134 0.01244828648179201 -0.14031164064772833 -0.03159922556229177 0.023280175158000425 -0.028488188103816876 0.091135961325377712 0.0068199236149608829 -0.04781419464109514
leaf_weight=1904.4716331958771 50.192745625972748 376.29715685546398 81.443657472729683 114.57991596311331 23.246942356228828 34.423574388027191 1285.478137396276 631.73097440600395 9.5897929593920725 76.404300391674042 51.612011536955833 9.0231051892042142 13.111614897847174 36.909855976700783 26.482069730758667
leaf_count=6525 167 1323 256 308 56 115 3792 1867 43 270 140 28 43 109 89
internal_value=1.03891e-05 0.00157946 0.0148993 0.00303412 0.0465695 3.76638e-05 -0.00443794 0.00589797 -0.00190515 -0.0192008 -0.00947364 -0.0861022 -0.000624947 0.0289208 -0.00139033
internal_weight=4725 2597.39 269.463 196.024 73.4397 2327.93 1319.9 1008.03 2127.6 146.629 128.016 18.6129 1980.98 50.0215 1930.95
internal_count=15131 7884 787 564 223 7097 3907 3190 7247 481 410 71 6766 152 6614
is_linear=0
shrinkage=0.1


Tree=90
num_leaves=10
num_cat=0
split_feature=11 3 11 0 0 2 11 7 11
split_gain=1.378 3.15519 2.04733 5.88062 8.62224 5.26901 2.84443 7.1146 2.83922
threshold=0.0213046900904106 1.0000000180025095e-35 0.023681383252825053 19.23026275634766 7.0001069029622167 24.231224699569182 0.024629285965222552 0.99658663896839006 0.025027164247165654
decision_type=2 2 2 2 2 2 2 2 2
left_child=1 -1 3 4 -2 -5 7 -4 -8
right_child=2 -3 6 5 -6 -7 8 -9 -10
leaf_value=0.0061159926013409464 0.049710907759667376 -0.081329326540685698 0.057622614985444465 0.096547053855699616 -0.044515217453124853 0.016490521275397962 0.021986131376653603 -0.029199082145178669 -0.00010251215676589318
leaf_weight=10.529812067747118 15.537997253239153 6.7849919795989981 10.803571924567221 13.13641221821308 25.897036701440811 21.972003608942032 58.956499844789505 74.68698101490736 4485.5630263611674
leaf_count=37 62 30 41 29 99 62 180 259 14332
internal_value=8.66413e-06 -0.0281504 0.000112258 0.0163333 -0.00918074 0.046445 -0.000155909 -0.0182273 0.000184046
internal_weight=4723.87 17.3148 4706.55 76.5434 41.435 35.1084 4630.01 85.4906 4544.52
internal_count=15131 67 15064 252 161 91 14812 300 14512
is_linear=0
shrinkage=0.1


Tree=91
num_leaves=15
num_cat=0
split_feature=0 0 3 11 0 0 11 3 0 3 11 6 10 7
split_gain=1.39739 5.54372 5.08923 6.91171 6.31831 5.00842 9.93381 16.4317 5.48207 10.5105 4.71331 5.83393 3.90255 3.79754
threshold=3.4613470864132982 2.5025029778480534 8.7360950609944652 0.031997388258155852 1.6532346281861907 4.0009460449218759 0.039783325138766104 6.9802467321182613 4.7041382776224063 7.6561256463580722 0.032735527792753454 1.0314305061474445 0.031227071759269403 0.96159780671796147
decision_type=2 2 2 2 2 2 2 2 2 2 2 2 2 2
left_child=1 2 3 -1 -4 6 7 -2 9 -7 12 -12 -3 -10
right_child=5 10 4 -5 -6 8 -8 -9 13 -11 11 -13 -14 -15
leaf_value=0.011758461768961318 0.060905364683220567 -0.043958739370018839 -0.030921777379941274 -0.034520331497219579 0.074190216694098823 -0.10932861832519741 0.13131362722359585 -0.048921853087214112 0.012812214056181001 -0.0059051759801224497 -0.026696357710828195 0.094157364421719444 -0.13572710562104912 -0.00032724428464815029
leaf_weight=82.80995737016201 31.29224306344986 26.275060489773754 8.3005696386098879 52.879086211323738 18.385164141654968 13.21849652379751 8.1535031050443632 24.125413239002228 232.24933288991451 38.289442919194698 19.342766858637336 5.0337837710976592 5.6263833045959464 4157.5916491672397
leaf_count=321 111 131 34 233 54 84 21 105 874 155 90 17 32 12869
internal_value=7.33471e-06 -0.00779976 0.00157441 -0.00627675 0.0414952 0.000386263 0.0282561 0.0130934 -1.26506e-05 -0.0324468 -0.0348464 -0.00173993 -0.0601437 0.000367913
internal_weight=4723.57 218.653 162.375 135.689 26.6857 4504.92 63.5712 55.4177 4441.35 51.5079 56.278 24.3766 31.9014 4389.84
internal_count=15131 912 642 554 88 14219 237 216 13982 239 270 107 163 13743
is_linear=0
shrinkage=0.1


Tree=92
num_leaves=16
num_cat=0
split_feature=2 2 7 4 6 3 2 3 10 0 9 2 11 9 11
split_gain=1.40037 5.82651 12.4099 8.42075 6.69223 4.14136 14.4217 13.8404 12.719 11.9938 6.69259 5.36516 3.7431 12.1231 7.73701
threshold=24.505518107161013 24.970674240626533 2.8500775583144446 0.1250000000218883 1.6588536876055395 19.396102960185043 17.657587166253915 19.104501103225164 0.028619226356489853 33.154384091496475 3.1069410567493256 19.071124410375717 0.027871998278283103 3.1069410567493256 0.028186077299171754
decision_type=2 2 2 2 2 2 2 2 2 2 2 2 2 2 2
left_child=5 2 4 -4 -2 7 8 11 -7 -8 -9 -1 13 -3 -14
right_child=1 12 3 -5 -6 6 9 10 -10 -11 -12 -13 14 -15 -16
leaf_value=-0.0028559504976439741 -0.0086619444614005926 -0.067554982475700395 -0.075776827385356599 0.061604769178479228 0.080370897637504768 0.054268297863087844 -0.029128969792958637 0.019353567629388859 -0.0043556740277904014 0.015024274860761716 0.10869579039627025 0.0082744080113266588 0.044236039976148521 -0.0018997621440126054 0.0019420696120050999
leaf_weight=1969.8726658150554 11.025839313864706 31.720449134707451 14.384114876389505 6.4678005278110495 36.032743066549301 55.807457074522972 298.31295543164015 16.683057874441147 109.86531552672386 77.506293185055256 16.856127917766571 555.11886383593082 44.829048007726669 248.03323547542095 1230.3031584843993
leaf_count=7205 34 109 46 15 82 151 926 51 348 212 36 1554 121 715 3526
internal_value=3.11506e-06 0.00238308 0.0310547 -0.0331641 0.0595105 -0.00124275 -0.00918764 0.000438724 0.015392 -0.0200231 0.0642552 -0.000408943 0.00113083 -0.00934421 0.00342897
internal_weight=4722.82 1622.8 67.9105 20.8519 47.0586 3100.02 541.492 2558.53 165.673 375.819 33.5392 2524.99 1554.89 279.754 1275.13
internal_count=15131 4648 177 61 116 10483 1637 8846 499 1138 87 8759 4471 824 3647
is_linear=0
shrinkage=0.1


Tree=93
num_leaves=15
num_cat=0
split_feature=7 8 4 5 3 3 7 3 3 3 1 8 9 2
split_gain=1.55989 6.88197 7.87842 9.6029 6.07894 6.16748 5.63784 10.8725 17.2124 9.56876 5.47746 8.21598 5.17686 4.7107
threshold=2.5077284081044215 3.5507026562409014 0.69186615943908703 0.40182125244055211 8.1138669973162241 6.3265034361967603 2.2312299588691693 7.6561256463580722 8.4861893586511687 6.1451762097212876 31.015921946103322 2.5552302607177357 3.4679354421177657 34.7200227907285
decision_type=2 2 2 2 2 2 2 2 2 2 2 2 2 2
left_child=6 2 3 -2 5 -3 10 9 -9 -8 13 -12 -6 -1
right_child=1 4 -4 -5 12 -7 7 8 -10 -11 11 -13 -14 -15
leaf_value=-7.3686469363755868e-05 -0.015345876475762852 0.011262427029814469 0.065398012378819495 -0.093013318799943817 0.034632074701184352 0.081951825031980674 -0.011092187685033549 0.14818636017363038 0.011200581085640128 -0.18547667783305866 0.018706328962126175 -0.042928537848108704 -0.0022948519943145314 0.038892784670873815
leaf_weight=2629.5160054191947 250.38795422017574 43.081290140748024 11.180234998464583 17.00016325712204 39.304661631584167 17.298142999410629 8.2545518875122053 9.3663161993026716 443.37067502737045 5.0849394947290412 31.622136935591698 68.427438467741013 1113.5925011709332 31.394807055592537
leaf_count=9096 746 122 27 57 102 41 27 20 1236 22 86 210 3256 83
internal_value=3.51226e-06 -0.00267053 -0.0168451 -0.0202839 0.000583945 0.0315143 0.00123971 0.0114129 0.0140346 -0.0775666 -0.000477618 -0.0234479 -0.00103594 0.00038606
internal_weight=4718.88 1491.84 278.568 267.388 1213.28 60.3794 3227.04 466.076 452.737 13.3395 2760.96 100.05 1152.9 2660.91
internal_count=15131 4351 830 803 3521 163 10780 1305 1256 49 9475 296 3358 9179
is_linear=0
shrinkage=0.1


Tree=94
num_leaves=12
num_cat=0
split_feature=3 9 9 0 9 3 3 6 7 4 4
split_gain=1.3618 5.47764 5.41242 4.02329 3.65306 4.8885 2.62467 5.66626 2.62685 2.45083 1.09499
threshold=35.768429240918728 6.248494315377159 5.4113537156512921 43.808018483012653 7.02530539089397 21.482752172223602 34.996996540664561 2.6748200356960301 3.0661214453323615 0.070312500029632061 0.08314932137727736
decision_type=2 2 2 2 2 2 2 2 2 2 2
left_child=4 2 3 -2 6 9 8 -8 -1 -6 -4
right_child=1 -3 10 -5 5 -7 7 -9 -10 -11 -12
leaf_value=0.00068435744328457877 0.014766918645232986 -0.077354821047801225 0.045415893806385263 -0.041693003698432422 0.03350250432852004 0.084308790958039073 -0.092635859390407263 0.022186190124232941 -0.0059103133979357108 -0.04546610055297047 0.1014998852001007
leaf_weight=3824.3914160206914 96.871310956776142 6.8063252642750731 6.9426321387290937 14.511933341622351 9.1947501301765495 11.905154377222059 9.2699814736843127 8.0126791596412641 717.30611307173967 6.8639599978923789 6.9823294132947922
leaf_count=12493 272 27 22 45 27 36 31 22 2111 26 19
internal_value=4.11477e-06 0.0100137 0.0147593 0.00741085 -0.000284184 0.035749 -0.000505204 -0.0394014 -0.000357191 -0.000250975 0.0735378
internal_weight=4719.06 132.115 125.308 111.383 4586.94 27.9639 4558.98 17.2827 4541.7 16.0587 13.925
internal_count=15131 385 358 317 14746 89 14657 53 14604 53 41
is_linear=0
shrinkage=0.1


Tree=95
num_leaves=15
num_cat=0
split_feature=0 10 11 1 10 4 7 7 3 7 9 11 8 1
split_gain=1.3919 5.04518 14.8914 8.01553 7.45859 5.68559 2.75294 7.85893 17.8183 9.04009 5.41553 11.1696 5.29589 2.5283
threshold=38.48114526030259 0.032768741404631457 0.033881821730118257 35.513002111654068 0.031737520229580311 0.18062739129658498 2.6120191239807564 2.8026052999391227 10.799673043431211 2.8500775583144446 2.9410137986696041 0.024797142744611953 2.5552302607177357 36.665216695599192
decision_type=2 2 2 2 2 2 2 2 2 2 2 2 2 2
left_child=6 4 -3 -4 5 -2 10 8 -8 -9 12 -12 -1 -6
right_child=1 2 3 -5 13 -7 7 9 -10 -11 11 -13 -14 -15
leaf_value=0.00034224649396279568 -0.0081229139354703148 -0.1252107762900343 -0.055585855351970449 0.021423857281514663 0.11910770404457845 0.031167794053947723 -0.12798867755737142 0.038205165484211864 -0.014080893652132066 -0.0031559832277962374 -0.048154913953161682 0.008994786966988166 -0.013305385339342236 0.043235253286672222
leaf_weight=1927.1948153078556 79.472158834338188 10.312719300389288 17.759686067700386 56.560138456523418 8.2852201163768786 68.638286545872688 14.772150993347166 56.129425041377544 195.18568702042103 902.51235291361809 35.404374018311501 1004.346479639411 333.54029966890812 9.346626862883566
leaf_count=7006 228 37 56 157 17 185 57 147 575 2654 117 2769 1101 25
internal_value=5.45102e-06 0.00726104 -0.0126041 0.00302139 0.0174047 0.0100854 -0.000401034 -0.00457209 -0.0220952 -0.000734247 0.00107581 0.00704879 -0.00167127 0.0788878
internal_weight=4719.46 250.375 84.6325 74.3198 165.742 148.11 4469.09 1168.6 209.958 958.642 3300.49 1039.75 2260.74 17.6318
internal_count=15131 705 250 213 455 413 14426 3433 632 2801 10993 2886 8107 42
is_linear=0
shrinkage=0.1


Tree=96
num_leaves=16
num_cat=0
split_feature=3 3 4 11 3 1 6 1 1 11 6 0 7 6 4
split_gain=1.35573 11.9041 8.55784 9.32413 8.83403 7.14642 11.7304 10.4371 10.0613 10.0478 6.79744 16.986 15.8438 5.68678 2.24416
threshold=6.6005771224468388 5.6593177721255161 1.0000000180025095e-35 0.028029264983191051 6.3835052667408121 7.4173834385294279 1.3176214542472737 5.7235930234964973 7.5402349834655675 0.041868757556092109 1.2501201629638674 11.491295081944207 1.3334762262140309 0.4271290516480804 0.00085520886932495012
decision_type=2 2 2 2 2 2 2 2 2 2 2 2 2 2 2
left_child=1 10 4 -4 -3 6 9 -8 14 -2 12 -12 -1 -10 -7
right_child=5 2 3 -5 -6 8 7 -9 13 -11 11 -13 -14 -15 -16
leaf_value=0.0037600572560960348 -0.01652219067201342 0.032384612295118548 -0.092893309218932685 0.023933363817764328 0.11431978867496993 0.11589969652449572 -0.0067487260017205994 -0.12815370664313819 -0.063543231165814881 0.066268828249225031 -0.063125194083412772 0.0045233849598696006 0.17770108498504089 0.00026982460243492134 0.033497397769368609
leaf_weight=267.17922508716583 163.35664147138596 38.435637451708317 8.3375083506107313 37.82422137260437 20.009230569005013 8.751532316207884 12.148740723729135 16.976209819316864 14.014919206500052 16.104088380932808 56.316169299185276 108.8749415576458 5.3413777053356162 3937.8651370927691 5.3105605617165557
leaf_count=1078 701 152 39 142 66 30 48 82 60 55 242 329 16 12072 19
internal_value=6.15551e-06 0.00470983 0.0350163 0.0028327 0.060436 -0.000604905 -0.0186464 -0.0775127 0.000343971 -0.00909286 -0.00253296 -0.018539 0.00716928 4.35184e-05 0.0847804
internal_weight=4716.85 542.318 104.607 46.1617 58.4449 4174.53 208.586 29.125 3965.94 179.461 437.712 165.191 272.521 3951.88 14.0621
internal_count=15131 2064 399 181 218 13067 886 130 12181 756 1665 571 1094 12132 49
is_linear=0
shrinkage=0.1


Tree=97
num_leaves=13
num_cat=0
split_feature=8 2 8 10 10 3 4 3 9 10 9 10
split_gain=1.42597 6.93915 9.90579 10.8221 6.99183 3.43398 7.36694 7.29953 9.41501 6.59783 5.61993 5.60308
threshold=1.1441330909729006 19.187098827582943 1.0989232473075392 0.028855695292530004 0.028180483526286954 9.4600821397517532 0.50004986866468415 10.039135026383358 2.7696453409471582 0.023620828209152653 2.0390179489623308 0.034286435165262301
decision_type=2 2 2 2 2 2 2 2 2 2 2 2
left_child=1 2 3 -1 -4 6 9 8 -7 -2 -9 -8
right_child=5 -3 4 -5 -6 7 11 10 -10 -11 -12 -13
leaf_value=-0.035714141422914611 0.04941710587515457 0.064298069404331082 0.01810877909649267 0.011453666502950301 -0.10198161318252932 -0.0081421167248660296 -0.018979232152492177 -0.010228217506880015 -0.076772492030407161 0.0064117151026242564 0.0014351744391663526 -0.12194380417675493
leaf_weight=72.805915854871273 37.628968417644501 12.881226778030394 6.567821346223357 146.56830576807261 18.51592729985714 69.82428415864706 25.882446207106113 475.99484293162823 28.006321609020233 686.75781118124723 3127.7852861061692 6.6411772295832625
leaf_count=356 121 39 33 654 108 263 89 1752 98 2438 9149 31
internal_value=1.84427e-07 -0.00723779 -0.0110072 -0.00420039 -0.0705377 0.00041795 0.00655524 -0.000837012 -0.0277892 0.00864567 -0.000105351 -0.0400041
internal_weight=4715.86 257.339 244.458 219.374 25.0837 4458.52 756.91 3701.61 97.8306 724.387 3603.78 32.5236
internal_count=15131 1190 1151 1010 141 13941 2679 11262 361 2559 10901 120
is_linear=0
shrinkage=0.1


Tree=98
num_leaves=16
num_cat=0
split_feature=5 6 7 3 2 9 9 6 1 1 2 4 2 11 10
split_gain=1.30511 6.37413 10.5506 13.1544 10.8209 7.52394 13.0991 5.08631 6.879 17.954 11.137 6.78244 17.4361 4.94888 4.84327
threshold=0.0037112022089049504 2.433286918076242 2.369622799546002 23.646965158461224 31.503832284176685 2.6547439052251556 2.8277252640939978 2.3953412873221072 16.00101547804304 13.251701559937151 13.98656627616699 0.00085520886932495012 10.552995414800129 0.032626682012174855 0.022158060250603951
decision_type=2 2 2 2 2 2 2 2 2 2 2 2 2 2 2
left_child=1 2 3 -1 -4 13 -7 11 9 -9 -10 12 -2 -3 -13
right_child=7 5 4 -5 -6 6 -8 8 10 -11 -12 14 -14 -15 -16
leaf_value=-0.001579076666239129 -0.083683527326293333 -0.10682565293936071 -0.084756125711017261 -0.046176083204669392 0.035731962552917822 0.086060382020115803 0.0066062394400828789 0.025842098757626913 0.10780527425674763 -0.087113245536078104 -0.0030551634162384643 0.06259353937840352 0.037682904519427379 0.0069268178365668193 0.0023362374120971378
leaf_weight=1137.4478408172727 13.097600013017653 9.217311426997183 31.055605933070183 70.222715631127357 9.8077797591686231 21.897926494479179 395.66713158786297 25.010858699679375 9.1357374638318998 32.17308121919632 1119.9072631970048 13.444620810449122 123.01597326993942 6.5370432883501044 1695.9414290338755
leaf_count=4256 64 38 106 231 26 59 1109 76 21 117 3267 38 365 20 5338
internal_value=-2.36573e-06 -0.00223645 -0.00586322 -0.00417227 -0.0558373 0.00821346 0.010773 0.00123699 -0.00387193 -0.0377093 -0.00215813 0.00452084 0.0260044 -0.0596257 0.00281017
internal_weight=4713.58 1681.85 1248.53 1207.67 40.8634 433.319 417.565 3031.73 1186.23 57.1839 1129.04 1845.5 136.114 15.7544 1709.39
internal_count=15131 5845 4619 4487 132 1226 1168 9286 3481 193 3288 5805 429 58 5376
is_linear=0
shrinkage=0.1


Tree=99
num_leaves=15
num_cat=0
split_feature=11 11 11 10 11 3 10 6 1 4 8 0 7 7
split_gain=1.31687 9.02085 11.1117 8.08858 8.5117 13.9034 7.49272 7.2971 11.778 7.11827 6.99227 3.98903 10.6392 6.41544
threshold=0.028571521906096752 0.027871998278283103 0.027825665777424655 0.027425939397505702 0.029043247633194904 19.894614912337836 0.027425939397505702 0.63460889745357474 4.7038511369178533 0.25006111062452879 1.0646128296615649 14.380540206642539 1.5679924988040292 3.2182344702787371
decision_type=2 2 2 2 2 2 2 2 2 2 2 2 2 2
left_child=1 2 10 4 9 -6 -4 -3 -9 -2 -1 13 -13 -5
right_child=3 7 6 11 5 -7 -8 8 -10 -11 -12 12 -14 -15
leaf_value=-0.034633165717504931 -0.10736664900665892 -0.070834510638272785 -0.14942158466677799 -0.0040902659370359749 0.035756061010204634 -0.12161583020818029 -0.012221331118804499 0.14025476820601193 0.017999193866074324 0.015425922381288953 0.0018881112522637945 0.020169007834098779 -0.00044871848214417758 -0.087286632153163277
leaf_weight=56.039025448262691 20.682946108281616 8.7959895730018598 8.430391848087309 1313.142934024334 23.277587823569778 7.3981893584132186 7.5408516079187384 8.1292428150773031 257.18965102732182 6.1172405779361716 812.54476665705442 288.57226614654064 1886.1441521048546 9.3345600515604001
leaf_count=278 85 38 34 4829 72 28 25 23 777 18 2575 874 5442 33
internal_value=-3.79732e-06 0.0029239 -0.00198798 -0.000958101 -0.0381675 -0.00219789 -0.0846422 0.0187743 0.021745 -0.0793388 -0.000468157 -0.000346569 0.00228713 -0.0046775
internal_weight=4713.34 1158.67 884.555 3554.67 57.476 30.6758 15.9712 274.115 265.319 26.8002 868.584 3497.19 2174.72 1322.48
internal_count=15131 3750 2912 11381 203 100 59 838 800 103 2853 11178 6316 4862
is_linear=0
shrinkage=0.1


end of trees

feature_importances:
receiving_yards_std_L5=151
targets_L5=143
target_share_L5=136
receiving_yards_L3=121
receiving_yards_L10=119
targets_L3=115
receptions_L5=113
receptions_L3=111
target_share_L3=107
rec_tds_L5=82
receiving_yards_L5=71
rec_tds_L3=64

parameters:
[boosting: gbdt]
[objective: binary]
[metric: binary_logloss]
[tree_learner: serial]
[device_type: cpu]
[data_sample_strategy: bagging]
[data: ]
[valid: ]
[num_iterations: 100]
[learning_rate: 0.1]
[num_leaves: 31]
[num_threads: 2]
[seed: 42]
[deterministic: 0]
[force_col_wise: 0]
[force_row_wise: 0]
[histogram_pool_size: -1]
[max_depth: 4]
[min_data_in_leaf: 20]
[min_sum_hessian_in_leaf: 0.001]
[bagging_fraction: 1]
[pos_bagging_fraction: 1]
[neg_bagging_fraction: 1]
[bagging_freq: 0]
[bagging_seed: 400]
[bagging_by_query: 0]
[feature_fraction: 1]
[feature_fraction_bynode: 1]
[feature_fraction_seed: 30056]
[extra_trees: 0]
[extra_seed: 12879]
[early_stopping_round: 0]
[early_stopping_min_delta: 0]
[first_metric_only: 0]
[max_delta_step: 0]
[lambda_l1: 0]
[lambda_l2: 0]
[linear_lambda: 0]
[min_gain_to_split: 0]
[drop_rate: 0.1]
[max_drop: 50]
[skip_drop: 0.5]
[xgboost_dart_mode: 0]
[uniform_drop: 0]
[drop_seed: 17869]
[top_rate: 0.2]
[other_rate: 0.1]
[min_data_per_group: 100]
[max_cat_threshold: 32]
[cat_l2: 10]
[cat_smooth: 10]
[max_cat_to_onehot: 4]
[top_k: 20]
[monotone_constraints: ]
[monotone_constraints_method: basic]
[monotone_penalty: 0]
[feature_contri: ]
[forcedsplits_filename: ]
[refit_decay_rate: 0.9]
[cegb_tradeoff: 1]
[cegb_penalty_split: 0]
[cegb_penalty_feature_lazy: ]
[cegb_penalty_feature_coupled: ]
[path_smooth: 0]
[interaction_constraints: ]
[verbosity: -1]
[saved_feature_importance_type: 0]
[use_quantized_grad: 0]
[num_grad_quant_bins: 4]
[quant_train_renew_leaf: 0]
[stochastic_rounding: 1]
[linear_tree: 0]
[max_bin: 255]
[max_bin_by_feature: ]
[min_data_in_bin: 3]
[bin_construct_sample_cnt: 200000]
[data_random_seed: 175]
[is_enable_sparse: 1]
[enable_bundle: 1]
[use_missing: 1]
[zero_as_missing: 0]
[feature_pre_filter: 1]
[pre_partition: 0]
[two_round: 0]
[header: 0]
[label_column: ]
[weight_column: ]
[group_column: ]
[ignore_column: ]
[categorical_feature: ]
[forcedbins_filename: ]
[precise_float_parser: 0]
[parser_config_file: ]
[objective_seed: 16083]
[num_class: 1]
[is_unbalance: 0]
[scale_pos_weight: 2.49284]
[sigmoid: 1]
[boost_from_average: 1]
[reg_sqrt: 0]
[alpha: 0.9]
[fair_c: 1]
[poisson_max_delta_step: 0.7]
[tweedie_variance_power: 1.5]
[lambdarank_truncation_level: 30]
[lambdarank_norm: 1]
[label_gain: ]
[lambdarank_position_bias_regularization: 0]
[eval_at: ]
[multi_error_top_k: 1]
[auc_mu_weights: ]
[num_machines: 1]
[local_listen_port: 12400]
[time_out: 120]
[machine_list_filename: ]
[machines: ]
[gpu_platform_id: -1]
[gpu_device_id: -1]
[gpu_use_dp: 0]
[num_gpu: 1]

end of parameters

pandas_categorical:[]
