tree
version=v4
num_class=1
num_tree_per_iteration=1
label_index=0
max_feature_idx=9
objective=binary sigmoid:1
feature_names=receptions_L3 receptions_L5 receptions_L10 receptions_std_L5 rec_tds_L3 rec_tds_L5 targets_L3 targets_L5 target_share_L3 target_share_L5
feature_infos=[4.6875:9.54833984375] [6.0000000000000009:7.9888398494071398] [3.9586776859504131:9.0909271540748513] [0:7.7781745930520225] [0:2.4375164952843988] [0:2] [6:15.088525413026218] [6:13] [0.017543859649122799:0.055555555555555497] [0.017543859649122799:0.055555555555555497]
tree_sizes=1371 1276 1383 1277 1287 1387 1689 1077 1182 1277 1693 1386 1280 1287 1377 1385 981 1077 1083 1492 1080 1386 1175 1083 881 770 1182 981 1598 1390 1088 1281 1285 1486 668 1380 673 1593 1396 675 676 673 779 779 776 672 667 1080 669 679 879 1279 674 670 683 1476 1286 1389 979 1492 1079 1389 1183 883 1292 1281 1191 673 1187 1071 780 1697 1180 1284 1181 1287 1383 669 869 773 1390 1274 1184 669 1488 1276 1090 1385 1288 1280 1181 977 1393 977 1286 874 1183 1090 1377 1179

Tree=0
num_leaves=12
num_cat=0
split_feature=2 5 0 6 7 2 3 7 1 4 7
split_gain=47.7193 14.0316 9.60705 6.85192 6.33155 6.04704 6.95152 5.90861 5.79174 5.56259 4.94164
threshold=6.0842170253477006 0.073600030998876756 6.7901700082320566 10.403419965878131 8.7780863164889649 6.9924985478753117 3.5587594594567222 8.1001530714648933 6.5750982366449664 0.011012268489139302 9.4086282036442537
decision_type=2 2 2 2 2 2 2 2 2 2 2
left_child=3 2 -2 4 9 7 -7 -3 -5 -1 -6
right_child=1 5 -4 8 10 6 -8 -9 -10 -11 -12
leaf_value=-0.11440108268249563 0.049187914453452594 -0.043097220884243802 -0.14794479175633576 0.084989548813415222 -0.1144010826824956 0.11720845331557073 0.017399298501640504 0.064183484063338694 -0.03299477358483336 -0.0066290244074339796 -0.013539070690239179
leaf_weight=5.471344292163848 4.8999634683132154 5.4355708956718436 4.9893969595432281 8.7913155257701892 16.41403287649155 42.367642045021057 8.3540849387645704 92.483208328485489 7.8989676535129538 38.414680063724518 6.899299591779708
leaf_count=22 20 22 20 36 66 174 34 378 32 156 28
internal_value=0.0327963 0.065071 -0.0502698 -0.0281945 -0.0424375 0.0727449 0.100769 0.0582282 0.0291514 -0.0200651 -0.0845522
internal_weight=242.42 158.53 9.88936 83.8896 67.1994 148.641 50.7217 97.9188 16.6903 43.886 23.3133
internal_count=988 648 40 340 272 608 208 400 68 178 94
is_linear=0
shrinkage=1


Tree=1
num_leaves=11
num_cat=0
split_feature=2 5 0 4 5 6 2 3 7 3
split_gain=38.6916 11.391 7.83793 5.82807 6.72389 5.702 4.9252 5.6581 4.83822 4.28007
threshold=6.0842170253477006 0.073600030998876756 6.7901700082320566 0.0072454353849025011 0.29629482786119826 10.950815265381115 6.9924985478753117 3.5587594594567222 10.71875175037755 2.8874969845571421
decision_type=2 2 2 2 2 2 2 2 2 2
left_child=3 2 -2 -1 9 -6 8 -8 -3 -5
right_child=1 6 -4 4 5 -7 7 -9 -10 -11
leaf_value=-0.1358021855025148 0.011475270556677207 0.03059351243974149 -0.16682311341762637 0.039135725192569519 -0.078134167477967392 0.030292041776198833 0.072926530259778799 -0.01713311804104211 -0.025444045535338557 -0.053644940522968289
leaf_weight=8.6794544756412488 4.898626893758772 78.69536055624485 4.9638422727584839 11.731143593788149 49.409008681774139 5.3781307786703101 42.236484557390213 8.3562262654304487 19.158194929361343 8.6295332610607129
leaf_count=35 20 322 20 48 200 22 174 34 78 35
internal_value=-0.00328288 0.0258054 -0.0782634 -0.0582165 -0.0492555 -0.0674906 0.0327196 0.0580517 0.0196222 -0.000187812
internal_weight=242.136 158.309 9.86247 83.8273 75.1478 54.7871 148.446 50.5927 97.8536 20.3607
internal_count=988 648 40 340 305 222 608 208 400 83
is_linear=0
shrinkage=0.1


Tree=2
num_leaves=12
num_cat=0
split_feature=2 5 0 6 7 1 7 7 5 4 7
split_gain=31.4388 9.29405 6.52903 4.9265 5.22382 4.61314 4.40552 7.82969 5.05715 4.25154 3.99138
threshold=6.0842170253477006 0.073600030998876756 6.7901700082320566 10.403419965878131 8.7780863164889649 6.5750982366449664 10.743099609545711 9.6082948996182278 0.8306052393630633 0.022274026805425406 9.2964995643438844
decision_type=2 2 2 2 2 2 2 2 2 2 2
left_child=3 2 -2 4 9 -5 7 -3 -8 -1 -6
right_child=1 6 -4 5 10 -7 8 -9 -10 -11 -12
leaf_value=-0.11505925048897499 0.010331169375031431 0.015841844793311036 -0.15319448737309038 0.045968685091523825 -0.13574036953165081 -0.059408965544461435 -0.019736627665238329 0.069588394925010219 0.066050858037920546 -0.030607624689997271 -0.05031612648465026
leaf_weight=7.1194016933441153 4.897083714604376 61.043865948915482 4.8694397807121277 8.7771859914064425 14.304706469178202 7.8875684142112723 29.372330099344254 48.750928461551666 8.9701442718505842 36.641476362943649 8.8558840751647931
leaf_count=29 20 250 20 36 58 32 120 201 37 149 36
internal_value=-0.00296557 0.023286 -0.0712002 -0.0525577 -0.0646725 -0.00390744 0.0295153 0.0397063 0.000333181 -0.044347 -0.103077
internal_weight=241.49 157.904 9.76652 83.5862 66.9215 16.6648 148.137 109.795 38.3425 43.7609 23.1606
internal_count=988 648 40 340 272 68 608 451 157 178 94
is_linear=0
shrinkage=0.1


Tree=3
num_leaves=11
num_cat=0
split_feature=2 5 0 4 5 6 2 7 3 3
split_gain=25.6085 7.6095 5.52241 4.33956 5.3983 4.23654 3.97286 4.7764 4.49334 3.41218
threshold=6.0842170253477006 0.073600030998876756 6.7901700082320566 0.0072454353849025011 0.29629482786119826 10.950815265381115 6.9924985478753117 8.1001530714648933 3.5587594594567222 2.8874969845571421
decision_type=2 2 2 2 2 2 2 2 2 2
left_child=3 2 -2 -1 9 -6 7 -3 -8 -5
right_child=1 6 -4 4 5 -7 8 -9 -10 -11
leaf_value=-0.11550228692427258 0.0093013796367641365 -0.076202398625888873 -0.1422317527584398 0.039220809664443489 -0.06556216275729275 0.028047632124236301 0.062864448840794479 0.020247712700849942 -0.017467346383914045 -0.043760449773508299
leaf_weight=8.4519389718770963 4.8954194486141187 5.4373604953289023 4.7274796366691589 11.709061563014986 49.01463808119297 5.3637545853853217 41.838190719485283 92.171574637293816 8.3531461805105192 8.5911334156990034
leaf_count=35 20 22 20 48 200 22 174 378 34 35
internal_value=-0.00268842 0.0210216 -0.0651429 -0.0475878 -0.0399014 -0.0563287 0.0266316 0.0148749 0.0494951 0.00410277
internal_weight=240.554 157.423 9.6229 83.1305 74.6786 54.3784 147.8 97.6089 50.1913 20.3002
internal_count=988 648 40 340 305 222 608 400 208 83
is_linear=0
shrinkage=0.1


Tree=4
num_leaves=11
num_cat=0
split_feature=2 5 0 7 7 5 4 5 8 3
split_gain=20.8773 6.24847 4.72459 3.83719 6.26364 4.0749 3.67604 4.41184 4.02877 2.82643
threshold=6.0842170253477006 0.073600030998876756 6.7901700082320566 10.743099609545711 10.160012210060435 0.72437292258940278 0.0072454353849025011 0.29629482786119826 0.025976380684505404 2.7298906696930341
decision_type=2 2 2 2 2 2 2 2 2 2
left_child=6 2 -2 4 -3 -5 -1 9 -9 -8
right_child=1 3 -4 5 -6 -7 7 8 -10 -11
leaf_value=-0.10637481928066134 0.0083743512262863182 0.021215979685477247 -0.13315089470826394 -0.028746743879400606 0.079949651631404384 0.038581397479548536 0.040654404610608472 -0.00097350955497415648 -0.065899936271239024 -0.034027556179121107
leaf_weight=8.2689296603202802 4.8936983793973905 86.146183088421822 4.5538457334041595 23.719775840640068 23.006528347730637 14.474949240684508 10.239952087402346 12.40206804871559 41.663666412234306 10.032792091369627
leaf_count=35 20 355 20 97 96 60 42 51 171 41
internal_value=-0.00243997 0.0189947 -0.0598428 0.0240495 0.0335955 -0.00323088 -0.0431245 -0.036089 -0.0510065 0.003695
internal_weight=239.402 156.795 9.44754 147.347 109.153 38.1947 82.6074 74.3385 54.0657 20.2727
internal_count=988 648 40 608 451 157 340 305 222 83
is_linear=0
shrinkage=0.1


Tree=5
num_leaves=12
num_cat=0
split_feature=2 7 7 5 8 6 5 3 6 8 0
split_gain=17.1651 5.26049 6.27175 5.41721 6.15731 5.41056 4.76018 3.65595 6.03273 5.39303 3.42474
threshold=6.2541339552843969 9.3999855554268983 8.7780863164889649 0.75344201266661226 0.028636905060195155 7.0256690167921123 0.073600030998876756 3.3454404525707861 10.905891646843136 0.029507205295544604 7.1689462661743173
decision_type=2 2 2 2 2 2 2 2 2 2 2
left_child=1 2 5 4 -3 -1 -2 8 -8 -9 -4
right_child=6 3 10 -5 -6 -7 7 9 -10 -11 -12
leaf_value=-0.13153440294599328 -0.052788685081358477 -0.023254206838078075 -0.12394603852045386 -0.095139281123799865 0.076615810488806085 -0.019731363114512391 0.049998078900929825 0.024936050750315755 -0.0043677775980826995 -0.06405194281091707 -0.030356301223305029
leaf_weight=4.7851349413394919 8.3254996836185438 14.336871504783636 13.83782969415188 4.9034262150526038 10.841698601841925 45.356234759092331 71.345035135746002 20.150101542472843 28.590134456753731 10.287266924977301 5.449832782149314
leaf_count=20 36 59 58 20 45 187 297 83 118 42 23
internal_value=-0.0022161 -0.0339077 -0.0490419 0.00102202 0.0197491 -0.030401 0.0205215 0.025203 0.0344447 -0.00514024 -0.0975018
internal_weight=238.209 99.511 69.429 30.082 25.1786 50.1414 138.698 130.373 99.9352 30.4374 19.2877
internal_count=988 412 288 124 104 207 576 540 415 125 81
is_linear=0
shrinkage=0.1


Tree=6
num_leaves=15
num_cat=0
split_feature=2 4 5 1 5 1 2 2 1 1 9 8 2 5
split_gain=14.1783 5.16841 9.37749 8.37656 7.11016 6.79133 5.54827 4.31961 3.45881 7.34929 6.99649 3.68786 3.25941 0.430244
threshold=6.0842170253477006 0.25381469726562506 0.42822326280959516 7.7937849975660951 0.39175544802554746 6.4203175167272901 7.0115421041382548 6.4262228023775716 6.5750982366449664 6.2776005030586148 0.031385080210945458 0.028587881540228902 5.8096516773902911 0.37056062876426765
decision_type=2 2 2 2 2 2 2 2 2 2 2 2 2 2
left_child=8 5 4 -4 -3 7 -7 -2 9 12 -11 13 -1 -10
right_child=1 2 3 -5 -6 6 -8 -9 11 10 -12 -13 -14 -15
leaf_value=-0.069952720356154685 0.00043336789207716993 0.045995851593476772 0.0035520761399774692 0.11207298231472099 0.1687012348086066 -0.05678027860605115 0.030000820961736729 0.128296829316491 -0.09524396301577262 0.066812647398645883 -0.057880694871437668 -0.025850299572557613 -0.013553243531448565 -0.13740451070295034
leaf_weight=26.454387068748474 5.8437441587448102 13.94525082409382 79.597534775733948 7.8107343316078177 7.1401575505733481 26.285217568278313 10.236358761787413 4.8224961459636688 4.8090679943561572 13.41523100435734 6.7709559500217429 8.3776694983243924 16.725131556391716 4.8733058422803879
leaf_count=110 24 58 330 33 30 110 43 20 20 56 28 35 71 20
internal_value=-0.00201219 0.0156727 0.027689 0.0132494 0.0875476 -0.0119552 -0.0324571 0.0582439 -0.0358247 -0.0248216 0.0249874 -0.0744303 -0.048107 -0.116464
internal_weight=237.107 155.681 108.494 87.4083 21.0854 47.1878 36.5216 10.6662 81.4257 63.3657 20.1862 18.06 43.1795 9.68237
internal_count=988 648 451 363 88 197 153 44 340 265 84 75 181 40
is_linear=0
shrinkage=0.1


Tree=7
num_leaves=9
num_cat=0
split_feature=2 3 4 5 4 5 9 4
split_gain=11.6078 4.70469 4.31508 3.63392 3.43214 5.06706 3.27537 3.26643
threshold=6.2541339552843969 1.5031442906250616 1.1549237534718488 0.073600030998876756 0.046997308731079109 0.212760363327093 0.030291792245029554 0.0072454353849025011
decision_type=2 2 2 2 2 2 2 2
left_child=1 6 7 -2 -5 -6 -1 -3
right_child=3 2 -4 4 5 -7 -8 -9
leaf_value=-0.14667836872303419 -0.047728433702210749 -0.095992667114797633 -0.11297465900186257 0.10209787493845651 -0.053555611597624113 0.023444559966800033 -0.032240591495005293 -0.010537284381366916
leaf_weight=5.3235251903533918 8.1777590066194517 4.7420614361762992 4.7907910048961631 5.0169305205345145 9.2303667068481428 115.29991269111633 4.7172753661870956 78.821338847279549
leaf_count=23 36 21 20 21 38 481 20 328
internal_value=-0.00181778 -0.0280496 -0.0206782 0.016923 0.0210042 0.0177372 -0.0929143 -0.0153867
internal_weight=236.12 98.395 88.3542 137.725 129.547 124.53 10.0408 83.5634
internal_count=988 412 369 576 540 519 43 349
is_linear=0
shrinkage=0.1


Tree=8
num_leaves=10
num_cat=0
split_feature=2 9 5 4 5 0 3 9 0
split_gain=9.72075 4.76087 4.96147 4.64401 5.05572 4.67004 4.35313 4.00447 2.14197
threshold=6.3981317422246082 0.033903784556800411 0.91130045603130305 0.019993247728052655 0.95138486902811448 6.581754866818307 4.1648805508445541 0.028267699065086752 7.0558578148224864
decision_type=2 2 2 2 2 2 2 2 2
left_child=3 2 6 7 5 -5 -2 -1 -3
right_child=1 8 -4 4 -6 -7 -8 -9 -10
leaf_value=-0.15645110057474532 0.023821591632127475 -0.09270086078611027 0.095447915282902862 0.022453146694199237 -0.085894620639056174 -0.02389129069762588 -0.064904145455791526 -0.038286532848930847 0.00078097272773970747
leaf_weight=4.3660124689340583 91.300500601530075 5.0918979197740537 9.156539782881735 32.871373191475868 9.1664776057004911 64.227998897433281 5.8862105160951605 8.3584338277578336 4.7261036038398743
leaf_count=20 384 21 39 137 39 267 24 37 20
internal_value=-0.00165142 0.0189265 0.0250778 -0.0217401 -0.0149039 -0.00820215 0.0184478 -0.0788312 -0.0477014
internal_weight=235.152 116.161 106.343 118.99 106.266 97.0994 97.1867 12.7244 9.818
internal_count=988 488 447 500 443 404 408 57 41
is_linear=0
shrinkage=0.1


Tree=9
num_leaves=11
num_cat=0
split_feature=2 0 7 1 5 2 3 1 1 7
split_gain=8.15916 6.45226 5.91794 5.07286 3.98174 2.99575 8.55241 6.07806 2.2519 2.21483
threshold=5.8096516773902911 6.8844400252677085 7.5212468099486625 6.5575199486513105 0.58049633553504243 7.0757658439788509 3.6705688271159289 6.3957750740869601 6.089040817051818 8.329903978052128
decision_type=2 2 2 2 2 2 2 2 2 2
left_child=1 8 -2 4 -3 7 -7 -4 -1 -10
right_child=2 3 5 -5 -6 6 -8 -9 9 -11
leaf_value=-0.12707350535325279 -0.090446062374825886 -0.0029893843154651357 0.037793523522200549 -0.064346178171227647 0.10841937078844399 0.052593843691187997 -0.077235557056454365 -0.0088448924558915658 -0.094145435428597601 -0.019016314984537552
leaf_weight=6.5794579684734371 5.9556186050176612 9.9372025728225726 38.411946266889572 8.4339915961027128 4.7373492717742911 36.030618295073509 5.905533403158187 102.53029832243919 8.0192652344703657 7.6836853325366965
leaf_count=28 26 42 162 36 20 155 24 429 33 33
internal_value=-0.00149807 -0.0395662 0.00765255 -0.00254368 0.0329764 0.0108472 0.034311 0.00386579 -0.0779614 -0.0573836
internal_weight=234.225 45.391 188.834 23.1085 14.6746 182.878 41.9362 140.942 22.2824 15.703
internal_count=988 192 796 98 62 770 179 591 94 66
is_linear=0
shrinkage=0.1


Tree=10
num_leaves=15
num_cat=0
split_feature=2 4 5 6 5 1 3 2 6 7 6 4 2 6
split_gain=7.02463 3.45153 7.94836 6.4725 6.00465 5.20852 4.31484 3.62218 3.05589 4.47627 3.59067 4.5539 2.77647 2.55323
threshold=6.0842170253477006 0.25381469726562506 0.42822326280959516 8.2412919998168963 0.39175544802554746 6.4203175167272901 2.5904208230943389 6.4262228023775716 10.403419965878131 8.7780863164889649 10.625446975231172 0.54189504683017742 5.8096516773902911 9.9964179992675799
decision_type=2 2 2 2 2 2 2 2 2 2 2 2 2 2
left_child=8 5 4 -4 -3 7 -7 -2 9 12 -10 -12 -1 -11
right_child=1 2 3 -5 -6 6 -8 -9 10 13 11 -13 -14 -15
leaf_value=-0.034116163933430706 -0.0027064251720208274 0.038519534019258027 -0.081131068188003461 0.016106676847476225 0.15273319901434024 -0.067297004339022123 0.0019941806128795088 0.11511490289750377 0.08364154829675613 -0.097160449393195472 0.039209271252190231 -0.088588703806275329 0.02112346470556456 -0.024193062233000391
leaf_weight=28.322708368301392 5.7992022633552534 13.779111683368685 7.4954303354024878 78.941186740994453 6.9122440218925467 16.498901262879372 19.738174960017204 4.7436358630657196 5.0027704089880016 14.229162514209749 6.2114759534597379 5.0593859106302261 13.405637845396994 7.2332163006067267
leaf_count=120 24 58 31 332 30 70 83 20 21 63 26 21 58 31
internal_value=-0.00136069 0.0111058 0.0210016 0.00767462 0.0766742 -0.0115562 -0.0295544 0.050306 -0.0255059 -0.0354576 0.0131367 -0.0181581 -0.0163699 -0.0725691
internal_weight=233.372 153.908 107.128 86.4366 20.6914 46.7799 36.2371 10.5428 79.4644 63.1907 16.2736 11.2709 41.7283 21.4624
internal_count=988 648 451 363 88 197 153 44 340 272 68 47 178 94
is_linear=0
shrinkage=0.1


Tree=11
num_leaves=12
num_cat=0
split_feature=2 3 4 8 8 2 3 2 1 7 7
split_gain=6.03249 4.02624 4.34179 4.09371 3.96727 3.94031 6.47248 4.58743 3.13493 5.48953 4.43162
threshold=6.3981317422246082 1.5031442906250616 0.0072454353849025011 0.026454364241506507 0.030102367382336456 6.5457544738219662 2.120759234182517 6.4669273486314527 6.8294977063289535 10.180297886500716 10.764900271367745
decision_type=2 2 2 2 2 2 2 2 2 2 2
left_child=1 4 -3 -4 -1 6 -2 -8 9 -7 -10
right_child=5 2 3 -5 -6 8 7 -9 10 -11 -12
leaf_value=-0.12903317570964257 0.1533160022411863 -0.092290878398331 0.028418393285637202 -0.017999604654202403 -0.0093020614092398212 -0.051127662655449602 -0.039831793618308464 0.087600132010930629 0.037431948895421133 0.049669071843711166 -0.013778507220361974
leaf_weight=6.0589956045150739 5.144030153751376 6.2135522514581671 25.52145054936409 74.349575310945511 5.0942088216543198 18.743899717926983 6.2065145373344404 5.1849489659070969 45.090983852744102 7.5913628339767447 27.027102813124657
leaf_count=28 22 29 107 314 22 78 26 22 194 32 114
internal_value=-0.00123076 -0.0171927 -0.0111839 -0.00613776 -0.0743462 0.0150434 0.0602128 0.0181702 0.00745708 -0.0220721 0.0182402
internal_weight=232.227 117.238 106.085 99.871 11.1532 114.989 16.5355 11.3915 98.4533 26.3353 72.1181
internal_count=988 500 450 421 50 488 70 48 418 110 308
is_linear=0
shrinkage=0.1


Tree=12
num_leaves=11
num_cat=0
split_feature=2 0 3 1 7 1 5 2 1 3
split_gain=5.03635 5.17669 4.70261 4.51283 4.33865 2.66931 6.43168 4.78739 1.97706 2.04149
threshold=5.8096516773902911 6.8844400252677085 3.6766436696294202 6.4576942163652991 7.5212468099486625 6.3957750740869601 0.48402836535190635 7.0507245165838102 6.089040817051818 2.0885685369011111
decision_type=2 2 2 2 2 2 2 2 2 2
left_child=1 8 3 -3 -2 6 -6 -7 -1 -10
right_child=4 2 -4 -5 5 7 -8 -9 9 -11
leaf_value=-0.11375778929941166 -0.079473845417056099 0.082164572073557304 -0.072507591738653759 -0.022104397804491818 0.064596757101514912 -0.0094808559195640914 -0.018311878500447108 0.030756790539490837 0.0044658356697626746 -0.07292909239609055
leaf_weight=6.2724992036819485 5.7454814314842215 8.2322475463151985 6.1943130791187277 8.3724191784858686 23.726627036929131 100.00569218397141 15.449256017804144 41.981523305177689 5.1140091121196738 10.217624098062513
leaf_count=28 26 35 27 36 102 421 65 182 22 44
internal_value=-0.00111301 -0.0313868 0.00185083 0.02959 0.00607902 0.00879227 0.0319012 0.00241626 -0.0664627 -0.0471133
internal_weight=231.312 44.4031 22.799 16.6047 186.909 181.163 39.1759 141.987 21.6041 15.3316
internal_count=988 192 98 71 796 770 167 603 94 66
is_linear=0
shrinkage=0.1


Tree=13
num_leaves=11
num_cat=0
split_feature=2 9 5 2 3 6 7 5 8 0
split_gain=4.3217 3.54625 4.03324 3.52098 3.35255 3.88345 9.09782 5.70132 3.36474 1.56431
threshold=6.3981317422246082 0.033903784556800411 0.91130045603130305 7.6102331362011197 1.5031442906250616 8.5691393658010515 8.3125147359907547 0.95138486902811448 0.030102367382336456 7.0558578148224864
decision_type=2 2 2 2 2 2 2 2 2 2
left_child=4 2 3 -2 8 6 -6 -7 -1 -3
right_child=1 9 -4 -5 5 7 -8 -9 -10 -11
leaf_value=-0.11976458793557876 0.017321947751348401 -0.083208731501047184 0.082774497079205658 -0.059665650919982195 -0.0034279354517779805 -0.013381930981612744 0.15019038741909049 -0.12641483250071545 -0.0080513968415514073 -0.003140940198322088
leaf_weight=5.7714771926403028 89.324987381696701 5.0874638557434064 8.8467882722616178 6.3637078106403342 21.290385827422146 74.578266710042953 4.7077044993638983 4.7463723868131629 5.0598477125167847 4.6891654282808304
leaf_count=28 381 21 39 27 91 318 20 21 22 20
internal_value=-0.00101565 0.012788 0.0181745 0.0122019 -0.0146004 -0.00915228 0.0243891 -0.0201452 -0.0675778 -0.0448058
internal_weight=230.466 114.312 104.535 95.6887 116.154 105.323 25.9981 79.3246 10.8313 9.77663
internal_count=988 488 447 408 500 450 111 339 50 41
is_linear=0
shrinkage=0.1


Tree=14
num_leaves=12
num_cat=0
split_feature=7 7 1 7 7 6 3 6 6 1 4
split_gain=3.86422 6.26737 3.79344 3.5879 5.72871 4.25099 3.57763 4.58752 6.14423 5.25177 2.02963
threshold=9.6082948996182278 9.8974512936205112 6.853213997617245 10.026824108318239 10.602676042572877 9.9429941036670488 1.4365507539045113 9.4731570649496071 10.12869697250426 7.1776351258244349 0.25911588086540066
decision_type=2 2 2 2 2 2 2 2 2 2 2
left_child=6 2 -2 5 -5 -3 10 9 -9 -8 -1
right_child=1 3 -4 4 -6 -7 7 8 -10 -11 -12
leaf_value=-0.11510353560861078 0.024203510777746937 0.011050800795716527 0.11970565382162145 0.04439670350958113 -0.011931590135401703 -0.12177625317093051 -0.003374415868403622 -0.07574527031568859 0.021632515860538548 0.088456512151967689 -0.025084552672444589
leaf_weight=4.9896317273378354 8.7439793944358843 4.8561158627271634 7.9322226941585532 29.489970549941063 46.564335867762566 4.7822332680225372 81.668372213840485 18.8951490521431 9.861253157258032 6.7418025732040396 5.0291812121868134
leaf_count=25 37 21 35 128 197 20 348 83 42 29 23
internal_value=-0.00092118 0.0135406 0.0696302 0.00262534 0.00990964 -0.0548536 -0.0125612 -0.0076568 -0.0423521 0.00362824 -0.0699164
internal_weight=229.554 102.369 16.6762 85.6927 76.0543 9.63835 127.185 117.167 28.7564 88.4102 10.0188
internal_count=988 438 72 366 325 41 550 502 125 377 48
is_linear=0
shrinkage=0.1


Tree=15
num_leaves=12
num_cat=0
split_feature=2 0 3 1 5 1 4 9 9 9 2
split_gain=3.37111 4.49509 4.00577 6.24602 3.37012 4.71937 3.81351 4.5884 2.74984 1.41737 2.26329
threshold=5.8096516773902911 6.8970357830101383 3.1816756510223381 6.4576942163652991 0.073600030998876756 6.6235714148497546 0.036974646856862609 0.035562865672766862 0.028382827486599354 0.027779574055716152 5.4860206686228361
decision_type=2 2 2 2 2 2 2 2 2 2 2
left_child=1 9 3 -3 5 -2 -6 -8 -4 -1 -11
right_child=4 2 8 -5 6 -7 7 -9 -10 10 -12
leaf_value=-0.10379657736395376 0.0065164138425864914 0.13466743327651098 0.021374398227147685 -0.016708676114699967 0.095905501048177189 -0.11335954794696429 0.0097967991882605913 -0.072409223454804161 -0.081212189308365171 0.018711652528731842 -0.065635463470563857
leaf_weight=5.1627595573663738 7.9583168029785138 4.7718350589275378 4.551255911588667 6.35703144967556 4.8887023031711569 5.5915809124708176 159.51989762485027 7.0916000306606284 6.1351901441812515 4.2929078787565258 12.285330623388289
leaf_count=23 38 20 20 28 21 27 680 30 27 19 55
internal_value=-0.000832611 -0.0258626 0.00620763 0.0481984 0.00505885 -0.0429523 0.00885212 0.00629781 -0.0375215 -0.0580425 -0.0437939
internal_weight=228.606 43.5563 21.8153 11.1289 185.05 13.5499 171.5 166.611 10.6864 21.741 16.5782
internal_count=988 192 95 48 796 65 731 710 47 97 74
is_linear=0
shrinkage=0.1


Tree=16
num_leaves=8
num_cat=0
split_feature=6 1 4 9 9 8 8
split_gain=3.30381 2.867 6.43578 3.76925 5.08864 4.91116 0.682053
threshold=7.0256690167921123 7.7313406153415825 0.80380759412191172 0.024930639426931203 0.025341695697671803 0.023283344064035653 0.027010906625187403
decision_type=2 2 2 2 2 2 2
left_child=-1 3 6 5 -5 -2 -3
right_child=1 2 -4 4 -6 -7 -8
leaf_value=-0.080504263400883083 -0.00044631426595542821 -0.03607991667523909 0.1246203505085207 -0.10507331837944678 -0.0037722203432282901 0.098714937875356124 0.018171105615259479
leaf_weight=5.0803131312131873 12.837459206581117 4.6359634995460492 5.903759464621543 5.0982141196727744 181.29364088177681 8.1753060072660428 4.6336680352687836
leaf_count=25 57 20 27 22 782 35 20
internal_value=-0.000766917 0.00105308 0.0430136 -0.00201669 -0.00654302 0.0381337 -0.00896112
internal_weight=227.658 222.578 15.1734 207.405 186.392 21.0128 9.26963
internal_count=988 963 67 896 804 92 40
is_linear=0
shrinkage=0.1


Tree=17
num_leaves=9
num_cat=0
split_feature=6 2 1 7 6 1 5 2
split_gain=2.7577 2.52306 3.4354 4.9222 3.28666 3.25467 6.51916 3.57645
threshold=7.0256690167921123 5.8096516773902911 6.1996400120886461 7.6699575519843561 9.629953806544906 6.3957750740869601 0.48402836535190635 7.0757658439788509
decision_type=2 2 2 2 2 2 2 2
left_child=-1 2 3 -2 -4 6 -3 -7
right_child=1 5 4 -5 -6 7 -8 -9
leaf_value=-0.074550035253169181 0.036669818970313836 0.064832650332616246 -0.028717395092435535 -0.085179945048844574 0.045159188025897579 -0.010904091001901713 -0.018191928033890824 0.024663566704376621
leaf_weight=4.9447118639945975 4.4222373664379147 23.577888429164886 13.960236772894861 13.243141427636145 10.590376481413839 101.5011056214571 15.792004957795141 39.185243099927902
leaf_count=25 20 103 61 60 47 431 67 174
internal_value=-0.000687291 0.000955874 -0.0210474 -0.0546769 0.00315068 0.00611476 0.0315299 -0.000997463
internal_weight=227.217 222.272 42.216 17.6654 24.5506 180.056 39.3699 140.686
internal_count=988 963 188 80 108 775 170 605
is_linear=0
shrinkage=0.1


Tree=18
num_leaves=9
num_cat=0
split_feature=4 9 1 4 7 3 9 8
split_gain=2.53321 2.52775 3.48661 5.9041 4.36397 2.3208 2.44783 2.04339
threshold=0.00042847477743630005 0.024930639426931203 7.7313406153415825 0.80380759412191172 10.602676042572877 3.0357071402090949 0.023886822493895305 0.027111348886848251
decision_type=2 2 2 2 2 2 2 2
left_child=7 5 4 -4 -3 6 -2 -1
right_child=1 2 3 -5 -6 -7 -8 -9
leaf_value=-0.11120805422246063 -0.035665162610844563 0.0012279203092314286 -0.0077370554397814791 0.13045438703832682 -0.03982567508620713 0.080481798584594311 0.046953358575067154 -0.0082616023552163059
leaf_weight=3.6524930596351615 6.3663013428449657 153.02439111471176 7.6390770673751813 5.1935799419879913 31.166414842009544 7.1336627006530753 8.2119042873382551 4.083967998623848
leaf_count=21 28 664 33 25 131 30 36 20
internal_value=-0.000627786 0.00136124 -0.00220735 0.0481912 -0.00571864 0.0337443 0.0108739 -0.0568641
internal_weight=226.472 218.735 197.023 12.8327 184.191 21.7119 14.5782 7.73646
internal_count=988 947 853 58 795 94 64 41
is_linear=0
shrinkage=0.1


Tree=19
num_leaves=13
num_cat=0
split_feature=7 7 7 0 8 1 6 1 6 4 9 2
split_gain=2.47735 5.2804 3.22179 8.11367 4.58014 3.21639 3.03697 5.27481 5.08588 4.87043 4.24519 0.746047
threshold=9.6082948996182278 9.8974512936205112 10.160012210060435 6.6472841975362362 0.030699302510247453 6.853213997617245 9.4731570649496071 7.1776351258244349 10.12869697250426 0.62706947326660167 0.035727528002026408 5.934750426750802
decision_type=2 2 2 2 2 2 2 2 2 2 2 2
left_child=6 5 4 -4 -3 -2 7 10 9 -8 -1 -10
right_child=1 2 3 -5 -6 -7 8 -9 11 -11 -12 -13
leaf_value=-0.0018565648191209928 0.021532738894257386 -0.0023223722105897449 0.077507832312549041 -0.0071638812069221239 -0.11382713981239567 0.11043688483064321 -0.10370958002763947 0.083300184681271539 0.045924069464551374 0.0064540335787835025 -0.085580088061430595 -0.0093505836036805699
leaf_weight=83.218345202505589 8.6988500505685824 11.523630470037462 14.36397874355316 53.355528444051743 5.4146709442138663 7.6463060677051535 12.839883074164396 6.8160562962293616 5.1463059037923795 5.837869629263877 6.5315672904252997 4.6464979648590088
leaf_count=365 37 50 62 231 23 35 57 30 22 27 29 20
internal_value=-0.000561889 0.0110861 0.00103936 0.0107958 -0.0379671 0.0631223 -0.00997103 -0.00150875 -0.0386733 -0.0692771 -0.00794956 0.0196973
internal_weight=226.039 101.003 84.6578 67.7195 16.9383 16.3452 125.037 96.566 28.4706 18.6778 89.7499 9.7928
internal_count=988 438 366 293 73 72 550 424 126 84 394 42
is_linear=0
shrinkage=0.1


Tree=20
num_leaves=9
num_cat=0
split_feature=6 0 9 0 5 7 7 1
split_gain=2.15481 2.00129 4.97882 9.59467 4.15575 3.10138 5.88811 5.22045
threshold=7.0256690167921123 6.581754866818307 0.031385080210945458 6.9907119274139413 0.090523046840396457 10.160012210060435 8.6483368376373573 6.5492519151679396
decision_type=2 2 2 2 2 2 2 2
left_child=-1 5 4 -4 -3 6 -2 -7
right_child=1 2 3 -5 -6 7 -8 -9
leaf_value=-0.067293374876365539 0.042497909824463491 -0.067552896162022563 -0.1055778724164685 0.00027109860495217668 0.0099364289157544815 0.11345226656527166 -0.022845232123264864 -0.01626781654405117
leaf_weight=4.7290313094854346 23.994950145483017 7.4024135321378699 13.242031440138815 24.238855913281441 106.40700216591358 7.4612524807453138 32.426585599780083 5.3104382157325745
leaf_count=25 104 37 57 106 461 33 142 23
internal_value=-0.000503642 0.000928894 -0.00551419 -0.0371254 0.00489635 0.0150166 0.0049439 0.059515
internal_weight=225.213 220.484 151.29 37.4809 113.809 69.1932 56.4215 12.7717
internal_count=988 963 661 163 498 302 246 56
is_linear=0
shrinkage=0.1


Tree=21
num_leaves=12
num_cat=0
split_feature=2 0 1 1 5 0 0 4 5 9 0
split_gain=1.98985 3.31879 4.04183 2.78695 2.11119 3.94699 3.40765 3.3884 3.49162 1.39559 1.86595
threshold=5.8096516773902911 6.8970357830101383 6.5575199486513105 6.2776005030586148 0.073600030998876756 6.9286390046863753 6.0253901346418006 0.036974646856862609 0.16449108501012613 0.027779574055716152 6.4911447865742966
decision_type=2 2 2 2 2 2 2 2 2 2 2
left_child=1 9 3 -3 5 6 -2 -6 -9 -1 -11
right_child=4 2 -4 -5 7 -7 -8 8 -10 10 -12
leaf_value=-0.094836027147259069 -0.066054020602345762 -0.0065611431021543936 -0.048999646508044621 0.084308458110050569 0.090060048505698195 -0.11214923290855193 0.061935866402600737 -0.054939772749815069 0.0081913395952359878 0.012053119122450639 -0.059405696895866368
leaf_weight=4.9358462989330318 3.7501597926020604 6.4659826904535311 7.9426472038030616 7.0607403814792633 4.7775006443262091 4.3741767257452002 4.671371191740036 9.2844682931900007 155.30068062245846 5.6717662662267676 10.27234050631523
leaf_count=23 21 29 36 30 21 24 20 39 671 26 48
internal_value=-0.00045857 -0.0199838 0.00762337 0.0408714 0.00408078 -0.0350858 0.00494118 0.0070399 0.00463003 -0.0483703 -0.0339858
internal_weight=224.508 42.3493 21.4694 13.5267 182.158 12.7957 8.42153 169.363 164.585 20.88 15.9441
internal_count=988 192 95 59 796 65 41 731 710 97 74
is_linear=0
shrinkage=0.1


Tree=22
num_leaves=10
num_cat=0
split_feature=1 4 3 0 3 4 5 1 8
split_gain=1.8969 3.67004 2.12375 4.97136 4.37591 2.6395 7.05112 3.3238 2.12239
threshold=7.8370438112131966 0.72196316059654475 1.5647532950561722 6.4376043379306802 1.3722721127604898 0.53128478367779131 0.58049633553504243 6.1926054756006534 0.028853155369666855
decision_type=2 2 2 2 2 2 2 2 2
left_child=2 -2 3 8 -5 7 -7 -4 -1
right_child=1 -3 5 4 -6 6 -8 -9 -10
leaf_value=-0.0380666790275625 -0.014935787032776674 0.11678209125768164 -0.024231696445570893 -0.020160233317559756 -0.15051810443755825 -0.064811614318839167 0.0034419963916750597 0.019350750181807749 0.06416551956145182
leaf_weight=3.4186604917049426 4.5820484906434995 3.9293848276138306 21.715373575687408 5.5344406068325025 4.8158365935087204 19.761818304657936 64.659285575151443 90.122938513755798 5.0019207447767258
leaf_count=21 20 20 98 25 21 85 281 394 23
internal_value=-0.000428016 0.045873 -0.00226073 -0.0343955 -0.0808139 0.00081274 -0.0125352 0.0108885 0.0226604
internal_weight=223.542 8.51143 215.03 18.7709 10.3503 196.259 84.4211 111.838 8.42058
internal_count=988 40 948 90 46 858 366 492 44
is_linear=0
shrinkage=0.1


Tree=23
num_leaves=9
num_cat=0
split_feature=6 0 9 0 1 5 9 4
split_gain=1.714 1.64252 4.00499 7.47604 3.48728 3.1436 4.79747 3.29042
threshold=7.0256690167921123 6.581754866818307 0.031385080210945458 6.9907119274139413 6.2052625957573833 0.5469709060279917 0.032700113393538753 0.51132811876346562
decision_type=2 2 2 2 2 2 2 2
left_child=-1 5 4 -4 -3 7 -7 -2
right_child=1 2 3 -5 -6 6 -8 -9
leaf_value=-0.061192184175612223 0.018391654046767673 -0.071203041662306094 -0.094846307769626298 -0.00060354329889145857 0.0084663351925997176 -0.043002668564943142 0.059838735864176928 0.097111085583348231
leaf_weight=4.5410196632146826 39.118183374404907 5.791522189974784 12.936386391520498 24.095908105373383 107.01801715791225 17.299198925495151 6.1481394171714774 6.1438869237899771
leaf_count=25 174 27 57 106 471 75 26 27
internal_value=-0.000383864 0.000879601 -0.00499083 -0.0335251 0.00437619 0.0136819 -0.0160366 0.0290771
internal_weight=223.092 218.551 149.842 37.0323 112.81 68.7094 23.4473 45.2621
internal_count=988 963 661 163 498 302 101 201
is_linear=0
shrinkage=0.1


Tree=24
num_leaves=7
num_cat=0
split_feature=4 4 9 0 1 1
split_gain=1.61692 3.08176 2.53292 2.48396 3.19615 2.21114
threshold=0.019993247728052655 0.034511510488879758 0.035727528002026408 7.1689462661743173 6.1261059147967414 7.8370438112131966
decision_type=2 2 2 2 2 2
left_child=3 -2 5 4 -1 -3
right_child=1 2 -4 -5 -6 -7
leaf_value=-0.068058857759364391 0.082247427145830457 0.00033826090379558493 -0.053011321402235925 -0.093460176267602973 0.037258174867993626 0.054359772577961013
leaf_weight=4.9294689893722552 4.6829654574394217 184.90649363398552 8.5690623223781568 4.5413797795772544 6.9362179338932037 7.9004747718572608
leaf_count=29 21 805 38 25 32 38
internal_value=-0.000353232 0.00205242 0.000187497 -0.0305662 -0.00649463 0.00255185
internal_weight=222.466 206.059 201.376 16.4071 11.8657 192.807
internal_count=988 902 881 86 61 843
is_linear=0
shrinkage=0.1


Tree=25
num_leaves=6
num_cat=0
split_feature=2 2 2 1 2
split_gain=1.5441 4.01189 1.69012 3.00187 2.09055
threshold=4.8378697356204112 5.0460774424363599 5.8096516773902911 6.1996400120886461 5.940971598314758
decision_type=2 2 2 2 2
left_child=-1 -2 3 -3 -4
right_child=1 2 4 -5 -6
leaf_value=-0.096432233629857617 0.14819717261928503 -0.054647640185688268 0.040584658355334292 0.0028417470993210522 0.00010162072045122482
leaf_weight=1.6591700166463841 1.8214314132928837 15.081403583288191 13.813180804252623 22.835167840123177 166.66724322736263
leaf_count=8 8 73 60 103 736
internal_value=-0.000323592 0.00040051 -0.000832114 -0.0200248 0.00320002
internal_weight=221.878 220.218 218.397 37.9166 180.48
internal_count=988 980 972 176 796
is_linear=0
shrinkage=0.1


Tree=26
num_leaves=10
num_cat=0
split_feature=5 5 4 4 9 1 1 3 3
split_gain=1.41177 3.45686 2.94939 6.26792 6.12814 2.26296 3.95719 3.50403 2.06504
threshold=0.212760363327093 0.22761687503375086 0.17646524666604524 0.25381469726562506 0.029124963476461405 7.3144016746755929 6.585895072554532 3.2011279794124872 2.2764871685519581
decision_type=2 2 2 2 2 2 2 2 2
left_child=5 -2 4 -4 -3 6 7 -1 -8
right_child=1 2 3 -5 -6 -7 8 -9 -10
leaf_value=0.015536325406041676 0.074652442974274438 -0.024829741550893195 -0.066743378020273733 0.0037137106600493583 0.13790704342886703 0.051114059802558322 -0.12617793869952004 -0.08461243811349127 -0.04143895768045304
leaf_weight=20.851041264832023 6.5936466157436362 4.6711159199476224 13.791343688964842 149.45686274766922 4.5855462551116943 4.4135545641183844 4.2703194618225089 4.1968072652816764 8.8065157532691938
leaf_count=98 28 20 59 661 20 21 21 20 40
internal_value=-0.000298347 0.00359125 0.000875078 -0.00223856 0.0557865 -0.0166747 -0.0245223 -0.00124376 -0.069111
internal_weight=221.637 179.099 172.505 163.248 9.25666 42.5382 38.1247 25.0478 13.0768
internal_count=988 788 760 720 40 200 179 118 61
is_linear=0
shrinkage=0.1


Tree=27
num_leaves=8
num_cat=0
split_feature=6 6 7 2 9 9 8
split_gain=1.32866 1.58172 4.33838 3.70573 2.84801 3.71275 3.38735
threshold=7.0256690167921123 8.0875189365551527 8.0078839829634347 6.1134223406360713 0.024930639426931203 0.025341695697671803 0.023283344064035653
decision_type=2 2 2 2 2 2 2
left_child=-1 2 3 -2 6 -6 -3
right_child=1 4 -4 -5 5 -7 -8
leaf_value=-0.05499815250065479 0.025442398376134989 0.0013097842254450951 0.082073131994555307 -0.081688865046385103 -0.08861662865240881 -0.0036951375360952613 0.08628584940406768
leaf_weight=4.3489629030227652 10.754724368453028 12.327992439270021 8.5713261514902097 4.6140416711568824 5.3112710863351813 167.74558862298727 7.5724860578775397
leaf_count=25 48 56 37 20 24 744 34
internal_value=-0.000271027 0.000826295 0.0250703 -0.00672076 -0.00218165 -0.00630145 0.0336447
internal_weight=221.246 216.897 23.9401 15.3688 192.957 173.057 19.9005
internal_count=988 963 105 68 858 768 90
is_linear=0
shrinkage=0.1


Tree=28
num_leaves=14
num_cat=0
split_feature=7 7 9 8 6 6 4 1 0 0 7 0 2
split_gain=1.36767 5.06119 2.59206 2.6468 2.50057 4.20017 4.14892 3.8874 3.39951 2.44293 4.55488 4.3798 0.647698
threshold=9.6082948996182278 9.8974512936205112 0.031015863547533152 0.028265295630875455 9.4731570649496071 10.12869697250426 0.62706947326660167 7.1776351258244349 7.3257227540016183 7.0185692174164087 10.160012210060435 7.4631805419921884 5.934750426750802
decision_type=2 2 2 2 2 2 2 2 2 2 2 2 2
left_child=4 2 3 -2 7 6 -6 8 -1 10 -3 -11 -7
right_child=1 9 -4 -5 5 12 -8 -9 -10 11 -12 -13 -14
leaf_value=0.00086576499885134038 0.044898713108336839 -0.043747593915533747 0.0057195578332974589 0.14711650601032109 -0.094868829744093192 0.044051881585700108 0.008211679622120013 0.07428630688256864 -0.069645732752439543 -0.061973004194165598 0.039999532272447902 0.0036622407169776289 -0.0078075978977569654
leaf_weight=80.033758826553822 5.7337246835231763 8.6747755706310254 5.6475272774696341 4.5381913036108017 12.332355923950677 5.0814232826232892 5.7137176990509024 6.6256312727928153 7.4762062430381766 14.460735961794851 25.837989866733551 34.237607106566429 4.5781282186508179
leaf_count=360 26 37 25 21 57 22 27 30 34 63 114 152 20
internal_value=-0.000242282 0.00847972 0.0601391 0.0900591 -0.00733854 -0.0337453 -0.0622317 0.000433399 -0.00515822 -0.00140344 0.0189497 -0.0158278 0.0194732
internal_weight=220.972 99.1306 15.9194 10.2719 121.841 27.7056 18.0461 94.1356 87.51 83.2111 34.5128 48.6983 9.65955
internal_count=988 438 72 47 550 126 84 424 394 366 151 215 42
is_linear=0
shrinkage=0.1


Tree=29
num_leaves=12
num_cat=0
split_feature=7 7 8 5 1 8 3 5 1 0 6
split_gain=1.36805 4.82979 4.79356 4.99711 3.83498 3.82994 4.35266 4.0767 3.30176 2.62991 1.99024
threshold=10.71875175037755 10.160012210060435 0.031331876401332857 0.66666336268769599 7.1575217192501173 0.025180061768020054 3.6705688271159289 0.72437292258940278 7.4080335777520867 7.3257227540016183 11.921972105279567
decision_type=2 2 2 2 2 2 2 2 2 2 2
left_child=1 4 3 -3 9 10 7 -7 -6 -1 -2
right_child=5 2 -4 -5 8 6 -8 -9 -10 -11 -12
leaf_value=-0.0035910419790303677 0.0799441981525367 0.057457509507120065 0.14016848157423442 -0.047623568345515024 0.076489916578745404 -0.049847743092801211 -0.12192549830235205 0.035010417339539579 -0.0006652836277985934 -0.042886243921001585 -0.0034616290533189087
leaf_weight=111.51949834823608 4.9315442591905576 14.356896236538892 4.3064236491918555 6.6087142825126639 10.379375271499159 15.438830673694616 4.9106435775756827 8.9394326210021955 11.911759078502653 20.101889848709106 6.8139963895082474
leaf_count=502 22 66 20 30 48 66 20 40 55 90 29
internal_value=-0.000215497 0.00355629 0.0440727 0.0243342 -0.00309639 -0.0166857 -0.0360324 -0.0187305 0.0352603 -0.00959241 0.0315576
internal_weight=220.219 179.185 25.272 20.9656 153.913 41.0344 29.2889 24.3783 22.2911 131.621 11.7455
internal_count=988 811 116 96 695 177 126 106 103 592 51
is_linear=0
shrinkage=0.1


Tree=30
num_leaves=9
num_cat=0
split_feature=4 9 4 5 1 9 3 8
split_gain=1.21444 1.86241 1.47912 5.76941 5.06384 4.80143 3.2303 3.21387
threshold=0.0012942786852363003 0.029867539865341103 0.53128478367779131 0.58049633553504243 7.7937849975660951 0.027729147914653553 1.4145613167662965 0.0285352159472738
decision_type=2 2 2 2 2 2 2 2
left_child=1 -1 6 5 -5 -4 -2 -8
right_child=2 -3 3 4 -6 -7 7 -9
leaf_value=-0.092032977512760114 -0.070308779684144937 0.0038126081448482357 0.020224332325754744 -0.0013125391924320032 0.11202164208134767 -0.085458634649983711 -0.0057000687261222829 0.028335668499061724
leaf_weight=3.5842291042208654 4.9369110912084571 4.6674186140298843 6.0757833570241955 70.010461822152138 4.1776248812675467 14.699768826365469 52.301386937499046 59.085068821907043
leaf_count=25 22 24 26 309 23 65 231 263
internal_value=-0.000183738 -0.0378194 0.00128609 -0.00797411 0.00506945 -0.0545518 0.0088459 0.0123542
internal_weight=219.539 8.25165 211.287 94.9636 74.1881 20.7756 116.323 111.386
internal_count=988 49 939 423 332 91 516 494
is_linear=0
shrinkage=0.1


Tree=31
num_leaves=11
num_cat=0
split_feature=7 7 1 8 2 5 9 2 7 6
split_gain=1.17039 5.0079 5.70358 4.22525 3.50737 3.22689 3.12537 2.56861 2.35054 2.32698
threshold=10.602676042572877 10.160012210060435 7.3452784620784515 0.025180061768020054 7.3551247253486869 0.85814684212432901 0.029037180129487552 6.6897641182291618 11.186518381571362 10.817753385863968
decision_type=2 2 2 2 2 2 2 2 2 2
left_child=1 4 9 8 7 6 -5 -1 -2 -3
right_child=3 2 -4 5 -6 -7 -8 -9 -10 -11
leaf_value=0.00080166924623975154 0.091829333129351973 0.10525281787656966 -0.042134418905764581 -0.079010447831717401 0.0666902026128426 0.031965094071093512 -0.01010590558964989 -0.031919918839717863 0.0015769323488114624 0.020638911699741268
leaf_weight=116.06011547893286 4.6191970556974393 10.878351911902429 5.0773070454597464 14.787106260657312 6.961003214120864 6.161054015159606 11.864359349012373 30.240777015686035 7.6893914043903351 4.635017752647399
leaf_count=528 21 51 24 63 33 29 51 134 33 21
internal_value=-0.00016575 0.00355876 0.0498628 -0.0145164 -0.00266218 -0.0332586 -0.0483364 -0.00596197 0.0354471 0.0799722
internal_weight=218.974 173.853 20.5907 45.1211 153.262 32.8125 26.6515 146.301 12.3086 15.5134
internal_count=988 791 96 197 695 143 114 662 54 72
is_linear=0
shrinkage=0.1


Tree=32
num_leaves=11
num_cat=0
split_feature=5 5 4 4 9 3 3 5 1 0
split_gain=1.13797 2.96957 2.32666 4.95249 4.72978 2.11233 3.42297 4.16077 3.23339 2.81842
threshold=0.212760363327093 0.22761687503375086 0.17646524666604524 0.25381469726562506 0.029124963476461405 2.0732120824352256 2.8230675286378588 0.073600030998876756 7.0014365872742763 6.6344195279598361
decision_type=2 2 2 2 2 2 2 2 2 2
left_child=5 -2 4 -4 -3 9 7 -7 -8 -1
right_child=1 2 3 -5 -6 6 8 -9 -10 -11
leaf_value=-0.013899838630432699 0.069710644336828095 -0.020260268856096796 -0.059531637691713393 0.003400050714260393 0.12460185863144978 -0.039143676785347109 -0.063094713117743603 0.076109556854065952 0.031088403611115107 -0.1169368046571653
leaf_weight=7.2560917437076551 6.4987185299396506 4.6301106214523298 13.661271184682844 147.7505689561367 4.3917114287614822 4.8251578807830837 11.010689966380598 8.9282672405242902 5.4490385875105849 4.1863551884889603
leaf_count=38 28 20 59 661 20 25 51 39 26 21
internal_value=-0.000135142 0.0033658 0.000836042 -0.00192624 0.0502568 -0.0150054 -0.00114726 0.0356749 -0.0319151 -0.0515971
internal_weight=218.588 176.932 170.434 161.412 9.02182 41.6556 30.2132 13.7534 16.4597 11.4424
internal_count=988 788 760 720 40 200 141 64 77 59
is_linear=0
shrinkage=0.1


Tree=33
num_leaves=13
num_cat=0
split_feature=1 1 7 0 0 1 5 3 5 3 4 3
split_gain=1.11127 4.99644 4.29454 3.54615 3.59644 3.3954 2.96225 3.39571 2.90461 4.62137 1.69231 1.58255
threshold=6.5750982366449664 6.8028163322048796 9.7023855893692836 6.9988993267515776 6.4724240465420699 6.1996400120886461 0.098836978937099459 4.0206381738383365 0.65046687508422496 1.9839282870431563 0.28509100745075344 3.2011279794124872
decision_type=2 2 2 2 2 2 2 2 2 2 2 2
left_child=2 8 3 4 -1 -4 -3 -8 9 -2 -7 -5
right_child=1 6 5 11 -6 10 7 -9 -10 -11 -12 -13
leaf_value=0.0075838968410189729 -0.11011030611385833 -0.076581258224815332 -0.01738055441633321 0.093441143187418696 -0.040962690935550577 0.033588445882296217 0.01628430754331759 -0.049542062046345738 -0.088183926106995769 6.1328326008939807e-05 0.10275386056400292 0.01290448020128984
leaf_weight=38.376576535403728 4.7360607609152821 4.1695257052779189 5.5835021883249309 4.8601928651332837 25.333732552826405 6.0099854022264472 78.365403667092323 8.7074075341224653 8.9683008491992933 19.417936012148857 8.5990211218595487 4.8995417654514313
leaf_count=177 21 25 25 21 118 27 350 37 39 86 39 23
internal_value=-0.000122204 -0.00631789 0.0081044 -0.00312135 -0.0117201 0.0489491 0.00575869 0.00970158 -0.0395854 -0.0215409 0.0743 0.0530105
internal_weight=218.027 124.365 93.6626 73.47 63.7103 20.1925 91.2423 87.0728 33.1223 24.154 14.609 9.75973
internal_count=988 558 430 339 295 91 412 387 146 107 66 44
is_linear=0
shrinkage=0.1


Tree=34
num_leaves=5
num_cat=0
split_feature=2 2 2 9
split_gain=1.00759 3.42314 1.4648 1.38025
threshold=4.8378697356204112 5.0460774424363599 5.1037389026013038 0.035727528002026408
decision_type=2 2 2 2
left_child=-1 -2 -3 -4
right_child=1 2 3 -5
leaf_value=-0.081644811093514652 0.13580059080419357 -0.14168180441937964 0.0015916764035724122 -0.035777973493197064
leaf_weight=1.5052448511123646 1.8526642620563496 0.73461539298295875 202.67809526622295 10.390433713793753
leaf_count=8 8 4 919 49
internal_value=-0.00011298 0.0004561 -0.000716698 -0.00023068
internal_weight=217.161 215.656 213.803 213.069
internal_count=988 980 972 968
is_linear=0
shrinkage=0.1


Tree=35
num_leaves=12
num_cat=0
split_feature=7 7 1 8 0 2 0 6 7 6 6
split_gain=1.03177 3.84418 4.83231 3.78031 5.89113 2.82555 2.78799 4.09268 2.37852 1.88813 1.49375
threshold=10.602676042572877 10.160012210060435 7.3452784620784515 0.025641333746215505 6.9589344693813482 7.3551247253486869 7.8928524458315232 11.886842053503948 9.8974512936205112 10.817753385863968 12.327384213711754
decision_type=2 2 2 2 2 2 2 2 2 2 2
left_child=1 5 9 4 -2 8 7 -5 -1 -3 -6
right_child=3 2 -4 6 10 -7 -8 -9 -10 -11 -12
leaf_value=-0.00056428279632577663 0.12335103692489427 0.096910036278999551 -0.039330205340332096 -0.080930478946394269 -0.047071979370154803 0.061054804172828374 0.01482866503463484 0.016140481231789957 -0.042228953672220494 0.019566290070531685 0.028562860171288978
leaf_weight=130.14824858307838 4.4763406068086615 10.370528951287271 5.108222857117652 15.327976837754255 5.8836553245782834 6.7881598323583594 8.3100657910108549 6.0608091801404944 15.313795343041418 4.5372773706912986 4.6946303993463516
leaf_count=596 20 51 24 66 27 33 38 26 66 21 20
internal_value=-0.000105744 0.00340869 0.0446082 -0.0136336 0.0271875 -0.00200772 -0.0343262 -0.0534241 -0.00495061 0.07337 -0.0135053
internal_weight=217.02 172.266 20.016 44.7535 15.0546 152.25 29.6989 21.3888 145.462 14.9078 10.5783
internal_count=988 791 96 197 67 695 130 92 662 72 47
is_linear=0
shrinkage=0.1


Tree=36
num_leaves=5
num_cat=0
split_feature=9 8 6 7
split_gain=1.02635 2.31202 0.962053 2.18122
threshold=0.021663377897996404 0.021689842877101653 7.0256690167921123 6.7462547224559835
decision_type=2 2 2 2
left_child=-1 -2 -3 -4
right_child=1 2 3 -5
leaf_value=-0.077896939512975841 0.10940179910765009 -0.048256467347044238 0.21471993910978543 -1.2712834364043569e-06
leaf_weight=1.6817396208643902 1.9329948276281346 4.1293609142303458 0.47417290508747001 208.32535490393639
leaf_count=8 9 25 2 944
internal_value=-7.96518e-05 0.00052943 -0.000458927 0.000486349
internal_weight=216.544 214.862 212.929 208.8
internal_count=988 980 971 946
is_linear=0
shrinkage=0.1


Tree=37
num_leaves=14
num_cat=0
split_feature=5 5 2 5 1 5 1 1 8 3 4 6 5
split_gain=0.94144 5.99829 4.78517 3.84355 4.59638 4.76373 3.46603 8.54876 2.7603 5.09685 2.40764 1.23329 1.11697
threshold=0.44445410963206261 0.3952823970248277 5.9873325288436714 0.58049633553504243 7.7937849975660951 0.62672703562729104 7.215271075775358 6.8294977063289535 0.028540391900636203 1.8936239984364753 0.291821722041334 9.7526950217725261 0.52576342798721043
decision_type=2 2 2 2 2 2 2 2 2 2 2 2 2
left_child=1 8 -3 6 5 -5 7 -2 9 -1 -10 -4 -8
right_child=3 2 11 4 -6 -7 12 -9 10 -11 -12 -13 -14
leaf_value=-0.095159109749340234 -0.047062135211266981 -0.013916647728616716 0.14843830599516614 0.054231920669813499 0.10842296551088199 -0.01194969605267378 -0.11951803077122516 0.10071801733920167 0.024037317845245338 -0.00492678483190318 -0.0333968969977314 0.073989009107829504 -0.050795074096264936
leaf_weight=7.6293651089072219 17.728087656199936 4.5961780548095694 4.5124929249286634 13.208879664540289 4.1047423630952826 61.582699775695801 4.9105676263570768 5.0237117856740943 40.376378245651722 34.878922812640667 8.9093070030212385 4.3894606679677963 4.5623431354761124
leaf_count=41 80 21 21 57 24 275 21 22 186 159 40 21 20
internal_value=-7.25706e-05 0.00670314 0.0689455 -0.00649285 0.00539311 -0.000261415 -0.0355935 -0.0144315 -0.00244948 -0.0211216 0.013655 0.111728 -0.0864197
internal_weight=216.413 105.292 13.4981 111.121 78.8963 74.7916 32.2247 22.7518 91.794 42.5083 49.2857 8.90195 9.47291
internal_count=988 489 63 499 356 332 143 102 426 200 226 42 41
is_linear=0
shrinkage=0.1


Tree=38
num_leaves=12
num_cat=0
split_feature=1 1 3 7 5 0 8 1 7 6 4
split_gain=0.96218 4.00771 4.44453 3.55267 3.32549 2.73317 3.11626 2.67072 2.63579 1.45775 1.33262
threshold=6.5750982366449664 6.6354281474309715 2.5668105705982716 9.7023855893692836 0.073600030998876756 6.9988993267515776 0.037332767164890555 6.1996400120886461 10.743099609545711 9.1121873787269596 0.28509100745075344
decision_type=2 2 2 2 2 2 2 2 2 2 2
left_child=3 2 -2 5 -3 6 -1 -5 -6 -7 -9
right_child=1 4 -4 7 8 9 -8 10 -10 -11 -12
leaf_value=-0.0042094074045557752 0.0078981352702349548 -0.088396604109238872 -0.12233621073139185 -0.013767379590000781 0.013502106695564706 0.0087114820337145082 -0.093038396375614243 0.032009836123153848 -0.020229444765736612 0.085973752882450141 0.094083515803049023
leaf_weight=58.843978479504585 4.7090409845113737 4.1276754438877097 5.9081550687551498 5.5193782001733807 74.799256451427937 4.9710540473461133 4.2334692552685729 5.9343570768833152 33.55839616060257 4.8000145554542542 8.2898267433047277
leaf_count=274 21 27 27 25 337 22 21 27 146 22 39
internal_value=-5.13125e-05 -0.00584376 -0.0645734 0.00764983 -0.000300418 -0.00254766 -0.0101712 0.0452758 0.00305544 0.0466664 0.0681863
internal_weight=215.695 123.103 10.6172 92.5921 112.485 72.8485 63.0774 19.7436 108.358 9.77107 14.2242
internal_count=988 558 48 430 510 339 295 91 483 44 66
is_linear=0
shrinkage=0.1


Tree=39
num_leaves=5
num_cat=0
split_feature=9 8 9 6
split_gain=2.4197 3.97394 1.20041 1.19585
threshold=0.021271561235081803 0.021393204147792454 0.022804054462694252 6.7308432745313871
decision_type=2 2 2 2
left_child=-1 -2 -3 -4
right_child=1 2 3 -5
leaf_value=-0.16892186079134583 0.15393542129393292 -0.075292535426002893 0.083787889061836596 -0.00052130813231035457
leaf_weight=0.84519302099943061 1.6772301346063603 2.1299744620919219 1.6960676610469807 208.58173411339521
leaf_count=4 8 13 9 954
internal_value=-5.38922e-05 0.000612787 -0.000597891 0.000158717
internal_weight=214.93 214.085 212.408 210.278
internal_count=988 984 976 963
is_linear=0
shrinkage=0.1


Tree=40
num_leaves=5
num_cat=0
split_feature=9 8 9 9
split_gain=2.05296 3.31067 0.986046 1.18472
threshold=0.021271561235081803 0.021393204147792454 0.022804054462694252 0.024930639426931203
decision_type=2 2 2 2
left_child=-1 -2 -3 -4
right_child=1 2 3 -5
leaf_value=-0.1589179239909676 0.14230190105072793 -0.06866901955670926 0.025190539799450559 -0.0021069376980752102
leaf_weight=0.81033942103385825 1.6350707411766041 2.1033278480172148 17.32616862654686 193.01248340308666
leaf_count=4 8 13 80 883
internal_value=-5.00122e-05 0.000551346 -0.000539645 0.00014163
internal_weight=214.887 214.077 212.442 210.339
internal_count=988 984 976 963
is_linear=0
shrinkage=0.1


Tree=41
num_leaves=5
num_cat=0
split_feature=9 8 2 2
split_gain=1.75722 2.77557 0.945719 2.68904
threshold=0.021271561235081803 0.021393204147792454 4.8378697356204112 5.0460774424363599
decision_type=2 2 2 2
left_child=-1 -2 -3 -4
right_child=1 2 3 -5
leaf_value=-0.15076277921316378 0.13234047839165686 -0.07995875016921225 0.11905910344997424 -0.00099729285725072558
leaf_weight=0.77078786492347617 1.5849377587437619 1.4868710562586773 1.8824380189180363 208.99165045469999
leaf_count=4 8 8 8 960
internal_value=-4.49315e-05 0.000498063 -0.000485931 7.44307e-05
internal_weight=214.717 213.946 212.361 210.874
internal_count=988 984 976 968
is_linear=0
shrinkage=0.1


Tree=42
num_leaves=6
num_cat=0
split_feature=9 8 5 5 1
split_gain=1.51505 2.33712 0.869151 4.47468 3.19275
threshold=0.021271561235081803 0.021393204147792454 0.44445410963206261 0.3952823970248277 7.7937849975660951
decision_type=2 2 2 2 2
left_child=-1 -2 3 -3 -4
right_child=1 2 4 -5 -6
leaf_value=-0.14402094981707597 0.12358380525032982 -0.0017614888461495318 -0.010749523242278534 0.061078613823828114 0.064237541959775254
leaf_weight=0.72836658358573814 1.5303768664598454 89.827720783650875 103.5263207629323 12.967295929789541 6.0074489861726752
leaf_count=4 8 419 462 62 33
internal_value=-4.16201e-05 0.000448748 -0.000438758 0.00616561 -0.00663681
internal_weight=214.588 213.859 212.329 102.795 109.534
internal_count=988 984 976 481 495
is_linear=0
shrinkage=0.1


Tree=43
num_leaves=6
num_cat=0
split_feature=9 8 0 8 2
split_gain=1.31435 1.97331 0.828364 2.13984 1.29544
threshold=0.021271561235081803 0.021393204147792454 5.8881835937500009 0.030352808621435756 7.0757658439788509
decision_type=2 2 2 2 2
left_child=-1 -2 3 -3 -4
right_child=1 2 4 -5 -6
leaf_value=-0.13838217913817144 0.11571479689458007 -0.013466337387630667 -0.0057805652632102441 0.065838099682724457 0.015385675561979742
leaf_weight=0.68450048565864463 1.4739742130041111 7.3166086226701719 163.29018269479275 6.3599237054586411 35.137503631412983
leaf_count=4 8 32 747 29 168
internal_value=-3.38836e-05 0.000409511 -0.000391779 0.0234122 -0.00203245
internal_weight=214.263 213.578 212.104 13.6765 198.428
internal_count=988 984 976 61 915
is_linear=0
shrinkage=0.1


Tree=44
num_leaves=6
num_cat=0
split_feature=9 8 1 1 3
split_gain=1.14611 1.66892 0.837689 3.98333 3.30703
threshold=0.021271561235081803 0.021393204147792454 6.5750982366449664 6.8028163322048796 4.1108617345840957
decision_type=2 2 2 2 2
left_child=-1 -2 4 -4 -3
right_child=1 2 3 -5 -6
leaf_value=-0.13361949252548919 0.10851416383975861 0.002371329747331858 -0.03600755438650214 0.0051452684105495212 0.087433215299666356
leaf_weight=0.64028499275445838 1.4175847321748722 86.870937444269657 32.090125352144241 88.07609249651432 4.8243688046932212
leaf_count=4 8 405 144 404 23
internal_value=-2.91167e-05 0.000371935 -0.000351655 -0.0058445 0.00684669
internal_weight=213.919 213.279 211.862 120.166 91.6953
internal_count=988 984 976 548 428
is_linear=0
shrinkage=0.1


Tree=45
num_leaves=5
num_cat=0
split_feature=9 8 2 2
split_gain=1.00378 1.41254 0.892602 2.13968
threshold=0.021271561235081803 0.021393204147792454 4.8378697356204112 5.0460774424363599
decision_type=2 2 2 2
left_child=-1 -2 -3 -4
right_child=1 2 3 -5
leaf_value=-0.1295630946128031 0.10182895270547528 -0.078127916905479433 0.10618706868360549 -0.00073631577780142719
leaf_weight=0.59654813259839912 1.3625056743621815 1.4641028121113766 1.8885178118944157 208.36695267260075
leaf_count=4 8 8 8 960
internal_value=-2.72517e-05 0.000335399 -0.000317755 0.000224072
internal_weight=213.679 213.082 211.72 210.255
internal_count=988 984 976 968
is_linear=0
shrinkage=0.1


Tree=46
num_leaves=5
num_cat=0
split_feature=6 7 4 2
split_gain=0.872137 1.71712 1.15123 1.16779
threshold=7.0256690167921123 6.7462547224559835 1.3515625000000002 7.7275077273781507
decision_type=2 2 2 2
left_child=-1 -2 3 -3
right_child=1 2 -4 -5
leaf_value=-0.046241386242321353 0.19099896985537726 0.002980997421281092 -0.046403404609278803 -0.039954448204779273
leaf_weight=4.0066075026988974 0.4738771915435781 197.39210180565715 5.1207508742809287 6.5448293015360823
leaf_count=25 2 905 25 31
internal_value=-2.55271e-05 0.0008582 0.000427203 0.0016031
internal_weight=213.538 209.532 209.058 203.937
internal_count=988 963 961 936
is_linear=0
shrinkage=0.1


Tree=47
num_leaves=9
num_cat=0
split_feature=2 0 2 5 7 6 6 8
split_gain=0.827598 2.41552 1.74952 4.25147 2.59879 2.5241 1.52585 2.53028
threshold=5.8096516773902911 6.2666827653219901 5.940971598314758 0.37056062876426765 7.556844309026725 7.7942725762901892 8.2412919998168963 0.024880257975703503
decision_type=2 2 2 2 2 2 2 2
left_child=1 -1 3 -2 -4 -6 -3 -8
right_child=2 6 4 -5 5 -7 7 -9
leaf_value=-0.091864878355712276 0.097211551301447374 0.034995193194012897 -0.079451655953596656 -0.015403846990823512 0.059335978027988401 -0.00073483904592355049 0.052844450810198153 -0.028619689782664638
leaf_weight=3.5414790064096442 6.331721678376196 7.4509975686669341 4.0091599822044364 7.1241556406021118 7.3395273983478537 148.95710920915008 4.5255568549037006 24.205683074891567
leaf_count=18 28 35 24 32 32 680 21 118
internal_value=-2.30264e-05 -0.013045 0.00295394 0.0375878 4.68114e-05 0.00208602 -0.00533023 -0.015788
internal_weight=213.485 39.7237 173.762 13.4559 160.306 156.297 36.1822 28.7312
internal_count=988 192 796 60 736 712 174 139
is_linear=0
shrinkage=0.1


Tree=48
num_leaves=5
num_cat=0
split_feature=6 6 7 3
split_gain=0.847136 3.78719 1.37455 1.04265
threshold=6.7308432745313871 7.0256690167921123 6.7462547224559835 3.3454404525707861
decision_type=2 2 2 2
left_child=-1 -2 -3 -4
right_child=1 2 3 -5
leaf_value=0.068201780410823198 -0.137497473411615 0.17301810001537249 0.0041015423701377205 -0.012883937824694217
leaf_weight=1.8043619692325581 2.0019509568810454 0.4618903249502172 162.27177233621478 46.494403012096882
leaf_count=11 14 2 752 209
internal_value=-2.70077e-05 -0.000609829 0.000699949 0.000318699
internal_weight=213.034 211.23 209.228 208.766
internal_count=988 977 963 961
is_linear=0
shrinkage=0.1


Tree=49
num_leaves=5
num_cat=0
split_feature=9 8 9 6
split_gain=0.882772 1.19125 0.801309 0.893983
threshold=0.021271561235081803 0.021393204147792454 0.022804054462694252 6.7308432745313871
decision_type=2 2 2 2
left_child=-1 -2 -3 -4
right_child=1 2 3 -5
leaf_value=-0.12605403566648557 0.095387678334150447 -0.06210078440618183 0.071949883892898567 -0.00027310482685808627
leaf_weight=0.55437468364834686 1.3093882799148548 2.076718993484973 1.7281658798456181 207.21644661948085
leaf_count=4 8 13 9 954
internal_value=-2.91144e-05 0.000299924 -0.000290096 0.000324246
internal_weight=212.885 212.331 211.021 208.945
internal_count=988 984 976 963
is_linear=0
shrinkage=0.1


Tree=50
num_leaves=7
num_cat=0
split_feature=6 6 9 1 1 4
split_gain=0.786747 1.62888 1.92178 1.66196 2.71911 2.59518
threshold=12.803623680173986 11.921972105279567 0.027866792626946305 7.7313406153415825 7.5555681796759195 0.80380759412191172
decision_type=2 2 2 2 2 2
left_child=1 3 -3 4 -1 -5
right_child=-2 2 -4 5 -6 -7
leaf_value=0.0016771095702509569 0.040283373927837929 -0.071564843723748925 0.0040756575219417935 0.0014394364225329499 -0.062157537766144112 0.10920382112586752
leaf_weight=178.20084008947015 4.7339371144771567 6.8753128424286825 6.5672840625047684 5.9139901697635633 6.9324901178479186 3.5919764190912247
leaf_count=827 21 31 29 27 31 22
internal_value=-2.74394e-05 -0.000944525 -0.0346112 0.00138064 -0.000713238 0.0421599
internal_weight=212.816 208.082 13.4426 194.639 185.133 9.50597
internal_count=988 967 60 907 858 49
is_linear=0
shrinkage=0.1


Tree=51
num_leaves=11
num_cat=0
split_feature=5 5 2 2 3 5 7 9 8 6
split_gain=0.782625 2.33858 2.03222 4.306 3.09144 1.78568 3.18316 2.6181 3.40244 3.11026
threshold=0.212760363327093 0.23331135278773588 5.5580523232780257 5.4069898490140291 3.3726641902997425 0.14798031433063938 9.3502294988081882 0.027302582703878652 0.024345730351889604 9.0803517881233393
decision_type=2 2 2 2 2 2 2 2 2 2
left_child=5 -2 3 -3 -4 7 -7 8 -1 -9
right_child=1 2 4 -5 -6 6 -8 9 -10 -11
leaf_value=0.024012100978845308 0.058229768331604419 0.01224123560400197 0.011030207449236627 -0.1100965811011415 -0.023290427852293589 0.0058283442093242481 -0.092512153068080819 -0.015854602028409083 -0.11125234536272394 0.064509583953525476
leaf_weight=3.4881670922040966 7.3155650049448004 6.7938115000724775 119.99847088009119 4.9904759079217911 33.592262148857117 6.658643424510954 6.5090661346912384 10.335178419947626 3.9830834455788136 9.0178206041455251
leaf_count=22 32 32 551 24 149 30 28 50 23 47
internal_value=-1.8377e-05 0.00290082 0.000453274 -0.0395671 0.00352384 -0.0126238 -0.0427834 0.00218111 -0.0481003 0.0215923
internal_weight=212.683 172.691 165.375 11.7843 153.591 39.992 13.1677 26.8242 7.47125 19.353
internal_count=988 788 756 56 700 200 58 142 45 97
is_linear=0
shrinkage=0.1


Tree=52
num_leaves=5
num_cat=0
split_feature=2 2 2 8
split_gain=0.766467 1.65181 1.24677 1.09682
threshold=4.8378697356204112 5.0460774424363599 5.1037389026013038 0.038302722905447659
decision_type=2 2 2 2
left_child=-1 -2 -3 -4
right_child=1 2 3 -5
leaf_value=-0.073586386627378361 0.093657497229772679 -0.13559545247171514 0.0013873729091166771 -0.039803258073592522
leaf_weight=1.4070352390408505 1.8849766850471485 0.67964797466993232 201.59473409876227 6.6787435114383689
leaf_count=8 8 4 936 32
internal_value=-2.49819e-05 0.000465933 -0.000374753 6.65054e-05
internal_weight=212.245 210.838 208.953 208.273
internal_count=988 980 972 968
is_linear=0
shrinkage=0.1


Tree=53
num_leaves=5
num_cat=0
split_feature=0 0 0 2
split_gain=0.747093 2.022 2.19152 1.85898
threshold=8.6606612032805526 8.4328613281250018 8.1275939941406268 4.8378697356204112
decision_type=2 2 2 2
left_child=1 2 3 -1
right_child=-2 -3 -4 -5
leaf_value=-0.12984733744392199 0.037608331503632735 -0.060183149063834519 0.051044865129574957 -0.00072250253795669598
leaf_weight=1.1214629560708989 5.147103324532508 5.6089071035385123 8.2868773192167264 191.93848749250174
leaf_count=7 24 25 39 893
internal_value=-2.48946e-05 -0.000960854 0.000688898 -0.00147257
internal_weight=212.103 206.956 201.347 193.06
internal_count=988 964 939 900
is_linear=0
shrinkage=0.1


Tree=54
num_leaves=5
num_cat=0
split_feature=9 8 9 9
split_gain=0.768144 0.742781 0.849971 2.29052
threshold=0.021271561235081803 0.021689842877101653 0.023886822493895305 0.024930639426931203
decision_type=2 2 2 2
left_child=-1 -2 -3 -4
right_child=1 2 3 -5
leaf_value=-0.12258217752491479 0.060170095806677509 -0.033456958315000493 0.045336155740506479 -0.0016430326868577538
leaf_weight=0.51016492769122024 2.050223432481288 7.4623961597681037 10.974672399461268 190.96429450064898
leaf_count=4 12 37 52 883
internal_value=-2.38495e-05 0.000271844 -0.000314612 0.000910121
internal_weight=211.962 211.452 209.401 201.939
internal_count=988 984 972 935
is_linear=0
shrinkage=0.1


Tree=55
num_leaves=13
num_cat=0
split_feature=7 8 0 7 1 1 1 1 2 0 6 6
split_gain=0.715886 3.16331 4.1106 2.79184 3.97302 2.71361 2.8819 2.32265 2.15558 2.61422 1.50257 1.17918
threshold=10.602676042572877 0.025641333746215505 6.9589344693813482 10.160012210060435 7.3452784620784515 7.1575217192501173 7.4080335777520867 7.040333659276345 6.6312129237801924 7.971735656261445 10.817753385863968 12.327384213711754
decision_type=2 2 2 2 2 2 2 2 2 2 2 2
left_child=3 2 -2 5 10 7 -7 -1 -3 -10 -5 -4
right_child=1 8 11 4 -6 6 -8 -9 9 -11 -12 -13
leaf_value=-0.00431357077076673 0.1111295577559096 -0.072696578445336141 -0.037360931949622499 0.087832909572101825 -0.037294426020648516 0.07040662025864379 -0.00294562857862893 -0.0695750779774367 -0.032962297449197923 0.049767700585395112 0.017518758847362932 0.031354410910851067
leaf_weight=121.78080427274108 4.1391699761152259 8.4953500926494616 5.6773736551403982 9.762085363268854 5.0578920245170584 10.007002890110018 11.524557851254938 5.7090827822685233 15.765290707349779 5.0408677011728278 4.4129847288131705 4.4584817290306091
leaf_count=567 20 37 27 51 24 48 55 25 68 25 21 20
internal_value=-2.12532e-05 -0.0114444 0.0271569 0.00293724 0.0387934 -0.00169041 0.0311455 -0.00723602 -0.03025 -0.0129187 0.0659427 -0.00713496
internal_weight=211.831 43.5765 14.275 168.254 19.233 149.021 21.5316 127.49 29.3015 20.8062 14.1751 10.1359
internal_count=988 197 67 791 96 695 103 592 130 93 72 47
is_linear=0
shrinkage=0.1


Tree=56
num_leaves=11
num_cat=0
split_feature=2 2 2 4 9 6 1 2 2 5
split_gain=0.681036 4.75522 2.97131 4.07825 2.43759 4.35718 1.93088 1.60864 6.79531 1.68682
threshold=6.6897641182291618 6.6312129237801924 6.9199737028575612 0.17646524666604524 0.023886822493895305 12.113765262154631 6.853213997617245 6.4669273486314527 6.5457544738219662 0.95138486902811448
decision_type=2 2 2 2 2 2 2 2 2 2
left_child=1 7 3 -2 -4 -6 -5 9 -9 -1
right_child=2 -3 4 6 5 -7 -8 8 -10 -11
leaf_value=-0.00094287186210565007 0.033496344960758914 0.089684696009548634 -0.077211284763226196 -0.10409567831806804 0.002341816138150426 0.10948841044644884 -0.035690027363047737 0.10218047471465362 -0.025583860734506969 -0.05004441958827073
leaf_weight=106.11511267349124 6.106051146984103 6.2090547531843177 3.2932571470737448 6.6033308058977154 43.149547047913074 4.1613449156284323 11.000716909766195 7.2457844167947796 9.783855624496935 7.4903350174427024
leaf_count=497 28 28 17 28 205 20 48 34 44 39
internal_value=-4.96927e-06 0.00418011 -0.00771148 -0.0369237 0.00597561 0.0117662 -0.0613492 0.000116098 0.0287774 -0.00418028
internal_weight=211.158 136.844 74.3142 23.7101 50.6041 47.3109 17.604 130.635 17.0296 113.605
internal_count=988 642 346 104 242 225 76 614 78 536
is_linear=0
shrinkage=0.1


Tree=57
num_leaves=12
num_cat=0
split_feature=1 3 1 6 6 7 0 7 3 3 1
split_gain=0.678086 2.90798 2.86633 2.75093 4.54981 2.44232 2.63638 2.31377 5.38222 3.26264 1.46342
threshold=6.5750982366449664 4.1108617345840957 6.8028163322048796 8.2896041870117205 8.9727386079442741 9.7023855893692836 6.9988993267515776 9.0529688895127549 3.3066007285175414 2.8616734660040923 6.1996400120886461
decision_type=2 2 2 2 2 2 2 2 2 2 2
left_child=1 5 7 -4 -5 6 -1 9 -9 -2 -7
right_child=2 -3 3 4 -6 10 -8 8 -10 -11 -12
leaf_value=-0.013682938913217715 -0.047378523553506378 0.083415183172972973 -0.093930896982078294 0.082748664925482926 0.00046234748796990634 -0.0090174498411534215 0.04723653040079405 -0.020579807103520285 -0.14219520855715923 0.050823230287878711 0.053199470817183361
leaf_weight=59.428330130875111 6.9046718180179614 4.6678441613912574 2.7585416287183753 7.3505892455577841 78.266382195055485 5.3583799600601223 8.0683587491512281 13.336677595973017 5.0045516341924658 6.6336417496204376 12.838600717484949
leaf_count=285 33 23 13 35 364 25 35 61 22 30 62
internal_value=6.02912e-06 0.00655173 -0.00491251 0.00436009 0.00752699 0.00236488 -0.0064008 -0.0306177 -0.0537635 0.000739379 0.0348787
internal_weight=210.617 90.3615 120.255 88.3755 85.617 85.6937 67.4967 31.8795 18.3412 13.5383 18.197
internal_count=988 430 558 412 399 407 320 146 83 63 87
is_linear=0
shrinkage=0.1


Tree=58
num_leaves=8
num_cat=0
split_feature=6 6 6 5 3 2 9
split_gain=0.727741 4.25438 3.39802 2.70925 3.05931 1.81068 2.31565
threshold=8.0875189365551527 8.1256175080978021 7.9910075028446448 0.66453549388814093 3.0119659094109807 7.7275077273781507 0.031385080210945458
decision_type=2 2 2 2 2 2 2
left_child=2 -2 3 4 -1 6 -3
right_child=1 5 -4 -5 -6 -7 -8
leaf_value=-0.048522707169912846 -0.18767790476932089 0.0074226335738689746 0.08328852665302279 0.065609292356656343 0.048394411813836302 -0.054943388332116622 -0.019151896998616611
leaf_weight=11.956217113882312 1.2289244085550297 132.61325385048985 5.7812901660799971 4.4796251505613318 4.4765010178089133 6.0149149820208541 43.561044812202454
leaf_count=59 5 622 27 22 22 29 202
internal_value=4.05007e-06 -0.0022411 0.015431 -0.00332843 -0.0221211 -0.000990272 0.000851787
internal_weight=210.112 183.418 26.6936 20.9123 16.4327 182.189 176.174
internal_count=988 858 130 103 81 853 824
is_linear=0
shrinkage=0.1


Tree=59
num_leaves=13
num_cat=0
split_feature=4 5 9 8 8 0 4 6 6 7 8 3
split_gain=0.672851 4.239 3.80404 2.78188 2.76502 5.29943 5.94836 2.89647 5.01097 2.41843 3.69584 2.33157
threshold=0.53128478367779131 0.58049633553504243 0.027729147914653553 0.03284713265914601 0.0285352159472738 6.0004615783691415 0.25381469726562506 11.319488525390627 10.589388227128572 9.8974512936205112 0.029803896675220456 1.6968840268480065
decision_type=2 2 2 2 2 2 2 2 2 2 2 2
left_child=4 2 -2 -4 5 -1 -7 8 -6 10 -3 -11
right_child=1 9 3 -5 7 6 -8 -9 -10 11 -12 -13
leaf_value=-0.11684081396444655 0.021478138199267711 0.051673604953912045 -0.10694299373384218 -0.013896466901577781 0.016437777589839008 -0.031887914130710196 0.037000382245888502 -0.053360860643890541 0.1201717857982865 0.053708456208791291 -0.0096938949117638881 -0.026111103737982772
leaf_weight=4.3854238837957373 5.7504174709320095 20.007552996277809 9.3298490792512876 4.901161164045333 53.298696875572205 29.181044228374958 21.97267584502697 5.0609027668833724 5.1025238782167426 4.219198293983939 19.261733986437321 27.590145751833916
leaf_count=26 26 93 42 23 250 141 102 22 24 22 89 128
internal_value=1.38893e-06 -0.00646852 -0.0471619 -0.0748978 0.00495218 -0.0113419 -0.00229749 0.019212 0.025501 0.0049711 0.0215726 -0.0155238
internal_weight=210.061 91.0601 19.9814 14.231 119.001 55.5391 51.1537 63.4621 58.4012 71.0786 39.2693 31.8093
internal_count=988 423 91 65 565 269 243 296 274 332 182 150
is_linear=0
shrinkage=0.1


Tree=60
num_leaves=9
num_cat=0
split_feature=3 3 8 3 9 9 0 6
split_gain=0.736994 3.42056 3.13582 2.36058 1.45695 3.31577 2.19754 1.83846
threshold=1.7649522284889232 1.6968840268480065 0.023934305220887204 1.5647532950561722 0.035420016310325757 0.034205845360907559 6.9589344693813482 8.0875189365551527
decision_type=2 2 2 2 2 2 2 2
left_child=1 2 -1 -4 5 7 -6 -2
right_child=4 -3 3 -5 6 -7 -8 -9
leaf_value=-0.11093166770875776 0.03206860781628209 -0.096475456066901291 -0.0091462898390778889 0.06313534233685171 -0.0789774605402499 0.074645926655847017 0.019056753721493909 -0.0019600622957474663
leaf_weight=2.3247120566666188 17.79974577575922 4.3563905432820311 16.14292668923736 6.2742496430873862 5.2370540052652341 6.4792504608631125 4.0585645213723183 146.96684297919273
leaf_count=16 82 20 82 29 26 30 20 683
internal_value=2.11055e-06 -0.0147669 -0.000380132 0.0110843 0.00238246 0.00447543 -0.0361747 0.00171606
internal_weight=209.64 29.0983 24.7419 22.4172 180.541 171.246 9.29562 164.767
internal_count=988 147 127 111 841 795 46 765
is_linear=0
shrinkage=0.1


Tree=61
num_leaves=12
num_cat=0
split_feature=7 4 5 5 0 7 9 2 9 4 3
split_gain=0.717779 4.24092 8.36537 4.74017 3.24357 3.06931 2.8178 2.7971 2.62932 2.9913 2.39381
threshold=9.3356284558816949 0.25709295272827154 0.44445410963206261 0.14375680460909382 6.9286390046863753 9.7851172293159259 0.024083473379348606 7.0115421041382548 0.024930639426931203 0.25911588086540066 3.3066007285175414
decision_type=2 2 2 2 2 2 2 2 2 2 2
left_child=6 3 10 4 -2 -4 -1 -5 -8 -10 -3
right_child=1 2 5 7 -6 -7 8 -9 9 -11 -12
leaf_value=-0.082939954560469056 0.093037835569077923 0.060079708841659751 0.045094462096409854 -0.068876837498126522 -0.031843227133160304 -0.0083749757930625598 0.075857576239756752 0.011632479738902182 0.017849672584191786 -0.019885165626775697 0.14919074694221648
leaf_weight=4.5620372630655757 4.7728951871395129 9.5969265848398191 13.57775631546974 17.367569431662563 3.6861053705215454 51.288855820894241 4.0993246734142295 5.7420868650078765 33.202012844383717 57.197451733052731 4.3951925188302985
leaf_count=27 23 47 61 77 21 238 20 27 161 266 20
internal_value=7.11391e-07 0.00554478 0.017944 -0.0254286 0.0386195 0.00281715 -0.0061795 -0.0488726 -0.0024738 -0.00602587 0.0880712
internal_weight=209.488 110.427 78.8587 31.5687 8.459 64.8666 99.0608 23.1097 94.4988 90.3995 13.9921
internal_count=988 514 366 148 44 299 474 104 447 427 67
is_linear=0
shrinkage=0.1


Tree=62
num_leaves=10
num_cat=0
split_feature=2 1 0 1 8 0 0 9 9
split_gain=0.693038 1.90531 4.7818 3.49004 3.2473 2.16706 1.82996 1.59476 1.973
threshold=5.8096516773902911 6.1420807939019246 6.0253901346418006 6.1926054756006534 0.0285352159472738 5.7301715202629575 6.2666827653219901 0.033207803718061257 0.031352821532617904
decision_type=2 2 2 2 2 2 2 2 2
left_child=6 2 4 -3 -2 -5 -1 8 -8
right_child=1 3 -4 5 -6 -7 7 -9 -10
leaf_value=-0.08310932523003034 -0.082203100977099347 -0.082476460880847494 0.12103618908309317 0.072037260416650928 0.036038363931207094 7.5135695630168666e-05 -0.0025145218419768637 0.043011932293344213 -0.069240953815332226
leaf_weight=3.3162177205085746 3.3406424056738597 5.0376624614000312 4.6487275063991538 4.3087181597948065 7.6219358667731285 145.3724569529295 24.18485958874226 5.7021384462714186 5.4253783971071234
leaf_count=18 22 23 20 20 37 674 117 31 26
internal_value=8.31351e-06 0.00275088 0.0360466 -0.000608702 6.47052e-06 0.00214664 -0.0120848 -0.00541486 -0.0147406
internal_weight=208.959 170.33 15.6113 154.719 10.9626 149.681 38.6286 35.3124 29.6102
internal_count=988 796 79 717 59 694 192 174 143
is_linear=0
shrinkage=0.1


Tree=63
num_leaves=7
num_cat=0
split_feature=4 4 0 9 9 9
split_gain=0.697002 2.34001 1.69331 1.78649 1.47672 1.43209
threshold=0.019993247728052655 0.023533940548077205 7.1689462661743173 0.028267699065086752 0.035727528002026408 0.034723574532590652
decision_type=2 2 2 2 2 2
left_child=2 -2 3 -1 5 -3
right_child=1 4 -4 -5 -6 -7
leaf_value=-0.051343057772313266 0.11727635262767873 0.00097129966331643456 -0.078838802568901842 0.033534061450405807 -0.041892188910496057 0.059493566236398426
leaf_weight=4.1417960431426746 1.7319750189781178 180.62486848980188 3.7691146209835997 6.1799198314547539 7.8742124512791625 4.2805586755275717
leaf_count=30 8 836 25 31 38 20
internal_value=3.79261e-06 0.00155959 -0.0214726 -0.000524589 0.000519965 0.00232609
internal_weight=208.602 194.512 14.0908 10.3217 192.78 184.905
internal_count=988 902 86 61 894 856
is_linear=0
shrinkage=0.1


Tree=64
num_leaves=11
num_cat=0
split_feature=5 5 1 5 9 9 9 5 5 0
split_gain=0.674685 3.55948 8.18466 2.68774 2.66124 2.83641 2.83436 2.17235 4.48443 3.05925
threshold=0.72002463009589601 0.65046687508422496 6.6644180983553447 0.74646816146160044 0.029289540419805252 0.029768075264153055 0.027983450487155951 0.58049633553504243 0.54999925852549658 6.7873470507311149
decision_type=2 2 2 2 2 2 2 2 2 2
left_child=1 7 -3 -2 6 -6 -5 8 -1 -9
right_child=3 2 -4 4 5 -7 -8 9 -10 -11
leaf_value=0.0016242244949281567 0.069875016503684592 0.038234880837258685 -0.13004720063786651 0.00089488579880821174 -0.10402308405450067 -0.0070423139705023535 0.081115437620675371 -0.013282444969985721 -0.073701039515103012 0.073706741608398393
leaf_weight=123.42691423371434 6.5577558279037467 5.1533303707838041 6.5811130851507187 13.290186747908594 3.6138187050819424 18.223076373338699 6.5874344930052748 7.2256275117397335 8.4443402737379056 9.178012400865553
leaf_count=594 30 24 28 64 17 88 32 32 38 41
internal_value=5.43703e-08 -0.00312603 -0.056144 0.0103622 0.00100643 -0.0230918 0.0274799 0.0010698 -0.00319921 0.0353889
internal_weight=208.282 160.009 11.7344 48.2723 41.7145 21.8369 19.8776 148.275 131.871 16.4036
internal_count=988 757 52 231 201 105 96 705 632 73
is_linear=0
shrinkage=0.1


Tree=65
num_leaves=11
num_cat=0
split_feature=5 5 7 6 4 3 3 5 1 1
split_gain=0.662133 1.8608 1.72842 7.31805 2.5877 1.69047 2.85288 3.34761 3.16997 2.28204
threshold=0.212760363327093 0.23331135278773588 9.3356284558816949 9.4731570649496071 0.25709295272827154 2.0732120824352256 2.8230675286378588 0.073600030998876756 7.0014365872742763 6.1131687242798369
decision_type=2 2 2 2 2 2 2 2 2 2
left_child=5 -2 3 -3 -4 9 7 -7 -8 -1
right_child=1 2 4 -5 -6 6 8 -9 -10 -11
leaf_value=0.02545325654585151 0.0525228469841321 0.0029333172561072153 -0.031149953020132782 -0.084425848929001013 0.016475302643856261 -0.034381810376179052 -0.060075813567717108 0.072793149819127059 0.035232054979040091 -0.077005167967057031
leaf_weight=3.1020736768841726 7.179899960756301 58.872707962989807 13.352618433535097 11.454859659075735 78.36843466758728 4.4590314775705364 10.344679214060305 8.4131901264190656 5.2663888931274405 7.2647804766893387
leaf_count=22 32 271 61 58 366 25 51 39 26 37
internal_value=3.12892e-06 0.00270596 0.000498717 -0.0112956 0.00954209 -0.0117702 0.000814292 0.035667 -0.0279237 -0.0463465
internal_weight=208.079 169.229 162.049 70.3276 91.7211 38.8501 28.4833 12.8722 15.6111 10.3669
internal_count=988 788 756 329 427 200 141 64 77 59
is_linear=0
shrinkage=0.1


Tree=66
num_leaves=10
num_cat=0
split_feature=0 0 4 9 3 4 3 4 1
split_gain=0.626034 4.95957 3.09911 3.67581 2.79266 4.34151 2.32723 2.17788 1.59525
threshold=6.3448638916015634 6.2482900619506845 0.65681457519531261 0.029635574565397803 1.5647532950561722 0.43371582031250006 1.6625751644656515 0.88339772245721837 6.1996400120886461
decision_type=2 2 2 2 2 2 2 2 2
left_child=1 2 3 -1 5 -2 -6 -4 -8
right_child=4 -3 7 -5 6 -7 8 -9 -10
leaf_value=-0.023475478488124896 -0.13153691802283077 0.093681007031067812 -0.097727921018702646 0.047808489050594982 0.073146214801845855 0.00099753069607193484 -0.034733344497808898 -0.0063541209026017273 0.0016471440174294985
leaf_weight=13.711911095306279 4.2007604427635652 6.174434006214141 4.9249622970819456 15.311690047383307 4.2836269140243521 6.0045947805047035 13.244749285280703 5.5458562076091766 133.94240751117468
leaf_count=71 22 28 22 73 20 29 69 28 626
internal_value=-3.03506e-06 0.0103356 -0.00269431 0.0141311 -0.00292341 -0.0535567 0.000488009 -0.0493319 -0.00162658
internal_weight=207.345 45.6689 39.4944 29.0236 161.676 10.2054 151.471 10.4708 147.187
internal_count=988 222 194 144 766 51 715 50 695
is_linear=0
shrinkage=0.1


Tree=67
num_leaves=5
num_cat=0
split_feature=0 0 0 3
split_gain=0.617289 1.69099 1.65376 1.73048
threshold=8.6606612032805526 8.4328613281250018 8.1275939941406268 3.262123250460069
decision_type=2 2 2 2
left_child=1 2 3 -1
right_child=-2 -3 -4 -5
leaf_value=0.0037525815669682914 0.034477918056382811 -0.055495511231357021 0.045149555346112986 -0.019668794592642556
leaf_weight=148.25395119003952 5.0639359056949607 5.5124755799770346 8.0149123296141607 40.07244286686182
leaf_count=714 24 25 39 186
internal_value=-6.26123e-06 -0.000871371 0.000662256 -0.00123106
internal_weight=206.918 201.854 196.341 188.326
internal_count=988 964 939 900
is_linear=0
shrinkage=0.1


Tree=68
num_leaves=10
num_cat=0
split_feature=3 3 8 1 9 9 8 2 2
split_gain=0.630042 2.84949 2.15113 1.62909 1.11267 4.81198 2.60669 1.83353 2.50451
threshold=1.7649522284889232 1.6968840268480065 0.023934305220887204 6.1451867942324849 0.024930639426931203 0.025172432080763654 0.023576222945444401 6.8387433213458388 6.2181329185376422
decision_type=2 2 2 2 2 2 2 2 2
left_child=1 2 -1 -4 7 -6 -7 8 -2
right_child=4 -3 3 -5 5 6 -8 -9 -10
leaf_value=-0.095405145762894911 0.0070343762541753216 -0.088280146331739542 0.05318764935623941 -0.007779638517806076 -0.14691900055004317 -0.11610398032261718 0.0030650335679370416 -0.015358894955723446 0.10490381208730236
leaf_weight=2.1685835830867353 5.652092710137369 4.3533378168940535 6.0456413440406349 15.9346402361989 2.2096145600080481 1.8572103083133686 157.25475200265646 6.4656150341033927 4.8656557723879814
leaf_count=16 28 20 34 77 10 8 739 33 23
internal_value=-4.89498e-06 -0.0138101 -0.000385373 0.00898932 0.00220189 -0.000361221 0.00167405 0.0265483 0.0523101
internal_weight=206.807 28.5022 24.1489 21.9803 178.305 161.322 159.112 16.9834 10.5177
internal_count=988 147 127 111 841 757 747 84 51
is_linear=0
shrinkage=0.1


Tree=69
num_leaves=9
num_cat=0
split_feature=7 5 1 1 7 7 3 6
split_gain=0.618995 2.99774 2.70967 2.21686 3.99018 3.19341 2.09952 1.78656
threshold=8.329903978052128 0.69580081842964037 6.0812918656280317 6.0849931145484701 8.4453916246024914 8.4837809299686686 2.120759234182517 7.4389347183852026
decision_type=2 2 2 2 2 2 2 2
left_child=1 2 -1 6 -5 -6 -2 -4
right_child=3 -3 7 4 5 -7 -8 -9
leaf_value=0.031711682580618059 0.013632601100803377 0.046059158341838796 0.023921309186724304 0.083126700310227009 -0.14181826459255686 0.0033310077196589171 -0.093233934247923297 -0.052644969981069871
leaf_weight=6.510968919843438 3.0837528873234978 7.2686279565095893 3.5889207422733334 6.2928775101900092 1.5308367609977711 153.69060151278973 4.5521607398986816 20.200914848595858
leaf_count=38 18 34 17 30 7 726 23 95
internal_value=-3.82344e-06 -0.0116149 -0.0254499 0.00257507 0.00506426 0.00189951 -0.050076 -0.0410942
internal_weight=206.72 37.5694 30.3008 169.15 161.514 155.221 7.63591 23.7898
internal_count=988 184 150 804 763 733 41 112
is_linear=0
shrinkage=0.1


Tree=70
num_leaves=6
num_cat=0
split_feature=6 4 1 4 5
split_gain=0.666155 1.00824 0.911139 2.41868 2.03839
threshold=7.0256690167921123 1.3515625000000002 6.4142114443298732 0.65681457519531261 0.72002463009589601
decision_type=2 2 2 2 2
left_child=-1 2 3 -2 -4
right_child=1 -3 4 -5 -6
leaf_value=-0.042156634369031935 0.023455058668786444 -0.043812671446731906 -0.0094649847663115464 -0.021216791086340645 0.019765543182263475
leaf_weight=3.6829494386911383 46.506220255047083 4.9515934810042372 104.00455116480589 16.392318308353424 30.958176173269749
leaf_count=25 228 25 485 77 148
internal_value=-8.16425e-06 0.000757225 0.00187261 0.0118129 -0.00275999
internal_weight=206.496 202.813 197.861 62.8985 134.963
internal_count=988 963 938 305 633
is_linear=0
shrinkage=0.1


Tree=71
num_leaves=15
num_cat=0
split_feature=5 5 2 2 0 8 3 5 4 9 3 8 2 0
split_gain=0.599418 3.27347 3.58712 2.52605 2.54045 2.39696 3.51267 3.43722 2.95472 2.89934 3.16787 2.61955 2.39368 1.11823
threshold=0.44445410963206261 0.3952823970248277 5.9873325288436714 7.0115421041382548 5.6369073390960702 0.026454364241506507 3.0708135566901649 0.48860439591641491 0.91243362662862648 0.025895842315992752 2.1763443307428751 0.025438372410910404 7.19935249942358 6.7812612834968613
decision_type=2 2 2 2 2 2 2 2 2 2 2 2 2 2
left_child=1 3 -3 4 -1 9 7 -7 -8 10 -2 -11 -5 -4
right_child=5 2 13 12 -6 6 8 -9 -10 11 -12 -13 -14 -15
leaf_value=0.14897737372946729 0.06442525264010969 -0.017870554713119158 0.13014476382611487 0.1043549643458041 -0.010489901571250564 -0.084004054927526883 -0.079050848509747307 0.0049991787360376362 0.003619565879481939 0.11825976881770783 -0.031172917630563596 0.018246405676633954 0.010682491658206388 0.055220263577646936
leaf_weight=1.0127808153629292 4.7541165649890962 4.5037971213459951 4.1026745140552521 3.9660216867923728 73.443336166441441 4.7153628915548316 12.829742744565012 54.372845768928528 6.5205672904849044 4.5528919249773008 12.796378143131731 6.1649603843688965 8.7390675693750364 3.8718806505203247
leaf_count=5 24 21 22 20 359 22 59 255 32 20 59 28 42 20
internal_value=-7.91762e-06 0.00556967 0.0534736 -0.00128845 -0.00832077 -0.0052161 -0.0142136 -0.00210347 -0.051193 0.0197499 -0.00527708 0.0607316 0.0399233 0.0937667
internal_weight=206.346 99.6396 12.4784 87.1612 74.4561 106.707 78.4385 59.0882 19.3503 28.2683 17.5505 10.7179 12.7051 7.97456
internal_count=988 489 63 426 364 499 368 277 91 131 83 48 62 42
is_linear=0
shrinkage=0.1


Tree=72
num_leaves=10
num_cat=0
split_feature=3 3 9 7 3 4 5 5 3
split_gain=0.674577 2.2927 1.61234 4.74393 2.03315 1.12562 1.11013 6.96611 2.28053
threshold=1.7649522284889232 1.6968840268480065 0.029635574565397803 8.329903978052128 1.4365507539045113 0.00042847477743630005 0.4110970949582754 0.39175544802554746 1.8686751404477018
decision_type=2 2 2 2 2 2 2 2 2
left_child=1 2 3 -1 -4 -2 7 -7 -8
right_child=5 -3 4 -5 -6 6 8 -9 -10
leaf_value=-0.15327212386427697 -0.05656736459640796 -0.081185322711697705 -0.01423755315978692 0.0019596723331248541 0.07699825664668733 0.005019965978202384 0.061773599380420256 0.13585028698527646 -0.0071627792718370817
leaf_weight=2.357995927333838 3.1899906136095515 4.3417766243219367 5.1532250270247442 11.924109352752565 4.6434164345264435 71.232091307640076 5.0588161870837203 4.3164206594228736 93.390185102820396
leaf_count=17 21 20 25 63 22 336 25 24 435
internal_value=3.49073e-06 -0.0142985 -0.00223774 -0.0236693 0.0290064 0.0022975 0.0033767 0.0124949 -0.00362047
internal_weight=205.608 28.4205 24.0787 14.2821 9.79664 177.188 173.998 75.5485 98.449
internal_count=988 147 127 80 47 841 820 360 460
is_linear=0
shrinkage=0.1


Tree=73
num_leaves=11
num_cat=0
split_feature=7 6 0 8 1 2 7 8 2 4
split_gain=0.694058 3.19645 2.91525 3.5461 3.51038 2.47524 2.13727 2.96073 1.97409 1.00868
threshold=10.602676042572877 10.517804653976834 7.0558578148224864 0.025641333746215505 7.2871228428886283 7.3551247253486869 10.160012210060435 0.025438372410910404 6.6897641182291618 0.49635139922637767
decision_type=2 2 2 2 2 2 2 2 2 2
left_child=5 -2 3 -3 -4 6 8 -8 -1 -7
right_child=1 2 4 -5 -6 9 7 -9 -10 -11
leaf_value=0.0021867934050808953 -0.11716045071562305 0.10721029017876527 -0.08545188720755531 -0.0020810913539716612 -0.0019273255241282268 0.09174481997062732 -0.044777376887607634 0.0581977797167249 -0.027138737348687009 0.023930435142577412
leaf_weight=109.06837413646281 2.6775952652096739 4.391958273947238 6.8258334174752262 9.1617590039968473 19.145073495805264 3.9766241610050184 3.6151885688304892 12.263893678784369 29.073827236890793 4.8911732584238052
leaf_count=528 12 22 31 41 91 21 18 65 134 25
internal_value=5.49801e-06 -0.0114234 -0.00426019 0.0333338 -0.0238798 0.00296655 8.67258e-06 0.0347534 -0.00398515 0.0543407
internal_weight=205.091 42.2022 39.5246 13.5537 25.9709 162.889 154.021 15.8791 138.142 8.8678
internal_count=988 197 185 63 122 791 745 83 662 46
is_linear=0
shrinkage=0.1


Tree=74
num_leaves=10
num_cat=0
split_feature=3 3 2 5 3 9 4 9 0
split_gain=0.579738 1.94592 1.37845 5.48901 3.26684 1.02568 2.28123 2.67691 2.01919
threshold=1.7649522284889232 1.6968840268480065 6.6312129237801924 0.60722940116677238 1.5647532950561722 0.035420016310325757 0.0012942786852363003 0.034205845360907559 6.9589344693813482
decision_type=2 2 2 2 2 2 2 2 2
left_child=1 2 4 -4 -1 6 -2 -8 -7
right_child=5 -3 3 -5 -6 8 7 -9 -10
leaf_value=-0.010970193161482029 -0.088123398663634667 -0.07502885824389785 -0.11961535956704983 0.040732358370678103 0.095605115201185531 -0.072886971390564728 0.0028964627824427016 0.070482204484551725 0.022254716599146383
leaf_weight=11.39140472747386 2.6504912413656703 4.3241814970970145 4.0067408457398397 4.5696285888552666 3.8476413637399665 5.0276143029332143 158.65696929395199 6.0851290896534911 4.009722538292408
leaf_count=65 18 20 20 24 18 26 748 29 20
internal_value=1.45113e-05 -0.0133153 -0.00210988 -0.0341795 0.0159385 0.00214054 0.00391216 0.0053929 -0.0306741
internal_weight=204.57 28.1396 23.8154 8.57637 15.239 176.43 167.393 164.742 9.03734
internal_count=988 147 127 44 83 841 795 777 46
is_linear=0
shrinkage=0.1


Tree=75
num_leaves=11
num_cat=0
split_feature=7 6 0 8 1 2 7 6 7 4
split_gain=0.577784 2.64045 2.3289 3.10639 2.76953 2.12673 1.78923 2.66984 1.91373 0.86438
threshold=10.602676042572877 10.517804653976834 7.0558578148224864 0.025641333746215505 7.2871228428886283 7.3551247253486869 10.160012210060435 10.817753385863968 10.000771889569581 0.49635139922637767
decision_type=2 2 2 2 2 2 2 2 2 2
left_child=5 -2 3 -3 -4 6 8 -8 -1 -7
right_child=1 2 4 -5 -6 9 7 -9 -10 -11
leaf_value=-0.00064114007028131061 -0.1066995247360028 0.10110625855088269 -0.076819418323701621 -0.0027035556450924463 -0.0020709197845296518 0.086147842876332578 0.067677466725440949 -0.015850893152856541 -0.049793746545058984 0.022703629584685189
leaf_weight=129.54275063984096 2.6693723052740088 4.2067582458257666 6.6925952658057239 9.1575073897838575 19.111505374312401 3.8543914631009084 8.9687113016843778 6.6743345484137526 8.4370370209217054 4.8490361198782921
leaf_count=625 12 22 31 41 91 21 51 32 37 25
internal_value=1.08164e-05 -0.0104678 -0.00390948 0.0299733 -0.0214578 0.00271156 -1.28967e-05 0.0320389 -0.00364667 0.0508005
internal_weight=204.164 41.8377 39.1684 13.3643 25.8041 162.326 153.623 15.643 137.98 8.70343
internal_count=988 197 185 63 122 791 745 83 662 46
is_linear=0
shrinkage=0.1


Tree=76
num_leaves=12
num_cat=0
split_feature=9 2 0 0 3 2 3 7 6 2 0
split_gain=0.563664 3.95724 3.6557 6.50476 5.6371 2.8861 2.87185 2.12156 4.82577 1.80246 1.49068
threshold=0.031385080210945458 7.6102331362011197 6.6229027118533859 6.9907119274139413 3.3726641902997425 7.2611886738944591 2.8283769363695437 9.3502294988081882 8.5020855795592087 7.1879095310976409 6.8237414360046396
decision_type=2 2 2 2 2 2 2 2 2 2 2
left_child=1 5 7 10 -5 9 -7 8 -2 -1 -4
right_child=2 -3 3 4 -6 6 -8 -9 -10 -11 -12
leaf_value=0.0045307912389082501 0.036164076580712252 -0.081437903139356393 -0.059629134479011463 0.025580424972560984 -0.100653957839633 0.095013731046197369 -0.0059736622414608212 0.068277767801427525 -0.090514706035174516 -0.055147821350147543 -0.13528345002748873
leaf_weight=126.24697552062571 11.063211888074877 5.3234373852610579 5.5875063166022283 17.914778284728531 4.407942831516265 6.9361356645822507 4.7405561283230782 6.996955193579196 4.1297051906585684 5.2722620591521254 4.8783454373478889
leaf_count=611 52 26 28 85 21 39 23 33 21 25 24
internal_value=1.91965e-05 0.0032213 -0.00863099 -0.0298441 0.000653628 0.00636858 0.0540144 0.0227143 0.00173053 0.00213843 -0.0948931
internal_weight=203.498 148.519 54.9784 32.7886 22.3227 143.196 11.6767 22.1899 15.1929 131.519 10.4659
internal_count=988 724 264 158 106 698 62 106 73 636 52
is_linear=0
shrinkage=0.1


Tree=77
num_leaves=5
num_cat=0
split_feature=6 4 6 6
split_gain=0.534065 0.847018 0.737351 1.8168
threshold=7.0256690167921123 1.3515625000000002 7.5043945312500009 7.5478982137389226
decision_type=2 2 2 2
left_child=-1 2 -2 -4
right_child=1 -3 3 -5
leaf_value=-0.038700279034736149 0.034935284018795726 -0.040396259069540086 -0.11049850878570827 0.0014565763416919293
leaf_weight=3.5017801970243445 6.4644892215728751 4.893432341516017 1.4608583897352208 186.46451305225492
leaf_count=25 30 25 8 900
internal_value=1.39047e-05 0.000694185 0.00172857 0.000586281
internal_weight=202.785 199.283 194.39 187.925
internal_count=988 963 938 908
is_linear=0
shrinkage=0.1


Tree=78
num_leaves=7
num_cat=0
split_feature=6 6 5 0 7 0
split_gain=0.529275 1.18588 2.2213 1.24842 3.3266 1.86669
threshold=12.803623680173986 12.036779107729673 0.57219553633198894 7.971735656261445 9.1155581031297039 7.855961561164805
decision_type=2 2 2 2 2 2
left_child=1 3 -3 5 -5 -1
right_child=-2 2 -4 4 -6 -7
leaf_value=0.00014968482271440791 0.033638336356556511 0.025258676118025319 -0.071112463221749439 -0.055326718166204492 0.049652771742098409 -0.064730013088535057
leaf_weight=165.88373241573572 4.5747862085700026 3.8815103322267515 6.2315382361412048 3.8753243088722256 13.652373939752577 4.5564175844192496
leaf_count=811 21 19 29 18 69 21
internal_value=1.06215e-05 -0.000766029 -0.0341241 0.0010287 0.0264421 -0.00158476
internal_weight=202.656 198.081 10.113 187.968 17.5277 170.44
internal_count=988 967 48 919 87 832
is_linear=0
shrinkage=0.1


Tree=79
num_leaves=6
num_cat=0
split_feature=6 6 6 7 6
split_gain=0.520304 2.82438 0.767771 3.22162 3.20701
threshold=6.7308432745313871 7.0256690167921123 8.0875189365551527 8.0078839829634347 8.1256175080978021
decision_type=2 2 2 2 2
left_child=-1 -2 3 -3 -4
right_child=1 2 4 -5 -6
leaf_value=0.054078730959037639 -0.12966843365821021 -0.010308536725860563 -0.16547379052840749 0.068925164380064394 -0.00047438732973763384
leaf_weight=1.7643466852605332 1.6777323260903347 14.309876304119827 1.1859320551156987 8.0007455945014936 175.57370958663523
leaf_count=11 14 68 5 37 853
internal_value=1.12236e-05 -0.000463968 0.000624946 0.0181052 -0.00158142
internal_weight=202.512 200.748 199.07 22.3106 176.76
internal_count=988 977 963 105 858
is_linear=0
shrinkage=0.1


Tree=80
num_leaves=12
num_cat=0
split_feature=9 2 0 0 3 2 1 5 5 1 0
split_gain=0.502314 3.20761 2.87675 5.46727 4.6317 2.43033 3.61764 1.91654 3.21051 1.69976 1.37416
threshold=0.031385080210945458 7.6102331362011197 6.6229027118533859 6.9907119274139413 3.3726641902997425 7.2611886738944591 7.1697222112918748 0.5917704198769016 0.40912983825143046 7.2843452728539928 6.8237414360046396
decision_type=2 2 2 2 2 2 2 2 2 2 2
left_child=1 5 7 10 -5 9 -7 8 -2 -1 -4
right_child=2 -3 3 4 -6 6 -8 -9 -10 -11 -12
leaf_value=0.0072426664259083208 0.029356473992423228 -0.072754639343390631 -0.054141060134986402 0.023027687965262549 -0.092596516631654122 -0.038824083664130662 0.085988159347533566 0.065953945058013871 -0.071448376933052699 -0.022864755912664979 -0.12797985266677869
leaf_weight=108.56466285698116 11.164094343781473 5.3826910108327857 5.5019474402070028 17.886275649070743 4.2967906296253195 3.2540527358651152 8.1099190935492498 6.3663104996085158 4.4064868539571753 22.666706778109074 4.6509610489010811
leaf_count=530 56 26 28 85 21 17 45 30 20 106 24
internal_value=5.54328e-06 0.00302366 -0.00822351 -0.0271864 0.000631641 0.00588414 0.0502484 0.0197287 0.000828621 0.00204242 -0.087966
internal_weight=202.251 147.978 54.2729 32.336 22.1831 142.595 11.364 21.9369 15.5706 131.231 10.1529
internal_count=988 724 264 158 106 698 62 106 76 636 52
is_linear=0
shrinkage=0.1


Tree=81
num_leaves=11
num_cat=0
split_feature=1 1 6 7 3 1 7 6 3 2
split_gain=0.562241 3.838 3.54407 2.64464 2.2604 2.15674 2.13615 3.85066 2.18353 1.80466
threshold=6.1926054756006534 6.217783980974608 9.2995100239048174 9.8315895154871722 2.6442131813868652 6.0300276008403086 8.1001530714648933 7.9047305788594677 2.5355107175954723 5.5913287593968395
decision_type=2 2 2 2 2 2 2 2 2 2
left_child=2 -2 4 -4 5 -1 8 -8 -3 -6
right_child=1 6 3 -5 9 -7 7 -9 -10 -11
leaf_value=-0.027587124047672659 0.11303392638902372 -0.094129634139814358 -0.13745387314235483 -0.021360841391629422 0.024165399662402335 0.048752011738234922 0.15287822260316544 0.0017378399900279406 -0.0046412846728819167 -0.070443017204426889
leaf_weight=5.2338126320391956 3.0782078951597205 4.6591142304241639 3.3564069084823114 4.7240813374519348 3.1813514344394189 12.635627135634421 1.7047139853239048 150.95805426314473 6.5737678706645966 5.5051465108990669
leaf_count=35 16 24 20 23 18 60 8 726 31 27
internal_value=1.33667e-06 0.00240651 -0.0115934 -0.0695826 0.0060516 0.0263929 0.000328765 0.00342555 -0.0417588 -0.0357935
internal_weight=201.61 166.974 34.6364 8.08049 26.5559 17.8694 163.896 152.663 11.2329 8.6865
internal_count=988 805 183 43 140 95 789 734 55 45
is_linear=0
shrinkage=0.1


Tree=82
num_leaves=10
num_cat=0
split_feature=3 2 2 5 8 4 4 9 5
split_gain=0.547688 1.76378 5.24815 3.50299 2.65511 0.921505 0.937066 4.3132 2.23283
threshold=1.7649522284889232 6.6312129237801924 6.3981317422246082 0.60722940116677238 0.027738721086934703 0.00042847477743630005 0.046997308731079109 0.027302582703878652 0.17124614435104124
decision_type=2 2 2 2 2 2 2 2 2
left_child=1 2 4 -3 -1 -2 7 -7 -8
right_child=5 3 -4 -5 -6 6 8 -9 -10
leaf_value=-0.10120376045710174 -0.053255547423221999 -0.10985716579996713 0.1099632845624202 0.0085822051241183275 0.002014814006689074 -0.054782710207934807 -0.04422409085056872 0.066135354912166378 0.0039970412605742946
leaf_weight=3.285753630101687 2.9593638926744452 4.6695629805326444 3.8032492920756331 5.367629386484623 10.317462183535097 4.302528738975524 10.275183342397211 9.3839143440127355 146.65582118183374
leaf_count=24 21 24 19 28 52 23 47 49 701
internal_value=-6.78253e-06 -0.013134 0.00611698 -0.0465189 -0.0229168 0.00206871 0.00302831 0.028123 0.000839724
internal_weight=201.02 27.4437 17.4065 10.0372 13.6032 173.577 170.617 13.6864 156.931
internal_count=988 147 95 52 76 841 820 72 748
is_linear=0
shrinkage=0.1


Tree=83
num_leaves=5
num_cat=0
split_feature=0 0 2 2
split_gain=0.50523 1.41928 1.41157 1.34148
threshold=8.6606612032805526 8.4328613281250018 4.8378697356204112 5.0460774424363599
decision_type=2 2 2 2
left_child=1 2 -1 -4
right_child=-2 -3 3 -5
leaf_value=-0.12299666400038584 0.031481289359703277 -0.051280510272042071 0.085476105019679949 0.00038882226370725811
leaf_weight=0.91912950202822585 4.9690042361617079 5.4169865548610678 1.8714190125465382 187.37136976234615
leaf_count=7 24 25 8 924
internal_value=-7.92463e-06 -0.00080796 0.00062981 0.00123025
internal_weight=200.548 195.579 190.162 189.243
internal_count=988 964 939 932
is_linear=0
shrinkage=0.1


Tree=84
num_leaves=13
num_cat=0
split_feature=1 1 6 1 8 6 3 8 6 7 7 1
split_gain=0.522671 2.59251 6.13188 2.04461 2.96724 2.78343 4.44088 2.5948 2.24701 1.48649 2.3371 2.04992
threshold=6.9184697615954915 7.040333659276345 9.6414949214085954 6.5750982366449664 0.022964070585397251 9.8327336460351962 3.262123250460069 0.023247443655457802 9.378297721769469 10.764900271367745 11.044080135776213 7.1417062323842693
decision_type=2 2 2 2 2 2 2 2 2 2 2 2
left_child=3 2 -2 4 -1 8 -7 -6 -5 11 -11 -3
right_child=1 9 -4 5 7 6 -8 -9 -10 10 -12 -13
leaf_value=0.11310456308494216 -0.030904164242009237 -0.040958253279065555 0.11699286304308634 -0.013500537950455891 -0.11358105275224924 -0.023809762437027985 -0.13753303794159777 0.0044396859272951344 0.066909766398434545 -0.068980296236368477 -0.00099541775309491148 0.021907351011295224
leaf_weight=2.4630961325019589 5.0814889296889287 6.232746183872222 6.2529048919677734 17.330185361206535 1.9066328704357136 15.341913096606733 4.4238971695303908 81.204879006370902 4.3468960225582114 7.0474417880177525 17.89900903776288 30.912773638963699
leaf_count=17 27 29 30 82 9 74 22 404 20 33 85 156
internal_value=-8.94565e-06 0.00670725 0.050687 -0.00389145 0.00493785 -0.0221229 -0.0492628 0.00173221 0.00262411 -0.0013209 -0.0202013 0.011359
internal_weight=200.444 73.4264 11.3344 127.017 85.5746 41.4429 19.7658 83.1115 21.6771 62.092 24.9465 37.1455
internal_count=988 360 57 628 430 198 96 413 102 303 118 185
is_linear=0
shrinkage=0.1


Tree=85
num_leaves=11
num_cat=0
split_feature=1 1 6 3 7 6 4 1 2 6
split_gain=0.499847 2.99238 2.83566 1.84062 1.69418 3.3315 2.1697 1.6601 1.44627 1.20317
threshold=6.1926054756006534 6.217783980974608 9.2995100239048174 2.6442131813868652 8.1001530714648933 7.9047305788594677 0.50444832952869956 6.0300276008403086 5.5913287593968395 10.068053379654886
decision_type=2 2 2 2 2 2 2 2 2 2
left_child=2 -2 3 7 6 -6 -3 -1 -5 -4
right_child=1 4 9 8 5 -7 -8 -9 -10 -11
leaf_value=-0.024724033977575555 0.10084041000185336 -0.0031676172756596129 -0.11070157599080027 0.020189414219002333 0.14589413126868056 0.0016445504619574279 -0.094751037260598719 0.042715828221265933 -0.064554025718429553 -0.031034522554432516
leaf_weight=5.1440005302429261 3.0230459645390502 6.9281534068286401 3.2262398377060881 3.1980840936303121 1.6183280050754536 150.15179242566228 4.1282043904066086 12.568260774016379 5.4388654381036758 4.5965791642665863
leaf_count=35 16 34 20 18 8 726 21 60 27 23
internal_value=-9.33849e-06 0.00225979 -0.0110222 0.00467376 0.000429533 0.00318269 -0.0373629 0.0231299 -0.0331753 -0.0638903
internal_weight=200.022 165.85 34.172 26.3492 162.826 151.77 11.0564 17.7123 8.63695 7.82282
internal_count=988 805 183 140 789 734 55 95 45 43
is_linear=0
shrinkage=0.1


Tree=86
num_leaves=9
num_cat=0
split_feature=2 2 8 2 3 6 8 8
split_gain=0.485733 3.63369 2.80456 2.06899 2.13513 2.08788 1.64323 2.19588
threshold=6.6897641182291618 6.6312129237801924 0.035548741869431501 7.0115421041382548 3.646450940743815 10.073655132227943 0.022749914545634953 0.023247443655457802
decision_type=2 2 2 2 2 2 2 2
left_child=1 6 3 4 -2 -5 -1 -8
right_child=2 -3 -4 5 -6 -7 7 -9
leaf_value=0.065631243465938946 -0.0340459359990819 0.080798326663748976 -0.079295268958499449 0.044356515620663256 0.039684455781378317 -0.0044101984732188119 -0.080302212271073009 0.0002965882722676021
leaf_weight=3.6983718927949658 23.397588152438406 5.8259686678647986 4.9478785097599021 14.239129617810248 4.7199451103806487 22.896134898066521 3.4815075471997252 116.24488106742501
leaf_count=25 111 28 23 74 22 116 17 572
internal_value=-1.32596e-05 0.00362367 -0.00670942 -0.00120551 -0.0216692 0.0142889 -1.91788e-05 -0.00204713
internal_weight=199.451 129.251 70.2007 65.2528 28.1175 37.1353 123.425 119.726
internal_count=988 642 346 323 133 190 614 589
is_linear=0
shrinkage=0.1


Tree=87
num_leaves=12
num_cat=0
split_feature=7 7 3 6 4 4 2 7 6 7 6
split_gain=0.50148 3.71376 2.97979 2.11887 2.08133 1.70771 2.67635 3.7167 1.58834 2.77955 1.34098
threshold=9.6082948996182278 9.8974512936205112 1.2217660470713392 9.5954032990568923 0.58783272481816995 0.8685660731436543 6.3929840002856704 8.3125147359907547 10.379110019400288 9.4441867228549992 10.024703025817873
decision_type=2 2 2 2 2 2 2 2 2 2 2
left_child=5 3 -3 -2 -4 8 7 -7 9 -1 -5
right_child=1 2 4 10 -6 6 -8 -9 -10 -11 -12
leaf_value=-0.0079092037920337494 -0.0060096195701879905 0.11143660373406845 0.0085899525137515011 0.11927140837942299 -0.025543114406282975 0.055452643322167532 0.07251740166151055 -0.063961195176779978 0.046130102097392149 -0.075797997875056825 0.045404351334050658
leaf_weight=81.873603660613298 4.3628645837306967 2.1926565021276465 39.368304278701544 4.3468156531453115 32.705624893307686 4.9329046681523341 6.92112973332405 5.5265623107552528 4.8044052198529235 6.5104037523269644 5.6549054980278015
leaf_count=412 21 12 197 23 157 24 33 30 22 29 28
internal_value=-6.74669e-06 0.00559735 -0.00340516 0.0521414 -0.00689891 -0.00449894 0.0242776 -0.00764312 -0.00986606 -0.0129099 0.0775075
internal_weight=199.2 88.6312 74.2666 14.3646 72.0739 110.569 17.3806 10.4595 93.1884 88.384 10.0017
internal_count=988 438 366 72 354 550 87 54 463 441 51
is_linear=0
shrinkage=0.1


Tree=88
num_leaves=11
num_cat=0
split_feature=3 3 4 0 3 9 9 2 2 3
split_gain=0.523812 1.60822 1.55876 4.15278 2.20873 0.793055 3.15015 1.87903 1.78737 1.40283
threshold=1.7649522284889232 1.6786170234171893 0.43371582031250006 6.4376043379306802 1.542963968245715 0.024930639426931203 0.025341695697671803 6.8387433213458388 6.2181329185376422 2.6972441328272603
decision_type=2 2 2 2 2 2 2 2 2 2
left_child=1 2 3 -1 -4 7 -7 8 -2 -8
right_child=5 -3 4 -5 -6 6 9 -9 -10 -11
leaf_value=0.042206086020035991 0.011088750050025204 -0.063829358003531761 -0.0058260700642030934 -0.090134103296265491 0.085868479471153683 -0.085064134598268948 0.012438718963436159 -0.020534995526565729 0.09576533262426995 -0.0068523416384650652
leaf_weight=4.2591859716922098 5.4631777480244654 5.0498282164335242 8.5901474356651288 5.3489267416298389 3.7842433229088774 4.2500243633985511 71.232666365802288 6.1275201290845862 4.5848043784499168 80.066236354410648
leaf_count=28 28 24 46 30 19 20 350 33 23 387
internal_value=-4.53927e-07 -0.0129395 -0.00124903 -0.0314689 0.0222153 0.00203637 -0.000155081 0.02311 0.0497259 0.00223004
internal_weight=198.757 27.0323 21.9825 9.60811 12.3744 171.724 155.549 16.1755 10.048 151.299
internal_count=988 147 123 58 65 841 757 84 51 737
is_linear=0
shrinkage=0.1


Tree=89
num_leaves=11
num_cat=0
split_feature=7 4 6 6 7 0 6 6 6 6
split_gain=0.480714 2.2594 2.34067 3.23547 1.96277 2.90386 3.25249 2.47939 1.70716 0.884203
threshold=8.329903978052128 0.82379150390625011 8.2729406574144999 7.9910075028446448 8.6483368376373573 6.6854431326792119 9.015899168112421 8.2729406574144999 8.8101299119880441 8.6855586521869785
decision_type=2 2 2 2 2 2 2 2 2 2
left_child=1 2 3 -1 5 -2 -7 -6 -9 -4
right_child=4 -3 9 -5 7 6 -8 8 -10 -11
leaf_value=-0.02943815599007546 0.081993630872370271 0.043750999059518098 -0.089687586876104633 0.058225090620433601 -0.084402240379065019 -0.058537222325093674 0.059247535249394169 0.03847359883113341 -0.0025296185323106547 -0.02886842018733899
leaf_weight=13.658385466784244 7.3190374597907093 6.3190061151981345 5.3414891585707647 6.0862954519689074 3.5129449963569632 4.8863096758723241 4.5067703798413277 11.004324272274969 131.41110071912408 4.3266506381332874
leaf_count=74 36 31 28 29 16 24 21 51 656 22
internal_value=1.74158e-06 -0.0105007 -0.022156 -0.00241597 0.00230911 0.0347711 -0.00202446 -0.00140853 0.000638667 -0.06247
internal_weight=198.372 35.7318 29.4128 19.7447 162.64 16.7121 9.39308 145.928 142.415 9.66814
internal_count=988 184 153 103 804 81 45 723 707 50
is_linear=0
shrinkage=0.1


Tree=90
num_leaves=10
num_cat=0
split_feature=1 1 6 7 3 4 1 1 6
split_gain=0.505691 2.46373 2.24076 1.58388 1.54259 1.49426 3.83984 1.57863 1.09345
threshold=6.1926054756006534 6.2252941980973349 9.2995100239048174 7.6185775462443068 2.0902789935818986 0.060434915791120106 6.1228106510099396 6.0989510764140507 10.068053379654886
decision_type=2 2 2 2 2 2 2 2 2
left_child=2 -2 5 -3 -5 7 -7 -1 -4
right_child=1 3 8 4 -6 6 -8 -9 -10
leaf_value=-0.087442993811264566 0.073676346346618141 -0.056067125115300168 -0.10548451326130392 -0.015958379646024 0.0075123195553648651 0.045386616335288343 -0.049238396159046904 0.014807564172238203 -0.028027289515339011
leaf_weight=3.2991546969860819 4.6960432678461066 4.8529911860823622 3.0336687080562106 36.699991207569838 118.16032645851374 13.785139791667463 6.2250230982899657 2.784059002995491 4.5651066824793816
leaf_count=26 24 25 20 186 570 69 31 14 23
internal_value=-9.33779e-07 0.00228624 -0.0111618 0.000187163 0.00195005 0.00275502 0.0159494 -0.0406467 -0.0589506
internal_weight=198.102 164.409 33.6922 159.713 154.86 26.0934 20.0102 6.08321 7.59878
internal_count=988 805 183 781 756 140 100 40 43
is_linear=0
shrinkage=0.1


Tree=91
num_leaves=8
num_cat=0
split_feature=5 9 1 5 7 8 3
split_gain=0.480314 1.9554 3.82525 1.31815 1.11851 2.1103 1.39481
threshold=0.99076994737880286 0.030972855148902651 6.8916844543993934 0.92344096743045345 7.6185775462443068 0.029385045812389602 1.1095855150978753
decision_type=2 2 2 2 2 2 2
left_child=3 2 -2 4 5 -1 -6
right_child=1 -3 -4 -5 6 -7 -8
leaf_value=-0.093515655366638833 -0.047465424023503983 -0.069283273031105999 0.091592828608988291 0.057114644864382752 0.069934547611651118 0.0035371735166979308 0.00067276197306018399
leaf_weight=3.6152309793978912 4.6830231025814992 4.795091100037097 3.4249279573559761 4.1356041133403769 2.9587344452738753 5.8914194703102112 168.11796648427844
leaf_count=25 26 24 19 21 19 31 823
internal_value=-9.20685e-06 -0.0186625 0.011275 0.00129377 1.53913e-05 -0.0333705 0.00187063
internal_weight=197.622 12.903 8.10795 184.719 180.583 9.50665 171.077
internal_count=988 69 45 919 898 56 842
is_linear=0
shrinkage=0.1


Tree=92
num_leaves=12
num_cat=0
split_feature=4 9 4 2 9 9 7 8 6 0 2
split_gain=0.470953 2.58031 2.98142 3.87956 2.01609 3.2714 1.54541 2.17963 3.35106 2.78221 1.82507
threshold=0.54189504683017742 0.030583315365415104 0.58425349343099253 6.7027984298966361 0.029768075264153055 0.029267081254794252 7.805568552226009 0.026876162530316602 10.280281703157202 5.5601245802740582 5.623245299613032
decision_type=2 2 2 2 2 2 2 2 2 2 2
left_child=6 4 -3 -4 5 -2 10 8 -8 -9 -1
right_child=1 2 3 -5 -6 -7 7 9 -10 -11 -12
leaf_value=0.01419723218848047 0.0082188404328540007 -0.116133707962585 0.0092335226476748574 -0.071265376879398212 0.057347076661607016 -0.085158903949163645 -0.04580375366442449 0.14887376008160247 0.018095177369907112 0.015071247313163236 -0.066850536685089196
leaf_weight=4.9867286421358568 42.426235996186733 3.4756186977028873 17.886424928903583 8.9990692883729917 7.0493606626987448 4.1158363893628112 16.053401021286845 1.590606853365897 16.792014725506306 67.594925422221422 6.2741332110017538
leaf_count=26 207 18 87 43 36 20 84 8 86 335 38
internal_value=-9.59609e-06 -0.00568594 -0.028978 -0.0177109 0.00750968 -3.87961e-05 0.00419674 0.00807684 -0.0131358 0.0181474 -0.0309596
internal_weight=197.244 83.9525 30.3611 26.8855 53.5914 46.5421 113.292 102.031 32.8454 69.1855 11.2609
internal_count=988 411 148 130 263 227 577 513 170 343 64
is_linear=0
shrinkage=0.1


Tree=93
num_leaves=8
num_cat=0
split_feature=7 9 9 4 3 1 4
split_gain=0.447061 1.09164 2.46212 2.14727 1.73094 1.18181 1.13784
threshold=11.876425054785296 0.024930639426931203 0.025341695697671803 0.27059645370636082 2.9056545227972363 7.7313406153415825 0.15655388496944672
decision_type=2 2 2 2 2 2 2
left_child=1 3 -3 6 -5 -4 -1
right_child=-2 2 5 4 -6 -7 -8
leaf_value=0.019087873935874845 -0.023574766326776769 -0.074516983908522558 -0.001475890508020424 0.020426451500173647 0.10265552926757691 0.036277614799900736 -0.063909671512676555
leaf_weight=3.5110057890415218 7.7331827580928794 4.4927318654954425 158.46162784472108 6.5901903286576253 4.186004564166069 8.7492762804031354 3.1192280277609825
leaf_count=25 36 26 779 35 22 49 16
internal_value=-7.93742e-06 0.000955769 -0.0014633 0.0248184 0.0523683 0.000499554 -0.0199588
internal_weight=196.843 189.11 171.704 17.4064 10.7762 167.211 6.63023
internal_count=988 952 854 98 57 828 41
is_linear=0
shrinkage=0.1


Tree=94
num_leaves=11
num_cat=0
split_feature=1 1 5 4 0 0 4 9 6 8
split_gain=0.478397 1.32149 3.59101 3.25427 1.28179 1.30222 1.95154 1.33743 1.17408 0.653065
threshold=7.4829936306119231 7.7313406153415825 0.4609827069831301 0.80380759412191172 8.1275939941406268 7.7597615867853174 0.44565463464080329 0.030187364330497003 10.304812598624268 0.026797547909598804
decision_type=2 2 2 2 2 2 2 2 2 2
left_child=4 2 -2 9 5 7 -7 -1 -4 -3
right_child=1 3 8 -5 -6 6 -8 -9 -10 -11
leaf_value=0.010685435766144421 0.043483144337129603 -0.052540970210506278 -0.025603651071146497 0.089122113063718852 0.05186228077846762 -0.078781087077698389 0.0058470411612726418 -0.0082164074586709678 -0.094133600100296699 0.003893418030813404
leaf_weight=89.81923689506948 4.3427520841360119 3.9381917268037778 4.3439103513956052 3.7640160024166098 4.9932891875505439 5.0191243886947614 5.9612413495779037 64.18335435539484 5.8894656151533127 4.2780283987522125
leaf_count=453 22 19 20 27 24 26 28 322 26 21
internal_value=-3.9446e-06 -0.012486 -0.0327097 0.0121197 0.0019462 0.000435467 -0.0328365 0.00280775 -0.0650437 -0.0231567
internal_weight=196.533 26.5564 14.5761 11.9802 169.976 164.983 10.9804 154.003 10.2334 8.21622
internal_count=988 135 68 67 853 829 54 775 46 40
is_linear=0
shrinkage=0.1


Tree=95
num_leaves=7
num_cat=0
split_feature=6 5 6 4 5 1
split_gain=0.444535 1.03448 1.6613 1.29657 1.24149 1.47779
threshold=12.803623680173986 0.97016902173346875 8.9879864530645381 1.3125076293945315 0.91130045603130305 7.4994745585166394
decision_type=2 2 2 2 2 2
left_child=1 4 -3 -4 5 -1
right_child=-2 2 3 -5 -6 -7
leaf_value=0.0031685074528603483 0.031168431171065998 0.025224266079486114 -0.020394509233003389 -0.098562785836492917 0.056531255821888275 -0.026490820467581191
leaf_weight=156.24674202688038 4.4717763736844054 3.9911293908953658 5.1474382579326612 3.6102046296000481 3.9699946269392958 18.823060214519501
leaf_count=781 21 20 30 20 21 95
internal_value=5.08002e-07 -0.000726209 -0.0282488 -0.0526182 0.00123358 -2.03881e-05
internal_weight=196.26 191.789 12.7488 8.75764 179.04 175.07
internal_count=988 967 70 50 897 876
is_linear=0
shrinkage=0.1


Tree=96
num_leaves=10
num_cat=0
split_feature=5 5 5 7 0 2 2 2 3
split_gain=0.432958 1.76665 1.35205 2.30335 1.84002 1.85104 1.30808 3.2152 1.49488
threshold=0.212760363327093 0.22761687503375086 0.14798031433063938 9.3502294988081882 5.9462432861328134 6.3356821300189585 5.5753086907950484 5.4069898490140291 4.3117978472160639
decision_type=2 2 2 2 2 2 2 2 2
left_child=2 -2 4 -4 -1 -6 7 -3 -8
right_child=1 6 3 -5 5 -7 8 -9 -10
leaf_value=-0.078487509499178543 0.055301923645020901 0.015249753545584025 0.0058907011999661876 -0.081228764479799723 -0.0085602752367523443 0.052820002439077564 0.0051526125177769541 -0.091914792680045321 -0.040681976411212233
leaf_weight=2.4339229762554195 6.0353031158447257 6.2759246975183469 6.1532949805259687 5.9881280809640884 13.81927332468331 7.6235130093991748 135.37238232791424 5.0544184520840645 7.5105276033282271
leaf_count=12 28 32 30 28 84 46 665 27 36
internal_value=2.86825e-07 0.00222699 -0.00990658 -0.0370765 0.00390944 0.0132621 0.00014985 -0.0325559 0.00274335
internal_weight=196.267 160.249 36.0181 12.1414 23.8767 21.4428 154.213 11.3303 142.883
internal_count=988 788 200 58 142 130 760 59 701
is_linear=0
shrinkage=0.1


Tree=97
num_leaves=9
num_cat=0
split_feature=4 4 1 6 0 5 9 0
split_gain=0.433145 1.88779 1.28059 2.33463 1.26769 0.948673 1.68707 1.00747
threshold=0.019993247728052655 0.034511510488879758 6.7759032563711434 9.2811570167541522 6.2905201419799353 0.17124614435104124 0.031301010704341756 5.9264484897721568
decision_type=2 2 2 2 2 2 2 2
left_child=2 -2 3 4 -1 6 -3 -7
right_child=1 5 -4 -5 -6 7 -8 -9
leaf_value=0.00064025570168501267 0.068304140107446287 0.0013955807119907983 -0.075482745424547817 0.072319499292666248 -0.089664120207668452 0.030968886130688877 -0.07169375027985013 -0.00031128345805390506
leaf_weight=4.0935859940946084 4.1019523218274108 8.4951550513505918 2.9591424614191046 3.0348950177431107 2.5062461644411087 11.031077980995176 5.0268433243036261 154.64372297376394
leaf_count=29 21 41 23 18 16 57 24 759
internal_value=-4.37285e-06 0.00122819 -0.0179438 -0.000271656 -0.0336523 -0.000307234 -0.0257756 0.00177144
internal_weight=195.893 183.299 12.5939 9.63473 6.59983 179.197 13.522 165.675
internal_count=988 902 86 63 45 881 65 816
is_linear=0
shrinkage=0.1


Tree=98
num_leaves=12
num_cat=0
split_feature=1 1 7 1 7 3 7 3 8 1 1
split_gain=0.444001 1.97011 5.09166 1.60355 2.48961 4.59619 4.42177 2.14806 1.66168 1.31865 1.1965
threshold=6.9184697615954915 7.040333659276345 9.4846188785103447 6.5750982366449664 9.0529688895127549 3.262123250460069 8.8459544688665162 4.1108617345840957 0.022964070585397251 7.100149494005854 7.2581523344307337
decision_type=2 2 2 2 2 2 2 2 2 2 2
left_child=3 2 -2 7 6 -6 -5 8 -1 -3 -11
right_child=1 9 -4 4 5 -7 -8 -9 -10 10 -12
leaf_value=0.090321529840010017 -0.032038681617118335 -0.060490572152393243 0.10511507150768631 -0.0217594582170882 -0.015627304540620873 -0.11602230755364538 0.098887698879076169 0.074350285990088416 -0.001717179458478025 0.027559450000207226 -0.0056067963865580085
leaf_weight=2.0129114985465995 4.8071497790515405 3.4884359240531913 6.1947648376226425 10.679799392819403 19.7600172162056 5.9281502887606612 4.245404601097106 4.1608225889503947 76.92425743676722 14.59088848158717 42.73664727807045
leaf_count=15 26 16 31 52 95 29 22 23 392 74 213
internal_value=-7.4408e-06 0.0062468 0.0451874 -0.0036382 -0.0199235 -0.0387958 0.0125581 0.0043211 0.000629824 -0.000797756 0.00283461
internal_weight=195.529 71.8179 11.0019 123.711 40.6134 25.6882 14.9252 83.098 78.9372 60.816 57.3275
internal_count=988 360 57 628 198 124 74 430 407 303 287
is_linear=0
shrinkage=0.1


Tree=99
num_leaves=10
num_cat=0
split_feature=1 6 7 1 0 7 3 0 3
split_gain=0.416008 2.59766 2.51116 2.32529 1.668 1.57267 1.25547 3.45795 1.88976
threshold=6.1996400120886461 9.2995100239048174 9.8315895154871722 6.2252941980973349 5.7562803225559369 8.329903978052128 2.0902789935818986 7.2852290930932222 2.1763443307428751
decision_type=2 2 2 2 2 2 2 2 2
left_child=1 4 -3 -2 -1 -6 7 -5 -8
right_child=3 2 -4 6 5 -7 8 -9 -10
leaf_value=-0.061228102900235282 0.079113866495720109 -0.12946105267490546 -0.013973495127921176 -0.033502883724997982 -0.0018613220898147577 0.056485705631147382 0.055395949864117902 0.035405488565646029 0.0021075498410197632
leaf_weight=3.304745905101302 3.8279191777110091 3.1587000004947177 4.6611703708767891 28.071497483178973 16.149388005957011 6.4704492893069974 7.0730101987719527 9.833419702947138 112.58093800395727
leaf_count=16 20 22 23 141 89 37 35 54 551
internal_value=-7.00889e-06 -0.0101047 -0.0606227 0.00210431 0.00513356 0.014829 0.000233354 -0.0156264 0.00525755
internal_weight=195.131 33.7445 7.81987 161.387 25.9246 22.6198 157.559 37.9049 119.654
internal_count=988 187 45 801 142 126 781 195 586
is_linear=0
shrinkage=0.1


end of trees

feature_importances:
receptions_L5=105
receptions_L10=100
targets_L3=96
targets_L5=92
rec_tds_L5=90
receptions_std_L5=83
target_share_L5=80
receptions_L3=79
rec_tds_L3=73
target_share_L3=58

parameters:
[boosting: gbdt]
[objective: binary]
[metric: binary_logloss]
[tree_learner: serial]
[device_type: cpu]
[data_sample_strategy: bagging]
[data: ]
[valid: ]
[num_iterations: 100]
[learning_rate: 0.1]
[num_leaves: 31]
[num_threads: 2]
[seed: 42]
[deterministic: 0]
[force_col_wise: 0]
[force_row_wise: 0]
[histogram_pool_size: -1]
[max_depth: 4]
[min_data_in_leaf: 20]
[min_sum_hessian_in_leaf: 0.001]
[bagging_fraction: 1]
[pos_bagging_fraction: 1]
[neg_bagging_fraction: 1]
[bagging_freq: 0]
[bagging_seed: 400]
[bagging_by_query: 0]
[feature_fraction: 1]
[feature_fraction_bynode: 1]
[feature_fraction_seed: 30056]
[extra_trees: 0]
[extra_seed: 12879]
[early_stopping_round: 0]
[early_stopping_min_delta: 0]
[first_metric_only: 0]
[max_delta_step: 0]
[lambda_l1: 0]
[lambda_l2: 0]
[linear_lambda: 0]
[min_gain_to_split: 0]
[drop_rate: 0.1]
[max_drop: 50]
[skip_drop: 0.5]
[xgboost_dart_mode: 0]
[uniform_drop: 0]
[drop_seed: 17869]
[top_rate: 0.2]
[other_rate: 0.1]
[min_data_per_group: 100]
[max_cat_threshold: 32]
[cat_l2: 10]
[cat_smooth: 10]
[max_cat_to_onehot: 4]
[top_k: 20]
[monotone_constraints: ]
[monotone_constraints_method: basic]
[monotone_penalty: 0]
[feature_contri: ]
[forcedsplits_filename: ]
[refit_decay_rate: 0.9]
[cegb_tradeoff: 1]
[cegb_penalty_split: 0]
[cegb_penalty_feature_lazy: ]
[cegb_penalty_feature_coupled: ]
[path_smooth: 0]
[interaction_constraints: ]
[verbosity: -1]
[saved_feature_importance_type: 0]
[use_quantized_grad: 0]
[num_grad_quant_bins: 4]
[quant_train_renew_leaf: 0]
[stochastic_rounding: 1]
[linear_tree: 0]
[max_bin: 255]
[max_bin_by_feature: ]
[min_data_in_bin: 3]
[bin_construct_sample_cnt: 200000]
[data_random_seed: 175]
[is_enable_sparse: 1]
[enable_bundle: 1]
[use_missing: 1]
[zero_as_missing: 0]
[feature_pre_filter: 1]
[pre_partition: 0]
[two_round: 0]
[header: 0]
[label_column: ]
[weight_column: ]
[group_column: ]
[ignore_column: ]
[categorical_feature: ]
[forcedbins_filename: ]
[precise_float_parser: 0]
[parser_config_file: ]
[objective_seed: 16083]
[num_class: 1]
[is_unbalance: 0]
[scale_pos_weight: 0.964215]
[sigmoid: 1]
[boost_from_average: 1]
[reg_sqrt: 0]
[alpha: 0.9]
[fair_c: 1]
[poisson_max_delta_step: 0.7]
[tweedie_variance_power: 1.5]
[lambdarank_truncation_level: 30]
[lambdarank_norm: 1]
[label_gain: ]
[lambdarank_position_bias_regularization: 0]
[eval_at: ]
[multi_error_top_k: 1]
[auc_mu_weights: ]
[num_machines: 1]
[local_listen_port: 12400]
[time_out: 120]
[machine_list_filename: ]
[machines: ]
[gpu_platform_id: -1]
[gpu_device_id: -1]
[gpu_use_dp: 0]
[num_gpu: 1]

end of parameters

pandas_categorical:[]
