tree
version=v4
num_class=1
num_tree_per_iteration=1
label_index=0
max_feature_idx=11
objective=binary sigmoid:1
feature_names=receiving_yards_L3 receiving_yards_L5 receiving_yards_L10 receiving_yards_std_L5 rec_tds_L3 rec_tds_L5 receptions_L3 receptions_L5 targets_L3 targets_L5 target_share_L3 target_share_L5
feature_infos=[25.625:77.375] [40.000000000000007:59.990957173434481] [23.619834710743799:84.4514967308492] [0:89.095454429504983] [0:2] [0:2] [0.5:9.0215490170973283] [0.66666666666666674:8.12508521281244] [1:12.610354838637177] [1:11.554288357229144] [0.017543859649122799:0.076905952808518904] [0.017543859649122799:0.063353433853312296]
tree_sizes=1675 1812 1701 1704 1807 1800 1394 1708 1711 1810 1693 1716 1694 1509 1822 1705 1190 1700 1393 1281 1602 1720 1606 771 976 1594 1602 1404 1716 983 668 1500 1294 872 1812 1301 1398 1602 872 1194 1186 984 1288 1710 780 1592 1614 1398 1598 982 892 1496 1607 1716 1285 1493 1611 783 1401 1609 1605 1390 1614 1395 1292 880 1302 1397 775 1495 1714 889 1601 1510 785 1710 1188 1387 1192 1728 992 1499 1715 991 1510 881 1620 1293 774 1201 1090 1613 1411 1504 1084 1405 1091 1714 1497 1607

Tree=0
num_leaves=15
num_cat=0
split_feature=2 9 2 8 10 7 1 2 2 2 7 2 6 2
split_gain=127.715 26.4212 18.714 18.147 14.7457 11.053 10.419 10.1114 9.13124 8.11639 9.01304 8.68548 5.841 2.21153
threshold=44.684928557174139 4.026231818580122 53.033626569664719 4.8938629194539294 0.026731990606188253 2.3351623228166445 48.593215883068979 47.252303154785999 35.597546507000253 37.581721236793406 3.779480316306072 43.883853585164324 3.6586468105466827 53.488569886797599
decision_type=2 2 2 2 2 2 2 2 2 2 2 2 2 2
left_child=3 7 6 5 -4 8 -3 -2 -1 10 -5 -11 -7 -9
right_child=1 2 4 9 -6 12 -8 13 -10 11 -12 -13 -14 -15
leaf_value=-0.18787856352426785 -0.2355288682841061 -0.22207645876332172 -0.26117178144523201 -0.27163527253759956 -0.19369150889735592 -0.34648528656850658 -0.25820452110260633 -0.41568458782996959 -0.32732405671814835 -0.27094462673675362 -0.35868237995991903 -0.33857595199386126 -0.41568458782996959 -0.33437967647597489
leaf_weight=7.3344512283802059 6.5219816863536861 157.73356458544731 38.161371737718582 19.0822733938694 213.84987819194794 63.400667697191238 161.61122736334801 9.0622276067733747 13.053488522768019 140.83292809128761 31.581003457307816 21.948142141103745 15.103712677955626 5.3032773733139029
leaf_count=25 23 551 137 69 732 241 579 36 49 509 121 83 60 20
internal_value=-0.255608 -0.228321 -0.224283 -0.307349 -0.20391 -0.342762 -0.24036 -0.338789 -0.277159 -0.290942 -0.325896 -0.280064 -0.359799 -0.385669
internal_weight=904.58 592.244 571.356 312.337 252.011 98.8923 319.345 20.8875 20.3879 213.444 50.6633 162.781 78.5044 14.3655
internal_count=3235 2078 1999 1157 869 375 1130 79 74 782 190 592 301 56
is_linear=0
shrinkage=1


Tree=1
num_leaves=16
num_cat=0
split_feature=2 9 10 8 6 8 11 7 2 2 10 11 2 3 4
split_gain=102.64 24.4434 16.816 14.9368 12.6348 12.2875 10.2664 9.13618 7.43949 7.34128 6.87602 8.65869 6.86544 6.48531 5.21828
threshold=44.684928557174139 6.2350219152807238 0.031490307120505157 4.8938629194539294 2.3183270128995974 3.6256210391875361 0.028696754123443902 2.3351623228166445 53.033626569664719 35.597546507000253 0.039071394239686856 0.039146949351820205 43.883853585164324 16.87673622801745 0.59376525878906261
decision_type=2 2 2 2 2 2 2 2 2 2 2 2 2 2 2
left_child=3 2 5 7 -4 -2 13 9 -8 -1 12 -12 -5 -3 -9
right_child=1 6 4 10 -6 -7 8 14 -10 -11 11 -13 -14 -15 -16
leaf_value=0.085864131170376098 -0.12353114965291667 -0.032066504609847911 -0.040980746406298917 -0.0046758386495913918 0.056767696969998255 0.004121212596255152 0.059158785552829274 -0.055504376767162439 0.094167732361920012 -0.038864008621875307 0.15076483912153016 -0.00069019579403376691 -0.06616986826747516 0.049461991300308997 -0.11966669575673761
leaf_weight=7.4181464314460781 8.2497299462556821 10.837180137634276 14.694889679551123 176.97051423788071 132.07149237394333 87.724006056785583 111.23649433255196 61.592429414391518 133.60500712692738 12.968808829784392 6.1107387691736212 9.8741930872201902 20.230715066194534 97.87956814467907 15.960100173950194
leaf_count=25 33 40 55 648 458 316 386 237 448 49 20 36 78 342 64
internal_value=0.025838 0.0501315 0.0256967 -0.0207225 0.0469807 -0.00685156 0.0669075 -0.0530492 0.0782625 0.00652048 -0.0058713 0.0572082 -0.0109845 0.041335 -0.0687088
internal_weight=907.424 596.298 242.74 311.126 146.766 95.9737 353.558 97.9395 244.842 20.387 213.186 15.9849 197.201 108.717 77.5525
internal_count=3235 2078 862 1157 513 349 1216 375 834 74 782 56 726 382 301
is_linear=0
shrinkage=0.1


Tree=2
num_leaves=15
num_cat=0
split_feature=2 9 10 9 8 11 3 4 2 1 1 9 6 2
split_gain=82.7243 19.7174 14.1983 15.2111 12.3233 9.62891 8.46653 7.3023 6.79894 8.0882 7.62597 5.50798 5.50236 4.50852
threshold=44.684928557174139 6.4484707849973306 0.026396899829781554 3.7892851214139527 4.8938629194539294 0.028696754123443902 44.370781401679771 0.50012588500976574 37.581721236793406 45.547909841743298 44.802130583358725 9.5241539289543962 5.0900154572327674 48.317519079116714
decision_type=2 2 2 2 2 2 2 2 2 2 2 2 2 2
left_child=4 2 13 -4 6 12 7 -1 9 -6 -10 -7 -3 -2
right_child=1 5 3 -5 8 11 -8 -9 10 -11 -12 -13 -14 -15
leaf_value=-0.038093319201226064 0.0041266408246994355 0.057223639586180375 -0.082912847171763629 0.036911838147882112 -0.061170147381741161 0.07073111303550382 0.038764057496181441 -0.09984735117449485 0.026819244853657737 0.030296811662653973 -0.016503903004703651 0.16505289280565086 0.010834581260587327 -0.091715359845251129
leaf_weight=58.345933154225349 8.0249906927347201 57.155663937330246 11.075939893722532 243.58503563702106 37.244924426078796 213.7798870652914 10.009823963046072 28.502240881323814 79.365455999970436 13.056898534297941 83.25042898952961 6.3757528662681571 46.267598539590836 12.637478008866308
leaf_count=224 29 197 44 851 143 723 36 115 284 47 308 20 165 49
internal_value=0.0232024 0.0449023 0.0252318 0.0317003 -0.0187509 0.0616393 -0.0483227 -0.05836 -0.00529843 -0.037428 0.00464017 0.0734627 0.036471 -0.0544918
internal_weight=908.678 598.902 275.323 254.661 309.776 323.579 96.858 86.8482 212.918 50.3018 162.616 220.156 103.423 20.6625
internal_count=3235 2078 973 895 1157 1105 375 339 782 190 592 743 362 78
is_linear=0
shrinkage=0.1


Tree=3
num_leaves=15
num_cat=0
split_feature=2 9 11 8 6 0 6 11 4 6 9 3 2 8
split_gain=66.8267 15.8611 12.907 10.1639 9.75397 8.02569 7.78171 7.24584 6.83177 13.1768 6.12216 5.69287 4.78937 1.98447
threshold=44.684928557174139 6.2350219152807238 0.030754100987080403 4.8938629194539294 2.3735035862409863 67.454024791717544 3.6586468105466827 0.028696754123443902 0.0010480885503061004 5.0900154572327674 6.8443634257390906 44.370781401679771 56.463800365608698 4.6257171630859384
decision_type=2 2 2 2 2 2 2 2 2 2 2 2 2 2
left_child=3 2 12 6 -4 7 11 -3 9 -5 -10 -1 -2 -8
right_child=1 5 4 8 -6 -7 13 -9 10 -11 -12 -13 -14 -15
leaf_value=-0.041395829169195597 -0.023597522032722602 0.034159787091734117 -0.036416552555469647 0.073159957991282443 0.04480937795289533 -0.058966759835234611 -0.082234334794797984 0.065307000515562971 -0.021121534081204082 -0.067588683805658342 0.02784050398728868 0.042792038198264715 0.041351572767869417 -0.15855022391491291
leaf_weight=72.446179658174515 65.898526713252068 107.88040894269943 16.43075954914093 25.259236037731171 147.50896838307381 6.209435060620307 8.7413525432348234 242.74610571563244 147.4686012417078 9.0292322635650617 30.886732742190361 9.033740818500517 13.716819941997526 5.5839064568281165
leaf_count=283 243 376 62 88 509 23 36 817 548 35 111 32 48 24
internal_value=0.0208639 0.0402998 0.0206262 -0.0169679 0.0366686 0.0537279 -0.0440119 0.0557237 -0.00478345 0.0360964 -0.0126425 -0.0320619 -0.0124075 -0.111982
internal_weight=908.84 600.391 243.555 308.449 163.94 356.836 95.8052 350.627 212.644 34.2885 178.355 81.4799 79.6153 14.3253
internal_count=3235 2078 862 1157 571 1216 375 1193 782 123 659 315 291 60
is_linear=0
shrinkage=0.1


Tree=4
num_leaves=16
num_cat=0
split_feature=2 9 11 9 8 10 10 0 6 10 11 1 3 5 7
split_gain=54.0814 13.1714 10.9039 10.4965 8.50073 7.51805 13.2585 9.50019 7.37657 6.70686 9.64454 6.64031 4.99425 4.45887 3.47541
threshold=44.684928557174139 6.4484707849973306 0.026962843600065355 3.7892851214139527 5.2606182844610894 0.038326542337205005 0.036714956305323211 44.628144875603653 3.6586468105466827 0.024109583920698303 0.027097599984830505 47.185337613293278 44.370781401679771 0.319379708736094 3.9689012989488091
decision_type=2 2 2 2 2 2 2 2 2 2 2 2 2 2 2
left_child=4 2 13 -4 8 6 -3 -7 12 11 -11 -6 -1 -2 -10
right_child=1 5 3 -5 9 7 -8 -9 14 10 -12 -13 -14 -15 -16
leaf_value=-0.031631125095522891 -0.011514423303003993 0.049667658348457752 -0.068164313882347199 0.029997559962984911 -0.020992486603454843 0.0070696424849332577 -0.051878408488240636 0.1329902601002951 -0.11878897659435042 0.068013666045111068 -0.0046321766021341143 -0.14829743557792816 0.045150375492116923 -0.1085517131074225 -0.040134439597212843
leaf_weight=85.438011690974236 11.356927871704103 281.90918129682541 11.400067016482351 245.05381748080254 14.776943385601045 8.3171316981315631 13.47231265902519 21.427856370806694 13.82558533549309 20.85570801794529 147.69474750757217 5.6692515015602103 9.4038658738136274 8.1216365247964841 9.4626203924417478
leaf_count=333 42 959 46 853 55 29 49 68 59 73 544 23 33 32 37
internal_value=0.0187806 0.0362242 0.0201555 0.025634 -0.0153573 0.0498616 0.0450362 0.097781 -0.0364007 -0.00220435 0.00435671 -0.0562912 -0.024018 -0.0519744 -0.0868295
internal_weight=908.186 601.059 275.932 256.454 307.127 325.126 295.381 29.745 118.13 188.997 168.55 20.4462 94.8419 19.4786 23.2882
internal_count=3235 2078 973 899 1157 1105 1008 97 462 695 617 78 366 74 96
is_linear=0
shrinkage=0.1


Tree=5
num_leaves=16
num_cat=0
split_feature=2 2 9 1 9 5 9 10 8 8 3 2 10 11 7
split_gain=43.8186 11.5755 11.5381 11.4127 10.9348 10.0623 9.82781 7.9162 7.27349 6.70427 7.71089 6.87556 5.50155 6.73528 5.7582
threshold=44.684928557174139 53.033626569664719 5.5856133457614208 48.593215883068979 4.2103362252817949 0.1161132355500868 5.4302618197783952 0.026731990606188253 4.8938629194539294 3.2923633805476133 40.050690711692262 35.768693898000329 0.039071394239686856 0.039146949351820205 3.058952782954131
decision_type=2 2 2 2 2 2 2 2 2 2 2 2 2 2 2
left_child=8 3 6 5 -5 -2 -3 -4 9 11 -11 -1 14 -14 -10
right_child=1 2 7 4 -6 -7 -8 -9 12 10 -12 -13 13 -15 -16
leaf_value=0.10321244090862858 0.002863113471737518 0.019164429465601998 0.013982106482111298 -0.10514194863496094 0.0082132271274399076 0.055546824711127929 -0.1225384749483989 0.06553074482585558 0.046542209699913149 -0.0649600659103656 0.020847332328047714 -0.025682223916566185 0.13428165150673918 0.0012176111867440598 -0.013613517359600025
leaf_weight=6.1277081519365337 52.930107802152634 33.947260618209839 35.458617329597473 8.9797302633523923 162.66001872718334 115.05987800657749 5.7189339101314536 186.37586753070354 17.468577533960342 62.264849618077278 12.590221047401426 12.748137563467024 6.201202958822253 9.8400264978408796 178.60669629275799
leaf_count=21 187 120 125 37 573 392 22 622 62 257 47 50 20 36 664
internal_value=0.0169161 0.0325944 0.0484088 0.020418 0.00228279 0.0389473 -0.0012658 0.0572911 -0.0138989 -0.0370977 -0.0505277 0.0161611 -0.00364776 0.0526574 -0.00825417
internal_weight=906.978 601.13 261.501 339.63 171.64 167.99 39.6662 221.834 305.847 93.7309 74.8551 18.8758 212.117 16.0412 196.075
internal_count=3235 2078 889 1189 610 579 142 747 1157 375 304 71 782 56 726
is_linear=0
shrinkage=0.1


Tree=6
num_leaves=12
num_cat=0
split_feature=2 9 10 8 3 4 5 9 5 6 9
split_gain=35.5985 11.9959 8.21923 10.7632 8.75933 7.10024 16.1043 7.69026 7.34555 4.45901 7.26059
threshold=45.119148599429742 3.5269184822532895 0.026396899829781554 6.2504082918167123 56.223616083662058 0.56936649083596558 0.42434687419282396 6.8443634257390906 0.44865370556357032 4.9990381207361798 4.9136945141698272
decision_type=2 2 2 2 2 2 2 2 2 2 2
left_child=5 -2 3 -3 -4 6 7 -1 -8 10 -7
right_child=1 2 4 -5 -6 9 8 -9 -10 -11 -12
leaf_value=-0.018928471581735225 -0.098327662642682417 -0.067918359474022749 0.034424178863645176 0.021660713378621618 0.14107085658701238 -0.067347140530683969 0.15305883589535266 0.033199225149362591 0.031668676757733161 -0.10494605425506914 0.0089342878434509852
leaf_weight=206.52908040583134 7.2050383388996115 17.581670448184013 496.15731599926949 56.570636361837387 7.8229506015777579 25.966085627675056 8.2736423462629336 32.795143201947212 12.540810033679007 9.6478555500507337 24.020410984754562
leaf_count=786 31 68 1703 197 25 108 28 117 46 38 88
internal_value=0.0152496 0.0299078 0.031506 0.000421324 0.0360796 -0.0115821 -0.00444763 -0.0117853 0.0799207 -0.0427043 -0.030691
internal_weight=905.111 585.338 578.133 74.1523 503.98 319.773 260.139 239.324 20.8145 59.6344 49.9865
internal_count=3235 2024 1993 265 1728 1211 977 903 74 234 196
is_linear=0
shrinkage=0.1


Tree=7
num_leaves=15
num_cat=0
split_feature=2 2 9 1 2 5 0 7 8 8 8 10 11 1
split_gain=29.0308 9.18837 10.6146 9.22424 9.78379 8.1375 6.60556 6.51463 5.53036 6.95018 6.50128 5.43458 7.95778 5.47283
threshold=44.684928557174139 53.033626569664719 8.0837414651848043 48.593215883068979 48.418181515896009 0.1161132355500868 46.708035988083019 3.4996925855254326 5.2606182844610894 5.1122838737012275 4.9365735752617192 0.024109583920698303 0.026892770218073802 47.185337613293278
decision_type=2 2 2 2 2 2 2 2 2 2 2 2 2 2
left_child=8 3 7 5 -5 -2 -4 -3 9 10 -1 13 -13 -10
right_child=1 2 6 4 -6 -7 -8 -9 11 -11 -12 12 -14 -15
leaf_value=-0.031123011349858565 -0.00015025558539443143 -0.0087372975988705866 0.13064791739739501 -0.032779888174166369 0.017100589235414403 0.04721763658592544 0.056159133500231828 0.038301270856687136 -0.018234894104630996 -0.11896454667884744 0.044716541719532626 0.065858505077343962 -0.00279826477052146 -0.13551084860217302
leaf_weight=94.362332746386528 52.944312170147896 35.633264869451523 17.327935218811035 61.081206649541855 110.38977593183517 115.14357249438763 38.039690345525742 169.48250253498554 14.704294174909593 7.9463768750429145 12.841607227921484 19.036819204688072 149.14903841912746 5.4555276632308951
leaf_count=384 187 128 55 222 388 392 128 578 55 32 46 66 551 23
internal_value=0.013741 0.026489 0.0406175 0.0156507 -0.00066778 0.0322977 0.0794713 0.0301296 -0.011463 -0.0287272 -0.0220384 -0.000908099 0.00497294 -0.0499714
internal_weight=903.538 600.042 260.483 339.559 171.471 168.088 55.3676 205.116 303.496 115.15 107.204 188.346 168.186 20.1598
internal_count=3235 2078 889 1189 610 579 183 706 1157 462 430 695 617 78
is_linear=0
shrinkage=0.1


Tree=8
num_leaves=15
num_cat=0
split_feature=2 9 3 10 7 6 9 4 5 0 9 0 0 1
split_gain=23.5711 7.90953 8.15995 9.22666 9.20799 5.82808 6.40056 4.61499 12.3693 6.15583 5.71265 3.83956 10.0708 4.4156
threshold=44.684928557174139 6.4484707849973306 36.676613898614043 0.032083028185146308 2.6202756161395775 7.0880697965621957 9.0867771229838272 0.56936649083596558 0.40948479341664501 52.044054853686525 6.8443634257390906 51.800782503288708 57.499505996704109 44.802130583358725
decision_type=2 2 2 2 2 2 2 2 2 2 2 2 2 2
left_child=7 2 4 -4 -2 6 -3 8 10 -10 -1 13 -13 -9
right_child=1 5 3 -5 -6 -7 -8 11 9 -11 -12 12 -14 -15
leaf_value=-0.018175853338338068 -0.091517284979380817 0.032679231717577834 -0.0036330396494139829 0.061924550717514175 0.0049111384900767767 -0.055029029372935745 0.089457187260353899 -0.038044657789670033 0.034086325873143163 0.14985555504056075 0.029559122297736263 0.065389348164918953 -0.060377071715198329 -0.12571715995280372
leaf_weight=192.47277693450451 10.495708554983137 295.02139912545681 35.375489041209221 54.608772948384285 175.27563707530499 7.1131687909364691 21.287080198526382 22.358926966786388 18.663694709539417 6.0923375189304343 28.825190261006355 10.877294242382051 15.355188891291617 7.7309263944625846
leaf_count=741 43 1009 128 184 618 26 70 90 68 20 103 40 62 33
internal_value=0.0123917 0.0238782 0.0114354 0.0361519 -0.000536874 0.0344873 0.0365003 -0.0103697 -0.00445903 0.0625766 -0.0119581 -0.0361915 -0.00822805 -0.0605702
internal_weight=901.554 599.177 275.756 89.9843 185.771 323.422 316.308 302.376 246.054 24.756 221.298 56.3223 26.2325 30.0899
internal_count=3235 2078 973 312 661 1105 1079 1157 932 88 844 225 102 123
is_linear=0
shrinkage=0.1


Tree=9
num_leaves=16
num_cat=0
split_feature=2 2 10 10 1 7 8 9 10 10 4 7 4 3 8
split_gain=19.1464 7.0297 10.3422 8.36268 7.38205 10.2801 8.30373 6.18269 4.22309 14.218 8.35163 8.79629 7.43734 7.25424 6.4932
threshold=44.684928557174139 58.36693456408274 0.037885263507045505 0.041716168715078959 58.181409675734457 4.0458473978867442 3.5131821744143967 9.0050628977607658 0.032387109690080206 0.03331413159398091 0.071693539648549617 4.6255125686044716 0.15014699148014188 39.418240423260215 4.5320008993148813
decision_type=2 2 2 2 2 2 2 2 2 2 2 2 2 2 2
left_child=8 4 7 -4 6 -6 -2 -3 10 12 14 -12 -10 -11 -1
right_child=1 2 3 -5 5 -7 -8 -9 9 13 11 -13 -14 -15 -16
leaf_value=-0.060728203558720134 -0.058685275528500259 0.021085205025009511 0.16817720013424148 0.029995130032570455 -0.11380089243343616 0.0095888106035310842 0.021857302206286927 0.099963917602747088 0.0078919585395894401 -0.022237612374086071 -0.047272677949401425 0.022131163297445345 0.14903607303699951 0.047490269062194307 0.022019640703974202
leaf_weight=11.273872479796408 13.180920839309691 81.553257405757904 10.972032189369203 7.289347991347312 10.098908662796022 20.374171003699303 443.33795663714409 11.315870583057402 6.0997015386819831 75.484400153160095 98.157238468527794 22.43520912528038 9.6230078488588315 18.596070513129234 59.696913421154022
leaf_count=47 55 282 34 25 39 71 1535 37 23 296 390 82 33 67 219
internal_value=0.0111735 0.0215297 0.044224 0.113019 0.0163509 -0.0313031 0.0195318 0.0306964 -0.00938035 0.00625531 -0.0183426 -0.0343607 0.0942785 -0.00845511 0.00887496
internal_weight=899.489 598.122 111.131 18.2614 486.992 30.4731 456.519 92.8691 301.366 109.803 191.563 120.592 15.7227 94.0805 70.9708
internal_count=3235 2078 378 59 1700 110 1590 319 1157 419 738 472 56 363 266
is_linear=0
shrinkage=0.1


Tree=10
num_leaves=15
num_cat=0
split_feature=2 7 6 9 3 10 1 9 9 1 9 3 6 0
split_gain=16.0781 7.80481 9.39105 8.30468 7.14117 6.70563 6.62778 5.78082 11.2143 8.57309 6.58102 6.41716 6.52999 3.80479
threshold=52.958759360119359 3.4149376282299144 2.9382098309262532 4.7522918299323953 29.716005553618754 0.038161515763810154 47.295105881108768 5.0864781939496426 5.1798083321860533 47.185337613293278 5.2197887210441172 48.624701636980802 2.5001220703125004 65.590740233659758
decision_type=2 2 2 2 2 2 2 2 2 2 2 2 2 2
left_child=7 2 3 -2 6 -6 -3 11 9 -9 -10 13 -13 -1
right_child=1 4 -4 -5 5 -7 -8 8 10 -11 -12 12 -14 -15
leaf_value=-0.016027545687371032 0.10805484581014485 -0.079848470386600132 -0.099015994466085014 -0.021553730171817088 0.041300077814949675 0.09829520519953136 0.023218499894543103 0.020654426946355248 -0.10826634240317499 0.15644406478877818 0.0055488855650655464 0.12661302762937729 -0.019742727600691127 -0.098596697343616369
leaf_weight=160.70758543908596 7.2420426607131985 6.7417733669280997 9.4388754665851575 15.577897548675535 113.84546218812466 25.21448926627636 83.696234166622162 10.083576738834383 5.1406568437814704 8.6276254653930646 432.96858817338943 6.3371779322624189 5.8745462894439697 5.7815599590539923
leaf_count=633 25 25 36 56 388 83 289 37 20 28 1548 21 22 24
internal_value=0.0100771 0.030935 -0.0151222 0.0195783 0.0374089 0.0516345 0.0155353 0.00148625 0.00745138 0.0832662 0.00421341 -0.0137627 0.0562074 -0.0188949
internal_weight=897.278 261.757 32.2588 22.8199 229.498 139.06 90.438 635.521 456.82 18.7112 438.109 178.701 12.2117 166.489
internal_count=3235 902 117 81 785 471 314 2333 1633 65 1568 700 43 657
is_linear=0
shrinkage=0.1


Tree=11
num_leaves=15
num_cat=0
split_feature=2 10 9 8 0 9 10 10 4 5 0 5 2 4
split_gain=13.9246 6.23987 7.11581 6.98721 6.97217 5.71105 4.55383 3.90899 3.60373 10.0047 5.05009 4.92679 3.2732 4.69635
threshold=44.684928557174139 0.026396899829781554 3.7892851214139527 6.2504082918167123 52.388770103454597 7.8470269940226789 0.024545216415283701 0.03331413159398091 0.56936649083596558 0.42434687419282396 63.999434947967536 0.48148808183615527 43.621579336724032 0.62696367519090956
decision_type=2 2 2 2 2 2 2 2 2 2 2 2 2 2
left_child=8 3 7 6 -5 -4 -2 -3 9 10 -1 -11 13 -10
right_child=1 2 5 4 -6 -7 -8 -9 12 11 -12 -13 -14 -15
leaf_value=-0.012948440571687465 0.0054600712109279083 -0.12155752842556151 0.01906246340882152 0.044141345001924473 -0.024719437266090539 0.048461376821767856 -0.094392626396752499 0.0023692608489688468 -0.1185601641076911 0.09998692828447002 0.054742359196343141 -0.0011509569239019251 0.022664969818715405 -0.029050177963958007
leaf_weight=212.27073812484741 7.044736102223399 5.1937489062547666 428.52324710786343 28.896234825253487 29.936624974012375 78.124127998948097 12.987158954143522 4.9913532435894012 6.8938239812850943 13.203409224748613 11.625070750713347 7.5826936960220328 9.2742178291082364 39.148246079683304
leaf_count=817 27 24 1485 98 107 266 51 20 30 45 42 28 36 159
internal_value=0.00908582 0.0179341 0.0219321 -0.00826637 0.00910209 0.0235957 -0.0592768 -0.0608255 -0.00848387 -0.00327262 -0.00943381 0.0630922 -0.031535 -0.0424524
internal_weight=895.695 595.697 516.832 78.8648 58.8329 506.647 20.0319 10.1851 299.998 244.682 223.896 20.7861 55.3163 46.0421
internal_count=3235 2078 1795 283 205 1751 78 44 1157 932 859 73 225 189
is_linear=0
shrinkage=0.1


Tree=12
num_leaves=15
num_cat=0
split_feature=2 9 5 4 1 1 7 9 2 2 2 7 2 9
split_gain=11.6593 6.68312 6.18673 7.90396 5.7152 5.58511 6.71452 10.4238 5.69351 5.32884 4.30014 3.88486 3.73077 3.53185
threshold=52.958759360119359 8.0837414651848043 0.62603939101424266 0.4236492738127709 57.041354662459199 57.274897660339882 5.4163000743018452 6.4560265865980133 49.719588456481581 59.230015322495078 51.342175144425511 4.9325579641667661 49.543340062734522 8.2184493496384281
decision_type=2 2 2 2 2 2 2 2 2 2 2 2 2 2
left_child=5 2 3 -2 13 6 7 -1 -8 -6 12 -4 -7 -3
right_child=1 4 11 -5 9 10 8 -9 -10 -11 -12 -13 -14 -15
leaf_value=-0.0029304256405350351 0.020506916186937479 0.14306997119603546 0.038930884242320475 -0.036067069043332303 -0.057433190791796741 -0.042156921042265372 -0.015526680758938413 0.027140585642235055 -0.1021125118680232 0.058344375116070449 0.02713666372266281 0.12443451334460581 -0.14370386997727372 0.064048368095732694
leaf_weight=406.78957857191563 149.79458285868168 6.9072688817977896 18.628151670098308 29.570030108094215 7.1039323210716274 12.200220003724104 32.989482939243317 160.85597850382328 9.8652983754873258 9.0270622968673688 5.8091338127851477 7.4345775395631781 5.1431632936000815 31.222558632493019
leaf_count=1531 521 22 65 107 26 46 120 559 37 31 20 24 20 106
internal_value=0.00819463 0.0260401 0.0177953 0.0111801 0.0572541 0.000881075 0.00270937 0.00559092 -0.035459 0.00735707 -0.0473286 0.0633214 -0.0722706 0.0783632
internal_weight=893.341 259.688 205.427 179.365 54.2608 633.653 610.5 567.646 42.8548 16.131 23.1525 26.0627 17.3434 38.1298
internal_count=3235 902 717 628 185 2333 2247 2090 157 57 86 89 66 128
is_linear=0
shrinkage=0.1


Tree=13
num_leaves=13
num_cat=0
split_feature=2 9 10 3 8 10 10 11 5 10 3 6
split_gain=10.3104 6.33892 5.93638 6.24306 6.06434 5.29381 9.2004 7.42209 10.7368 9.81192 7.19161 5.45958
threshold=45.119148599429742 3.5269184822532895 0.026396899829781554 56.223616083662058 6.2504082918167123 0.032387109690080206 0.03331413159398091 0.028314967664394505 0.049320308149539756 0.024187778312175254 39.418240423260215 3.1990708554134155
decision_type=2 2 2 2 2 2 2 2 2 2 2 2
left_child=5 -2 4 -4 -3 7 11 9 -9 -1 -8 -7
right_child=1 2 3 -5 -6 6 10 8 -10 -11 -12 -13
leaf_value=-0.04453937679847695 -0.082276473563402341 -0.061786434852221267 0.018980362494553149 0.11059289533360875 0.0058665508830285443 0.15424355680913923 -0.015196840529834957 0.020013925197517213 -0.050213928391256796 0.02973602870391584 0.052015697183795409 0.034446995031004811
leaf_weight=26.081964731216431 6.5787105560302725 17.325709387660027 489.79433304071426 7.5532484501600257 56.321959674358368 6.1306557804346111 78.267465129494667 28.804493755102158 89.141251295804977 55.912290170788765 19.984060063958168 10.025240465998648
leaf_count=103 31 68 1703 25 197 21 308 108 357 207 71 36
internal_value=0.00739165 0.0153235 0.016448 0.0203717 -0.0100489 -0.00718214 0.00997331 -0.0169986 -0.033063 0.00610939 -0.00152602 0.079906
internal_weight=891.921 577.574 570.995 497.348 73.6477 314.347 114.407 199.94 117.946 81.9943 98.2515 16.1559
internal_count=3235 2024 1993 1728 265 1211 436 775 465 310 379 57
is_linear=0
shrinkage=0.1


Tree=14
num_leaves=16
num_cat=0
split_feature=2 6 6 6 10 11 11 4 11 1 9 4 8 4 3
split_gain=8.56046 6.66153 7.26773 10.0795 6.03006 6.59193 5.05288 6.52825 5.90116 5.99299 5.86292 5.60878 4.68549 3.46555 3.17151
threshold=53.033626569664719 3.4390545160646027 2.9932529535144572 2.5001220703125004 0.038161515763810154 0.03574442781993676 0.030554418195202101 1.0159307725261899 0.028413001082011953 44.994294313676868 6.4140642734799806 0.23606926245197368 4.6744084524357339 0.14453172683715823 29.359760536747114
decision_type=2 2 2 2 2 2 2 2 2 2 2 2 2 2 2
left_child=6 2 3 -2 5 -3 8 11 9 -1 -10 -8 -4 -6 -9
right_child=1 4 12 -5 13 -7 7 14 10 -11 -12 -13 -14 -15 -16
leaf_value=0.026697051011142104 -0.051716596433293044 0.029841436752532115 0.026280271143108297 0.067286516583210207 0.11156387370318721 -0.0437281694884274 -0.0012522268549496286 -0.11329187156065967 -0.043660221154840508 -0.012960801543788992 0.0011479649474481774 0.024359638662324299 -0.068337814364890975 0.039788535433207983 -0.013166895435471821
leaf_weight=64.318176612257957 10.930037900805475 154.83708687126637 6.9973059147596386 20.404274836182594 13.218177005648615 13.218881994485853 178.96329426765442 6.1922327727079374 74.321938320994377 93.498494029045105 48.099351078271866 163.72979322075844 20.76489844918251 13.698436215519903 6.4681573361158371
leaf_count=235 41 537 25 69 44 48 653 26 292 348 170 597 77 48 25
internal_value=0.00666317 0.0221781 -0.0072334 0.0257758 0.0310928 0.0240546 0.000461295 0.00837926 -0.00957902 0.00320175 -0.0260551 0.0109845 -0.0444899 0.0750359 -0.0621383
internal_weight=889.661 254.069 59.0965 31.3343 194.973 168.056 635.591 355.353 280.238 157.817 122.421 342.693 27.7622 26.9166 12.6604
internal_count=3235 889 212 110 677 585 2346 1301 1045 583 462 1250 102 92 51
is_linear=0
shrinkage=0.1


Tree=15
num_leaves=15
num_cat=0
split_feature=2 1 10 8 5 3 1 8 6 2 7 4 6 8
split_gain=7.75872 4.18292 8.3427 7.6508 4.43084 7.02783 6.47212 3.34493 5.68945 5.34977 7.24529 6.03155 4.38042 2.20404
threshold=44.684928557174139 41.770941462245581 0.035248388013105508 5.4368735169719011 0.62603939101424266 27.936537370083038 53.205927043781124 4.8938629194539294 3.6586468105466827 35.907596519002993 3.8504885772832735 0.0010480885503061004 3.4621023284271364 4.6257171630859384
decision_type=2 2 2 2 2 2 2 2 2 2 2 2 2 2
left_child=7 2 3 -2 5 -3 -6 8 12 10 -9 -11 -1 -10
right_child=1 4 -4 -5 6 -7 -8 9 13 11 -12 -13 -14 -15
leaf_value=-0.020702646684217597 -0.084482615367438396 -0.0065178081320850928 0.11720707792104582 0.0596448412759664 0.0041280766111979625 0.01756904227944265 0.068208219390483216 0.013096977422429906 -0.052795204833683357 0.051019008778953649 -0.083743195555303712 -0.0011651788520088602 0.063644828658953975 -0.13950638528091616
leaf_weight=69.520483523607254 6.0057033151388195 205.65459449589252 11.1758886128664 9.523612365126608 31.890900760889053 294.73381721973419 31.16377717256546 14.482124820351602 7.5656690150499326 25.913850232958794 16.560294106602669 152.44614741206169 6.755313739180564 4.7855336666107178
leaf_count=288 23 732 36 32 114 1035 106 54 36 91 67 570 27 24
internal_value=0.00600845 0.0126504 0.0513215 0.00390596 0.0108175 0.00766959 0.0357987 -0.00714369 -0.0234281 -0.000251516 -0.0385646 0.00641664 -0.0132325 -0.0863919
internal_weight=888.178 590.148 26.7052 15.5293 563.443 500.388 63.0547 298.029 88.627 209.402 31.0424 178.36 76.2758 12.3512
internal_count=3235 2078 91 55 1987 1767 220 1157 375 782 121 661 315 60
is_linear=0
shrinkage=0.1


Tree=16
num_leaves=10
num_cat=0
split_feature=9 2 10 2 5 8 4 11 2
split_gain=6.75236 8.63517 7.76955 6.92307 6.59081 6.15876 6.16249 6.70151 4.62888
threshold=6.1714423136659127 35.907596519002993 0.023449985515905155 51.000009437545309 0.20098185875760435 6.8750816819010661 1.0237586518643071 0.031000513693102104 40.893238439388384
decision_type=2 2 2 2 2 2 2 2 2
left_child=5 -2 3 -3 -4 6 7 -1 -8
right_child=1 2 4 -5 -6 -7 8 -9 -10
leaf_value=-0.014904363287489696 -0.093091842201780031 -0.089430854311850355 0.0041084032548345762 0.028530645733534241 0.029937959943565712 -0.11468259114372706 0.01422245387757759 0.010457324958912594 -0.10760976882661039
leaf_weight=175.08800333738327 7.3600173443555823 12.726880118250849 168.99053236842155 8.1686254143714887 237.80195814371109 4.8976053148508063 4.6717742979526511 257.290985673666 9.379869803786276
leaf_count=677 30 50 599 28 829 20 19 944 39
internal_value=0.00541499 0.0143049 0.0161531 -0.0433165 0.0192078 -0.00315423 -0.00193069 0.000187336 -0.067104
internal_weight=886.376 435.048 427.688 20.8955 406.792 451.328 446.431 432.379 14.0516
internal_count=3235 1536 1506 78 1428 1699 1679 1621 58
is_linear=0
shrinkage=0.1


Tree=17
num_leaves=15
num_cat=0
split_feature=9 2 9 8 1 2 11 3 3 5 0 2 5 1
split_gain=5.66073 7.13409 6.97615 9.00538 4.74517 4.49444 4.43927 7.94355 7.2038 6.9245 6.717 6.40331 4.52676 3.11399
threshold=5.0864781939496426 35.907596519002993 5.1798083321860533 4.9365735752617192 45.547909841743298 57.471103499266825 0.033176741370973206 32.149358891335943 36.676613898614043 0.030642578293443502 44.257879495620735 38.899847637884882 0.37077183348740356 42.302027234051941
decision_type=2 2 2 2 2 2 2 2 2 2 2 2 2 2
left_child=6 4 3 -3 13 -4 7 10 11 -9 -1 -8 -10 -2
right_child=1 2 5 -5 -6 -7 8 9 12 -11 -12 -13 -14 -15
leaf_value=0.045512182366987959 -0.04166307443380686 -0.022192011456499516 0.0051542819056974391 0.11503071665273375 0.031854812713016087 0.026755034715133491 -0.077519454245650196 0.037300364271228563 0.011435311552880814 -0.06845519403576257 -0.023776823324659083 0.0038431693961945936 0.091383802426047475 -0.13524677954480319
leaf_weight=21.699444845318794 9.1224979758262652 7.317129239439967 527.94256396591663 13.805953130125998 5.3170787543058387 117.82153686881065 12.249219879508017 7.2497400194406501 15.4572029709816 42.407354280352592 39.384510904550552 45.989260673522949 13.071109205484388 5.8266675919294348
leaf_count=85 37 27 1885 46 20 415 53 28 56 176 161 176 45 25
internal_value=0.00488037 0.00916895 0.0109452 0.0674962 -0.0492807 0.0090954 -0.0100401 -0.0233106 0.00689708 -0.0530153 0.000837381 -0.0132697 0.0480661 -0.0781388
internal_weight=884.661 687.153 666.887 21.1231 20.2662 645.764 197.508 110.741 86.7668 49.6571 61.084 58.2385 28.5283 14.9492
internal_count=3235 2455 2373 73 82 2300 780 450 330 204 246 229 101 62
is_linear=0
shrinkage=0.1


Tree=18
num_leaves=12
num_cat=0
split_feature=9 2 10 2 0 3 4 4 6 2 5
split_gain=4.93782 6.4664 6.29546 5.59601 5.42838 5.40556 8.39204 6.56083 5.70755 6.59662 1.77973
threshold=6.1714423136659127 35.907596519002993 0.023449985515905155 51.000009437545309 68.005515098571792 36.035765459097654 1.0237586518643071 0.90637588500976574 5.0552442737389365 31.656472483469901 1.0014061399365246
decision_type=2 2 2 2 2 2 2 2 2 2 2
left_child=5 -2 3 -3 -4 6 7 -1 9 -7 -8
right_child=1 2 4 -5 -6 8 10 -9 -10 -11 -12
leaf_value=-0.010289616434872339 -0.082613117261907121 -0.081945950641315463 0.017738493121749372 0.024449887822434034 -0.079542557815264647 0.11795282977643079 -0.13874776205327469 0.062723617806474355 -0.091742714780216478 0.012658605918371502 -0.053920323119322391
leaf_weight=290.85003405809402 7.102992132306098 12.587301641702654 399.4856396317482 8.1404506564140302 5.8196261823177329 6.2474728673696509 5.4677760154008848 12.850864946842192 4.9472755789756766 124.93305642902851 4.5162160694599152
leaf_count=1108 30 50 1406 28 22 22 25 49 20 457 18
internal_value=0.00439413 0.012015 0.0135927 -0.0401609 0.0163417 -0.00294418 -0.0101657 -0.00720012 0.0136968 0.0176732 -0.100376
internal_weight=882.949 433.136 426.033 20.7278 405.305 449.813 313.685 303.701 136.128 131.181 9.98399
internal_count=3235 1536 1506 78 1428 1699 1200 1157 499 479 43
is_linear=0
shrinkage=0.1


Tree=19
num_leaves=11
num_cat=0
split_feature=9 2 9 8 7 3 0 8 9 8
split_gain=4.33195 5.09067 5.79751 7.26261 4.11575 3.79938 4.52118 5.06925 3.51043 3.24267
threshold=5.0864781939496426 35.907596519002993 5.1798083321860533 4.9365735752617192 4.2747428536601797 51.599637654493428 65.590740233659758 5.4259615361224869 9.0867771229838272 6.3650466760929598
decision_type=2 2 2 2 2 2 2 2 2 2
left_child=5 4 3 -3 9 6 7 -1 -4 -2
right_child=1 2 8 -5 -6 -7 -8 -9 -10 -11
leaf_value=-0.013449657963260968 -0.061264151065558527 -0.019916028456064341 0.006032044489308528 0.10327678382598281 -0.098447894373223654 0.051805369683512972 -0.097789779452635076 0.06099817803128943 0.044488113937552837 0.043496840161068348
leaf_weight=171.14781333506107 5.5189455449581164 7.3125576078891781 619.19834312796593 13.847325727343557 7.8634124696254721 9.726004481315611 5.9882168471813193 9.6625384837388975 24.683491513133049 6.3590150624513626
leaf_count=685 23 27 2213 46 35 34 26 35 87 24
internal_value=0.00395748 0.00771335 0.00919886 0.0607031 -0.04233 -0.0091297 -0.0123024 -0.00947115 0.00750627 -0.00517904
internal_weight=881.308 684.783 665.042 21.1599 19.7414 196.525 186.799 180.81 643.882 11.878
internal_count=3235 2455 2373 73 82 780 746 720 2300 47
is_linear=0
shrinkage=0.1


Tree=20
num_leaves=14
num_cat=0
split_feature=2 2 6 11 6 1 7 7 10 9 2 4 5
split_gain=3.80907 6.68779 5.26792 6.68675 5.23623 5.16327 5.60243 5.97111 5.56145 4.69412 4.1567 3.72848 2.04104
threshold=53.033626569664719 53.861741501998509 3.4270095825195317 0.028354886002652853 2.9932529535144572 57.734519380489765 5.4163000743018452 4.7052579722607204 0.03331413159398091 6.11126615944245 51.342175144425511 0.23606926245197368 0.15875514179805467
decision_type=2 2 2 2 2 2 2 2 2 2 2 2 2
left_child=5 9 4 -4 -3 6 7 -1 -8 -2 11 -7 -11
right_child=1 2 3 -5 -6 10 8 -9 -10 12 -12 -13 -14
leaf_value=-0.0004895172581275061 -0.0045728631954807001 0.010625833012340172 -0.019406213984840867 0.027484725554542285 -0.053621717812965278 -0.14726786529479216 -0.017904650859972279 0.028998343873335469 -0.11525177624601748 0.041587314587282466 0.019075966115745017 -0.039283211610384353 0.10838316993070836
leaf_weight=488.35471472144127 8.1142081767320651 26.528693899512291 39.624154716730118 130.80112011730671 24.309910759329796 5.3312864303588885 35.989189341664314 79.906233087182045 7.0121561288833609 6.9702603667974499 5.775019332766532 7.9888402372598648 13.309874519705771
leaf_count=1834 29 95 143 464 90 22 132 281 27 24 20 30 44
internal_value=0.00356417 0.0140182 0.0081551 0.0165825 -0.0200959 -0.00057624 0.00102338 0.00365693 -0.0337789 0.0597068 -0.0517823 -0.0825033 0.0854255
internal_weight=880.016 249.658 221.264 170.425 50.8386 630.357 611.262 568.261 43.0013 28.3943 19.0951 13.3201 20.2801
internal_count=3235 889 792 607 185 2346 2274 2115 159 97 72 52 68
is_linear=0
shrinkage=0.1


Tree=21
num_leaves=15
num_cat=0
split_feature=11 8 7 6 10 10 7 7 5 5 6 4 8 9
split_gain=3.47087 5.76916 5.50217 7.45189 10.9641 6.22495 5.89324 11.4249 8.1054 5.33597 5.26113 10.064 7.18723 5.03484
threshold=0.031039137573036654 4.250846519029813 4.803931721654787 6.0004882812500009 0.033978916637330457 0.036714956305323211 4.5220187386136397 4.3334685720728974 0.39927065955404945 0.4444269053617349 2.7501831054687504 0.071693539648549617 4.6257171630859384 4.1777306695916678
decision_type=2 2 2 2 2 2 2 2 2 2 2 2 2 2
left_child=1 9 6 5 -5 -4 7 -2 -8 13 11 -3 -12 -1
right_child=2 10 3 4 -6 -7 8 -9 -10 -11 12 -13 -14 -15
leaf_value=0.0063265335464221572 0.0033275409787786574 0.16252359543777911 0.068588453942591651 0.039021608390328949 -0.15242783515263872 -0.0023078334710678896 -0.0056744510452816244 0.071263516024770795 -0.10952656683559046 -0.11756551397944237 0.069719180957240376 0.0046956084763408647 -0.0050895186083517504 -0.083826447345103569
leaf_weight=19.665119141340259 312.61775606870651 5.7110427320003536 44.059325531125069 7.6443575918674451 4.9143953919410706 17.227259084582329 29.635997548699379 26.883234202861786 10.068476065993307 7.3496257960796347 13.322353705763815 13.809641122817991 356.72271549701691 9.0436367988586408
leaf_count=82 1153 19 151 27 20 63 108 92 39 35 51 50 1308 37
internal_value=0.00321515 -0.00326919 0.00930694 0.0342799 -0.0358949 0.04866 0.00444379 0.00870702 -0.0320098 -0.0415367 0.000272869 0.0508703 -0.00239626 -0.0220728
internal_weight=878.675 425.624 453.051 73.8453 12.5588 61.2866 379.205 339.501 39.7045 36.0584 389.566 19.5207 370.045 28.7088
internal_count=3235 1582 1653 261 47 214 1392 1245 147 154 1428 69 1359 119
is_linear=0
shrinkage=0.1


Tree=22
num_leaves=14
num_cat=0
split_feature=2 1 1 4 9 3 10 0 0 0 10 2 4
split_gain=3.39981 4.01293 12.965 10.2464 7.21358 4.76692 4.47165 3.1815 10.8347 8.70204 6.07684 4.71887 4.00358
threshold=44.684928557174139 43.2386897599172 43.649707499786253 0.058457378356508556 5.2966839504862824 19.34860107789763 0.035248388013105508 63.999434947967536 59.423654506885377 65.590740233659758 0.030503371891583152 40.473739669783306 0.72046369337590488
decision_type=2 2 2 2 2 2 2 2 2 2 2 2 2
left_child=7 3 -3 6 -5 -4 -2 8 12 -9 -10 -11 -1
right_child=1 2 5 4 -6 -7 -8 9 10 11 -12 -13 -14
leaf_value=0.00049849316518731904 -0.069385008751805602 -0.10637242966787029 -0.016952385972943681 -0.018679391228133627 0.088541851583841605 0.010746284702205823 0.037784714708856693 0.13371565529858817 -0.15260066197223432 0.047319531634189255 -0.025663271668255966 -0.076825726918641701 -0.039673031053479989
leaf_weight=233.45353549718857 10.745751693844797 10.303251951932905 72.126991480588913 8.1292342096567136 27.503781288862228 448.39634354412556 6.1054530292749396 5.9611172080040005 7.7587883174419385 6.2398783266544324 7.338382750749588 6.0115900635719299 27.759144842624664
leaf_count=905 40 39 264 30 91 1593 21 20 36 23 29 26 118
internal_value=0.00289537 0.00731749 0.00470943 0.0336956 0.0640806 0.00690818 -0.0305558 -0.00586278 -0.00853114 0.0346199 -0.0908994 -0.0135965 -0.00377055
internal_weight=877.833 583.311 530.827 52.4842 35.633 520.523 16.8512 294.522 276.31 18.2126 15.0972 12.2515 261.213
internal_count=3235 2078 1896 182 121 1857 61 1157 1088 69 65 49 1023
is_linear=0
shrinkage=0.1


Tree=23
num_leaves=6
num_cat=0
split_feature=0 3 6 2 6
split_gain=3.20143 3.58449 3.57101 8.89451 7.39029
threshold=70.686206795275226 61.532406825597739 2.5320687931282517 35.768693898000329 2.6731015721115914
decision_type=2 2 2 2 2
left_child=1 2 3 -1 -4
right_child=-2 -3 4 -5 -6
leaf_value=0.081904708938930509 -0.073851212440079528 0.08178018457445535 0.06726969761295247 -0.033542786011998907 0.0029198194474569159
leaf_weight=7.5569356828927985 5.4423254132270804 5.7498589903116217 18.263747930526733 57.084713757038116 782.18275326490402
leaf_count=27 22 20 65 228 2873
internal_value=0.0026075 0.00308533 0.00256228 -0.0200464 0.00438809
internal_weight=876.28 870.838 865.088 64.6416 800.447
internal_count=3235 3213 3193 255 2938
is_linear=0
shrinkage=0.1


Tree=24
num_leaves=8
num_cat=0
split_feature=9 5 8 2 7 6 5
split_gain=3.17221 6.2104 4.28952 2.89228 8.70466 5.00947 1.79505
threshold=9.0867771229838272 0.1699207141574178 9.4061892849345465 38.899847637884882 2.4486092213429576 2.5320687931282517 0.46478847594106848
decision_type=2 2 2 2 2 2 2
left_child=2 -2 3 4 -1 -5 -3
right_child=1 6 -4 5 -6 -7 -8
leaf_value=0.051537249594550409 -0.029281780068801163 0.10097555366813769 -0.069009751498825586 -0.025719264948993698 -0.026208324068861328 0.0065189096844655613 0.030557377315493767
leaf_weight=17.221994087100029 8.8301042318344134 10.027735799551008 8.5835481733083707 51.844062834978104 87.92682084441185 685.81949439644814 5.6650596261024466
leaf_count=64 33 35 33 206 358 2486 20
internal_value=0.00234647 0.0378057 0.00132514 0.00204146 -0.0134746 0.00425316 0.0755548
internal_weight=875.919 24.5229 851.396 842.812 105.149 737.664 15.6928
internal_count=3235 88 3147 3114 422 2692 55
is_linear=0
shrinkage=0.1


Tree=25
num_leaves=14
num_cat=0
split_feature=9 0 0 9 6 2 11 0 5 3 3 3 10
split_gain=2.83182 7.87205 5.93458 4.79398 4.78156 6.83201 4.03072 3.5903 7.28744 3.456 3.2744 2.58545 0.762167
threshold=4.3100066375611261 44.149799346923835 41.318714625295328 4.4192613670250394 2.8577164666112371 36.872968065762286 0.038325725964566605 35.906445264816291 0.12118485211727327 30.205650096629274 4.5961940777125596 31.316332288754669 0.031310615525713008
decision_type=2 2 2 2 2 2 2 2 2 2 2 2 2
left_child=1 2 11 9 5 -3 -6 8 -5 -2 -9 -1 -4
right_child=3 4 12 7 6 -7 -8 10 -10 -11 -12 -13 -14
leaf_value=0.025994767367419448 0.11639634054869891 0.050470392268087985 0.11389982051072212 -0.031023206998440474 -0.085215790296684288 -0.044349967267923458 0.015234227506475224 0.044605178440663022 0.064475539172731952 0.014790602304345219 0.00043304054284652634 -0.054049749971647514 0.060354198278808738
leaf_weight=9.518395617604261 6.4014644175767881 11.94824932515621 5.4569734632968885 11.811181768774984 21.812374219298366 20.874483123421669 4.890289604663848 17.181567505002022 24.702724114060402 7.0173346847295761 720.99670813977718 7.0050341784954062 5.1832254081964493
leaf_count=39 24 44 21 43 100 93 19 60 84 28 2631 29 20
internal_value=0.00211475 -0.0150402 0.0295684 0.00400173 -0.0353968 -0.00983312 -0.0668195 0.00297526 0.0335845 0.0632618 0.00146118 -0.00793975 0.0878158
internal_weight=874.8 86.689 27.1636 788.111 59.5254 32.8227 26.7027 774.692 36.5139 13.4188 738.178 16.5234 10.6402
internal_count=3235 365 109 2870 256 137 119 2818 127 52 2691 68 41
is_linear=0
shrinkage=0.1


Tree=26
num_leaves=14
num_cat=0
split_feature=11 9 1 2 2 11 1 2 2 6 9 6 5
split_gain=2.73399 5.03924 7.27442 5.47387 6.91498 5.66227 4.85773 6.462 6.5073 5.72044 4.35022 3.94254 3.61156
threshold=0.031039137573036654 8.3345357245677345 50.51249784442868 60.390120125538786 61.083803319222845 0.031344089843959304 58.181409675734457 56.463800365608698 61.284674194274153 5.2679184303830731 7.2244294235042394 5.1238268449278079 0.29444759796051662
decision_type=2 2 2 2 2 2 2 2 2 2 2 2 2
left_child=6 3 -3 5 -5 -2 7 10 -9 12 -1 -4 -8
right_child=1 2 11 4 -6 -7 9 8 -10 -11 -12 -13 -14
leaf_value=-0.012952921156924223 0.060713468495153022 -0.035853767606742602 0.040454583090291693 0.14197068286319064 0.022813574021844335 -0.00040610095688865268 -0.12915291192576478 0.055106849344213484 -0.015706453409067341 0.011804110621822364 0.012930245270412517 0.15600181984443101 -0.034884563981487572
leaf_weight=252.44225768744946 15.779234543442724 5.422812998294833 5.382862836122511 5.9631396681070319 26.573478803038597 384.73983587324619 8.1804727017879539 36.795133918523788 20.047129690647125 10.711209267377852 87.421706840395927 6.5415466725826263 8.0765310823917371
leaf_count=970 56 20 20 20 96 1419 33 128 73 38 310 22 30
internal_value=0.00189902 0.00732327 0.0601725 0.00520625 0.0446521 0.00200182 -0.00386742 -0.00107557 0.0301324 -0.0449359 -0.00629511 0.103842 -0.0823201
internal_weight=874.077 450.403 17.3472 433.056 32.5366 400.519 423.674 396.706 56.8423 26.9682 339.864 11.9244 16.257
internal_count=3235 1653 62 1591 116 1475 1582 1481 201 101 1280 42 63
is_linear=0
shrinkage=0.1


Tree=27
num_leaves=12
num_cat=0
split_feature=9 9 2 5 10 10 3 0 2 0 11
split_gain=2.43061 5.02413 4.34549 4.02063 3.09327 10.2448 9.05625 8.86891 7.21385 6.55465 3.92811
threshold=3.9910999841311967 3.8574809348075361 47.852531705186486 0.22176497485139465 0.038161515763810154 0.036513967480249807 33.048532271859919 56.942563114496814 60.390120125538786 57.499505996704109 0.040540997171544212
decision_type=2 2 2 2 2 2 2 2 2 2 2
left_child=1 2 3 -1 5 9 -7 8 -6 -2 -9
right_child=4 -3 -4 -5 7 6 -8 10 -10 -11 -12
leaf_value=-0.031048870354039405 0.0080836256545500067 -0.10765186003534609 -0.082021041503605854 0.030817266375084591 -0.0037945403502211445 -0.092827167006235903 0.0024202324524287429 0.046001204086934054 0.083728101836761257 -0.018370926351718966 0.14456737446783638
leaf_weight=18.786040171980858 557.19570916891098 5.6821842640638343 6.8954614996910086 23.830220192670822 79.899225771427155 21.398312240839005 18.711864098906517 10.068943053483965 10.675573527812956 112.58281181752682 6.7561938464641562
leaf_count=79 2036 26 35 98 292 83 68 36 39 421 22
internal_value=0.00171838 -0.0185922 -0.00837127 0.00354552 0.00309001 0.000697086 -0.0483931 0.0189067 0.00652129 0.00363689 0.0855808
internal_weight=872.483 55.1939 49.5117 42.6163 817.289 709.889 40.1102 107.4 90.5748 669.779 16.8251
internal_count=3235 238 212 177 2997 2608 151 389 331 2457 58
is_linear=0
shrinkage=0.1


Tree=28
num_leaves=15
num_cat=0
split_feature=3 0 8 6 11 8 9 9 10 3 2 10 0 10
split_gain=2.3362 6.96403 11.0395 7.3262 6.57213 5.67285 5.57058 4.19262 8.31667 7.62272 4.79087 3.1453 8.88694 6.09762
threshold=25.948338011779242 47.000053405761726 6.4316427734302133 4.4946961785899484 0.030677739403035253 8.2505193862862161 7.1616623482192781 8.0837414651848043 0.028857870793450102 33.789916004398776 56.894242794487063 0.037885263507045505 51.711388372950942 0.037525170765648062
decision_type=2 2 2 2 2 2 2 2 2 2 2 2 2 2
left_child=1 5 3 -3 -4 6 -1 11 9 -9 -10 13 -13 -2
right_child=7 2 4 -5 -6 -7 -8 8 10 -11 -12 12 -14 -15
leaf_value=0.007933232326496566 0.00069335126048527998 -0.066375063375252341 -0.020079477509269108 0.0077483512285685622 0.031559011419146549 -0.063783158942578119 0.066530672524472298 -0.061394434545015399 0.12042999288040464 0.048033080096837363 0.034079327257544326 -0.0041399068025323137 0.062732859596758894 -0.092094010787532099
leaf_weight=117.84256285429001 407.69719113409519 55.226040497422218 55.834975868463516 17.5785301476717 44.123991727828979 9.5337268859148008 18.813497126102448 13.037695914506914 11.552949279546739 12.439768269658087 14.475836291909216 54.838201269507408 31.167029097676277 7.2076457142829886
leaf_count=441 1516 224 203 65 156 36 64 49 39 44 56 202 112 28
internal_value=0.00154836 -0.00526597 -0.0188585 -0.0484781 0.00271484 0.0107973 0.0160004 0.00548281 0.0326509 -0.00796475 0.0724063 0.00268924 0.0200938 -0.000918533
internal_weight=871.37 318.953 172.764 72.8046 99.959 146.19 136.656 552.416 51.5062 25.4775 26.0288 500.91 86.0052 414.905
internal_count=3235 1189 648 289 359 541 505 2046 188 93 95 1858 314 1544
is_linear=0
shrinkage=0.1


Tree=29
num_leaves=8
num_cat=0
split_feature=9 5 8 5 1 5 5
split_gain=2.32347 5.02416 3.85714 2.19705 7.90144 7.50477 1.96432
threshold=9.0867771229838272 0.22222443992567584 9.4061892849345465 0.63107712310449482 53.031563166758609 0.58538446957291401 0.46478847594106848
decision_type=2 2 2 2 2 2 2
left_child=2 -2 3 5 -5 -1 -3
right_child=1 6 -4 4 -6 -7 -8
leaf_value=0.0010712760279344546 -0.021130818620762576 0.10279935827230469 -0.066362983977543255 -0.0061943693260544767 0.055109162312779195 -0.061481385272616242 0.025814621642646224
leaf_weight=726.40244419872761 10.176180660724642 8.1686233133077604 8.5330505818128568 58.456092819571495 32.834642320871353 19.700027853250504 5.5773924887180319
leaf_count=2688 38 30 33 232 118 76 20
internal_value=0.00139884 0.0321324 0.000529721 0.00121136 0.0158547 -0.000580359 0.0715631
internal_weight=869.848 23.9222 845.926 837.393 91.2907 746.102 13.746
internal_count=3235 88 3147 3114 350 2764 50
is_linear=0
shrinkage=0.1


Tree=30
num_leaves=5
num_cat=0
split_feature=0 3 7 9
split_gain=2.39057 3.00421 2.33728 3.27257
threshold=70.686206795275226 61.532406825597739 6.8027830895224026 9.0867771229838272
decision_type=2 2 2 2
left_child=1 2 3 -1
right_child=-2 -3 -4 -5
leaf_value=0.0006583586755251129 -0.065674167802570599 0.074505437312789843 -0.06258521666960562 0.041425498256663029
leaf_weight=832.43501842021942 5.3029532432556143 5.6265844404697409 5.7073026448488227 20.168114021420479
leaf_count=3096 22 20 22 75
internal_value=0.00126233 0.00167319 0.00119575 0.0016227
internal_weight=869.24 863.937 858.31 852.603
internal_count=3235 3213 3193 3171
is_linear=0
shrinkage=0.1


Tree=31
num_leaves=13
num_cat=0
split_feature=11 4 5 7 8 1 3 9 1 6 8 10
split_gain=2.03947 4.63137 6.33477 4.21718 3.8938 3.80253 4.7383 5.5139 4.8963 4.65631 3.44898 2.13893
threshold=0.031039137573036654 1.0159307725261899 0.88211057953125993 4.3076472080302235 9.1643366217613238 58.181409675734457 20.608990408600928 7.2244294235042394 44.994294313676868 5.2679184303830731 6.8431507923178296 0.037525170765648062
decision_type=2 2 2 2 2 2 2 2 2 2 2 2
left_child=5 2 4 11 -2 6 8 -8 -1 10 -7 -3
right_child=1 3 -4 -5 -6 9 7 -9 -10 -11 -12 -13
leaf_value=0.0070187732430608404 0.0049336544420035024 -0.13891954552876346 0.10338825192038635 0.02086630796657718 0.079569755828874655 -0.030389388781145596 -0.0042536305318514435 0.025018553925591203 -0.042829890354454801 0.011039674584963034 -0.12301932727241499 -0.042687434691489612
leaf_weight=32.95726914703846 418.91917639970779 4.5908265113830549 6.8108913153409949 5.3798177391290656 7.1085864156484595 8.49708896875382 222.08728110790253 90.601997420191765 49.000407561659813 10.631365418434141 7.6283024400472632 4.6483339965343475
leaf_count=125 1541 21 25 20 26 33 845 324 187 38 30 20
internal_value=0.00113721 0.00583893 0.00770864 -0.0495195 0.00617901 -0.00385519 -0.00138176 0.00422801 -0.0227845 -0.0403368 -0.074209 -0.090504
internal_weight=868.861 447.458 432.839 14.619 426.028 421.404 394.647 312.689 81.9577 26.7568 16.1254 9.23916
internal_count=3235 1653 1592 61 1567 1582 1481 1169 312 101 63 41
is_linear=0
shrinkage=0.1


Tree=32
num_leaves=11
num_cat=0
split_feature=6 6 10 3 10 0 5 11 5 10
split_gain=2.09314 13.2017 5.82582 5.61632 4.99639 5.72493 4.36914 2.6247 5.6077 4.51692
threshold=5.0552442737389365 4.9528097847358588 0.040497607827240011 22.114996664234621 0.037038488735456107 42.19059194019065 0.13560704250001343 0.026221182301880256 0.61356769277693457 0.026062871397919653
decision_type=2 2 2 2 2 2 2 2 2 2
left_child=1 7 4 -3 5 -2 -5 8 -1 -9
right_child=2 3 -4 6 -6 -7 -8 9 -10 -11
leaf_value=-0.031338256913188173 0.079559300384855841 0.14115950361393056 0.0903868564083989 0.1091761526734778 -0.096017900350275118 -0.012872597785745218 0.0061172000014766198 0.047238108257058577 0.075016766797041473 0.00092786856845837845
leaf_weight=48.39081808924675 7.0137659609317771 8.2543462514877337 5.7071025818586341 6.2835684865713146 6.8461088091135016 150.16935946047306 11.911894276738165 21.833013147115707 5.5234368294477454 595.96709363907576
leaf_count=188 24 27 21 21 27 557 45 80 20 2225
internal_value=0.00102511 0.00344655 -0.00893481 0.0727439 -0.0123905 -0.00874814 0.0417073 0.000717858 -0.0204423 0.00256447
internal_weight=867.901 698.164 169.736 26.4498 164.029 157.183 18.1955 671.714 53.9143 617.8
internal_count=3235 2606 629 93 608 581 66 2513 208 2305
is_linear=0
shrinkage=0.1


Tree=33
num_leaves=7
num_cat=0
split_feature=7 9 5 8 2 8
split_gain=1.912 2.46619 4.62586 2.89577 1.91519 0.866739
threshold=6.8027830895224026 9.0867771229838272 0.1699207141574178 9.4061892849345465 38.899847637884882 10.380048255427488
decision_type=2 2 2 2 2 2
left_child=1 3 -3 4 -1 -4
right_child=-2 2 5 -5 -6 -7
leaf_value=-0.011638416204714274 -0.056744951017463963 -0.024787010519750408 0.048697928749165974 -0.058538097648024347 0.0028769809499243257 0.10215538813140351
leaf_weight=103.82489010691643 5.7111553996801367 7.6341352313756969 6.2711240947246534 8.230446979403494 730.05668327212334 5.8738517612218857
leaf_count=421 22 29 25 32 2685 21
internal_value=0.000924775 0.00130691 0.0362104 0.000487117 0.0010697 0.0745523
internal_weight=867.602 861.891 19.7791 842.112 833.882 12.145
internal_count=3235 3213 75 3138 3106 46
is_linear=0
shrinkage=0.1


Tree=34
num_leaves=16
num_cat=0
split_feature=3 3 2 0 6 8 7 4 9 10 0 2 7 4 1
split_gain=1.82356 5.76696 10.6609 5.61923 7.09326 5.84506 5.171 3.42657 2.89182 6.74574 7.00529 4.26981 3.09175 9.48004 3.47829
threshold=25.948338011779242 24.386068760013661 46.600770316928525 47.144059997925076 4.5935117793178515 8.2505193862862161 3.9689012989488091 0.17622681247303265 8.0837414651848043 0.028857870793450102 46.708035988083019 56.894242794487063 5.7528151974716772 0.23606926245197368 59.609575262717215
decision_type=2 2 2 2 2 2 2 2 2 2 2 2 2 2 2
left_child=1 3 6 5 -5 -1 -3 -4 12 10 -10 -11 14 -14 -2
right_child=8 2 7 4 -6 -7 -8 -9 9 11 -12 -13 13 -15 -16
leaf_value=0.021135135549712733 0.0022787143838311542 -0.14306070816632366 -0.026326099178009068 -0.035332120042722175 0.0094143397154482361 -0.067258606786407091 -0.043155745243883284 0.046142846722120892 0.085457134794882761 0.11049095162948636 -0.038804472663726296 0.027255443077459057 -0.15673471866264535 0.023314679300962302 0.075342838710271545
leaf_weight=120.13120871782303 480.68367324024439 9.962239161133768 15.371678173542024 71.843393936753273 69.889573380351067 7.9775394648313513 10.794488266110418 11.336461678147314 5.9439547210931805 11.033552542328836 19.164371356368065 13.961376950144766 4.8244406282901746 7.4249842166900635 6.6051816493272772
leaf_count=443 1787 44 56 280 254 30 42 40 21 39 72 56 20 27 24
internal_value=0.000834255 -0.00520195 -0.0373461 0.000452176 -0.0132673 0.0156307 -0.0911054 0.00443387 0.00431894 0.0272222 -0.00938772 0.0639982 0.00202176 -0.0475978 0.0032691
internal_weight=866.948 317.307 47.4649 269.842 141.733 128.109 20.7567 26.7081 549.642 50.1033 25.1083 24.9949 499.538 12.2494 487.289
internal_count=3235 1189 182 1007 534 473 86 96 2046 188 93 95 1858 47 1811
is_linear=0
shrinkage=0.1


Tree=35
num_leaves=11
num_cat=0
split_feature=6 6 11 10 10 4 5 0 1 11
split_gain=1.7529 10.751 4.85457 5.07685 4.10795 3.3464 2.98455 6.52777 6.19286 0.993572
threshold=5.0552442737389365 4.9833144455915326 0.039558137521269902 0.037038488735456107 0.030195266501801505 0.56936649083596558 0.42434687419282396 51.800782503288708 56.329173798484518 0.031098916402283901
decision_type=2 2 2 2 2 2 2 2 2 2
left_child=1 6 3 4 -2 9 8 -8 -1 -3
right_child=2 5 -4 -5 -6 -7 7 -9 -10 -11
leaf_value=0.000406928329476334 -0.019531521505365815 0.078848692327581488 0.082345999804244008 -0.095375305830152801 0.014648112028031339 0.0097228271374736261 -0.0030910538013452348 0.037048064538055217 -0.038836082356872401 0.13250193128387164
leaf_weight=461.5877166390419 102.8349321782589 8.0760612934827822 5.6978160440921775 6.9196778982877722 53.434808477759361 5.484505057334899 105.99948913604021 65.584811761975288 44.050629943609238 6.0274863243103018
leaf_count=1720 384 28 21 28 196 21 405 244 168 20
internal_value=0.000752465 0.00296779 -0.00838771 -0.0115557 -0.00784415 0.0760037 0.000855287 0.0122514 -0.00301188 0.101779
internal_weight=865.698 696.811 168.887 163.189 156.27 19.5881 677.223 171.584 505.638 14.1035
internal_count=3235 2606 629 608 580 69 2537 649 1888 48
is_linear=0
shrinkage=0.1


Tree=36
num_leaves=12
num_cat=0
split_feature=9 9 2 11 6 4 6 10 6 0 8
split_gain=1.73396 4.23871 3.63369 3.53233 2.743 7.61428 8.86934 7.46753 5.94404 5.83829 3.54003
threshold=3.9910999841311967 3.8574809348075361 47.852531705186486 0.027949434421806852 3.2257758079355416 0.28410855797119444 2.5001220703125004 0.032887516894324655 3.4497825503349309 35.906445264816291 6.8894552830679467
decision_type=2 2 2 2 2 2 2 2 2 2 2
left_child=1 2 3 -1 5 6 -2 -7 10 -10 -6
right_child=4 -3 -4 -5 8 7 -8 -9 9 -11 -12
leaf_value=0.071476319584092493 -0.02481452889009313 -0.10021479603994501 -0.076580698335188394 -0.0088067096758605596 -0.024354704734847455 -0.056977165575430089 0.044549540041966519 0.016826059255595147 0.073977098575778041 0.00048879204362277449 -0.11157731049000622
leaf_weight=6.4633368849754325 23.710279375314713 5.454140603542327 6.5562490448355666 36.037122577428818 50.017247200012207 25.066501036286354 82.84007902443409 30.259548366069794 11.014797300100325 583.08654799312353 5.1304661929607382
leaf_count=26 89 26 35 151 188 99 294 111 38 2158 20
internal_value=0.000679558 -0.016585 -0.00728698 0.00340248 0.0018398 0.013486 0.0291142 -0.0166119 -0.00106392 0.00185128 -0.0324691
internal_weight=865.636 54.5108 49.0567 42.5005 811.125 161.876 106.55 55.326 649.249 594.101 55.1477
internal_count=3235 238 212 177 2997 593 383 210 2404 2196 208
is_linear=0
shrinkage=0.1


Tree=37
num_leaves=14
num_cat=0
split_feature=2 0 7 0 3 7 1 1 4 9 10 1 9
split_gain=1.52683 3.23645 6.49965 3.70377 6.4536 4.9818 3.02312 10.3124 8.19618 4.80164 3.60779 3.17103 0.721002
threshold=44.684928557174139 38.882388646505213 3.8245748854375479 46.067565917968757 22.181564942887888 4.9751709012194327 43.2386897599172 43.649707499786253 0.058457378356508556 5.2966839504862824 0.035248388013105508 48.593215883068979 4.8350714247807574
decision_type=2 2 2 2 2 2 2 2 2 2 2 2 2
left_child=1 2 12 5 -5 -3 8 -8 10 -10 -2 -9 -1
right_child=6 3 -4 4 -6 -7 7 11 9 -11 -12 -13 -14
leaf_value=-0.069962620260739128 -0.065718015234713364 0.0061189853505884953 0.018561523914475249 -0.0546074767366342 -0.0027246366512178959 0.085727735311090902 -0.097757334916652935 0.016078699054122497 -0.013479411356425306 0.074790348423232331 0.03114193188102999 -0.0015377908133715451 -0.1237145062329357
leaf_weight=4.4870467931032199 10.68141393363476 87.550582185387611 8.5595634132623655 28.600410088896751 148.23670503497124 8.6361584067344648 10.296534463763235 141.1034420132637 8.010847404599188 26.711029663681984 6.008757919073104 370.40437363833189 5.6222292929887772
leaf_count=20 40 339 31 117 596 31 39 500 30 91 21 1357 23
internal_value=0.000609654 -0.00528024 -0.0455625 -0.00252582 -0.0111158 0.0132667 0.00360684 0.00132731 0.0267429 0.0544252 -0.0308467 0.00332186 -0.0998565
internal_weight=864.909 291.693 18.6688 273.024 176.837 96.1867 573.216 521.804 51.412 34.7219 16.6902 511.508 10.1093
internal_count=3235 1157 74 1083 713 370 2078 1896 182 121 61 1857 43
is_linear=0
shrinkage=0.1


Tree=38
num_leaves=7
num_cat=0
split_feature=7 7 9 6 5 7
split_gain=1.5031 2.36947 4.63512 2.79643 8.70478 1.91098
threshold=6.8027830895224026 6.3249809984294281 8.502799297528993 6.3818160088267186 0.20472401002588708 5.9302519117336763
decision_type=2 2 2 2 2 2
left_child=1 3 -3 5 -5 -1
right_child=-2 2 -4 4 -6 -7
leaf_value=0.0004456503290498102 -0.050591939206608628 -0.025759272762892822 0.098400152500492555 -0.14392320026570415 0.011062838394154348 0.038441058558216376
leaf_weight=816.13447795063257 5.709247574210166 5.3084538578987104 6.9346751123666763 5.4459423422813442 10.831292510032652 13.455396786332129
leaf_count=3056 22 20 24 24 40 49
internal_value=0.000548456 0.000888707 0.0445663 0.000256515 -0.0407915 0.00106191
internal_weight=863.819 858.11 12.2431 845.867 16.2772 829.59
internal_count=3235 3213 44 3169 64 3105
is_linear=0
shrinkage=0.1


Tree=39
num_leaves=10
num_cat=0
split_feature=6 6 3 10 11 1 5 2 11
split_gain=1.50135 9.00231 4.86501 4.41536 3.63084 3.73522 3.59552 2.38706 2.22503
threshold=5.0552442737389365 4.9528097847358588 22.114996664234621 0.040497607827240011 0.035962976345680506 44.994294313676868 0.13560704250001343 28.711085308380575 0.026221182301880256
decision_type=2 2 2 2 2 2 2 2 2
left_child=1 7 -3 4 5 -2 -4 -1 -9
right_child=3 2 6 -5 -6 -7 -8 8 -10
leaf_value=0.092232559089278535 0.031074245402766279 0.12490803936955486 0.0928012113906726 0.080559513702602503 -0.07078404695552977 -0.013583856543439557 -0.0011179252947498255 -0.019684061657153362 0.0016153677975911393
leaf_weight=2.8124639689922324 21.841899424791336 8.0375463366508502 6.2301061153411892 5.4496268033981314 9.5458868443965894 131.41667959094048 11.79010273516178 53.311648145318031 612.91785033792257
leaf_count=10 82 27 21 21 37 489 45 207 2296
internal_value=0.000493346 0.00254501 0.0602099 -0.00798258 -0.0109464 -0.00721933 0.0313526 0.000299082 -8.90114e-05
internal_weight=863.354 695.1 26.0578 168.254 162.804 153.259 18.0202 669.042 666.229
internal_count=3235 2606 93 629 608 571 66 2513 2503
is_linear=0
shrinkage=0.1


Tree=40
num_leaves=10
num_cat=0
split_feature=2 3 3 0 8 8 3 10 3
split_gain=1.51817 8.90715 1.53453 4.74994 7.65882 4.244 2.78803 3.14569 2.87015
threshold=32.171358049308843 36.996471022666263 25.948338011779242 48.811310720682748 5.9999193288753938 8.2914727180614154 26.33963949902726 0.031270971887129205 26.734725311513984
decision_type=2 2 2 2 2 2 2 2 2
left_child=1 -1 3 5 -5 -2 7 -4 -8
right_child=2 -3 6 4 -6 -7 8 -9 -10
leaf_value=-0.10399779340984375 0.011251894100564278 0.047237965380079731 0.09498333713184233 -0.052010888522847201 -0.0020996014797137097 -0.046440956764023766 -0.042003335497811767 0.001509089387271292 0.0042940004196178275
leaf_weight=8.0107638537883741 158.19112774729729 7.5784381330013266 7.1129976511001569 45.334047585725784 95.530089735984802 13.868459686636923 13.754091292619703 7.2901681512594223 506.32527236640453
leaf_count=36 590 29 25 186 349 52 52 27 1889
internal_value=0.000446579 -0.030477 0.00101546 -0.00454601 -0.0181625 0.0066017 0.00427154 0.0476713 0.00306961
internal_weight=862.995 15.5892 847.406 312.924 140.864 172.06 534.483 14.4032 520.079
internal_count=3235 65 3170 1177 535 642 1993 52 1941
is_linear=0
shrinkage=0.1


Tree=41
num_leaves=8
num_cat=0
split_feature=9 5 8 7 0 8 7
split_gain=1.44986 5.30769 4.07325 3.13988 3.06301 1.54088 1.94492
threshold=9.0050628977607658 0.19767763495853732 9.4061892849345465 5.6175679716959159 52.927616965958812 9.1643366217613238 5.4515253946137117
decision_type=2 2 2 2 2 2 2
left_child=2 3 5 -2 -3 6 -1
right_child=1 4 -4 -5 -6 -7 -8
leaf_value=0.0012890213313631121 0.021718566328417142 0.094751246307491224 -0.076812195290192675 -0.086410924541370449 -4.8413029741922194e-05 0.048027771116897898 -0.017411374358033898
leaf_weight=762.97855772823095 5.6244588941335696 9.8718344122171384 6.9043624848127356 5.1393942385911942 5.2054769098758689 6.713895931839942 59.988914504647255
leaf_count=2859 21 37 28 20 21 24 225
internal_value=0.000399213 0.0237285 -0.000321401 -0.0299098 0.0620214 0.000315133 -7.41145e-05
internal_weight=862.427 25.8412 836.586 10.7639 15.0773 829.681 822.967
internal_count=3235 99 3136 41 58 3108 3084
is_linear=0
shrinkage=0.1


Tree=42
num_leaves=11
num_cat=0
split_feature=4 5 4 7 0 10 4 4 8 3
split_gain=1.40364 5.90865 5.24602 5.6812 5.18808 4.04147 2.25433 2.64151 1.6771 1.30242
threshold=1.0237586518643071 0.88211057953125993 0.90637588500976574 3.8245748854375479 52.84065863308826 0.027928390087662503 0.85511423472780745 0.78128647825466591 6.3285304837918384 31.666896757675648
decision_type=2 2 2 2 2 2 2 2 2 2
left_child=2 -2 6 9 -5 -3 7 -1 -7 -4
right_child=1 5 3 4 -6 8 -8 -9 -10 -11
leaf_value=-0.00049237804517815247 -0.097555686254525945 0.078220773656987347 0.02612118667786173 0.03325758244086164 0.16213126543414172 0.008159778295110073 -0.056634870383252482 0.045632689663112902 -0.062179620025941879 -0.043263762009718362
leaf_weight=791.98432444781065 7.4928741455078152 5.6477092355489757 6.0323014855384844 6.6706057190895063 5.8749236315488815 7.8584772795438749 7.0322956144809714 12.613638296723364 5.9608823955059052 4.9051917344331741
leaf_count=2961 32 20 25 25 21 33 28 47 23 20
internal_value=0.000361164 -0.0220967 0.00108617 0.0476817 0.0936076 0.00694744 -0.000261985 0.000230722 -0.0221806 -0.00499622
internal_weight=862.073 26.9599 835.113 23.483 12.5455 19.4671 811.63 804.598 13.8194 10.9375
internal_count=3235 108 3127 91 46 76 3036 3008 56 45
is_linear=0
shrinkage=0.1


Tree=43
num_leaves=15
num_cat=0
split_feature=11 11 0 1 11 0 6 6 8 5 9 6 4 8
split_gain=1.32688 4.29142 10.2735 8.42543 6.73277 5.62711 8.08408 4.53281 3.43805 4.60085 4.52837 4.16537 7.69319 6.1841
threshold=0.031039137573036654 0.03392161691081521 56.942563114496814 58.355969199694734 0.041211083472307612 56.259188146796085 3.9055601462005147 5.7470703125000009 4.250846519029813 0.4444269053617349 4.1777306695916678 2.7501831054687504 0.071693539648549617 4.6257171630859384
decision_type=2 2 2 2 2 2 2 2 2 2 2 2 2 2
left_child=8 5 3 -3 -4 7 -7 -2 9 10 -1 12 -10 -13
right_child=1 2 4 -5 -6 6 -8 -9 11 -11 -12 13 -14 -15
leaf_value=0.011305932474052937 0.028159143824768418 -0.016337579676852298 0.024052568665884115 0.10897901463386735 0.1364306753315794 -0.086275320064494565 0.012792248268315582 -0.065919948428170339 0.14141054382741114 -0.10847837948797621 -0.075593413921231728 0.063729457231598549 0.0034159459976267226 -0.0059305104612397287
leaf_weight=19.045326620340351 140.78515893220901 209.92074175924063 37.589726895093918 5.505775421857833 6.2123546600341788 12.016692891716955 26.187425896525383 5.3146456182003012 5.730268910527232 6.6805861443281165 8.752469062805174 13.223944962024687 13.696337908506392 351.22521249949932
leaf_count=82 515 792 137 21 22 49 96 21 19 35 37 51 50 1308
internal_value=0.000325236 0.00413589 -0.0041581 -0.0131348 0.0399909 0.0158016 -0.0183684 0.0247368 -0.00371476 -0.0339634 -0.0160554 -0.000997936 0.0441202 -0.00340292
internal_weight=861.887 443.533 259.229 215.427 43.8021 184.304 38.2041 146.1 418.354 34.4784 27.7978 383.876 19.4266 364.449
internal_count=3235 1653 972 813 159 681 145 536 1582 154 119 1428 69 1359
is_linear=0
shrinkage=0.1


Tree=44
num_leaves=6
num_cat=0
split_feature=3 3 2 3 10
split_gain=1.30227 1.91932 1.88082 6.41641 1.90074
threshold=58.176295325238279 54.541794941750673 32.171358049308843 36.996471022666263 0.022073352252256501
decision_type=2 2 2 2 2
left_child=1 2 3 -1 -4
right_child=-2 -3 4 -5 -6
leaf_value=-0.097391325933948725 0.037397976001194613 -0.055668718677285844 -0.039280483717731601 0.037256012796053388 0.0014779716324550369
leaf_weight=7.7272933870553953 9.3560529649257642 6.173812508583068 11.603614389896391 6.5298022627830505 819.5123101323843
leaf_count=36 35 24 48 25 3067
internal_value=0.000293102 -0.000114574 0.000291142 -0.0357223 0.000908923
internal_weight=860.903 851.547 845.373 14.2571 831.116
internal_count=3235 3200 3176 61 3115
is_linear=0
shrinkage=0.1


Tree=45
num_leaves=14
num_cat=0
split_feature=1 9 8 3 1 5 4 5 0 0 4 6 7
split_gain=1.30677 6.2859 8.03046 8.23141 3.33328 7.74971 8.98994 5.60319 5.14995 10.8123 8.74443 3.25932 1.69751
threshold=58.181409675734457 5.8572385522623795 6.8131491032478699 39.051914662726254 55.58458231121508 0.37077183348740356 0.25905192577192798 0.49721783304881212 63.999434947967536 62.494946491007063 0.49548345804487332 3.4974469691514973 4.2945758668297369
decision_type=2 2 2 2 2 2 2 2 2 2 2 2 2
left_child=4 11 12 -4 8 6 -6 -7 9 -1 -10 -2 -3
right_child=1 2 3 -5 5 7 -8 -9 10 -11 -12 -13 -14
leaf_value=-0.0011537478247814464 -0.03234584792770212 0.028755971799025889 0.00090336315376684769 -0.12629936319570442 0.010934163494384416 0.10447928239299005 -0.10987379858710056 0.024866543167481808 0.1341770040211438 -0.14321106378656731 -0.017523663813102875 -0.1450896171578252 0.098719384642356467
leaf_weight=697.82290809601545 5.483007684350012 6.7920528352260572 22.348808437585834 6.5865098387002936 43.295177847146988 13.75586676597595 7.1815377771854392 24.739501446485519 7.4280132949352247 5.3993260413408271 7.7791426181793213 4.8166671246290207 7.0859012305736542
leaf_count=2628 21 25 84 27 158 48 28 90 25 24 31 21 25
internal_value=0.00026224 -0.0149315 0.00194204 -0.0280516 0.00126172 0.0195199 -0.0062537 0.0533152 -0.00099941 -0.00224446 0.0565753 -0.0850707 0.0644784
internal_weight=860.514 53.1129 42.8133 28.9353 807.401 88.9721 50.4767 38.4954 718.429 703.222 15.2072 10.2997 13.878
internal_count=3235 203 161 111 3032 324 186 138 2708 2652 56 42 50
is_linear=0
shrinkage=0.1


Tree=46
num_leaves=14
num_cat=0
split_feature=4 5 4 10 3 7 7 2 10 7 1 2 3
split_gain=1.33035 9.33549 7.93422 12.9619 10.6526 6.97435 7.70108 7.16709 6.72013 5.37031 8.58409 5.97264 4.39829
threshold=0.1579418667861319 0.22222443992567584 0.12166621545535251 0.030433605488997702 35.105015066859075 5.4515253946137117 5.6422365541546435 49.957639923590868 0.030594663814381352 2.2270085929143373 44.925402192654822 36.872968065762286 36.760848905118529
decision_type=2 2 2 2 2 2 2 2 2 2 2 2 2
left_child=2 8 5 4 -4 7 -7 -1 -2 10 -3 -11 -5
right_child=1 9 3 12 -6 6 -8 -9 -10 11 -12 -13 -14
leaf_value=-0.0055316162192499338 0.023614051322189116 0.14386387788511246 0.044464619335064924 -0.096994302180836961 -0.088344695181852298 -0.14301824580961278 -0.016459145338675332 0.02579964106796126 0.16546814919966377 -0.046037309235920504 -0.024725880048529408 0.0026211399276410158 -0.024330827355687507
leaf_weight=185.68392103910446 7.6391406059265119 6.6183400899171811 24.682857915759087 26.059029996395111 7.9959199279546729 6.3242899775505093 20.053777858614922 120.32101415097713 5.9335662722587585 26.908336266875267 5.555194728076458 403.49892268329859 12.244128569960592
leaf_count=699 29 23 89 104 32 27 76 433 20 118 25 1514 46
internal_value=0.000237353 0.0039369 -0.00394635 -0.0342956 0.0119685 0.00253488 -0.0468024 0.00678782 0.0856283 0.00143165 0.0669307 -0.000420904 -0.0737664
internal_weight=859.518 456.154 403.365 70.9819 32.6788 332.383 26.3781 306.005 13.5727 442.581 12.1735 430.407 38.3032
internal_count=3235 1729 1506 271 121 1235 103 1132 49 1680 48 1632 150
is_linear=0
shrinkage=0.1


Tree=47
num_leaves=12
num_cat=0
split_feature=9 9 2 11 9 9 11 2 2 1 2
split_gain=1.33829 3.59998 2.93454 3.10245 2.34904 5.6073 6.60635 5.04847 7.33211 5.62848 3.53867
threshold=3.9910999841311967 3.8574809348075361 47.852531705186486 0.027392920656826303 4.6695530017132825 4.8668669638231234 0.035884243874541803 43.9820409429527 41.789452755382733 47.295105881108768 32.644398358284029
decision_type=2 2 2 2 2 2 2 2 2 2 2
left_child=1 2 3 -1 7 6 -6 8 -2 -9 -7
right_child=4 -3 -4 -5 5 10 -8 9 -10 -11 -12
leaf_value=0.076078200772582968 0.015503600427922093 -0.093819021698212143 -0.07066421350776747 -0.0071587919961779217 -0.084077858279123049 -0.07229286170052783 0.021034219275838914 0.094434584813396755 -0.093786764627267136 0.012019701267031137 0.0018905806279493854
leaf_weight=5.0953297019004813 30.374562047421932 5.2408611774444571 6.2200128138065329 36.951659753918648 16.568173080682758 6.4898017644882193 9.3558846414089185 14.218379110097883 7.6933166980743399 19.86318664252758 700.40457572042942
leaf_count=20 130 26 35 157 69 30 35 48 38 73 2574
internal_value=0.000211435 -0.0151026 -0.00655558 0.00292802 0.00122939 -0.000465624 -0.0461433 0.0184456 -0.0065834 0.0464021 0.00120952
internal_weight=858.476 53.5079 48.267 42.047 804.968 732.818 25.9241 72.1494 38.0679 34.0816 706.894
internal_count=3235 238 212 177 2997 2708 104 289 168 121 2604
is_linear=0
shrinkage=0.1


Tree=48
num_leaves=14
num_cat=0
split_feature=3 3 7 1 9 1 1 1 1 11 11 9 0
split_gain=1.25987 7.49271 9.92029 4.96274 8.66342 5.34432 4.6889 2.20012 7.21325 6.54685 5.75225 6.68261 4.17007
threshold=19.102787522929926 18.056486645992027 3.6486148424229268 46.09979184360683 5.9254926704823108 49.195313013364107 50.51249784442868 56.670109193682848 55.58458231121508 0.029737984997083005 0.038325725964566605 5.0278231179589161 63.999434947967536
decision_type=2 2 2 2 2 2 2 2 2 2 2 2 2
left_child=1 3 -3 4 -1 -5 -4 8 12 -10 11 -9 -2
right_child=7 2 6 5 -6 -7 -8 10 9 -11 -12 -13 -14
leaf_value=-0.014980649792295587 1.5052941477919892e-05 0.038254306002738055 -0.16152355465863988 -0.064662401872063416 0.068597131794914404 0.0033553564057698876 -0.041516323728430865 -0.12520603054400964 0.10765316204429408 0.015780509239902669 0.067213146978186353 -0.012816771822844023 0.053219636038733968
leaf_weight=26.430518120527267 594.1026873961091 6.3037045300006893 8.1463352143764478 17.639498993754387 23.367672562599182 33.471731215715408 5.4232730865478507 5.6658671647310248 12.128267154097555 21.517426013946533 8.2417433559894544 79.855633959174156 15.106002479791639
leaf_count=105 2241 25 33 70 81 127 20 26 41 80 31 299 56
internal_value=0.000184293 -0.0092822 -0.0654061 0.00177096 0.024238 -0.0201189 -0.113561 0.00173651 0.0038237 0.0488979 -0.0125736 -0.0202626 0.00133432
internal_weight=857.4 120.783 19.8733 100.909 49.7982 51.1112 13.5696 736.618 642.854 33.6457 93.7632 85.5215 609.209
internal_count=3235 461 78 383 186 197 53 2774 2418 121 356 325 2297
is_linear=0
shrinkage=0.1


Tree=49
num_leaves=8
num_cat=0
split_feature=9 5 8 0 7 8 11
split_gain=1.17964 3.93227 3.2379 2.81234 2.27053 1.34258 1.57416
threshold=9.0050628977607658 0.19767763495853732 9.4061892849345465 52.927616965958812 5.6175679716959159 9.1643366217613238 0.022227255501513003
decision_type=2 2 2 2 2 2 2
left_child=2 4 5 -3 -2 6 -1
right_child=1 3 -4 -5 -6 -7 -8
leaf_value=-0.053658116649206992 0.019535317079368321 0.087340124495677962 -0.069383509761229437 -0.0047304320796513963 -0.07264126772166582 0.044824110284632623 8.0202252288957916e-05
leaf_weight=5.4878709316253653 5.582302004098894 9.5019302219152433 6.7647796422243109 5.0973806977272025 5.1263500452041626 6.6530462950468054 812.43125432729721
leaf_count=23 21 37 28 21 20 24 3061
internal_value=0.00016576 0.0214341 -0.000481703 0.0551935 -0.0245906 8.35668e-05 -0.000280358
internal_weight=856.645 25.308 831.337 14.5993 10.7087 824.572 817.919
internal_count=3235 99 3136 58 41 3108 3084
is_linear=0
shrinkage=0.1


Tree=50
num_leaves=7
num_cat=0
split_feature=7 7 9 11 11 10
split_gain=1.20736 2.25493 4.14178 1.75115 3.98516 3.18301
threshold=6.8027830895224026 6.3249809984294281 8.6220047489769289 0.031039137573036654 0.03392161691081521 0.030375239441427702
decision_type=2 2 2 2 2 2
left_child=1 3 -3 5 -5 -1
right_child=-2 2 -4 4 -6 -7
leaf_value=-0.0016592666027262901 -0.045943179860024219 -0.014368532117885417 0.10329558250408495 0.015566828072605662 -0.0037965785775474696 -0.029174798589244145
leaf_weight=352.46269007772207 5.6452508866786948 6.077040955424307 5.8920962810516357 181.18830779194832 257.11451035737991 47.735760286450386
leaf_count=1340 22 23 21 674 971 184
internal_value=0.000150458 0.000456418 0.0435545 -0.000158782 0.00420799 -0.00494133
internal_weight=856.116 850.47 11.9691 838.501 438.303 400.198
internal_count=3235 3213 44 3169 1645 1524
is_linear=0
shrinkage=0.1


Tree=51
num_leaves=13
num_cat=0
split_feature=7 6 6 6 6 4 9 1 7 0 10 9
split_gain=1.13695 6.73719 7.33014 5.22979 5.18298 5.5058 4.14426 4.00102 3.2764 5.89234 3.14648 1.74986
threshold=3.6116723519004967 3.4390545160646027 3.4840753395801589 3.9055601462005147 3.3750915527343754 0.29066693782806402 6.2350219152807238 49.236640946976813 3.5187843413577791 45.766937593814383 0.032387109690080206 6.6689390153588972
decision_type=2 2 2 2 2 2 2 2 2 2 2 2
left_child=6 4 -3 -4 5 -2 8 11 10 -10 -1 -8
right_child=1 2 3 -5 -6 -7 7 -9 9 -11 -12 -13
leaf_value=-0.014153348154955614 0.01032899594500029 0.11179152173195438 -0.025661604108961712 0.0028634772646098719 -0.13101322469194618 -0.090146497763590128 0.090567570178098522 -0.010804435394402082 0.10591797591512209 -0.0075249596877006875 0.0089408634496161207 0.032993698387748488
leaf_weight=113.6969141960144 14.467161789536481 5.8110677152872077 74.73846298456192 459.01875578612089 6.1170607060194007 8.753817215561865 11.561671003699308 10.649210900068281 8.0434060990810412 10.629048883914946 122.62233074009418 9.7147124707698804
leaf_count=466 52 20 281 1714 24 34 39 39 27 40 465 34
internal_value=0.000136351 -0.00245208 8.54554e-05 -0.0011307 -0.0491209 -0.0275481 0.00526874 0.0392343 0.00101617 0.0413421 -0.00217013 0.0642796
internal_weight=855.824 568.906 539.568 533.757 29.338 23.221 286.917 31.9256 254.992 18.6725 236.319 21.2764
internal_count=3235 2125 2015 1995 110 86 1110 112 998 67 931 73
is_linear=0
shrinkage=0.1


Tree=52
num_leaves=14
num_cat=0
split_feature=4 5 6 6 4 1 10 1 7 1 2 2 2
split_gain=1.14493 7.77239 7.15647 7.54892 6.06829 5.26915 5.20775 4.48313 4.41565 6.80016 4.98869 3.41117 2.65767
threshold=0.1579418667861319 0.22222443992567584 2.4550476074218754 3.2257758079355416 0.095828268909826861 53.122068037691086 0.030594663814381352 44.802130583358725 2.2270085929143373 44.925402192654822 34.239060531308915 49.957639923590868 46.009705999793276
decision_type=2 2 2 2 2 2 2 2 2 2 2 2 2
left_child=2 6 7 5 -5 -4 -2 12 9 -3 -10 -9 -1
right_child=1 8 3 4 -6 -7 -8 11 10 -11 -12 -13 -14
leaf_value=-0.13680647166768106 0.023322865910936429 0.12876680075614019 0.037180916859867644 -0.00034204014507799221 -0.035778054938161524 -0.05244931486957425 0.14805633473387184 0.040298608558889615 -0.066607326894297311 -0.021939771376941173 0.0013437806666458392 -0.070264272228500457 -0.043831380810257954
leaf_weight=7.324457064270975 7.6301723718643171 6.644220754504202 66.346384927630424 243.74396356940269 60.276082515716553 7.278450295329093 5.9631377458572388 6.0247505381703359 11.09149696677923 5.4498211517930031 417.13539759814739 5.1981811672449112 5.2984952032566071
leaf_count=33 29 23 244 904 230 28 20 25 51 25 1581 22 20
internal_value=0.000125082 0.00356585 -0.00376495 -0.000410072 -0.00736771 0.0283202 0.0780412 -0.0568958 0.00126669 0.0608554 -0.00041622 -0.0109114 -0.0977801
internal_weight=855.405 453.914 401.491 377.645 304.02 73.6248 13.5933 23.8459 440.321 12.094 428.227 11.2229 12.623
internal_count=3235 1729 1506 1406 1134 272 49 100 1680 48 1632 47 53
is_linear=0
shrinkage=0.1


Tree=53
num_leaves=15
num_cat=0
split_feature=3 3 2 8 2 1 10 11 10 6 3 3 4 4
split_gain=1.15214 5.23184 15.8902 5.71715 4.6819 5.61094 4.22193 6.94837 6.52264 4.73019 4.44477 4.121 4.09988 3.87358
threshold=27.524879221185554 28.800991001373323 54.330597791116745 7.4694007016064701 51.202934092526426 56.835553919607726 0.036271890528736063 0.03492978448013296 0.038462998650375259 4.5294000202541307 13.820472794366324 27.27888120176604 0.0012588577175165004 0.25320008775452424
decision_type=2 2 2 2 2 2 2 2 2 2 2 2 2 2
left_child=6 2 3 -2 5 -3 7 11 13 -9 -10 -1 -6 -8
right_child=1 4 -4 -5 12 -7 8 9 10 -11 -12 -13 -14 -15
leaf_value=-0.0018347843949052924 0.044104242954387592 -0.0051362387829804847 -0.091313134847916436 0.14188196766770747 -0.069005189261517802 -0.070231722050511008 -0.11799955491825281 0.021086889466846993 0.077930479185799748 0.11590674816768723 -0.01806234487749905 -0.077573217041595616 0.014863775426171504 -0.033246662242599721
leaf_weight=279.22067393362522 27.767341062426567 243.12353451550007 7.9474284350872031 7.6213127225637427 6.0237657874822608 14.004120416939257 9.9853592216968554 15.877132043242456 5.7226502001285544 7.8684971183538428 30.703298628330231 7.3737738728523246 179.94802825897932 11.724618025124071
leaf_count=1055 102 933 31 25 23 59 40 59 21 27 120 29 665 46
internal_value=0.000108618 0.00330371 0.0364657 0.0651617 6.03972e-05 -0.00868158 -0.00410931 0.0005236 -0.0288406 0.052507 -0.00298152 -0.00378345 0.0121472 -0.0722282
internal_weight=854.912 486.436 43.3361 35.3887 443.099 257.128 368.476 310.34 58.1359 23.7456 36.4259 286.594 185.972 21.71
internal_count=3235 1838 158 127 1680 992 1397 1170 227 86 141 1084 688 86
is_linear=0
shrinkage=0.1


Tree=54
num_leaves=11
num_cat=0
split_feature=4 5 4 7 0 2 2 3 3 0
split_gain=1.16955 5.09049 4.10679 4.47601 4.52167 3.36235 3.78021 1.96512 1.81675 1.3151
threshold=1.0237586518643071 0.88211057953125993 0.90637588500976574 3.8245748854375479 52.84065863308826 48.661590743738358 42.233496140818509 58.176295325238279 54.541794941750673 51.983462333679206
decision_type=2 2 2 2 2 2 2 2 2 2
left_child=2 -2 7 9 -5 6 -3 8 -1 -4
right_child=1 5 3 4 -6 -7 -8 -9 -10 -11
leaf_value=-0.00051176692861383533 -0.091558548106482895 0.032001355762531145 -0.043614230071510246 0.026936199085061698 0.14869214383728832 0.056252065080895863 -0.083316466797489719 0.049160932520652852 -0.056603193854416194 0.026679353946151837
leaf_weight=790.59119482338428 7.3178563341498402 5.4211038947105425 4.7973392903804797 6.5382267683744413 5.7172871828079224 7.9537695050239554 5.9765605032444 7.9124822914600363 5.8168219029903403 5.9780602380633354
leaf_count=2983 32 22 21 25 21 28 26 30 23 24
internal_value=9.90204e-05 -0.0205127 0.00076343 0.0423991 0.0837362 0.00635368 -0.0284675 -0.000428765 -0.000921449 -0.00461621
internal_weight=854.021 26.6693 827.351 23.0309 12.2555 19.3514 11.3977 804.32 796.408 10.7754
internal_count=3235 108 3127 91 46 76 48 3036 3006 45
is_linear=0
shrinkage=0.1


Tree=55
num_leaves=13
num_cat=0
split_feature=3 1 3 1 4 5 5 6 6 11 6 2
split_gain=1.07423 6.38882 7.01469 7.23072 5.70764 6.31211 4.08367 1.87431 3.85106 4.3296 2.64674 1.33247
threshold=19.102787522929926 45.733026992597722 18.056486645992027 50.929326438570747 0.62099962489877913 0.33333665988851374 0.47512943347477382 1.9268188476562502 2.3183270128995974 0.030074395781776102 2.4259368469083715 46.283189188538877
decision_type=2 2 2 2 2 2 2 2 2 2 2 2
left_child=1 4 6 -4 5 -1 -3 11 9 -9 -10 -2
right_child=7 2 3 -5 -6 -7 -8 8 10 -11 -12 -13
leaf_value=0.010422416723683261 0.0067005195268284969 -0.029926939864176324 -0.16923777098757176 -0.013488616835164084 -0.060363624372697024 0.099053072391288688 0.034303702610144475 0.031006143545504752 0.054380899173434395 -0.06947417695677216 0.0014575806008201291 0.077671144692946892
leaf_weight=35.911496371030807 5.1318784654140455 40.4292002171278 6.5822705477476102 5.4478330314159393 8.1796888038516027 10.351608350872992 13.107587859034536 5.9747598767280605 9.5804715752601606 15.192527815699576 692.14679525792599 5.46013543009758
leaf_count=135 21 156 28 20 35 36 51 23 38 61 2610 21
internal_value=8.9342e-05 -0.00868137 -0.0297061 -0.0987068 0.0166393 0.030254 -0.0142011 0.00152437 0.000912471 -0.0411122 0.00218013 0.0432856
internal_weight=853.496 120.01 65.5669 12.0301 54.4428 46.2631 53.5368 733.487 722.895 21.1673 701.727 10.592
internal_count=3235 461 255 48 206 171 207 2774 2732 84 2648 42
is_linear=0
shrinkage=0.1


Tree=56
num_leaves=14
num_cat=0
split_feature=9 8 9 10 10 11 9 2 8 9 11 2 8
split_gain=1.12693 3.1908 3.99729 3.1052 4.83946 3.48907 2.02368 4.55283 6.75566 4.48566 5.31466 2.82061 1.83485
threshold=3.9910999841311967 3.7522239685058598 3.7892851214139527 0.032387109690080206 0.038032262944109253 0.031243048718487303 4.6695530017132825 51.780444324601959 3.9104355613235389 4.8668669638231234 0.035884243874541803 32.644398358284029 3.9798954725265507
decision_type=2 2 2 2 2 2 2 2 2 2 2 2 2
left_child=1 3 12 5 -5 -1 7 8 -2 10 -8 -11 -3
right_child=6 2 -4 4 -6 -7 9 -9 -10 11 -12 -13 -14
leaf_value=-0.0053909707596267384 -0.062515689520905526 -0.065066049973548631 -0.13679354634272098 0.081398879752247397 -0.016816389618244214 -0.10991301993310849 -0.076472354508405213 0.079560145318375186 0.022702365990560164 -0.065800785015523736 0.018267492473358814 0.0015287392371863889 0.020596373445313947
leaf_weight=14.090073794126512 11.424145042896269 4.7902745977044088 4.1769143119454375 9.1980593204498309 11.036781832575796 4.1297633647918692 16.161403968930248 10.022133499383925 50.093134604394436 6.2780558615922919 9.345039486885069 697.26582366228104 5.2309432476758957
leaf_count=66 48 23 23 35 47 21 69 35 206 30 35 2574 23
internal_value=7.73185e-05 -0.0140939 -0.0546072 0.000864367 0.0278289 -0.0290823 0.00100932 0.0170592 0.00687684 -0.000565604 -0.0417616 0.000927926 -0.0203514
internal_weight=853.243 52.6528 14.1981 38.4547 20.2348 18.2198 800.59 71.5394 61.5173 729.05 25.5064 703.544 10.0212
internal_count=3235 238 69 169 82 87 2997 289 254 2708 104 2604 46
is_linear=0
shrinkage=0.1


Tree=57
num_leaves=6
num_cat=0
split_feature=6 7 6 6 10
split_gain=1.07818 2.29216 1.3025 6.68546 4.56639
threshold=7.0880697965621957 6.3249809984294281 5.0552442737389365 4.9833144455915326 0.040497607827240011
decision_type=2 2 2 2 2
left_child=1 2 3 -1 -4
right_child=-2 -3 4 -5 -6
leaf_value=6.7645373097387492e-05 -0.033459472387422751 0.049892375799733921 -0.011878883189835607 0.060633558898060914 0.087165772263090302
leaf_weight=667.48849773406982 9.4878289401531202 9.2697264701127988 142.47012250125408 18.736890405416489 4.8121333867311469
leaf_count=2537 38 34 537 69 20
internal_value=6.25805e-05 0.000439965 -0.000110012 0.00172135 -0.00864281
internal_weight=852.265 842.777 833.508 686.225 147.282
internal_count=3235 3197 3163 2606 557
is_linear=0
shrinkage=0.1


Tree=58
num_leaves=12
num_cat=0
split_feature=3 5 4 5 4 3 5 10 9 9 6
split_gain=1.06601 7.08882 6.59805 6.39502 5.86843 4.55632 5.56746 4.21549 2.65502 6.36263 4.80409
threshold=40.937800562251745 0.3703275586133517 0.32630218951749163 0.31472840043847866 0.81482973864513053 40.050690711692262 0.3793533383619892 0.026937832069500605 6.4560265865980133 6.3523227076754232 2.9932529535144572
decision_type=2 2 2 2 2 2 2 2 2 2 2
left_child=5 2 3 -2 7 8 -7 -3 9 -1 -10
right_child=1 4 -4 -5 -6 6 -8 -9 10 -11 -12
leaf_value=-0.002394569089075098 -0.029435076680375673 0.11261101162153478 -0.12399441002350625 0.061513995858450347 -0.052612926582539146 0.095451787411705818 -0.028487297893558885 0.023984017475471815 0.098764013714443682 -0.064876615850636477 0.0055821862762611002
leaf_weight=383.29764783382416 62.841799266636372 6.4419701099395743 6.4296195209026328 8.8157400488853437 8.5902344286441785 10.803223177790644 5.454348847270011 32.155665427446365 5.6352729946374884 17.021442592144012 304.39764669537544
leaf_count=1491 242 22 28 31 35 38 22 121 19 65 1121
internal_value=5.80482e-05 -0.00846136 -0.0269532 -0.018246 0.0221392 0.00152688 0.0538707 0.0387759 0.000328908 -0.00505129 0.00727589
internal_weight=851.885 125.275 78.0872 71.6575 47.1879 726.61 16.2576 38.5976 710.352 400.319 310.033
internal_count=3235 479 301 273 178 2756 60 143 2696 1556 1140
is_linear=0
shrinkage=0.1


Tree=59
num_leaves=14
num_cat=0
split_feature=7 6 0 0 6 4 2 9 10 7 2 2 2
split_gain=0.937331 5.65509 5.92593 4.99291 10.5093 3.5168 3.30842 5.34333 8.41743 4.51902 6.26801 5.16639 3.27416
threshold=3.6116723519004967 3.4390545160646027 35.906445264816291 44.959383789055821 3.3308163212823279 0.067255100239440022 54.232789858243642 4.7697430160093246 0.029916540182251303 2.914364212936607 45.933182780835409 46.692616823441817 53.033626569664719
decision_type=2 2 2 2 2 2 2 2 2 2 2 2 2
left_child=6 3 5 4 -2 -3 9 -8 -9 11 -11 -1 -4
right_child=1 2 12 -5 -6 -7 7 8 -10 10 -12 -13 -14
leaf_value=0.0044784512701491171 -0.018825012681217501 0.014508800397255037 -0.0070519420762411682 0.019602808872867139 -0.16735272624567152 0.12593136263894072 0.047795879146771164 0.033441582697209087 -0.089703740986829886 0.0003330869193423553 0.040082583448895509 -0.050450611307493898 0.0097187860751092783
leaf_weight=69.96531219035387 13.456818550825124 5.5318410843610746 352.07776549458504 8.4831879734992963 7.3744937628507605 5.805586650967598 7.6332729011774054 8.4028635025024432 16.352688655257225 85.363788470625877 74.111635565757751 22.671755336225033 173.91487020254135
leaf_count=285 50 20 1324 30 30 20 29 30 63 345 261 97 651
internal_value=5.29892e-05 -0.00229844 3.49417e-05 -0.0450689 -0.0714053 0.0715652 0.00473635 -0.0253499 -0.0479041 0.00860152 0.0188055 -0.00896474 -0.00150685
internal_weight=851.146 566.645 537.33 29.3145 20.8313 11.3374 284.501 32.3888 24.7556 252.112 159.475 92.6371 525.993
internal_count=3235 2125 2015 110 80 40 1110 122 93 988 606 382 1975
is_linear=0
shrinkage=0.1


Tree=60
num_leaves=14
num_cat=0
split_feature=3 1 3 1 4 5 1 1 1 3 11 5 0
split_gain=0.903441 5.50751 5.74819 6.47379 4.53145 5.10141 3.48844 1.77708 5.92083 5.58568 5.17358 4.85359 3.92233
threshold=19.102787522929926 45.733026992597722 18.056486645992027 51.127474027868722 0.62099962489877913 0.33333665988851374 55.699215050156724 56.670109193682848 55.58458231121508 23.530061326533776 0.029737984997083005 0.3703275586133517 63.999434947967536
decision_type=2 2 2 2 2 2 2 2 2 2 2 2 2
left_child=1 4 6 -4 5 -1 -3 8 12 -9 -10 -11 -2
right_child=7 2 3 -5 -6 -7 -8 9 10 11 -12 -13 -14
leaf_value=0.0096687596087899549 -0.0002896874071900961 -0.026044252232790804 -0.15594737619695112 -0.0071242078947294177 -0.053837724412980986 0.089212810102836423 0.03894568507397219 -0.096351584240715132 0.097686576714384785 -0.025136412999104962 0.015080002635931209 0.02297866584825245 0.051485654554887322
leaf_weight=35.874323710799217 589.8012967556715 43.124295309185982 6.6517714112997037 5.2141042500734329 8.0287223011255247 10.399942919611929 10.215764433145521 7.1696253269910803 11.760334208607672 48.792726866900921 21.33725593984127 36.760608434677124 15.004036664962767
leaf_count=135 2241 169 29 19 35 36 38 28 41 189 80 139 56
internal_value=4.97869e-05 -0.00801055 -0.0276011 -0.0905515 0.0155133 0.0275459 -0.0135973 0.00136822 0.0032485 -0.0115675 0.044432 -0.0044623 0.000994757
internal_weight=850.135 119.509 65.2059 11.8659 54.303 46.2743 53.3401 730.626 637.903 92.723 33.0976 85.5533 604.805
internal_count=3235 461 255 48 206 171 207 2774 2418 356 121 328 2297
is_linear=0
shrinkage=0.1


Tree=61
num_leaves=12
num_cat=0
split_feature=9 6 6 1 1 3 1 1 6 6 10
split_gain=0.928849 2.90787 3.61333 3.47105 4.4286 2.83845 1.96756 1.68757 1.59727 5.68218 3.75964
threshold=3.9910999841311967 2.8902451103275513 3.3995800055186725 45.237071192822704 41.30437335566014 36.676613898614043 47.754225829632652 40.100162034426951 2.5320687931282517 2.6731015721115914 0.027713121236916455
decision_type=2 2 2 2 2 2 2 2 2 2 2
left_child=1 3 6 4 -1 -5 -3 -2 10 -10 -9
right_child=7 2 -4 5 -6 -7 -8 8 9 -11 -12
leaf_value=-0.037663931829478692 0.047223350981852548 -0.12280796924829736 0.013878621027427122 -0.088724257036853604 0.057235914511149046 0.0016650944518726341 -0.029629874905692369 0.044646832661717983 0.061058348869790405 0.00014634147301851566 -0.036548198141974658
leaf_weight=7.247418217360976 7.784034699201583 5.903669208288191 5.6338922902941695 5.9914827719330779 15.295359820127485 8.2686828821897489 3.6781205683946609 7.1325882077217093 15.63910913467407 738.36141238361597 28.448557689785957
leaf_count=32 29 29 28 35 59 36 19 27 55 2776 110
internal_value=4.48442e-05 -0.0129022 -0.049673 0.00230025 0.026726 -0.0363125 -0.0870401 0.000889483 0.000432704 0.00140975 -0.0202719
internal_weight=849.384 52.0186 15.2157 36.8029 22.5428 14.2602 9.58179 797.366 789.582 754.001 35.5811
internal_count=3235 238 76 162 91 71 48 2997 2968 2831 137
is_linear=0
shrinkage=0.1


Tree=62
num_leaves=14
num_cat=0
split_feature=11 8 3 8 3 4 4 5 7 0 9 0 0
split_gain=0.938091 3.32282 7.1758 6.11172 6.02396 4.34882 2.86232 8.94279 9.81294 5.09619 3.73727 6.76207 4.71043
threshold=0.031039137573036654 8.7301480427998754 23.768460840215607 7.9340522941201934 21.510078641879115 1.0159307725261899 0.0029350534064180507 0.00071344300305495008 4.0548802275913447 47.261737029548392 5.0864781939496426 39.110183075230459 35.604732551216081
decision_type=2 2 2 2 2 2 2 2 2 2 2 2 2
left_child=6 3 -3 5 -5 -2 7 8 -1 -9 11 -8 -12
right_child=1 2 -4 4 -6 -7 10 9 -10 -11 12 -13 -14
leaf_value=0.034748187435331708 0.0068679723367702705 -0.03931081347855591 0.11708247468360951 0.048607317147701598 -0.068239144130407575 -0.051211908288296151 -0.12345613771188804 -0.0039914333729396149 -0.072363682988504929 0.10559511047046094 0.068182517393006833 -0.017391554783191029 -0.0044464135285859846
leaf_weight=19.324041746556759 383.80196268856525 4.8831645101308805 7.3493358194828033 5.5532519221305874 21.472190201282501 13.340080492198465 6.8468770533800116 6.1557364165782955 15.345065116882322 13.661082625389097 9.2108789235353452 49.230243571102619 292.61935964226723
leaf_count=74 1441 19 29 20 85 59 32 23 62 48 32 218 1093
internal_value=3.58514e-05 0.00326758 0.0546509 0.00178575 -0.0442293 0.00491706 -0.00338401 0.0179684 -0.0126611 0.071554 -0.00663458 -0.0303418 -0.00223001
internal_weight=848.793 436.4 12.2325 424.167 27.0254 397.142 412.393 54.4859 34.6691 19.8168 357.907 56.0771 301.83
internal_count=3235 1653 48 1605 105 1500 1582 207 136 71 1375 250 1125
is_linear=0
shrinkage=0.1


Tree=63
num_leaves=12
num_cat=0
split_feature=5 5 1 3 7 8 3 4 5 1 5
split_gain=1.02831 5.12442 4.98245 4.2113 5.78365 3.68972 6.96165 3.26427 2.7258 8.15642 4.47779
threshold=0.63107712310449482 0.58538446957291401 58.612044633609592 32.886084127886981 4.5603781492555759 6.985463825051907 28.380885880548551 0.83999659173571473 0.53103438900150723 48.010994064294799 0.49721783304881212
decision_type=2 2 2 2 2 2 2 2 2 2 2
left_child=1 8 5 4 -3 7 -7 -2 10 -10 -1
right_child=2 3 -4 -5 -6 6 -8 -9 9 -11 -12
leaf_value=0.00011109539707750925 0.048546764106196127 -0.023892288060678758 0.10243101322544289 0.0076706236974987008 -0.16104789728327526 0.024029170471944177 -0.087209726913670377 0.00028850231812552315 -0.031767624162278942 0.070277284617780489 -0.052569571748497995
leaf_weight=688.49015655368567 21.195919394493103 6.6683746576309222 5.49050249159336 7.5426006093621245 5.7046980410814285 11.461293265223505 11.050166830420492 41.381883680820465 13.253910101950167 19.150147959589958 16.521902114152908
leaf_count=2608 82 26 21 29 23 43 44 172 52 69 66
internal_value=3.25166e-05 -0.00117185 0.0101022 -0.0512258 -0.0871289 0.00414453 -0.0305745 0.0166342 0.000179972 0.0285389 -0.00112347
internal_weight=847.912 757.332 90.5798 19.9157 12.3731 85.0893 22.5115 62.5778 737.416 32.4041 705.012
internal_count=3235 2873 362 78 49 341 87 254 2795 121 2674
is_linear=0
shrinkage=0.1


Tree=64
num_leaves=11
num_cat=0
split_feature=6 7 0 0 4 7 7 1 3 0
split_gain=1.00524 7.62226 6.40614 6.23072 4.74646 3.87735 2.5565 1.81694 6.60058 2.47162
threshold=3.9055601462005147 3.9760836311161474 35.604732551216081 48.623291015625007 0.062845259904861464 3.9453335365543887 3.6547923600711822 42.128436802464314 27.936537370083038 42.481874096025429
decision_type=2 2 2 2 2 2 2 2 2 2
left_child=1 5 -2 4 -3 6 -1 8 -4 -9
right_child=2 3 7 -5 -6 -7 -8 9 -10 -11
leaf_value=0.003520421940249624 0.11982411633555412 0.024519334119583153 0.0014724137781076489 -0.12104299585057741 -0.054376430372352548 0.07795839129842215 -0.020156563833078969 0.029719521461485789 -0.10148634079065842 0.0016260386298277254
leaf_weight=278.47011662274599 4.6581442058086386 12.235563427209852 32.2229363322258 8.4507732987403852 20.238107547163963 6.4441350102424613 54.533531218767166 34.062222167849541 7.71807937324047 388.46898371726274
leaf_count=1090 16 44 125 33 78 22 207 123 33 1464
internal_value=3.11803e-05 -0.00378544 0.00313896 -0.0445547 -0.0246498 0.00112977 -0.000356982 0.00196367 -0.018423 0.00389079
internal_weight=847.503 380.372 467.13 40.9244 32.4737 339.448 333.004 462.472 39.941 422.531
internal_count=3235 1474 1761 155 122 1319 1297 1745 158 1587
is_linear=0
shrinkage=0.1


Tree=65
num_leaves=7
num_cat=0
split_feature=7 7 9 6 5 7
split_gain=0.930929 1.57081 3.3262 1.37726 6.25011 1.76158
threshold=6.8027830895224026 6.3249809984294281 8.6220047489769289 6.3818160088267186 0.20472401002588708 5.9302519117336763
decision_type=2 2 2 2 2 2
left_child=1 3 -3 5 -5 -1
right_child=-2 2 -4 4 -6 -7
leaf_value=-0.0002424650454766965 -0.040594767204199703 -0.014581151020221353 0.092443563911300125 -0.12409588600296184 0.013117532277294303 0.036841200515496005
leaf_weight=801.55094227939844 5.6033479869365683 6.0497835427522642 5.5843866020441055 4.8302014768123618 10.615204304456709 13.017685979604719
leaf_count=3056 22 23 21 24 40 49
internal_value=3.02595e-05 0.000300724 0.0367906 -0.000210748 -0.0297929 0.000350172
internal_weight=847.252 841.648 11.6342 830.014 15.4454 814.569
internal_count=3235 3213 44 3169 64 3105
is_linear=0
shrinkage=0.1


Tree=66
num_leaves=11
num_cat=0
split_feature=8 9 6 3 0 4 1 7 4 7
split_gain=0.875475 7.36318 4.23672 8.31248 4.16433 11.9054 4.89643 3.18172 6.26576 3.38462
threshold=6.2929365826421426 6.7789555815860334 3.1565551757812504 34.909949471583126 40.24147658050061 0.041048812705434055 48.593215883068979 4.1651354517610431 0.27262115478515631 4.0658023952012856
decision_type=2 2 2 2 2 2 2 2 2 2
left_child=1 7 3 -2 5 -4 -6 9 -9 -1
right_child=2 -3 4 -5 6 -7 -8 8 -10 -11
leaf_value=-0.0030538943782303851 0.10652567124623685 -0.10906063222427789 -0.14123687842366608 -0.029213149595339317 0.020990367320047602 0.0048816873766604138 -0.0041377301819883047 -0.0081610568845922691 0.049325114822122998 -0.045680987747576909
leaf_weight=345.2679144218564 10.848062321543695 6.4520007520914069 7.7628491371870068 7.7236425578594199 115.27696843445301 19.795465916395187 236.92225870490074 43.298164784908295 33.731480896472931 19.689017832279205
leaf_count=1360 36 26 31 29 427 74 893 161 122 76
internal_value=2.66319e-05 -0.00300383 0.00343833 0.0500743 0.00115763 -0.0362782 0.00408685 -0.00145564 0.0170123 -0.00535358
internal_weight=846.768 448.439 398.329 18.5717 379.758 27.5583 352.199 441.987 77.0296 364.957
internal_count=3235 1745 1490 65 1425 105 1320 1719 283 1436
is_linear=0
shrinkage=0.1


Tree=67
num_leaves=12
num_cat=0
split_feature=2 10 10 3 3 1 0 0 7 4 1
split_gain=1.01773 4.80578 8.10511 3.14922 6.51254 2.50194 4.40093 6.32644 4.03688 2.69842 2.46723
threshold=58.36693456408274 0.037885263507045505 0.041716168715078959 51.10577263038487 41.525283838977067 57.041354662459199 64.453088361944552 65.590740233659758 5.6987268360502243 0.75448036659508955 56.078563762507308
decision_type=2 2 2 2 2 2 2 2 2 2 2
left_child=5 3 -3 4 -2 6 10 -8 9 -7 -1
right_child=1 2 -4 -5 -6 8 7 -9 -10 -11 -12
leaf_value=-0.0019676885600947193 0.010399427878241463 0.12602565015221875 -0.02478212237549934 0.069595133452419952 -0.05876361975750477 -0.023163032346779414 0.12960598401626988 0.0068965432684797035 0.04849026676200098 -0.091058285068216963 0.037111647519107616
leaf_weight=661.58539430052042 61.358069583773613 8.4585448652505857 6.1585090532898894 6.1065252572298041 17.496803417801857 36.278784103691578 6.3132263273000744 12.560738399624823 6.8526717722415915 6.9799337536096564 16.559654697775841
leaf_count=2531 229 34 25 23 67 141 21 49 25 29 61
internal_value=2.63025e-05 0.00952285 0.0624868 0.000410748 -0.00494689 -0.00123941 0.000312215 0.0479421 -0.0228215 -0.0341182 -0.00101341
internal_weight=846.709 99.5785 14.6171 84.9614 78.8549 747.13 697.019 18.874 50.1114 43.2587 678.145
internal_count=3235 378 59 319 296 2857 2662 70 195 170 2592
is_linear=0
shrinkage=0.1


Tree=68
num_leaves=6
num_cat=0
split_feature=6 7 7 5 1
split_gain=0.984423 1.55322 1.10129 2.29261 1.56396
threshold=7.0880697965621957 6.3249809984294281 6.0450520307349525 0.34658198146441238 59.609575262717215
decision_type=2 2 2 2 2
left_child=1 2 4 -4 -1
right_child=-2 -3 3 -5 -6
leaf_value=-0.00015277457973454382 -0.032305879723969623 0.041744823231086609 0.011121434841502881 -0.082729457992843439 0.03818659429662799
leaf_weight=806.2677860185504 9.3116177618503553 8.9841037243604642 5.6277104318141919 4.8426638841629028 10.782167270779608
leaf_count=3080 38 34 22 20 41
internal_value=2.92429e-05 0.000389184 -5.98e-05 -0.0322856 0.000353169
internal_weight=845.816 836.504 827.52 10.4704 817.05
internal_count=3235 3197 3163 42 3121
is_linear=0
shrinkage=0.1


Tree=69
num_leaves=13
num_cat=0
split_feature=3 1 0 2 8 2 11 6 6 7 3 6
split_gain=0.899709 4.78582 7.14527 6.54461 4.62536 4.75996 4.71228 1.77923 2.90017 3.04406 2.51538 2.46547
threshold=19.102787522929926 46.09979184360683 46.892394743626944 45.181030447432867 6.079655036330224 42.121869868357344 0.030012576026700405 1.9268188476562502 2.3183270128995974 2.4486092213429576 45.692141125459102 2.4259368469083715
decision_type=2 2 2 2 2 2 2 2 2 2 2 2
left_child=1 4 -3 -4 6 -6 -1 10 9 -9 -2 -10
right_child=7 2 3 -5 5 -7 -8 8 11 -11 -12 -13
leaf_value=-0.058930807917675868 -0.016156294726992839 -0.12671237786728234 -0.11237502958174912 -0.0032815088380587333 -0.0084107022556095604 0.082285397941301519 0.01788514201303161 -0.0025512769108845118 0.052421145306046295 -0.079847651480293352 0.082879934677531186 0.0011413046354197037
leaf_weight=12.885419666767119 4.3638352975249273 6.5043484717607489 6.211063139140605 47.967614613473415 9.6489973962306994 14.456208616495131 21.002945572137833 11.736562848091127 9.505655422806738 9.0032409429550153 6.2200005203485489 686.18629918247461
leaf_count=52 19 26 29 185 36 50 83 47 38 37 23 2610
internal_value=2.68897e-05 -0.0080461 -0.0276775 -0.015788 0.0124957 0.0459809 -0.0113227 0.00134471 0.000743426 -0.036106 0.0420462 0.00184197
internal_weight=845.692 118.677 60.683 54.1787 57.9936 24.1052 33.8884 727.016 716.432 20.7398 10.5838 695.692
internal_count=3235 461 240 214 221 86 135 2774 2732 84 42 2648
is_linear=0
shrinkage=0.1


Tree=70
num_leaves=15
num_cat=0
split_feature=9 8 9 10 10 11 9 9 1 2 2 10 10 9
split_gain=0.888655 2.76285 3.19693 2.38614 3.97451 2.94114 1.80375 4.31445 5.93957 4.30307 7.07608 5.13003 2.29947 1.43227
threshold=3.9910999841311967 3.7522239685058598 3.5913229672996168 0.032387109690080206 0.038032262944109253 0.031243048718487303 4.6943160200285661 4.8668669638231234 43.765297329982154 43.9820409429527 41.789452755382733 0.037885263507045505 0.043700389347954553 3.7892851214139527
decision_type=2 2 2 2 2 2 2 2 2 2 2 2 2 2
left_child=1 3 -3 5 -5 -1 9 8 -8 10 -2 -11 -9 -4
right_child=6 2 13 4 -6 -7 7 12 -10 11 -12 -13 -14 -15
leaf_value=-0.0040926436920995851 0.014214087607170012 0.0198221513908165 -0.051651793835472019 0.072817380587604577 -0.016421607340650051 -0.10287967104874154 -0.13169091340978617 0.0018461150859629448 -0.013356041056262003 0.016778342647611064 -0.091894955861152317 0.10152916266491584 -0.027840487404503712 -0.13144729422555251
leaf_weight=13.877894632518293 31.641071453690529 4.3123334199190131 5.4903390333056432 9.2745841294527072 10.805545404553412 3.849867306649684 5.7461545914411571 670.48069734871387 16.199350520968437 24.54777118563652 7.8424640744924536 10.072935879230497 27.148405238986015 3.8106471076607704
leaf_count=66 136 19 27 35 47 21 27 2500 64 91 41 34 104 23
internal_value=2.19485e-05 -0.0127179 -0.0513472 0.00119118 0.024796 -0.0255458 0.000847343 -0.000682509 -0.0443405 0.0157027 -0.00686195 0.0414367 0.000690854 -0.0843443
internal_weight=845.1 51.4212 13.6133 37.8079 20.0801 17.7278 793.679 719.575 21.9455 74.1042 39.4835 34.6207 697.629 9.30099
internal_count=3235 238 69 169 82 87 2997 2695 91 302 177 125 2604 50
is_linear=0
shrinkage=0.1


Tree=71
num_leaves=7
num_cat=0
split_feature=11 0 10 2 2 4
split_gain=0.897805 2.60677 1.86136 1.3498 6.05186 5.17953
threshold=0.047388387696387008 44.774948120117195 0.048736855656618804 63.280659901585246 62.539291248554129 0.28621179402211055
decision_type=2 2 2 2 2 2
left_child=2 -2 3 4 -1 -5
right_child=1 -3 -4 5 -6 -7
leaf_value=-7.1056048149120262e-05 -0.02398838346483765 0.071449885388346665 -0.059092720093258159 -0.0072643886539979557 -0.10495708328493153 0.079031230005938716
leaf_weight=789.48678088188171 5.2814178466796857 6.2471576780080795 5.3631693720817557 21.925750598311424 5.5397501289844504 10.186641320586203
leaf_count=3023 20 24 22 84 22 40
internal_value=1.30251e-05 0.0277281 -0.000370777 9.97631e-06 -0.000801903 0.0201102
internal_weight=844.031 11.5286 832.502 827.139 795.027 32.1124
internal_count=3235 44 3191 3169 3045 124
is_linear=0
shrinkage=0.1


Tree=72
num_leaves=14
num_cat=0
split_feature=1 1 11 7 0 7 1 5 4 1 0 0 4
split_gain=0.894721 4.91093 6.94894 4.26905 3.18162 2.09941 1.95927 6.54091 6.4347 3.82868 2.3871 7.50098 6.79735
threshold=58.181409675734457 58.612044633609592 0.033854617926222803 5.6987268360502243 58.822721481323249 4.5020263419953563 55.699215050156724 0.37077183348740356 0.25905192577192798 56.52206266122969 63.999434947967536 62.148960113525398 0.49548345804487332
decision_type=2 2 2 2 2 2 2 2 2 2 2 2 2
left_child=6 5 3 -3 -4 -2 10 8 -8 -9 11 -1 -12
right_child=1 2 4 -5 -6 -7 7 9 -10 -11 12 -13 -14
leaf_value=-0.00069903398414334391 -0.1050308007537083 -0.045948015811862607 0.12081376780401697 0.045604232233357508 0.017153940016269156 -0.020837258845089579 0.0066173514271741524 0.090175169159094098 -0.096466851904625506 0.022273211802576631 0.10943441253120736 -0.10643071959059568 -0.022572422285873944
leaf_weight=686.99231623858213 6.8412955626845342 20.603722088038925 5.851882725954054 6.7657174766063681 5.9935271143913269 5.2226347923278809 40.638394087553024 13.382734417915342 7.1157046481966963 21.881046995520592 7.17541480064392 6.7759544700384131 8.5472369939088804
leaf_count=2630 28 83 24 25 23 20 152 49 28 83 25 31 34
internal_value=1.40069e-05 -0.0127875 0.00437706 -0.0233163 0.0683641 -0.0685823 0.000842319 0.0153779 -0.00874294 0.0480423 -0.000858496 -0.0017317 0.0376721
internal_weight=843.788 51.2788 39.2148 27.3694 11.8454 12.0639 792.509 83.0179 47.7541 35.2638 709.491 693.768 15.7227
internal_count=3235 203 155 108 47 48 3032 312 180 132 2720 2661 59
is_linear=0
shrinkage=0.1


Tree=73
num_leaves=13
num_cat=0
split_feature=11 0 5 0 4 0 10 11 0 5 10 10
split_gain=0.900292 8.00735 6.14086 8.34179 7.98009 5.50542 6.47642 4.7086 4.52628 6.6284 3.13592 2.79812
threshold=0.03392161691081521 56.942563114496814 0.025962417528902954 52.044054853686525 0.014126839008143101 62.494946491007063 0.037038488735456107 0.033798506324317107 57.499505996704109 0.030642578293443502 0.035248388013105508 0.038715430342328556
decision_type=2 2 2 2 2 2 2 2 2 2 2 2
left_child=7 2 3 -2 -4 6 -3 8 10 -10 -1 -7
right_child=1 5 4 -5 -6 11 -8 -9 9 -11 -12 -13
leaf_value=0.0042965499175874429 -0.022881272516228988 0.009164671403858831 0.063106283333735122 -0.14631490533743846 -0.012601641874064255 -0.040363789110494611 0.10921307522697066 0.084837044780012638 0.045126252225451968 -0.028669915196358947 0.077193725877750433 0.048912353754720216
leaf_weight=477.00447199493647 19.69788429141045 11.973790019750597 15.177641585469244 7.5827558338642111 168.392962038517 10.788086146116255 14.076558843255041 6.8084068447351447 14.186493687331675 85.688430234789848 5.9751589596271506 5.2043462991714469
leaf_count=1819 76 45 54 32 651 42 52 24 53 346 21 20
internal_value=1.61526e-05 -0.00497527 -0.012921 -0.0571901 -0.0063421 0.0348737 0.0632268 0.00215687 0.00119107 -0.0181877 0.00519839 -0.0113111
internal_weight=842.557 252.894 210.851 27.2806 183.571 42.0428 26.0503 589.663 582.855 99.8749 482.98 15.9924
internal_count=3235 972 813 108 705 159 97 2263 2239 399 1840 62
is_linear=0
shrinkage=0.1


Tree=74
num_leaves=6
num_cat=0
split_feature=6 7 6 6 6
split_gain=0.837918 1.25252 0.958494 5.40765 4.00624
threshold=7.0880697965621957 6.3249809984294281 5.0552442737389365 4.9833144455915326 5.2679184303830731
decision_type=2 2 2 2 2
left_child=1 2 3 -1 -4
right_child=-2 -3 4 -5 -6
leaf_value=4.1456678636041206e-05 -0.029885590494293637 0.037737815041521981 -0.036966647380813282 0.055207613779692667 0.0019020465631767952
leaf_weight=659.89646292477846 9.2681018933653814 8.8646557927131635 34.882781758904457 18.260715812444687 110.58098726719618
leaf_count=2537 38 34 134 69 423
internal_value=1.64756e-05 0.000349377 -5.30361e-05 0.00152691 -0.00741882
internal_weight=841.754 832.486 823.621 678.157 145.464
internal_count=3235 3197 3163 2606 557
is_linear=0
shrinkage=0.1


Tree=75
num_leaves=15
num_cat=0
split_feature=3 3 2 8 9 11 9 0 0 11 0 1 2 8
split_gain=0.819283 4.15737 12.3481 4.96569 3.68058 4.39071 3.844 3.4458 6.02234 5.04956 4.88215 3.92498 6.85085 2.41004
threshold=27.524879221185554 28.800991001373323 54.330597791116745 6.0954356193542489 8.000228708020618 0.028413001082011953 7.4229506984057263 48.811310720682748 49.529902128386318 0.030268568788876651 50.032724380493171 49.195313013364107 48.661590743738358 7.131077037772573
decision_type=2 2 2 2 2 2 2 2 2 2 2 2 2 2
left_child=7 2 3 -2 6 -6 -3 11 9 -9 -10 12 -1 -13
right_child=1 4 -4 -5 5 -7 -8 8 10 -11 -12 13 -14 -15
leaf_value=0.010859339084498775 0.020378010921609752 -0.00014937724700422202 -0.080189014485020263 0.095694126142539707 -0.016693584498648793 0.052241058115314876 -0.035609392305736003 -0.15884127517557214 0.060088187058600001 -0.030918784140301733 -0.013308474940358347 0.010951957158153676 -0.03751235718949298 0.089454962959319539
leaf_weight=146.39292263239622 17.550077423453331 360.69129400700331 7.9384716749191275 17.465898305177689 14.129112228751181 26.700603902339935 33.401737660169601 4.9577489271759978 9.6801401525735837 8.1721674278378469 142.08625234663486 7.2614472508430472 36.599473834037781 8.4748334735631925
leaf_count=564 67 1389 31 60 55 108 128 22 36 34 549 26 136 30
internal_value=1.56053e-05 0.00273742 0.0324167 0.0579455 -0.00019381 0.0283862 -0.00315483 -0.00356141 -0.0142481 -0.0792213 -0.008627 0.00530593 0.00118474 0.05323
internal_weight=841.502 477.877 42.9544 35.016 434.923 40.8297 394.093 363.625 164.896 13.1299 151.766 198.729 182.992 15.7363
internal_count=3235 1838 158 127 1680 163 1517 1397 641 56 585 756 700 56
is_linear=0
shrinkage=0.1


Tree=76
num_leaves=10
num_cat=0
split_feature=7 7 2 3 7 7 8 2 4
split_gain=0.789562 7.24836 4.03393 5.9629 2.53722 2.60324 2.38742 2.1003 1.48801
threshold=2.6202756161395775 2.4486092213429576 35.597546507000253 48.224758678757745 2.6677268125630271 2.7161255906111883 3.8782648850185018 36.286954189418665 0.32630218951749163
decision_type=2 2 2 2 2 2 2 2 2
left_child=1 2 -1 -4 -2 -6 -3 -7 -8
right_child=4 6 3 -5 5 7 8 -9 -10
leaf_value=0.065069549465137294 0.062055930335590148 -0.13919031058319095 -0.029627338164480533 0.083228224598683051 -0.066993644307237477 -0.022214860389683212 -0.082795648490112006 0.0019767945163733295 -0.008719585559417346
leaf_weight=10.10671156644821 6.7101495116949073 3.8563413619995108 24.35429955273867 5.7959920316934577 5.7064640522003165 37.728055655956268 5.7095887511968595 735.84446315467358 5.1647516041994095
leaf_count=37 26 20 113 20 26 172 24 2776 21
internal_value=1.72952e-05 -0.0115672 0.0103951 -0.00793236 0.000827744 0.000300525 -0.0715872 0.000796939 -0.0476133
internal_weight=840.977 54.9877 40.257 30.1503 785.989 779.279 14.7307 773.573 10.8743
internal_count=3235 235 170 133 3000 2974 65 2948 45
is_linear=0
shrinkage=0.1


Tree=77
num_leaves=12
num_cat=0
split_feature=3 3 7 1 9 1 1 3 6 6 3
split_gain=0.767611 4.23711 9.5424 6.85789 4.09234 7.82031 3.57317 1.68614 1.36354 2.05351 1.75024
threshold=19.102787522929926 17.885850943176624 3.6486148424229268 52.019758755716545 6.3829194732900865 46.306072243049741 44.107129167924477 19.527973803367249 1.9268188476562502 2.3183270128995974 45.692141125459102
decision_type=2 2 2 2 2 2 2 2 2 2 2
left_child=1 4 -3 -4 6 -6 -1 -2 10 -10 -9
right_child=7 2 3 -5 5 -7 -8 8 9 -11 -12
leaf_value=0.012114480157301179 0.050756159743664236 0.054155404640717879 -0.13596891993091556 0.001892606782702512 0.080671006303681181 -0.008647900729721358 -0.03985550612139091 -0.012410823089018162 -0.031289052926415227 0.0011535768291375556 0.070817995262345598
leaf_weight=24.009419769048691 6.8099882602691642 6.6609946787357357 10.444775998592375 5.5127957612276068 15.811827585101126 25.792540401220322 29.4659763276577 4.2875793948769552 20.082331597805023 684.94849178940058 6.1521815061569214
leaf_count=94 26 27 44 20 55 97 124 19 83 2623 23
internal_value=1.17713e-05 -0.00747689 -0.0463779 -0.0883425 0.0017773 0.0252979 -0.016522 0.00123208 0.000760697 0.00022947 0.0366362
internal_weight=839.979 117.698 22.6186 15.9576 95.0798 41.6044 53.4754 722.281 715.471 705.031 10.4398
internal_count=3235 461 91 64 370 152 218 2774 2748 2706 42
is_linear=0
shrinkage=0.1


Tree=78
num_leaves=10
num_cat=0
split_feature=8 8 8 1 2 11 4 9 6
split_gain=0.801884 6.37531 5.96461 3.06997 5.86003 4.4277 2.93712 2.40411 2.37432
threshold=7.9340522941201934 7.8011737114091781 7.9912686944007882 44.574926394566695 46.390259321358421 0.028607349144521503 0.14453172683715823 8.0837414651848043 5.6903744030782297
decision_type=2 2 2 2 2 2 2 2 2
left_child=1 7 -2 5 -5 -4 -3 8 -1
right_child=2 6 3 4 -6 -7 -8 -9 -10
leaf_value=0.00044791592858122923 -0.10500180054565025 0.018601054641703588 0.082855089947305657 -0.068173181731114293 0.00083896120500494352 -0.027114570649187014 0.10296365202149985 0.063034275710419668 -0.030618219232215662
leaf_weight=666.47343841195107 5.9606857746839514 7.9017764180898693 9.2460109591484052 14.270255096256731 89.30115994066 6.0615546107292166 8.6385753303766233 5.9697283655405036 25.544652931392193
leaf_count=2566 24 30 34 59 345 23 30 23 101
internal_value=8.38944e-06 0.00130034 -0.00738618 -0.00249166 -0.00866966 0.0393088 0.0626613 -0.000153742 -0.000698837
internal_weight=839.368 714.528 124.84 118.879 103.571 15.3076 16.5404 697.988 692.018
internal_count=3235 2750 485 461 404 57 60 2690 2667
is_linear=0
shrinkage=0.1


Tree=79
num_leaves=15
num_cat=0
split_feature=6 7 4 5 3 11 11 11 11 3 10 6 7 3
split_gain=0.798038 5.13327 5.46146 8.77382 4.73463 2.94516 7.34383 2.16196 8.1207 7.43953 4.41921 4.4223 4.30051 4.26431
threshold=3.9995992701434315 3.9760836311161474 0.015729980543255754 0.025962417528902954 21.260446544877549 0.024571218597134504 0.026118486558120903 0.034206860703769056 0.034857404479125456 30.504249801954931 0.031249165689358305 4.500115394592286 3.9836017992270105 34.295786842055314
decision_type=2 2 2 2 2 2 2 2 2 2 2 2 2 2
left_child=1 5 3 -3 -4 -1 -7 10 9 -9 11 -2 -10 -12
right_child=7 2 4 -5 -6 6 -8 8 12 -11 13 -13 -14 -15
leaf_value=0.061932587822923296 0.019362846556617231 -0.062508355280550321 0.034778300731775777 0.1088696855097518 -0.060419631798319523 -0.080796976364221326 0.0026336654154617083 -0.026943563087541762 -0.065009391186944779 -0.17193349224533552 0.013522243238131795 -0.0085117425812470098 0.011404817292209705 0.065899384518876808
leaf_weight=7.8428956419229499 83.156828321516514 5.6166395843029004 6.0508088767528525 6.3812839835882187 38.248321861028671 10.901484832167624 327.65246522426605 10.497692525386809 8.277683347463606 5.3386387377977362 60.860744498670101 180.3615705743432 66.796172648668289 20.875875480473042
leaf_count=32 311 21 22 22 148 47 1279 40 35 22 229 692 257 78
internal_value=9.00904e-06 -0.00320099 -0.0312072 0.0286417 -0.0474166 0.00135062 -5.2813e-05 0.00297268 -0.0107476 -0.0758216 0.0065854 0.000284465 0.00297935 0.0268996
internal_weight=838.859 402.694 56.2971 11.9979 44.2991 346.397 338.554 436.165 90.9102 15.8363 345.255 263.518 75.0739 81.7366
internal_count=3235 1571 213 43 170 1358 1326 1664 354 62 1310 1003 292 307
is_linear=0
shrinkage=0.1


Tree=80
num_leaves=8
num_cat=0
split_feature=11 7 4 6 0 6 6
split_gain=0.840855 0.858435 4.44769 8.27301 6.29549 3.6987 4.48534
threshold=0.022227255501513003 4.8859445928819616 0.031426216034363456 5.0900154572327674 43.387108996034719 5.500054359436036 5.1912534855184171
decision_type=2 2 2 2 2 2 2
left_child=-1 5 4 -4 -3 6 -2
right_child=1 2 3 -5 -6 -7 -8
leaf_value=-0.037401363329836963 -0.00080810005203575317 -0.12524012720352382 0.062499820414951938 0.0017932824498247209 -0.0069411942631646354 0.07999251156847037 -0.058780750696171759
leaf_weight=5.9649617820978156 648.08027991652489 5.336698353290557 28.731307998299599 102.66265820711851 28.641478151082993 5.5476166307926169 13.626548394560812
leaf_count=26 2500 21 108 391 113 21 55
internal_value=1.02643e-05 0.000278282 0.00672804 0.0150677 -0.0255215 -0.00132022 -0.00200193
internal_weight=838.592 832.627 165.372 131.394 33.9782 667.254 661.707
internal_count=3235 3209 633 499 134 2576 2555
is_linear=0
shrinkage=0.1


Tree=81
num_leaves=13
num_cat=0
split_feature=9 0 10 9 9 0 2 3 7 5 7 9
split_gain=0.772937 5.1547 4.33059 4.37843 3.81329 3.42963 2.34994 2.01362 1.78047 4.30814 3.35176 0.875869
threshold=4.3100066375611261 44.149799346923835 0.044784718098655057 3.0175858753935052 4.4192613670250394 41.318714625295328 44.387967957668231 31.316332288754669 2.7849369762274616 0.066957715983034113 3.0916257028654308 3.678023881146387
decision_type=2 2 2 2 2 2 2 2 2 2 2 2
left_child=1 5 3 -3 6 7 -2 -1 9 -6 -10 -7
right_child=4 2 -4 -5 8 11 -8 -9 10 -11 -12 -13
leaf_value=0.02681966712879796 0.013034354549763164 0.025269751998354829 0.073089534480994395 -0.049948889179502985 0.045138107231135691 0.043234689858033054 0.097640150980197557 -0.046293540186533151 0.027694761801942414 -0.047038043508697697 -0.00073663279805142668 0.10061109624457516
leaf_weight=9.2439519017934817 6.7143412977457029 9.6089999228715879 3.9829310551285735 39.758887261152267 6.6811738461256054 5.5769543498754484 6.4236455112695694 6.3576516658067694 44.185700118541718 21.033170953392982 673.2789818495512 5.0877110064029694
leaf_count=39 30 46 17 193 24 21 22 29 160 85 2549 20
internal_value=1.11073e-05 -0.00936212 -0.0272158 -0.0353083 0.00099522 0.0269014 0.0544012 -0.00297396 5.36373e-05 -0.0248169 0.00101434 0.0706068
internal_weight=837.934 79.6171 53.3508 49.3679 758.317 26.2663 13.138 15.6016 745.179 27.7143 717.465 10.6647
internal_count=3235 365 256 239 2870 109 52 68 2818 109 2709 41
is_linear=0
shrinkage=0.1


Tree=82
num_leaves=15
num_cat=0
split_feature=3 1 3 0 4 5 5 1 1 3 5 4 5 1
split_gain=0.818863 3.75037 4.57748 3.84506 3.79987 3.71769 2.69388 1.69932 6.73782 6.35823 3.92939 3.52908 5.83322 5.4758
threshold=19.34860107789763 45.733026992597722 18.056486645992027 50.826534152030952 0.62099962489877913 0.33333665988851374 0.47512943347477382 43.649707499786253 43.2386897599172 34.716854295462561 0.11186218141879122 0.039459710769733612 0.10265673894185812 56.670109193682848
decision_type=2 2 2 2 2 2 2 2 2 2 2 2 2 2
left_child=1 4 6 -4 5 -1 -3 8 10 -10 -2 13 -13 -9
right_child=7 2 3 -5 -6 -7 -8 11 9 -11 -12 12 -14 -15
leaf_value=0.0071071437045122218 -0.023959004203890345 -0.023206967528760787 -0.14209879512379045 -0.032373583139863014 -0.052586730537177766 0.074035233852095705 0.029927444822088291 0.025549573949124271 -0.02661056565115898 -0.15913559985290152 0.011780568059540945 -0.10377526908219843 0.00061806234724489642 -0.03177910919193825
leaf_weight=36.219863161444664 47.149065650999546 39.65437575429678 5.3084712773561469 8.0166103988885862 7.8822522461414328 10.766708061099051 12.565184675157068 120.30990423262119 11.74403800070286 5.2335923910140982 88.51571836322546 5.4217967540025702 419.25262080878019 19.339286997914314
leaf_count=138 188 156 24 32 35 38 51 446 46 22 350 22 1611 76
internal_value=6.54145e-06 -0.00762402 -0.0237711 -0.0760861 0.0116648 0.0224433 -0.0104216 0.00128808 -0.00807276 -0.0674633 -0.000640396 0.00382007 -0.000714722 0.0176104
internal_weight=837.379 120.413 65.5446 13.3251 54.8688 46.9866 52.2196 716.966 152.642 16.9776 135.665 564.324 424.674 139.649
internal_count=3235 474 263 56 211 176 207 2761 606 68 538 2155 1633 522
is_linear=0
shrinkage=0.1


Tree=83
num_leaves=8
num_cat=0
split_feature=9 8 11 10 8 10 8
split_gain=0.984625 1.28314 3.3077 5.99832 2.23867 3.47269 1.56815
threshold=2.0308641975308648 3.2399902343750004 0.038089348898156204 0.031802989701241055 3.8378271573681619 0.027763032761388754 4.3390600085258493
decision_type=2 2 2 2 2 2 2
left_child=-1 2 3 -2 5 -3 -6
right_child=1 4 -4 -5 6 -7 -8
leaf_value=-0.052930778306977358 -0.014276878318459016 -0.11316232186520941 -0.041707849210047852 0.11512656285017851 0.018333801139014068 -0.013686081463922934 -0.00050035718516517561
leaf_weight=3.4993650391697875 7.1559784039855021 4.0758887529373196 5.3404756858944884 7.1724481284618378 47.028391912579536 25.24792517721653 737.01139011234045
leaf_count=19 36 21 24 26 196 110 2803
internal_value=2.71172e-06 0.000225072 0.0254633 0.0504992 -0.000385242 -0.0275129 0.000629356
internal_weight=836.532 833.032 19.6689 14.3284 813.364 29.3238 784.04
internal_count=3235 3216 86 62 3130 131 2999
is_linear=0
shrinkage=0.1


Tree=84
num_leaves=13
num_cat=0
split_feature=10 10 1 1 6 5 6 7 0 8 8 5
split_gain=0.772243 6.13063 6.05578 5.42893 7.51155 5.45698 5.25096 4.68441 4.41018 3.98002 3.86201 3.08362
threshold=0.033385006491615854 0.032224611600692808 40.538687412027649 43.695996252536879 3.1877212776264368 0.15101368198178933 5.8899506875113339 3.310135810166742 56.942563114496814 4.250846519029813 4.6257171630859384 0.45976644814638784
decision_type=2 2 2 2 2 2 2 2 2 2 2 2
left_child=1 9 7 5 -5 -3 8 -2 -4 11 -11 -1
right_child=2 3 6 4 -6 -7 -8 -9 -10 10 -12 -13
leaf_value=-0.018578405977028974 -0.012401261732717392 -0.080551633730094427 -0.010910125467230055 0.12853705320350625 0.028676872435794906 0.03321618808764721 -0.10068735494462842 0.11649806313238256 0.022569109130949044 0.043956333114065875 -0.00081842893518043478 -0.090377265323063144
leaf_weight=32.761156752705574 4.6386299729347211 7.3055056184530285 226.84724587202072 9.7711248025298101 32.879624009132385 9.9699153155088407 5.8702706024050704 7.1887168437242508 47.603081695735455 20.180806532502174 424.05834154784679 7.3178494647145262
leaf_count=151 20 30 875 34 120 37 25 26 183 80 1612 42
internal_value=-1.96293e-07 0.00222607 -0.00414752 0.0323987 0.0515545 -0.0148944 -0.00710485 0.0659444 -0.00510319 -0.00150728 0.00121559 -0.0316878
internal_weight=836.392 544.244 292.148 59.9262 42.6507 17.2754 280.321 11.8273 274.45 484.318 444.239 40.079
internal_count=3235 2106 1129 221 154 67 1083 46 1058 1885 1692 193
is_linear=0
shrinkage=0.1


Tree=85
num_leaves=7
num_cat=0
split_feature=7 6 3 7 2 7
split_gain=0.761526 1.21261 4.15113 0.957472 3.99656 1.90777
threshold=6.8027830895224026 6.7114295959472665 28.584275563014753 6.0450520307349525 53.488569886797599 5.9302519117336763
decision_type=2 2 2 2 2 2
left_child=1 3 -3 5 -5 -1
right_child=-2 2 -4 4 -6 -7
leaf_value=-0.0002855360579853455 -0.037167945948705872 0.086679266122829252 -0.033340562738967121 -0.086523445162077647 0.02287701655694549 0.046207977571430123
leaf_weight=796.20623712986708 5.477042779326438 6.3610993325710279 5.2686359584331512 6.1010309159755689 7.3766885697841644 8.9244393110275251
leaf_count=3077 22 24 25 24 29 34
internal_value=-2.32757e-06 0.000242852 0.0323065 -0.000212667 -0.0266459 0.000229819
internal_weight=835.715 830.238 11.6297 818.608 13.4777 805.131
internal_count=3235 3213 49 3164 53 3111
is_linear=0
shrinkage=0.1


Tree=86
num_leaves=14
num_cat=0
split_feature=3 3 2 8 10 11 10 2 6 10 4 1 1
split_gain=0.716398 3.32815 9.97039 4.4791 3.22686 5.48355 5.33536 3.74232 3.67614 3.58899 2.9083 2.86745 2.59735
threshold=27.524879221185554 28.800991001373323 54.330597791116745 7.4694007016064701 0.036271890528736063 0.03492978448013296 0.038462998650375259 50.798772253913945 4.5294000202541307 0.03533561812511201 0.25320008775452424 59.723070382924881 59.031789180846737
decision_type=2 2 2 2 2 2 2 2 2 2 2 2 2
left_child=4 2 3 -2 5 9 10 -8 -7 -1 -6 12 -3
right_child=1 11 -4 -5 6 8 7 -9 -10 -11 -12 -13 -14
leaf_value=-0.0015249736393912056 0.033801463892776426 0.00035863470564542364 -0.07154780679991167 0.12187524457113064 -0.10525636624119304 0.019563237319534393 0.022458230039862477 -0.045773274920794194 0.10414052562939434 -0.081757706941952751 -0.030960635479521322 0.075104045548735579 -0.046955652572112774
leaf_weight=275.51059582829475 27.394365176558495 414.82130558043718 7.9876845180988303 7.3164670914411536 9.702588692307474 15.654241099953653 22.917738892138004 12.381114944815634 7.6506788134574881 5.6904665678739539 11.529868215322493 5.0136657729744902 11.936214767396448
leaf_count=1061 102 1610 31 25 40 59 91 50 27 23 46 20 50
internal_value=-1.97299e-06 0.00255234 0.0291852 0.052366 -0.00335881 0.000714625 -0.0253004 -0.00147405 0.0473288 -0.00314859 -0.0649115 -8.14247e-05 -0.000964725
internal_weight=835.507 474.47 42.6985 34.7108 361.037 304.506 56.5313 35.2989 23.3049 281.201 21.2325 431.771 426.758
internal_count=3235 1838 158 127 1397 1170 227 141 86 1084 86 1680 1660
is_linear=0
shrinkage=0.1


Tree=87
num_leaves=11
num_cat=0
split_feature=2 7 6 7 2 1 7 6 7 4
split_gain=0.73433 4.14652 7.6247 8.29066 3.19511 2.48662 2.16562 8.34467 5.44357 1.64141
threshold=37.581721236793406 2.4486092213429576 3.4708857228015053 3.779480316306072 37.935849414956735 42.550661806836722 2.5912912391166816 2.4259368469083715 2.6677268125630271 0.12166621545535251
decision_type=2 2 2 2 2 2 2 2 2 2
left_child=1 9 5 -4 -2 -3 7 -6 -8 -1
right_child=4 2 3 -5 6 -7 8 -9 -10 -11
leaf_value=-0.0010125499225571977 0.068313283422286347 -0.052062027891037865 0.050206405795054844 -0.036996000314302231 0.00048832141082084024 -0.14391592167148667 0.084261146053069752 -0.12147795096020175 0.00055206016650860557 0.069197842610324467
leaf_weight=5.7280903905630094 6.9679266065359107 6.6893829554319364 17.918897673487663 27.844445064663887 27.898306578397751 5.2683854624629021 7.8539681434631339 7.0213733911514273 714.06032361835241 7.9527989774942398
leaf_count=23 26 31 76 125 124 27 30 35 2708 30
internal_value=2.77015e-07 -0.00969777 -0.0214299 -0.0028514 0.000906874 -0.0925313 0.000286285 -0.0240357 0.00146276 0.0398013
internal_weight=835.204 71.402 57.7211 45.7633 763.802 11.9578 756.834 34.9197 721.914 13.6809
internal_count=3235 312 259 201 2923 58 2897 159 2738 53
is_linear=0
shrinkage=0.1


Tree=88
num_leaves=6
num_cat=0
split_feature=2 3 2 9 9
split_gain=0.692113 5.87678 1.45725 1.5079 3.61384
threshold=32.171358049308843 36.996471022666263 33.539698785445019 2.8445400414139952 3.1757809428276285
decision_type=2 2 2 2 2
left_child=1 -1 -2 -4 -5
right_child=2 -3 3 4 -6
leaf_value=-0.088201719172348883 0.039786922348799339 0.042293280496296 -0.047167887359409084 0.073212884359055763 -0.00030525282586052211
leaf_weight=6.8243761435151082 9.271665118634699 6.9816324710845947 6.7452884912490836 6.7427105903625479 797.91739828139544
leaf_count=36 39 29 35 30 3066
internal_value=-6.98493e-06 -0.022211 0.000366547 -8.38967e-05 0.000310798
internal_weight=834.483 13.806 820.677 811.405 804.66
internal_count=3235 65 3170 3131 3096
is_linear=0
shrinkage=0.1


Tree=89
num_leaves=10
num_cat=0
split_feature=9 8 3 10 11 4 6 8 9
split_gain=0.699822 3.77718 3.30437 3.26933 5.33212 3.55399 3.16831 3.61719 2.88022
threshold=6.1714423136659127 6.6254882812500009 32.503548658215898 0.044437466141020461 0.039813209652893908 3.6149419152097661e-07 5.3504863498584427 6.342120841220253 6.8126592814915279
decision_type=2 2 2 2 2 2 2 2 2
left_child=1 6 -3 4 5 -2 7 -1 -5
right_child=3 2 -4 8 -6 -7 -8 -9 -10
leaf_value=-0.00211387764962012 -0.037534066111646357 -0.11993294902221058 -0.016697273277350353 -0.000123108511458374 0.088226407839130619 0.0050229068543335507 -0.077095045765938647 0.044924787095060183 -0.10851016817790791
leaf_weight=391.15659403800964 20.723912507295609 4.9637899845838538 8.2595947086811048 4.9246203750371915 7.439457267522811 369.54695180058479 5.4221865907311431 17.060914024710655 4.8824424147605896
leaf_count=1557 81 22 34 19 29 1386 23 63 21
internal_value=-8.81464e-06 -0.00283852 -0.0554498 0.00295522 0.00436173 0.00276307 -0.00115662 -0.000147959 -0.0540836
internal_weight=834.38 426.863 13.2234 407.517 397.71 390.271 413.64 408.218 9.80706
internal_count=3235 1699 56 1536 1496 1467 1643 1620 40
is_linear=0
shrinkage=0.1


Tree=90
num_leaves=9
num_cat=0
split_feature=11 10 10 8 5 3 1 10
split_gain=0.703959 2.05503 1.44279 15.298 2.87459 1.56746 3.82489 2.11217
threshold=0.047388387696387008 0.052709714833164951 0.044437466141020461 4.8567814826965341 0.22607623462559012 43.573972303594765 52.193505305942573 0.041388669202890804
decision_type=2 2 2 2 2 2 2 2
left_child=2 -2 5 -4 -5 7 -7 -1
right_child=1 -3 3 4 -6 6 -8 -9
leaf_value=0.00094124227210803978 0.06352251014105724 -0.021839430229565179 0.073597114899261115 -0.050229225270860801 -0.13852098565245954 -0.034514751370865675 0.010740977519117704 0.035061643726361821
leaf_weight=703.78764757514 6.2011866122484189 5.1728573888540268 9.7723991349339503 8.9096877425909025 6.2914119362831107 39.962707981467247 35.05970037728548 18.622745051980019
leaf_count=2724 24 20 37 35 26 160 137 72
internal_value=-7.44197e-06 0.0247003 -0.000349155 -0.0240174 -0.0867713 0.000392072 -0.0133657 0.00182082
internal_weight=833.78 11.374 822.406 24.9735 15.2011 797.433 75.0224 722.41
internal_count=3235 44 3191 98 61 3093 297 2796
is_linear=0
shrinkage=0.1


Tree=91
num_leaves=14
num_cat=0
split_feature=3 3 4 5 4 6 3 6 4 6 3 2 3
split_gain=0.715535 4.66261 3.39068 9.44776 5.09286 2.38913 1.36394 5.97042 9.1386 8.43287 2.05631 6.63312 4.20066
threshold=18.774772578860077 18.056486645992027 0.62099962489877913 0.47512943347477382 0.90637588500976574 3.9251058905210816 22.114996664234621 4.2957708239555368 0.32031631469726568 5.0651114525000134 23.063287220873484 40.095507125405071 23.615080451149012
decision_type=2 2 2 2 2 2 2 2 2 2 2 2 2
left_child=1 2 3 -1 -4 -3 7 8 -2 -9 11 -8 -12
right_child=6 5 4 -5 -6 -7 10 9 -10 -11 12 -13 -14
leaf_value=-0.0016868931369456571 0.019866269832338659 -0.0097146338410890008 -0.12604694776693376 0.13074458995888028 -0.0012514183157685168 -0.10037072333584912 0.07454952010075494 0.088416376647324268 -0.078041732723846707 -0.0046908820650356379 0.044583682169435715 -0.052450525146088903 -0.00080412109507200548
leaf_weight=77.525143980979919 29.00010035187006 4.7182908579707128 5.0428340584039679 5.7892726510763159 9.3025043383240682 7.5725973099470139 5.1028748154640224 19.380853235721588 14.20195499062538 19.530373759567738 21.115678414702415 21.190570950508118 594.162936411798
leaf_count=299 110 20 22 20 42 32 21 68 60 74 78 83 2306
internal_value=-5.63128e-06 -0.00752191 -0.000216422 0.00751538 -0.0451209 -0.0655692 0.00113633 0.0132713 -0.0123194 0.0416839 -0.000416795 -0.0278031 0.000753538
internal_weight=833.636 109.951 97.6598 83.3144 14.3453 12.2909 723.685 82.1133 43.2021 38.9112 641.572 26.2934 615.279
internal_count=3235 435 383 319 64 52 2800 312 170 142 2488 104 2384
is_linear=0
shrinkage=0.1


Tree=92
num_leaves=12
num_cat=0
split_feature=7 6 7 4 4 6 2 0 11 4 4
split_gain=0.695272 3.22645 3.8412 3.33437 2.88572 6.41166 7.01602 4.99069 5.76844 3.43239 2.07997
threshold=4.8859445928819616 5.500054359436036 4.5857602762962104 0.26062324671420362 0.031426216034363456 5.0900154572327674 49.895758594110951 43.387108996034719 0.030074395781776102 0.039459710769733612 0.12166621545535251
decision_type=2 2 2 2 2 2 2 2 2 2 2
left_child=1 2 10 -4 7 6 -6 -2 -9 -7 -1
right_child=4 -3 3 -5 5 9 -8 8 -10 -11 -12
leaf_value=0.0077696989170482639 -0.10892602403913985 0.074835508635920242 -0.045007448812575852 -0.00063753435300664912 0.14009592092500661 0.093277817326312615 0.025632969244002293 -0.047257326151707878 0.042112837260057989 -0.0026311882010793212 -0.0043176230276870666
leaf_weight=236.76289568841457 5.3350582569837561 5.4992021620273581 36.755832150578499 31.411273449659348 7.1835953593254116 3.877250373363494 21.037244468927383 14.804758295416834 14.101394966244696 99.230272091925144 357.05844890326262
leaf_count=900 21 21 142 119 25 13 84 60 55 383 1412
internal_value=-6.65815e-06 -0.00144549 -0.00207916 -0.0245619 0.00579392 0.012535 0.0547694 -0.0200609 -0.00365955 0.000975369 0.000501721
internal_weight=833.057 667.488 661.988 68.1671 165.57 131.328 28.2208 34.2412 28.9062 103.108 593.821
internal_count=3235 2594 2573 261 641 505 109 136 115 396 2312
is_linear=0
shrinkage=0.1


Tree=93
num_leaves=13
num_cat=0
split_feature=2 11 11 5 1 10 2 1 5 5 10 4
split_gain=0.678733 3.84145 5.98488 9.59091 4.68073 4.07592 6.41637 5.1798 2.28669 3.20706 4.95796 2.34931
threshold=41.995867768595048 0.028314967664394505 0.029792409156554105 0.050787694068806101 48.593215883068979 0.025890498002631903 40.473739669783306 48.010994064294799 1.1506769399466228 0.93993958460507132 0.030559819582234752 1.0237586518643071
decision_type=2 2 2 2 2 2 2 2 2 2 2 2
left_child=1 5 3 -3 -4 7 -7 -1 9 11 -11 -2
right_child=8 2 4 -5 -6 6 -8 -9 -10 10 -12 -13
leaf_value=0.010467145716221021 0.0018320473218515984 0.035684543055394667 -0.01162498919055069 -0.095633867485787116 0.049190231129845302 0.081980369689669 -0.03959208241141423 -0.11191173378370665 -0.060998677898628541 -0.023403856269086344 0.10919924604230147 -0.054004150425959387
leaf_weight=24.359244242310528 617.56722557544708 7.9212009012699154 97.954795703291893 18.671631790697575 14.533502675592898 16.562334045767788 5.8834546431899062 4.0309235528111449 5.7922977209091178 4.8190505132079107 6.7960617691278458 7.6285109966993323
leaf_count=99 2338 33 409 85 57 64 24 22 23 21 28 32
internal_value=-3.1492e-06 -0.00525535 -0.0138537 -0.0565181 -0.00376765 0.0182688 0.050114 -0.00690858 0.0015491 0.00211803 0.0541829 0.00115075
internal_weight=832.52 189.917 139.081 26.5928 112.488 50.836 22.4458 28.3902 642.603 636.811 11.6151 625.196
internal_count=3235 793 584 118 466 209 88 121 2442 2419 49 2370
is_linear=0
shrinkage=0.1


Tree=94
num_leaves=9
num_cat=0
split_feature=4 4 2 4 0 1 4 1
split_gain=0.714299 3.23415 7.35694 2.65381 3.49243 2.47257 1.71267 0.778923
threshold=1.1934307543451725 1.0237586518643071 50.959159561123954 0.90637588500976574 51.895685110241182 51.564801831529529 0.85511423472780745 48.144429549350384
decision_type=2 2 2 2 2 2 2 2
left_child=1 3 7 6 -5 -2 -1 -3
right_child=5 2 -4 4 -6 -7 -8 -9
leaf_value=-0.00010608332282853121 0.064796127946974591 -0.14261918862327969 0.045797127021858362 -0.009118833609364909 0.071012706404008127 -0.023415453127558127 -0.050647675410800556 -0.079732991834709332
leaf_weight=777.34992219507694 6.7824184745550138 3.8059473037719709 4.914615660905838 9.9435112550854701 12.006425306200979 5.9785651713609695 6.7629797756671897 4.0822335556149483
leaf_count=3008 27 21 18 43 48 23 28 19
internal_value=-8.16283e-06 -0.00037402 -0.0502402 0.00041801 0.0347124 0.0234687 -0.000542005 -0.110075
internal_weight=831.627 818.866 12.8028 806.063 21.9499 12.761 784.113 7.88818
internal_count=3235 3185 58 3127 91 50 3036 40
is_linear=0
shrinkage=0.1


Tree=95
num_leaves=12
num_cat=0
split_feature=11 0 11 5 0 4 1 11 0 0 1
split_gain=0.688316 5.52333 4.7445 4.52837 6.36239 5.89391 4.48454 3.46985 3.3179 6.24736 3.13372
threshold=0.03392161691081521 56.942563114496814 0.041211083472307612 0.025962417528902954 52.044054853686525 0.014126839008143101 57.274897660339882 0.033798506324317107 57.499505996704109 59.571012331626434 58.519885427298703
decision_type=2 2 2 2 2 2 2 2 2 2 2
left_child=7 3 6 4 -2 -5 -3 8 10 -10 -1
right_child=1 2 -4 5 -6 -7 -8 -9 9 -11 -12
leaf_value=0.0055952487111205788 -0.019457712883146766 0.041105411309829115 0.11646623769097648 0.054970382813118918 -0.12867041778170935 -0.010745760260848659 -0.033583970512396928 0.073756897974585983 -0.055558118259091384 0.00025105838888199515 -0.055270859337200696
leaf_weight=468.08910408616066 19.462212271988395 23.790600061416626 5.3916475325822821 14.865730151534079 7.3483022004365912 166.56736554950476 12.141723364591597 6.6387693583965293 28.069813616573811 70.272866472601891 8.6144912391900998
leaf_count=1806 76 88 22 54 32 651 49 24 115 284 34
internal_value=-9.7216e-06 -0.00440288 0.0289929 -0.01103 -0.049391 -0.0053613 0.0158675 0.00187513 0.00104527 -0.0156785 0.00449534
internal_weight=831.253 249.568 41.324 208.244 26.8105 181.433 35.9323 581.685 575.046 98.3427 476.704
internal_count=3235 972 159 813 108 705 137 2263 2239 399 1840
is_linear=0
shrinkage=0.1


Tree=96
num_leaves=9
num_cat=0
split_feature=9 5 5 8 7 0 5 0
split_gain=0.678997 2.44584 2.64104 2.07827 1.8469 0.866206 3.53761 3.14859
threshold=9.0050628977607658 0.19767763495853732 0.43209975107807824 9.4061892849345465 5.6175679716959159 52.84065863308826 0.62603939101424266 50.487677784520208
decision_type=2 2 2 2 2 2 2 2
left_child=3 4 -3 5 -2 7 -7 -1
right_child=1 2 -4 -5 -6 6 -8 -9
leaf_value=0.00077294452852609335 0.020360557329246305 0.085988057264381523 -0.0034092786272341318 -0.058277255965708 -0.064712149510104386 -0.00017080582998097341 0.032642834275900014 -0.021090562132813975
leaf_weight=463.60990723222494 5.3755841255188006 7.2066832408308965 6.1033686548471451 6.1770987138152114 4.8581582754850388 221.9494165033102 38.563479483127594 76.776611037552357
leaf_count=1782 21 32 26 28 20 869 151 306
internal_value=-7.27391e-06 0.0167326 0.0449946 -0.000495604 -0.0200251 -4.99515e-05 0.00468657 -0.00233336
internal_weight=830.62 23.5438 13.3101 807.077 10.2337 800.899 260.513 540.387
internal_count=3235 99 58 3136 41 3108 1020 2088
is_linear=0
shrinkage=0.1


Tree=97
num_leaves=15
num_cat=0
split_feature=9 8 4 3 10 3 9 5 8 11 3 3 2 4
split_gain=0.671793 4.0086 3.6069 3.55581 5.41232 8.47964 4.5164 6.42761 4.38575 3.54678 3.38329 5.26793 3.78336 3.28212
threshold=6.4560265865980133 6.5942221414027236 0.62500000745058071 41.144214065632177 0.031906340801861062 45.126503866224986 6.5773211230978879 0.3703275586133517 6.1371837282024329 0.036638632019669305 36.035765459097654 34.716854295462561 30.308083166605414 0.13708949089050293
decision_type=2 2 2 2 2 2 2 2 2 2 2 2 2 2
left_child=1 10 13 6 5 -5 7 -2 -8 -6 11 -1 -12 -3
right_child=3 2 -4 4 9 -7 8 -9 -10 -11 12 -13 -14 -15
leaf_value=-0.0026911589231734413 0.0085946125374545043 -0.055683943516160177 -0.11491027901084623 -0.065826216942253254 -0.10644370423182109 0.059393600949983909 -0.074879585293882694 0.1184721851712951 0.0054476891626485434 -0.0072289533037552247 0.1133438449487229 -0.059600387974667372 0.010278554503326176 0.018563738726109662
leaf_weight=300.44543616473675 14.188839122653009 13.200375810265546 5.0831092149019232 9.4015415608882922 9.991946414113043 12.731065124273298 6.9667445272207251 8.5212556570768339 278.98944526910782 5.6352525800466529 3.6594897657632819 17.196770921349525 133.23307140171528 10.845194958150385
leaf_count=1196 52 55 23 38 41 48 27 29 1059 23 14 72 516 42
internal_value=-5.37341e-06 -0.002413 -0.0383753 0.00335604 -0.0256103 0.00620243 0.00689956 0.0498227 0.00349068 -0.0706663 -0.000108367 -0.00577216 0.0130338 -0.0221963
internal_weight=830.09 483.663 29.1287 346.426 37.7598 22.1326 308.666 22.7101 285.956 15.6272 454.535 317.642 136.893 24.0456
internal_count=3235 1918 120 1317 150 86 1167 81 1086 64 1798 1268 530 97
is_linear=0
shrinkage=0.1


Tree=98
num_leaves=13
num_cat=0
split_feature=9 10 10 8 0 9 0 2 0 9 1 2
split_gain=0.695057 2.9872 4.87225 2.8549 2.16309 1.35568 3.79393 5.23167 4.16019 3.68078 4.73482 1.85603
threshold=3.9910999841311967 0.028252968126998606 0.029916540182251303 3.5859791890106867 48.967390405377962 4.6943160200285661 54.267667147792118 48.210498771248375 51.983462333679206 4.8668669638231234 43.765297329982154 32.644398358284029
decision_type=2 2 2 2 2 2 2 2 2 2 2 2
left_child=1 4 -3 -4 -1 6 8 -8 -2 10 -7 -11
right_child=5 2 3 -5 -6 9 7 -9 -10 11 -12 -13
leaf_value=0.078933945520934037 0.016177607288982807 -0.11157605910367346 0.0078856317888358358 -0.058284976228495246 -0.012049827995940928 -0.12278210986783838 -0.061310316532578291 0.054343580281274055 0.097580853145732616 -0.056475850218689241 -0.014270865495181834 0.0011393067194049819
leaf_weight=5.513220012187956 46.674817159771919 5.4969089925289145 24.227454207837582 8.9210713952779752 4.967386282980442 5.362269431352618 12.650987982749941 5.66171771287918 7.2538237422704688 5.6375937908887854 16.078580170869827 680.87654504925013
leaf_count=22 194 33 107 47 29 27 60 21 27 30 64 2574
internal_value=-2.96461e-06 -0.01154 -0.0243816 -0.00992248 0.0358113 0.00072348 0.0137728 -0.0255537 0.027127 -0.000608099 -0.0414091 0.000666176
internal_weight=829.322 49.126 38.6454 33.1485 10.4806 780.196 72.2413 18.3127 53.9286 707.955 21.4408 686.514
internal_count=3235 238 187 154 51 2997 302 81 221 2695 91 2604
is_linear=0
shrinkage=0.1


Tree=99
num_leaves=14
num_cat=0
split_feature=3 1 5 8 9 2 7 6 3 2 0 1 1
split_gain=0.66541 2.70064 8.08177 7.92453 3.46019 3.29427 9.6713 4.63061 2.67501 7.65166 3.36836 2.9208 2.47025
threshold=27.524879221185554 51.998008182736378 0.58035649483872376 5.9999193288753938 6.064663315493048 46.283189188538877 4.9485985780937165 4.1800664760835025 28.666239714902584 54.330597791116745 57.404694010612737 59.723070382924881 43.649707499786253
decision_type=2 2 2 2 2 2 2 2 2 2 2 2 2
left_child=1 5 3 -3 -4 7 -7 -1 9 10 -2 12 -10
right_child=8 2 4 -5 -6 6 -8 -9 11 -11 -12 -13 -14
leaf_value=-0.022887252388269448 0.032198872469010542 -0.092946621273455085 -0.021126493193087861 -0.014204976505708095 0.081892212347285068 0.030696401143619448 -0.040852383663851841 0.011071911165626093 -0.016889301633812259 -0.065425120177516852 0.11306065826842859 0.074822067127313124 0.0028698638736035236
leaf_weight=88.36783254891634 25.282795839011673 16.729457519948483 4.8345807343721381 54.152366206049919 10.013073980808256 85.902813546359539 24.218300864100456 73.594192087650299 77.272285141050816 7.2124108523130408 6.4697122275829306 5.1817924231290808 349.18388342857361
leaf_count=369 96 69 20 205 37 317 94 286 315 28 22 21 1356
internal_value=-9.70398e-06 -0.00325998 -0.0187371 -0.0327895 0.048348 0.00161665 0.0149611 -0.00745649 0.00246157 0.0275549 0.0486748 0.00019634 -0.000710424
internal_weight=828.415 357.813 85.7295 70.8818 14.8477 272.083 110.121 161.962 470.603 38.9649 31.7525 431.638 426.456
internal_count=3235 1397 331 274 57 1066 411 655 1838 146 118 1692 1671
is_linear=0
shrinkage=0.1


end of trees

feature_importances:
receiving_yards_L10=122
targets_L5=109
receiving_yards_std_L5=101
receptions_L3=97
receiving_yards_L5=96
target_share_L3=93
receptions_L5=87
receiving_yards_L3=84
rec_tds_L3=83
rec_tds_L5=79
targets_L3=78
target_share_L5=70

parameters:
[boosting: gbdt]
[objective: binary]
[metric: binary_logloss]
[tree_learner: serial]
[device_type: cpu]
[data_sample_strategy: bagging]
[data: ]
[valid: ]
[num_iterations: 100]
[learning_rate: 0.1]
[num_leaves: 31]
[num_threads: 2]
[seed: 42]
[deterministic: 0]
[force_col_wise: 0]
[force_row_wise: 0]
[histogram_pool_size: -1]
[max_depth: 4]
[min_data_in_leaf: 20]
[min_sum_hessian_in_leaf: 0.001]
[bagging_fraction: 1]
[pos_bagging_fraction: 1]
[neg_bagging_fraction: 1]
[bagging_freq: 0]
[bagging_seed: 400]
[bagging_by_query: 0]
[feature_fraction: 1]
[feature_fraction_bynode: 1]
[feature_fraction_seed: 30056]
[extra_trees: 0]
[extra_seed: 12879]
[early_stopping_round: 0]
[early_stopping_min_delta: 0]
[first_metric_only: 0]
[max_delta_step: 0]
[lambda_l1: 0]
[lambda_l2: 0]
[linear_lambda: 0]
[min_gain_to_split: 0]
[drop_rate: 0.1]
[max_drop: 50]
[skip_drop: 0.5]
[xgboost_dart_mode: 0]
[uniform_drop: 0]
[drop_seed: 17869]
[top_rate: 0.2]
[other_rate: 0.1]
[min_data_per_group: 100]
[max_cat_threshold: 32]
[cat_l2: 10]
[cat_smooth: 10]
[max_cat_to_onehot: 4]
[top_k: 20]
[monotone_constraints: ]
[monotone_constraints_method: basic]
[monotone_penalty: 0]
[feature_contri: ]
[forcedsplits_filename: ]
[refit_decay_rate: 0.9]
[cegb_tradeoff: 1]
[cegb_penalty_split: 0]
[cegb_penalty_feature_lazy: ]
[cegb_penalty_feature_coupled: ]
[path_smooth: 0]
[interaction_constraints: ]
[verbosity: -1]
[saved_feature_importance_type: 0]
[use_quantized_grad: 0]
[num_grad_quant_bins: 4]
[quant_train_renew_leaf: 0]
[stochastic_rounding: 1]
[linear_tree: 0]
[max_bin: 255]
[max_bin_by_feature: ]
[min_data_in_bin: 3]
[bin_construct_sample_cnt: 200000]
[data_random_seed: 175]
[is_enable_sparse: 1]
[enable_bundle: 1]
[use_missing: 1]
[zero_as_missing: 0]
[feature_pre_filter: 1]
[pre_partition: 0]
[two_round: 0]
[header: 0]
[label_column: ]
[weight_column: ]
[group_column: ]
[ignore_column: ]
[categorical_feature: ]
[forcedbins_filename: ]
[precise_float_parser: 0]
[parser_config_file: ]
[objective_seed: 16083]
[num_class: 1]
[is_unbalance: 0]
[scale_pos_weight: 1.32901]
[sigmoid: 1]
[boost_from_average: 1]
[reg_sqrt: 0]
[alpha: 0.9]
[fair_c: 1]
[poisson_max_delta_step: 0.7]
[tweedie_variance_power: 1.5]
[lambdarank_truncation_level: 30]
[lambdarank_norm: 1]
[label_gain: ]
[lambdarank_position_bias_regularization: 0]
[eval_at: ]
[multi_error_top_k: 1]
[auc_mu_weights: ]
[num_machines: 1]
[local_listen_port: 12400]
[time_out: 120]
[machine_list_filename: ]
[machines: ]
[gpu_platform_id: -1]
[gpu_device_id: -1]
[gpu_use_dp: 0]
[num_gpu: 1]

end of parameters

pandas_categorical:[]
