tree
version=v4
num_class=1
num_tree_per_iteration=1
label_index=0
max_feature_idx=9
objective=binary sigmoid:1
feature_names=rec_tds_L3 rec_tds_L5 rec_tds_L10 rec_tds_std_L5 receptions_L3 receptions_L5 receptions_L10 targets_L3 targets_L5 targets_L10
feature_infos=[0:0.53126526298001409] [0:0.39998516300578119] [0:0.8962502561300455] [0:1.0523956511891843] [0:14] [0:14] [0:14] [1:17.5] [1:16.666666666666668] [1:16]
tree_sizes=1786 1770 1786 1689 1802 1705 1690 1791 1815 1697 1798 1694 1715 1683 1810 1809 1699 1807 1698 1683 1490 1597 1809 1083 1706 1610 1713 1490 1392 1717 1179 1518 1718 1714 1286 1092 1397 987 1400 1523 1290 1390 1509 1190 1083 1411 1827 1713 1092 1816 1505 1398 1195 1533 1510 1827 1509 1401 1823 1506 1518 1507 1295 1413 1405 1209 1616 1732 1725 884 1189 1727 1840 1412 1198 985 1604 1412 881 1521 1627 1607 1714 1726 1506 1300 1602 1846 1820 1618 1400 1197 1512 1410 1830 1421 1612 1728 1411 1714

Tree=0
num_leaves=16
num_cat=0
split_feature=9 2 9 9 8 2 7 3 1 0 2 8 8 6 6
split_gain=3457.58 449.559 372.131 215.202 88.8107 84.8795 103.793 72.3875 64.6916 62.7433 61.8468 59.8925 47.9635 32.533 18.4306
threshold=4.2075675251383151 0.033922202799845209 5.9291709765163256 2.5884988214336557 8.0544499692794247 0.25384752288542783 7.4365441754417185 0.069271874900706715 0.20657089210131999 0.00028468132953200006 0.022495231403998655 1.9998697694070591 5.6429692101523363 4.1746812748554989 2.8529429156618851
decision_type=2 2 2 2 2 2 2 2 2 2 2 2 2 2 2
left_child=1 7 5 11 8 6 -2 10 -4 -5 -1 -3 -7 -6 -9
right_child=2 3 4 9 13 12 -8 14 -10 -11 -12 -13 -14 -15 -16
leaf_value=-1.6144424598123523 -1.4357579800898557 -1.5494339010076339 -1.3780822097275247 -1.3135831639647904 -1.5048260224793064 -1.3423456784087471 -1.8084803334703636 -1.7584672168305882 -1.3072815095411576 -1.4955707277262802 -1.4474646132576059 -1.6240043027018609 -1.4907256529857931 -1.2723639283502433 -1.5048260224793064
leaf_weight=907.31673261523247 544.54304182529449 275.3749093413353 295.6218267083168 19.467967063188553 6.1554222702980033 159.66975864768028 7.5752759873867026 41.418094396591187 229.04434630274773 704.60969814658165 22.73783203959465 176.89307183027267 25.227077573537827 274.31201687455177 3.0777111351490012
leaf_count=5247 2342 1444 1130 64 30 563 56 289 741 3380 100 1037 120 808 15
internal_value=-1.48416 -1.56609 -1.36989 -1.52448 -1.32289 -1.42123 -1.44087 -1.61632 -1.34717 -1.49068 -1.61036 -1.5786 -1.36259 -1.27747 -1.74092
internal_weight=3693.04 2150.9 1542.15 1176.35 805.134 737.015 552.118 974.55 524.666 724.078 930.055 452.268 184.897 280.467 44.4958
internal_count=17366 11576 5790 5925 2709 3081 2398 5651 1871 3444 5347 2481 683 838 304
is_linear=0
shrinkage=1


Tree=1
num_leaves=16
num_cat=0
split_feature=9 9 0 2 8 4 8 4 8 0 2 7 2 9 7
split_gain=1472.31 258.84 113.66 81.6878 59.687 96.1628 57.5117 50.1188 44.3763 43.9168 44.758 39.377 31.2706 16.88 11.0466
threshold=3.4590169139814466 5.7889151580578408 0.0037442445755004506 0.016076400367650803 2.9545832980129352 2.5685285272296676 1.0659291800142607 4.5683593750000009 4.317827684637507 0.0051841819659160003 0.2289864244559339 4.3167058909079605 0.32505560198988998 1.778816496456477 3.9067205190658574
decision_type=2 2 2 2 2 2 2 2 2 2 2 2 2 2 2
left_child=2 3 4 8 6 -6 -1 -5 -2 13 -11 14 -13 -4 -3
right_child=1 11 9 7 5 -7 -8 -9 -10 10 -12 12 -14 -15 -16
leaf_value=0.17038877807762329 0.12476031536078724 0.22376182896925326 0.10595696953036425 0.24560635483147691 0.24052178619640396 0.091774772113101838 0.10101645353996938 0.15654674797548923 0.21627483073854786 0.15149487301942197 0.20960416325862599 0.28714085150055418 0.32540763862329164 0.26225946312267462 0.071109452912077736
leaf_weight=141.40368692576885 100.27728781104088 10.071757435798647 7.7432112693786612 1102.0423150211573 99.09591569006443 77.415396139025688 771.63929164409637 67.032107904553413 112.35769037157297 625.20993085205555 168.21257634460926 829.70811387896538 287.55639888346195 64.165151625871658 8.9556392431259138
leaf_count=681 501 33 39 3761 409 417 4130 283 427 2892 692 2196 628 236 41
internal_value=0.208654 0.259205 0.14354 0.23013 0.122051 0.175283 0.11176 0.2405 0.173117 0.170597 0.163815 0.29456 0.29699 0.245429 0.151913
internal_weight=4472.89 2518 1954.89 1381.71 1089.55 176.511 913.043 1169.07 212.635 865.331 793.423 1136.29 1117.26 71.9084 19.0274
internal_count=17366 7870 9496 4972 5637 826 4811 4044 928 3859 3584 2898 2824 275 74
is_linear=0
shrinkage=0.1


Tree=2
num_leaves=16
num_cat=0
split_feature=8 9 0 2 9 2 3 7 7 4 8 7 8 4 6
split_gain=879.178 122.404 100.029 45.1659 35.5083 34.2155 40.4576 33.5497 31.4817 30.4473 25.3793 84.6801 20.1142 17.741 12.7093
threshold=3.5614836223772657 5.7889151580578408 0.0037442445755004506 0.29424565080540455 3.0862238503357018 0.016076400367650803 0.03215903332069401 3.4997558593750004 6.5690917968750009 4.3336548426887029 1.0659291800142607 1.1876392145031778 7.8610804814320074 0.95651692524552356 6.9985801868699342
decision_type=2 2 2 2 2 2 2 2 2 2 2 2 2 2 2
left_child=2 5 10 7 -5 6 -2 -4 -7 12 13 -12 -3 -1 -11
right_child=1 9 3 4 -6 8 -8 -9 -10 14 11 -13 -14 -15 -16
leaf_value=0.099460063826665612 0.15395571972157307 0.1988665715360429 0.13879478292323602 0.1530143327268092 0.26970696415336964 0.19243453093422519 -0.126538045943594 0.055828637164404595 0.10294716242167626 0.2327372798474488 -0.026847847316212255 0.10024596266942945 0.26325613402130948 0.16686264088743785 0.27551689560576331
leaf_weight=70.976778239011765 228.09671503305435 459.19402104616165 910.83093822002411 60.890835851430893 45.606982007622719 1174.4289443343878 5.2608550041913977 51.495832920074463 40.674460649490356 737.54167692363262 55.353655561804771 990.62277656793594 54.24573190510273 86.814055353403091 76.664806872606277
leaf_count=328 868 1146 3606 229 112 3479 32 235 164 1531 329 4733 97 353 124
internal_value=0.16505 0.202807 0.118929 0.141194 0.202987 0.182704 0.147632 0.134355 0.189439 0.22474 0.0991597 0.0935201 0.205669 0.136544 0.236765
internal_weight=5048.7 2776.11 2272.59 1068.82 106.498 1448.46 233.358 962.327 1215.1 1327.65 1203.77 1045.98 513.44 157.791 814.206
internal_count=17366 7441 9925 4182 341 4543 900 3841 3643 2898 5743 5062 1243 681 1655
is_linear=0
shrinkage=0.1


Tree=3
num_leaves=15
num_cat=0
split_feature=8 9 5 8 9 8 2 2 8 4 0 6 4 6
split_gain=605.924 98.1035 44.4322 43.8068 42.3635 36.5093 34.3269 33.8814 31.6706 64.4675 25.091 14.5574 9.97047 7.52312
threshold=4.2057563549112844 2.5724740557158738 1.4823559520287193 7.4017884474504259 3.1370217484402398 7.3078098856194913 0.21739132609923725 0.0049170848031667514 2.0002284404011679 1.0140380859375002 0.0018721222877502001 4.428822792273281 3.429801718540284 6.9985801868699342
decision_type=2 2 2 2 2 2 2 2 2 2 2 2 2 2
left_child=1 8 7 5 -4 6 -2 -3 10 -10 -1 -7 -5 -14
right_child=3 2 4 12 -6 11 -8 -9 9 -11 -12 -13 13 -15
leaf_value=0.084122784092069941 0.15413384334346761 0.090836270972722843 0.09043406677152277 0.10242751853794285 0.12840315737261632 0.10706777104220846 0.18241167169697781 0.18538367590867422 -0.054638528844654234 0.07638079455196764 0.11734668442749913 -0.074121107395114197 0.19083539582725706 0.22258799789675293
leaf_weight=617.27516137063503 1098.0876089334488 48.714669764041901 439.4469195753336 11.898983255028723 886.94422237575054 9.3577208966016787 704.8214643150568 170.76018719375134 41.438286870718002 400.76976305246353 359.8067659586668 8.4278825968503934 604.99080526828766 85.11498336493969
leaf_count=2813 2919 212 1773 32 2899 25 1535 511 233 1808 1343 35 1106 122
internal_value=0.13594 0.105291 0.12272 0.171965 0.115824 0.163782 0.165189 0.164398 0.086308 0.0641033 0.0963574 0.0212096 0.193187 0.194752
internal_weight=5487.86 2965.16 1545.87 2522.7 1326.39 1820.69 1802.91 219.475 1419.29 442.208 977.082 17.7856 702.005 690.106
internal_count=17366 11592 5395 5774 4672 4514 4454 723 6197 2041 4156 60 1260 1228
is_linear=0
shrinkage=0.1


Tree=4
num_leaves=16
num_cat=0
split_feature=9 2 3 9 9 4 4 6 5 2 7 8 0 3 1
split_gain=443.348 75.2962 40.3027 39.8156 37.8876 29.5626 29.5021 28.6435 27.5374 23.1453 22.3472 18.5096 15.7002 15.6238 14.7599
threshold=4.2075675251383151 0.033922202799845209 0.069809757441547562 2.5391219152480891 5.7889151580578408 0.85420287224002334 4.5683593750000009 1.4735416059367334 1.4226219331956436 0.021205782345275152 7.68918800354004 5.1346727690210905 0.055116654233676059 0.24036928707451385 0.39082370593866189
decision_type=2 2 2 2 2 2 2 2 2 2 2 2 2 2 2
left_child=1 2 9 8 6 -5 13 -4 -3 -1 -8 12 -6 -2 -13
right_child=4 3 7 5 11 -7 10 -9 -10 -11 -12 14 -14 -15 -16
leaf_value=0.071830894703402273 0.11766700915879219 0.097869542088060993 0.088766683691148776 0.18254760223347211 -0.026830458266572661 0.10966763988160466 0.08921219448898747 -0.072635808524667472 0.054212182254612357 0.1454077733897243 -0.12740659557124775 0.15416174759177026 0.13528757537024733 0.14376788999402271 0.20967181622063624
leaf_weight=1229.0666430741549 335.31787322461605 398.93425385653973 16.628976389765739 58.599690347909927 10.142266198992731 1108.6523123681545 92.600864097476006 32.454553335905075 226.51708619296551 44.295161679387093 5.0206734985113135 1479.0825602263212 14.534120261669157 725.62892980873585 49.503590598702431
leaf_count=5246 907 1442 81 140 39 3399 287 184 944 140 30 2763 33 1668 63
internal_value=0.1148 0.0890643 0.0709629 0.102417 0.144364 0.113326 0.130678 -0.0179544 0.0820583 0.0743903 0.0780715 0.154572 0.0686553 0.135519 0.155959
internal_weight=5826.98 3115.15 1322.45 1792.7 2711.83 1167.25 1158.57 49.0835 625.451 1273.36 97.6215 1553.26 24.6764 1060.95 1528.59
internal_count=17366 11576 5651 5925 5790 3539 2892 265 2386 5386 317 2898 72 2575 2826
is_linear=0
shrinkage=0.1


Tree=5
num_leaves=15
num_cat=0
split_feature=8 2 7 8 1 2 1 4 0 8 1 0 2 9
split_gain=346.444 55.8118 39.4356 31.8587 27.8617 27.5062 26.1029 55.4536 28.6254 25.3029 24.6622 12.3245 7.94129 6.89638
threshold=4.2057563549112844 0.033922202799845209 4.5361895898381137 7.4017884474504259 0.085353037249990812 0.25997700667878693 0.00083896001056675009 0.53643226623535167 3.8146972691915923e-06 7.3078098856194913 0.35900792044057706 0.12281913687574832 0.54787822263017283 7.6329804981244846
decision_type=2 2 2 2 2 2 2 2 2 2 2 2 2 2
left_child=1 6 5 9 -4 -3 8 -8 -1 10 -2 -11 13 -5
right_child=3 2 4 12 -6 -7 7 -9 -10 11 -12 -13 -14 -15
leaf_value=0.062730325243788576 0.11551467606433585 0.080521280220956976 0.27068617743332279 0.12255456376397311 0.090614007041079123 0.11451632379419717 0.24023785542243847 0.0093618622637065829 0.13358740482022124 0.076325457144966344 0.15514369104214168 -0.085875917132769847 0.20915543514115256 0.14529443290939917
leaf_weight=1133.4553588181734 1846.3821672350168 1598.0245757102966 19.844977200031281 172.73359912633896 15.153542444109915 279.66634020209312 11.130654916167257 159.20880588889122 60.034216210246086 10.309527441859247 171.6359660923481 8.5855754315853101 17.033185482025146 585.17186480760574
leaf_count=4635 4162 5179 27 324 44 741 31 727 208 27 292 33 17 919
internal_value=0.0986222 0.0765241 0.0875449 0.124372 0.192719 0.0855846 0.061068 0.0244482 0.0662945 0.117807 0.118885 0.00262424 0.141629 0.140112
internal_weight=6088.37 3276.52 1912.69 2811.85 34.9985 1877.69 1363.83 170.339 1193.49 2036.91 2018.02 18.8951 774.939 757.905
internal_count=17366 11592 5991 5774 71 5920 5601 758 4843 4514 4454 60 1260 1243
is_linear=0
shrinkage=0.1


Tree=6
num_leaves=15
num_cat=0
split_feature=9 9 6 8 2 5 6 2 1 8 6 6 2 1
split_gain=283.689 55.9034 28.9578 28.4419 26.6278 26.5708 19.5291 17.8155 26.6475 15.1832 13.1679 32.6496 12.111 6.7848
threshold=4.5127384831605353 2.5391219152480891 0.86069726722175399 2.9737248730622801 0.21739132609923725 1.4823559520287193 1.0003787620070661 0.19920117698687742 0.10149141708691926 7.4017884474504259 3.1857874939348343 3.4281624718790682 0.42170870984710412 0.24507318455219859
decision_type=2 2 2 2 2 2 2 2 2 2 2 2 2 2
left_child=1 3 -3 6 7 -4 -1 9 -9 -2 12 -12 -6 -5
right_child=4 2 5 13 10 -7 -8 8 -10 -11 11 -13 -14 -15
leaf_value=0.070825269050099074 0.098634554538720109 -0.13285184459830954 0.10882305876750394 -0.13138250000648666 0.13825773418224768 0.074827442432389424 0.046999643029849957 0.141467315060021 0.031553457185897325 0.12456885602845294 0.052996529217992264 0.12213108684869865 0.22478746035145569 0.026181167221377429
leaf_weight=511.20990577340126 984.34216898679733 6.4645163565874091 263.1784947514534 10.147877946496008 144.85183429718018 1818.8020913004875 1051.9732826650143 30.693375870585442 78.393502816557884 292.91922464966774 73.296134188771248 1004.2597366422415 18.20846876502037 3.7401627898216239
leaf_count=1880 2197 35 724 56 256 5454 4115 52 207 478 179 1698 19 16
internal_value=0.085712 0.067737 0.0784686 0.0535256 0.110793 0.0791248 0.0547914 0.101269 0.0624795 0.104582 0.121436 0.117429 0.14792 -0.0889493
internal_weight=6292.48 3665.52 2088.45 1577.07 2626.96 2081.98 1563.18 1386.35 109.087 1277.26 1240.62 1077.56 163.06 13.888
internal_count=17366 12280 6213 6067 5086 6178 5995 2934 259 2675 2152 1877 275 72
is_linear=0
shrinkage=0.1


Tree=7
num_leaves=16
num_cat=0
split_feature=9 8 2 8 4 5 4 5 2 8 9 1 2 8 2
split_gain=231.638 46.4913 29.4254 37.2589 31.4502 25.0085 37.2121 32.357 22.0645 14.0268 35.851 12.7769 11.9649 7.0059 3.65618
threshold=4.5127384831605353 3.0542807832927092 0.18188646204044243 1.2225109825481295 2.0162963867187504 2.4681835093712565 2.0939185333263599 2.5013589803461649 0.21739132609923725 7.4017884474504259 7.6329804981244846 0.39082370593866189 0.23592659993344792 7.5749778447012766 0.3700744115617417
decision_type=2 2 2 2 2 2 2 2 2 2 2 2 2 2 2
left_child=1 2 4 -4 -1 6 -3 -7 9 10 -2 12 -10 -11 -13
right_child=8 5 3 -5 -6 7 -8 -9 11 13 -12 14 -14 -15 -16
leaf_value=0.050653652707112341 0.085317255085666607 0.066486899125952681 0.2106317767433811 0.06942743537832384 0.012916117077298584 -0.061967206760988415 0.11606931155124059 0.065127453220595335 0.13109235665879182 0.14443325406022764 -0.10705969786751778 0.12218222784988797 0.10094051500395532 0.10145005135982826 0.16782268018267738
leaf_weight=1755.7296148091555 1080.2052318900824 337.95059189200401 19.831774815917015 323.64829368889332 252.61333565413952 20.555144369602203 274.16216003894806 786.32069937884808 150.6556131541729 43.776469081640244 9.7748022824525815 30.749912843108177 1040.8947140276432 283.43934097886086 40.894717648625374
leaf_count=6378 2362 951 35 963 1008 81 679 2185 244 62 36 47 1818 474 43
internal_value=0.0751336 0.0591577 0.0505328 0.0775803 0.045907 0.0734526 0.0886946 0.0618897 0.0976088 0.089043 0.083592 0.107219 0.104753 0.107201 0.148234
internal_weight=6451.2 3770.81 2351.82 343.48 2008.34 1418.99 612.113 806.876 2680.39 1417.2 1089.98 1263.19 1191.55 327.216 71.6446
internal_count=17366 12280 8384 998 7386 3896 1630 2266 5086 2934 2398 2152 2062 536 90
is_linear=0
shrinkage=0.1


Tree=8
num_leaves=16
num_cat=0
split_feature=8 2 7 9 4 8 1 4 0 8 1 8 5 6 6
split_gain=193.662 35.0862 25.7521 25.5682 29.6479 21.7096 18.7017 36.4633 18.3499 18.1286 17.4911 16.5425 14.4892 14.2013 11.7824
threshold=4.2057563549112844 0.033922202799845209 4.5361895898381137 5.7889151580578408 4.5204880069941291 4.4164093379514942 0.00083896001056675009 0.53643226623535167 3.8146972691915923e-06 4.0899441330269983 0.085353037249990812 6.4637465743252198 3.1893093413570686 3.6373284402122108 3.3136597303373985
decision_type=2 2 2 2 2 2 2 2 2 2 2 2 2 2 2
left_child=1 6 9 4 5 -2 8 -8 -1 -3 -4 -6 13 -5 -14
right_child=3 2 10 12 11 -7 7 -9 -10 -11 -12 -13 14 -15 -16
leaf_value=0.040278248913614249 0.10623860246469148 0.059021203096323929 0.19634804259142524 0.072852871177914294 0.040707425964525971 0.072621321938107927 0.16856784160942129 -0.0035589073635445647 0.09361843852637014 0.002181814144876212 0.060953923104252239 -0.088440265002865087 0.0011796720783060479 -0.029022521756793686 0.096338191093189876
leaf_weight=1240.3389711529016 243.1158509105444 1987.1489969044924 22.648052662611008 96.479989990592003 127.22974221408367 915.45178624987602 13.26933705806732 169.73522914946079 68.032117009162903 57.743794396519661 16.487742856144905 10.756594493985174 13.120181083679197 15.944660782814024 1575.8465372473001
leaf_count=4635 486 5751 27 195 343 1999 31 727 208 169 44 48 34 46 2623
internal_value=0.0662912 0.0505739 0.058954 0.085036 0.074457 0.0796756 0.0388638 0.0089217 0.0430518 0.0574162 0.139307 0.0306398 0.0930978 0.0584044 0.0955525
internal_weight=6573.35 3575.4 2084.03 2997.95 1296.55 1158.57 1491.38 183.005 1308.37 2044.89 39.1358 137.986 1701.39 112.425 1588.97
internal_count=17366 11592 5991 5774 2876 2485 5601 758 4843 5920 71 391 2898 241 2657
is_linear=0
shrinkage=0.1


Tree=9
num_leaves=15
num_cat=0
split_feature=9 9 6 8 8 6 1 9 4 5 6 2 7 7
split_gain=167.137 27.7261 24.642 24.083 22.5344 22.0921 19.2172 17.3664 16.3352 13.104 9.91583 8.17204 6.39426 5.67511
threshold=4.2075675251383151 2.5391219152480891 3.2934343181343464 8.0544499692794247 2.9737248730622801 0.86069726722175399 0.36186660945482835 3.9033087500570161 1.0000000180025095e-35 6.4744430901794692 4.1746812748554989 0.30220129876452112 4.0001678466796884 7.9546184064707868
decision_type=2 2 2 2 2 2 2 2 2 2 2 2 2 2
left_child=1 4 5 6 8 -3 9 -4 -1 -2 -5 -8 -6 -12
right_child=3 2 7 10 12 -7 11 -9 -10 -11 13 -13 -14 -15
leaf_value=0.093339990108004464 0.068597326865002722 -0.13187122494138129 -0.14851951287195669 0.0064521460339342059 -0.13162571759868724 0.054914470712663845 0.068290614174771877 0.0095049174040177098 0.034309176777615739 0.16435664836282315 0.12815714791961658 0.11346618968186165 0.020384691846837447 0.093468525085133591
leaf_weight=48.263876557350159 2260.9889737963676 6.3535763770341864 8.4274916648864728 12.434635952115057 10.3294271081686 1876.008010238409 54.821601897478104 39.786552727222443 1632.2351851761341 14.381227865815161 52.099734038114548 148.53579519689083 3.7798241376876822 497.71567985415459
leaf_count=151 4618 35 39 31 57 5310 105 125 5844 14 63 213 15 746
internal_value=0.0587848 0.0442824 0.0524759 0.0760732 0.0349479 0.054284 0.0718349 -0.0181167 0.0360045 0.0692026 0.0947584 0.101288 -0.0909026 0.0967556
internal_weight=6666.16 3625.18 1930.58 3040.98 1694.61 1882.36 2478.73 48.214 1680.5 2275.37 562.25 203.357 14.1093 549.815
internal_count=17366 11576 5509 5790 6067 5345 4950 164 5995 4632 840 318 72 809
is_linear=0
shrinkage=0.1


Tree=10
num_leaves=16
num_cat=0
split_feature=9 9 6 8 5 5 8 2 9 1 9 7 5 7 0
split_gain=141.395 27.4241 27.8932 21.7199 21.5687 39.5003 34.3149 19.1219 17.8085 15.7968 12.1208 11.3071 10.4252 8.44357 3.78158
threshold=4.5127384831605353 3.1370217484402398 1.4236320327684486 2.4390510103865934 1.5314179859954213 1.6955820587313688 2.3659355584572617 0.3667226864658375 7.9543881644237349 0.37037060635578783 3.9803049533497687 4.2222290039062509 1.8697607072092677 7.4365441754417185 0.33246433734893804
decision_type=2 2 2 2 2 2 2 2 2 2 2 2 2 2 2
left_child=1 4 10 -4 6 -6 -1 8 12 11 -3 -9 -2 -10 -11
right_child=7 2 3 -5 5 -7 -8 9 13 14 -12 -13 -14 -15 -16
leaf_value=0.035831002782132686 0.11749169477212172 -0.14871588023787882 0.14854595923119135 0.051006014965485708 -0.017237012492060496 0.032444357042812205 0.081502627632996899 -0.011649647085477305 0.035891392432989576 0.11364603795022746 0.025198128703940864 0.083200215119522775 0.061659453001938619 0.089455895654731707 0.15797893871820742
leaf_weight=1308.2003234177828 34.031030744314194 9.8312979787588137 23.195775613188744 1445.1634168177843 199.17441530525684 814.37458568811417 188.17234283685684 13.262572854757307 31.862162858247757 74.002671450376511 6.7648690938949576 240.08844076097012 1937.5475399643183 385.32930712401867 26.000981971621513
leaf_count=4431 57 46 45 3698 774 2748 516 34 65 95 22 383 3858 571 23
internal_value=0.0523206 0.040318 0.0510898 0.0525469 0.033945 0.0226814 0.0415743 0.0698067 0.066595 0.0915189 -0.0778257 0.078235 0.0626232 0.085365 0.125173
internal_weight=6737 3994.88 1484.96 1468.36 2509.92 1013.55 1496.37 2742.12 2388.77 353.355 16.5962 253.351 1971.58 417.191 100.004
internal_count=17366 12280 3811 3743 8469 3522 4947 5086 4551 535 68 417 3915 636 118
is_linear=0
shrinkage=0.1


Tree=11
num_leaves=15
num_cat=0
split_feature=8 5 9 5 2 4 0 7 7 0 2 8 7 2
split_gain=119.922 35.0867 28.8345 26.2212 26.2531 19.393 14.2987 12.8574 12.1845 11.4162 7.6325 7.33551 6.61322 0.104091
threshold=3.5614836223772657 3.0687253883500643 5.7889151580578408 2.9562492195980075 0.29424565080540455 4.5204880069941291 0.12573632647811903 3.0488939043470213 4.3167058909079605 0.13137063942849633 0.31249852043980769 3.1537436003632058 3.8012844920158391 0.049957400556273505
decision_type=2 2 2 2 2 2 2 2 2 2 2 2 2 2
left_child=1 3 5 4 -1 7 -7 -2 10 -10 -4 -5 13 -3
right_child=2 12 8 11 -6 6 -8 -9 9 -11 -12 -13 -14 -15
leaf_value=0.029905487187624147 -0.012432737104224394 -0.14105869763920789 0.031418264110612999 0.062837394463500493 0.073114457530290305 0.037090032171946827 -0.030121634026982799 0.054507900024636916 0.062149757911821861 0.07878433289457093 -0.092452927434381438 0.16402778985665203 -0.0064205740907672644 -0.15950315553340558
leaf_weight=2891.8933491110802 29.150257602334023 5.9588951766490954 22.425286278128628 11.585519984364511 147.801817253232 98.58429916203022 46.621176019310951 1828.1586372107267 930.62502130866051 741.13885691761971 6.3920906633138648 18.771085828542709 4.3032961487770072 6.2888633161783218
leaf_count=9442 82 29 53 38 335 253 142 4066 1665 1159 21 38 16 27
internal_value=0.046704 0.0321472 0.0588375 0.03293 0.0320065 0.0507057 0.0155104 0.0534573 0.068413 0.0695243 0.00394193 0.125409 -0.113061 -0.150529
internal_weight=6789.7 3086.6 3703.1 3070.05 3039.7 2002.51 145.205 1857.31 1700.58 1671.76 28.8174 30.3566 16.5511 12.2478
internal_count=17366 9925 7441 9853 9777 4543 395 4148 2898 2824 74 76 72 56
is_linear=0
shrinkage=0.1


Tree=12
num_leaves=15
num_cat=0
split_feature=9 2 2 2 0 2 4 6 0 8 0 7 6 2
split_gain=103.173 22.6473 17.025 16.2672 34.5593 22.8238 16.7912 14.5213 13.9959 19.5181 16.0231 11.0664 21.6876 11.608
threshold=4.5127384831605353 0.033922202799845209 0.03283803181629346 0.096626153025046166 0.0039062500036382009 0.063422998362681407 1.2892352170150227 3.3568562647586493 0.00048828125045475006 2.1011810867699769 0.00093606114387510006 4.250480308092313 4.1043016392778755 0.11124692955231406
decision_type=2 2 2 2 2 2 2 2 2 2 2 2 2 2
left_child=1 2 7 4 6 -6 -2 -1 9 -3 -10 12 -5 -13
right_child=3 8 -4 11 5 -7 -8 -9 10 -11 -12 13 -14 -15
leaf_value=0.024601092347971726 -0.17666304576134673 -0.02339514577684269 -0.1386512204304958 0.046885278044719182 -0.1425786082275462 0.0057409552983231117 0.054161143860185612 -0.048780033688821584 -0.03251044777456788 0.105824090858551 0.037533366170814653 0.096969874507089424 -0.090333687511082325 0.061450431010319641
leaf_weight=1634.8144023865461 3.1710138022899619 14.524536594748495 6.5092375725507727 182.5821148455143 11.815312951803206 85.1143689006567 512.58252753317356 27.419484913349152 33.126703500747681 59.878413945436478 2314.7378725111485 96.868304654955864 12.293739467859266 1833.8308101445436
leaf_count=5661 13 54 34 375 43 203 1024 98 113 118 6202 152 40 3236
internal_value=0.0417785 0.0317227 0.0227586 0.0568021 0.0424459 -0.0123386 0.052742 0.0233906 0.0378983 0.0805986 0.0365451 0.0609402 0.0382288 0.0632325
internal_weight=6829.27 4091.01 1668.74 2738.26 612.683 96.9297 515.754 1662.23 2422.27 74.403 2347.86 2125.57 194.876 1930.7
internal_count=17366 12280 5793 5086 1283 246 1037 5759 6487 172 6315 3803 415 3388
is_linear=0
shrinkage=0.1


Tree=13
num_leaves=15
num_cat=0
split_feature=9 2 9 1 1 2 8 1 7 2 6 7 4 9
split_gain=89.3294 25.1411 20.7536 16.7257 24.7228 21.7737 23.729 16.3992 15.5477 14.8154 11.7198 7.33027 3.04128 0.0559779
threshold=3.4590169139814466 0.3667226864658375 7.9543881644237349 0.37527080990612144 0.38329090148213157 0.2289864244559339 1.2225109825481295 0.37037060635578783 5.8128076493740091 0.016076400367650803 2.3903076538760422 7.4365441754417185 5.1353834139830283 2.6651771530211095
decision_type=2 2 2 2 2 2 2 2 2 2 2 2 2 2
left_child=3 2 9 5 13 8 -7 10 -1 -2 -3 -4 -9 -5
right_child=1 7 11 4 -6 6 -8 12 -10 -11 -12 -13 -14 -15
leaf_value=0.022147518897736321 0.025214102469115696 0.15009754207969883 0.019766647841775994 -0.1530041350627519 0.033870861264703504 0.16573148251890921 0.045002961950290674 0.09190515794230282 0.17164447218233184 0.044829922179490549 0.054191553134739938 0.06992938015638879 0.1266972125760743 -0.16665706733740854
leaf_weight=2699.2987299561501 450.8363125026226 13.388019844889639 31.590988203883171 6.9916844964027423 14.563283309340475 17.529135972261429 228.5008162856102 67.813726469874382 6.9746518284082404 2638.012766033411 263.9518871307373 374.12385636568069 39.911307334899902 5.264099508523941
leaf_count=8793 1156 15 65 31 37 24 579 96 10 5466 461 571 40 22
internal_value=0.0374315 0.047432 0.0447598 0.024408 -0.0542071 0.0251222 0.0536046 0.0716829 0.0225328 0.0419669 0.0588212 0.0660235 0.104795 -0.158868
internal_weight=6858.75 3879.63 3494.56 2979.12 26.8191 2952.3 246.03 385.065 2706.27 3088.85 277.34 405.715 107.725 12.2558
internal_count=17366 7870 7258 9496 90 9406 603 612 8803 6622 476 636 136 53
is_linear=0
shrinkage=0.1


Tree=14
num_leaves=16
num_cat=0
split_feature=9 9 7 6 6 2 2 1 6 4 4 6 6 3 3
split_gain=75.4889 15.8989 18.3672 16.8182 24.7234 14.2747 14.317 19.8897 12.8027 11.969 10.8184 10.44 23.5432 10.4207 5.74675
threshold=4.5127384831605353 2.5391219152480891 3.5317287348243558 1.7579372197894754 1.7838435722296138 0.21739132609923725 0.19920117698687742 0.10149141708691926 0.92087040075123328 1.0000000180025095e-35 1.2033474296331408 3.1857874939348343 3.4281624718790682 0.44916168134061274 0.49635954377371289
decision_type=2 2 2 2 2 2 2 2 2 2 2 2 2 2 2
left_child=1 2 9 8 -5 6 10 -8 -3 -1 -2 13 -13 -7 -4
right_child=5 3 14 4 -6 11 7 -9 -10 -11 -12 12 -14 -15 -16
leaf_value=0.065980398754241304 -0.087733516865203642 -0.070345860135042237 -0.13381611444686567 -0.093618261113612197 0.027960410055806708 0.026269200411167565 0.072923148172698765 -0.020041314650426925 0.053299904833210877 0.017534452289195208 0.043347417195773043 -0.0024914233215766095 0.054855708915841295 0.089164921754801577 0.007298688536067347
leaf_weight=52.540599942207336 6.3258071541786185 8.5775571614503843 10.371599510312079 16.868679955601692 1978.1308920383453 32.475525826215744 31.91975174844265 82.488029673695564 353.16242089867592 1735.6099985986948 1347.7913687825203 77.10213640332222 1001.0700259506702 139.48471038043499 3.9984283894300452
leaf_count=151 21 40 56 63 5220 67 52 207 890 5845 2654 179 1698 208 15
internal_value=0.0335925 0.0251225 0.018053 0.0305296 0.0269324 0.0465507 0.039865 0.00589575 0.050368 0.0189579 0.0427351 0.0544043 0.0507547 0.0772868 -0.0945512
internal_weight=6877.92 4159.26 1802.52 2356.74 1995 2718.66 1468.52 114.408 361.74 1788.15 1354.12 1250.13 1078.17 171.96 14.37
internal_count=17366 12280 6067 6213 5283 5086 2934 259 930 5996 2675 2152 1877 275 71
is_linear=0
shrinkage=0.1


Tree=15
num_leaves=16
num_cat=0
split_feature=8 9 8 5 8 5 9 6 8 9 7 4 8 2 2
split_gain=64.5552 24.0567 21.9814 21.1792 26.3242 20.7186 18.715 27.2403 20.2915 17.8691 29.847 11.1897 9.49744 8.53804 0.0146919
threshold=3.0542807832927092 5.7889151580578408 3.016621963190695 2.4681835093712565 3.1111530563179808 2.4076375191400898 3.5187825541547588 2.3617933738166759 2.9353818610744793 3.2082861120285204 2.8953239636410903 4.3336548426887029 7.1645328456028068 0.30220129876452112 0.066688276986954856
decision_type=2 2 2 2 2 2 2 2 2 2 2 2 2 2 2
left_child=2 3 6 5 -5 -2 7 -1 -8 10 -4 13 -13 -3 -11
right_child=1 11 9 4 -6 -7 8 -9 -10 14 -12 12 -14 -15 -16
leaf_value=0.019688118612409919 0.039335284447060449 0.030054814483017857 0.15602023940395607 -0.11327292450570857 0.02664622966955478 0.089512424757686102 0.097855795044221344 -0.031305357913526788 -0.028101668631020302 -0.15989264860646735 -0.085452790728833716 0.068979329919381438 0.047569745582429358 0.055516874588273972 -0.16717661304856504
leaf_weight=2410.8388180434704 747.88518193364143 476.80353979766369 7.3669799864292171 13.550082966685293 1754.6386426985264 92.464033141732216 55.868323639035225 109.51561872661114 16.587137207388878 4.8371248096227628 16.773031234741211 293.90505109727383 702.35051028430462 181.95141810178757 6.4770450592041016
leaf_count=7729 1770 941 12 56 4084 170 105 378 50 21 66 469 1186 302 27
internal_value=0.0301702 0.0377691 0.0178434 0.0317859 0.025574 0.0448563 0.0189128 0.0174723 0.0690205 -0.0603634 -0.0117607 0.0471995 0.0538858 0.0370876 -0.164063
internal_weight=6891.81 4263.55 2628.26 2608.54 1768.19 840.349 2592.81 2520.35 72.4555 35.4542 24.14 1655.01 996.256 658.755 11.3142
internal_count=17366 8978 8388 6080 4140 1940 8262 8107 155 126 78 2898 1655 1243 48
is_linear=0
shrinkage=0.1


Tree=16
num_leaves=15
num_cat=0
split_feature=9 0 0 9 5 2 8 2 1 6 6 9 9 7
split_gain=55.4056 15.4304 28.7188 18.0599 24.8226 23.531 14.5913 12.4285 11.9822 11.8723 10.8001 8.60499 5.78908 5.48582
threshold=4.2075675251383151 0.0018721222877502001 0.0011291543487458502 3.9803049533497687 3.5813690300693062 0.27404647758947359 8.0544499692794247 0.054112508494164151 0.36186660945482835 6.9985801868699342 4.1341250136107748 4.8788152400998426 2.6363636363636367 7.9546184064707868
decision_type=2 2 2 2 2 2 2 2 2 2 2 2 2 2
left_child=1 2 7 4 -3 -5 8 -1 9 -2 -8 -10 -4 -12
right_child=6 3 12 5 -6 -7 10 -9 11 -11 13 -13 -14 -15
leaf_value=0.01230935499683849 0.031588154660739047 0.026310092250030281 -0.038786744203334091 -0.027325976914633968 0.11588476320811869 0.072356376901058297 -0.047694629758841034 0.063358945988548743 0.09570062709781052 0.1332253764299296 0.086796931111469022 0.046221187372564469 -0.16685023959198197 0.051248701387308693
leaf_weight=1758.5102715939283 2284.0385342687368 1883.3300726115704 5.3960562795400611 122.4613289386034 31.45352566242218 29.358390778303146 10.537463977932928 49.02033144235611 46.107357233762741 11.551059260964392 47.904926717281342 147.87222474813461 10.206598371267317 462.82379643619061
leaf_count=5907 4621 5040 20 341 50 55 28 120 66 11 63 252 43 749
internal_value=0.027117 0.0192335 0.0125277 0.0251492 0.0277815 -0.00804974 0.0373017 0.0136938 0.0341163 0.0320996 0.0525155 0.057982 -0.12256 0.054583
internal_weight=6900.57 3889.74 1823.13 2066.6 1914.78 151.82 3010.84 1807.53 2489.57 2295.59 521.266 193.98 15.6027 510.729
internal_count=17366 11576 6090 5486 5090 396 5790 6027 4950 4632 840 318 63 812
is_linear=0
shrinkage=0.1


Tree=17
num_leaves=16
num_cat=0
split_feature=7 2 2 8 1 8 2 2 0 9 2 1 8 2 7
split_gain=48.0453 22.4468 34.4353 25.0161 19.2497 36.4242 24.6115 14.4997 13.3625 12.3542 15.9703 9.15126 7.88367 7.54062 6.2081
threshold=3.8012844920158391 0.25997700667878693 0.24835056874815378 4.3930692358268173 0.23777330217555948 3.8353767854601579 0.33260667644097935 0.3667226864658375 0.15381264686584473 7.9543881644237349 0.29424565080540455 0.28368699500147809 5.419553036339285 0.25384752288542783 7.4365441754417185
decision_type=2 2 2 2 2 2 2 2 2 2 2 2 2 2 2
left_child=1 2 3 -1 6 -6 -3 9 12 10 -2 -10 -9 -4 -11
right_child=7 4 13 -5 5 -7 -8 8 11 14 -12 -13 -14 -15 -16
leaf_value=0.015299985274843353 0.030948039644015702 0.10222775912921388 -0.16566680312173709 -0.14163254316046167 0.034281606211231296 -0.13353177990254123 0.0049270525615018046 -0.051667907856210518 0.12220820694554738 0.0045522662284767914 0.0047524871615080462 0.057730942747888425 0.031380957705405353 -0.056222929331774002 0.051273409363761194
leaf_weight=3223.6456788927317 2351.7233888208866 85.739742875099182 10.557973131537439 10.189754545688627 176.3234311491251 13.958010196685789 37.307357713580132 13.848079979419706 24.321697592735291 30.918295636773109 258.29504860937595 231.83818526566029 65.470961526036263 15.593144252896307 354.82603587210178
leaf_count=9842 4970 141 45 36 407 47 94 37 26 65 548 367 119 51 571
internal_value=0.0243927 0.0163384 0.0138813 0.0148055 0.0419037 0.0219717 0.0727266 0.0330322 0.0527472 0.0308244 0.0283557 0.0638529 0.0168817 -0.100409 0.0475286
internal_weight=6904.56 3573.32 3259.99 3233.84 313.329 190.281 123.047 3331.24 335.479 2995.76 2610.02 256.16 79.319 26.1511 385.744
internal_count=17366 10663 9974 9878 689 454 235 6703 549 6154 5518 393 156 96 636
is_linear=0
shrinkage=0.1


Tree=18
num_leaves=15
num_cat=0
split_feature=9 2 6 2 7 2 8 3 6 0 6 4 8 4
split_gain=42.4597 16.1587 26.9585 24.28 23.606 12.3866 19.1772 10.9133 16.8328 14.7266 12.5335 20.0358 10.9165 8.55946
threshold=4.9808657524523516 0.25997700667878693 3.3568562647586493 0.22030518928428164 3.8012844920158391 0.26331712817130021 1.2225109825481295 0.23618846430616633 3.9730814347071584 0.0039062500036382009 2.4799273043644541 1.808596636473095 7.4017884474504259 1.6109075570366154
decision_type=2 2 2 2 2 2 2 2 2 2 2 2 2 2
left_child=1 2 4 -4 -1 13 -7 8 12 -10 -9 -12 -2 -3
right_child=7 5 3 -5 -6 6 -8 10 9 -11 11 -13 -14 -15
leaf_value=0.012455583432993689 -0.0050579390786600056 0.18616202948842731 -0.012489763838142362 -0.15747409646641808 0.03146134726569394 0.13716145089081155 0.026053358250915034 0.11854732611485493 0.046675660404779148 -0.013911600326381883 -0.084262537612249944 0.037217962979956269 0.089577928700573212 0.063341972960867118
leaf_weight=3191.5013003051281 215.68249219655991 8.0537021756172198 184.31361135840416 12.322923913598059 821.78285463154316 16.12916462123394 421.2319492995739 18.704003378748894 241.1732095927 48.123086005449295 13.687151730060576 1682.2194595634937 12.919260978698729 19.20548702776432
leaf_count=9774 508 9 479 45 1883 21 930 23 431 111 41 3057 19 35
internal_value=0.0219476 0.0165292 0.014576 -0.0215757 0.0163473 0.0342271 0.0301508 0.0332929 0.0205713 0.0365973 0.0371354 0.0362375 0.000290338 0.099629
internal_weight=6907.05 4674.54 4209.92 196.637 4013.28 464.62 437.361 2232.51 517.898 289.296 1714.61 1695.91 228.602 27.2592
internal_count=17366 13176 12181 524 11657 995 951 4190 1069 542 3121 3098 527 44
is_linear=0
shrinkage=0.1


Tree=19
num_leaves=15
num_cat=0
split_feature=9 2 1 0 0 0 2 8 9 9 6 2 4 4
split_gain=36.058 15.1641 14.8081 14.6587 24.9898 26.3529 17.317 16.135 13.4919 58.2358 17.9706 9.93676 8.64902 3.33944
threshold=3.4590169139814466 0.3667226864658375 0.37037060635578783 0.50446062375258027 0.5004995504859836 0.50006103527266543 0.30220129876452112 1.9877844702735901 3.5017823761229883 3.5187825541547588 2.2942268600586142 0.39371906433526077 1.5001481587023593 5.1353834139830283
decision_type=2 2 2 2 2 2 2 2 2 2 2 2 2 2
left_child=3 8 11 4 5 -1 12 -6 10 -10 -2 -3 -5 -4
right_child=1 2 13 6 7 -7 -8 -9 9 -11 -12 -13 -14 -15
leaf_value=0.011829629846106729 0.12473042238916035 0.059959714926235558 0.065150058114198592 -0.030841112747891399 -0.065838381045759661 -0.161028749229227 0.079698539269486363 0.11567906483265414 -0.17383427961937969 0.024254822834999693 0.016037233288044059 0.019152915283629175 -0.16267821647299341 0.10364256428742523
leaf_weight=3012.0509131997824 30.709775567054749 91.633883982896805 63.021037414669991 8.6018238514661842 5.6947519034147254 8.845457583665846 6.5566769391298285 34.95886042714119 14.906629920005797 3380.851176649332 30.139488682150841 171.08852185308933 11.805677965283392 35.08622108399868
leaf_count=9285 48 145 96 27 19 38 12 64 62 7071 77 331 51 40
internal_value=0.0197584 0.0262579 0.0457652 0.011725 0.0123716 0.0113235 -0.061684 0.0902521 0.0242216 0.0233853 0.0708932 0.0333858 -0.107108 0.0789162
internal_weight=6905.95 3817.44 360.83 3088.51 3061.55 3020.9 26.9642 40.6536 3456.61 3395.76 60.8493 262.722 20.4075 98.1073
internal_count=17366 7870 612 9496 9406 9323 90 83 7258 7133 125 476 78 136
is_linear=0
shrinkage=0.1


Tree=20
num_leaves=13
num_cat=0
split_feature=9 7 2 3 4 5 5 5 8 2 4 7
split_gain=31.5654 15.6493 15.156 38.2365 18.2213 8.61887 8.1847 12.3522 7.60196 14.1642 7.97881 0.0335716
threshold=5.7889151580578408 7.4365441754417185 0.10486663298465386 0.34716341858090749 5.3426707679448837 4.2841091387251744 2.5392492263324318 2.0407671469332134 5.1346727690210905 0.30405573233298505 2.0468796299594492 7.8731167704285108
decision_type=2 2 2 2 2 2 2 2 2 2 2 2
left_child=1 2 4 -4 -1 -3 7 -2 9 -8 -10 -7
right_child=6 5 3 -5 -6 11 8 -9 10 -11 -12 -13
leaf_value=0.0089356036471540789 0.035718758406083344 0.00273190846133364 0.044270237052956893 0.013577140734439509 0.10427151939643363 -0.15729978046477333 -0.098966439367652509 -0.14002342407225818 0.11896634242713798 0.061087023200812975 0.031135601759701554 -0.14495513767504206
leaf_weight=2921.0806645154953 9.2390138804912585 6.1701961606740943 520.74984151124954 1839.9939139932394 20.186306804418564 4.5624310374259931 12.300506293773653 7.0520621985197058 10.412959814071653 10.044072479009627 1538.5819540172815 4.2599600851535797
leaf_count=8768 18 16 1144 4467 33 20 40 24 13 17 2786 20
internal_value=0.017786 0.0140913 0.0143798 0.0203476 0.00958991 -0.0879312 0.0301596 -0.0403563 0.0308906 -0.0270211 0.031726 -0.151339
internal_weight=6904.63 5317 5302.01 2360.74 2941.27 14.9926 1587.63 16.2911 1571.34 22.3446 1548.99 8.82239
internal_count=17366 14468 14412 5611 8801 56 2898 42 2856 57 2799 40
is_linear=0
shrinkage=0.1


Tree=21
num_leaves=14
num_cat=0
split_feature=8 8 4 4 0 9 7 8 5 5 6 5 2
split_gain=26.9872 18.0617 14.9868 44.3005 21.2469 14.9757 22.807 11.3391 10.5437 10.4131 9.38657 5.28454 0.0129883
threshold=3.0542807832927092 3.016621963190695 2.3953412873221072 2.0767932310700421 0.25000000004377659 3.2082861120285204 2.8953239636410903 8.0544499692794247 6.4744430901794692 2.4681835093712565 4.1341250136107748 4.7712779860967034 0.066688276986954856
decision_type=2 2 2 2 2 2 2 2 2 2 2 2 2
left_child=1 2 3 -1 -4 6 -3 8 9 -2 -9 -12 -7
right_child=7 5 4 -5 -6 12 -8 10 -10 -11 11 -13 -14
leaf_value=0.010627453451677404 0.028413467680488708 0.12346289240937053 0.053649316964009534 -0.045976839630619132 -0.061102682902532103 -0.15510461837295678 -0.084539908467106795 -0.058541307870173746 0.10576033965998061 0.015881875956577019 0.064653342835625516 0.03333887530319038 -0.16202899522818229
leaf_weight=2367.4338531643152 865.83048234879971 7.7027418762445476 132.96681275963783 146.84007911384106 18.363637417554855 4.7187143713235837 16.700813382863998 10.422002941370009 14.000918820500372 2831.6441057622433 61.896723657846451 416.66682191193104 6.3599536418914795
leaf_count=7280 1978 12 388 528 66 21 66 28 16 6144 91 721 27
internal_value=0.0160158 0.00821773 0.00916117 0.00732162 0.0397244 -0.0626588 -0.0188859 0.0210302 0.0191444 0.0188164 0.0353444 0.037389 -0.15908
internal_weight=6901.55 2701.09 2665.6 2514.27 151.33 35.4822 24.4036 4200.46 3711.48 3697.47 488.986 478.564 11.0787
internal_count=17366 8388 8262 7808 454 126 78 8978 8138 8122 840 812 48
is_linear=0
shrinkage=0.1


Tree=22
num_leaves=16
num_cat=0
split_feature=9 5 4 4 9 2 6 0 9 9 3 8 6 5 2
split_gain=24.433 14.0955 18.2351 21.1259 12.2838 10.5097 12.769 12.5793 9.4968 32.2911 28.3079 23.9508 14.1384 12.1341 8.91844
threshold=4.9808657524523516 4.0325837361688963 4.7001794214593255 4.4050564980134377 4.7072988584320958 0.25997700667878693 3.3568562647586493 0.25000107314622344 5.2328296565774606 5.3568136989766293 0.54690426587029195 4.8387323803176345 3.4281624718790682 4.375499122744813 0.14881619621490741
decision_type=2 2 2 2 2 2 2 2 2 2 2 2 2 2 2
left_child=1 5 3 -3 -4 6 -1 -7 12 10 -10 -11 14 -14 -2
right_child=8 2 4 -5 -6 7 -8 -9 9 11 -12 -13 13 -15 -16
leaf_value=0.010520268380677308 -0.00707667602900869 -0.018342537531354883 0.04108941131532854 -0.19415916102752484 -0.071090974484242661 0.041543612578874713 -0.020177974574587511 0.0082336978364107912 -0.069061938577623161 -0.056577064759933342 0.11331050457686437 0.024980859690381569 0.079145722637291652 -0.022642878732194751 0.044470544988532063
leaf_weight=4052.2426788657904 64.954365029931068 15.221082940697672 31.037751361727715 12.403587892651556 14.239289343357084 235.52311147749424 140.1847310513258 218.599036693573 63.09974031150341 36.733416736125946 9.8381785005331022 1820.9228240400553 101.28467120230198 13.242651075124739 69.453670114278793
leaf_count=11635 154 37 68 50 43 473 367 503 179 101 12 3427 158 34 125
internal_value=0.0144187 0.0103745 -0.0332561 -0.0972849 0.00580952 0.011059 0.00949379 0.0255093 0.0231758 0.0208055 -0.0444628 0.0233681 0.0415585 0.067376 0.0195597
internal_weight=6898.98 4719.45 72.9017 27.6247 45.277 4646.55 4192.43 454.122 2179.53 1930.59 72.9379 1857.66 248.935 114.527 134.408
internal_count=17366 13176 198 87 111 12978 12002 976 4190 3719 191 3528 471 192 279
is_linear=0
shrinkage=0.1


Tree=23
num_leaves=9
num_cat=0
split_feature=9 5 6 4 1 6 4 2
split_gain=21.1945 12.7319 15.8017 13.8675 10.4167 8.90258 7.52763 7.4854
threshold=4.5127384831605353 1.8697607072092677 2.1351949320488903 1.2315939560357949 0.39082370593866189 3.8621767452610523 5.3426707679448837 0.033922202799845209
decision_type=2 2 2 2 2 2 2 2
left_child=5 3 -3 -2 -4 6 7 -1
right_child=1 2 4 -5 -6 -7 -8 -9
leaf_value=0.0037191315063384066 -0.015037690333258903 -0.10269915262951523 0.018789097134466658 0.11642789782119332 0.061227875117234487 -0.094552273782523802 0.10592754770084736 0.012206450706347525
leaf_weight=1769.7560105919838 11.424090281128882 10.577961400151251 2483.9711665958166 26.956547498703003 59.215788200497627 8.3371769338846189 7.9783015698194495 2517.0891647338867
leaf_count=5766 28 33 4902 33 90 31 13 6470
internal_value=0.0129858 0.0201291 0.0192699 0.0772968 0.0197772 0.0086828 0.00888321 0.0087026
internal_weight=6895.31 2592.15 2553.76 38.3806 2543.19 4303.16 4294.82 4286.85
internal_count=17366 5086 5025 61 4992 12280 12249 12236
is_linear=0
shrinkage=0.1


Tree=24
num_leaves=15
num_cat=0
split_feature=9 6 6 5 9 6 5 8 4 9 9 8 6 6
split_gain=18.2125 20.8029 17.9928 30.9365 19.2081 19.5627 16.1815 16.0782 15.0375 14.2867 10.6928 7.34462 5.48864 0.0463956
threshold=3.1370217484402398 1.4236320327684486 2.0000015499059898 1.731688710893651 2.4566124385380541 1.4612032835013393 2.3328119463501076 2.4390510103865934 1.3750800665932277 3.1756450400543468 3.9803049533497687 2.2798221146739617 1.921663611992243 1.2137634897389211
decision_type=2 2 2 2 2 2 2 2 2 2 2 2 2 2
left_child=2 10 4 11 6 -6 -1 12 -5 -9 13 -4 -3 -2
right_child=1 7 3 8 5 -7 -8 9 -10 -11 -12 -13 -14 -15
leaf_value=0.0043625181999291714 -0.15027068952887332 0.16091244670550092 -0.15974017804758547 0.12792499771449511 0.058275866221066536 0.014491856613758822 -0.14348220310139473 0.068187535336795016 -0.0091898598077744444 0.015225921346387934 -0.013557656507231803 -0.053184687760161234 0.062414151271547903 -0.16376138133945914
leaf_weight=1742.2010844498873 5.1161981076002139 8.6003113985061663 16.157776251435283 8.162206828594206 134.44726008176804 423.44144156575203 7.4345956444740287 51.582608252763748 398.70129290223122 4051.0038114637136 10.600051522254942 10.787410676479338 16.532052621245384 5.0808321535587311
leaf_count=5566 24 11 71 16 323 1172 36 115 1248 8661 30 37 34 22
internal_value=0.0116983 0.0158777 0.00537348 -0.0133115 0.00888621 0.0250435 0.00373429 0.0163803 -0.00643916 0.0158918 -0.0838854 -0.117081 0.0961203 -0.156993
internal_weight=6889.85 4148.52 2741.33 433.809 2307.52 557.889 1749.64 4127.72 406.863 4102.59 20.7971 26.9452 25.1324 10.197
internal_count=17366 8897 8469 1372 7097 1495 5602 8821 1264 8776 76 108 45 46
is_linear=0
shrinkage=0.1


Tree=25
num_leaves=14
num_cat=0
split_feature=6 2 2 7 8 7 0 9 6 2 9 2 8
split_gain=16.9809 11.8145 17.6409 17.5214 15.1549 34.5054 9.25185 8.61024 20.0183 14.0198 13.5371 8.21218 8.06927
threshold=4.0006492661164303 0.25775075178198914 0.24835056874815378 4.0001678466796884 1.2225109825481295 1.6567923011134555 0.50195312501455402 6.0047039443841301 4.2402353938203028 0.04601935314698951 5.0004224490047404 0.54787822263017283 7.1645328456028068
decision_type=2 2 2 2 2 2 2 2 2 2 2 2 2
left_child=1 2 6 -4 -3 -6 -1 8 10 -10 -2 12 -9
right_child=7 4 3 -5 5 -7 -8 11 9 -11 -12 -13 -14
leaf_value=0.0065458171966180133 -0.050164247914887966 0.11606501872354731 -0.11813066523428271 0.0022823641991669649 -0.085159275016450042 0.022870068401159814 0.05939536598413403 0.033239426422857127 0.025995739483239206 -0.053569928765270697 0.051510723643341173 0.090317257867368758 0.016040436469675949
leaf_weight=4743.1323408782482 15.709112420678137 16.118581190705299 22.566489025950432 26.015553072094917 30.974365800619125 650.59938786923885 33.357182770967484 447.01025399565697 32.017655119299889 71.826350808143616 78.683894529938698 18.271253526210785 699.91710601747036
leaf_count=13121 44 21 87 58 102 1327 69 798 67 191 140 23 1318
internal_value=0.0105312 0.00806387 0.00630509 -0.0536498 0.0202271 0.0179606 0.0069149 0.0205255 0.00125919 -0.0290379 0.0345897 0.0238033 0.0227437
internal_weight=6886.2 5522.76 4825.07 48.582 697.692 681.574 4776.49 1363.44 198.237 103.844 94.393 1165.2 1146.93
internal_count=17366 14785 13335 145 1450 1429 13190 2581 442 258 184 2139 2116
is_linear=0
shrinkage=0.1


Tree=26
num_leaves=15
num_cat=0
split_feature=6 2 3 5 4 5 3 9 7 1 8 9 4 4
split_gain=14.0216 9.72511 30.8561 20.719 24.6026 22.1043 18.6587 10.1556 7.12478 29.5418 9.22757 16.4183 7.09015 4.93663
threshold=4.0006492661164303 0.10486663298465386 0.34716341858090749 3.3541213679429127 3.9504542650283558 2.7713236682767977 0.47004969407905078 1.8182805627387431 4.3750209808349618 0.19760232368770733 4.9997334350733977 5.1061446941954829 2.9998779296875004 3.9186021618079399
decision_type=2 2 2 2 2 2 2 2 2 2 2 2 2 2
left_child=1 3 7 5 -5 -1 -4 -3 9 12 13 -12 -2 -10
right_child=8 2 6 4 -6 -7 -8 -9 10 -11 11 -13 -14 -15
leaf_value=0.0023899570443295538 -0.038928739941633615 -0.02200570712983331 -0.0053945976653210284 -0.067162100515773038 -0.00056084156899948779 0.028639503853258436 0.014404630480674419 0.036178029500202304 0.12874214134613168 -0.21607857304251926 -0.083573451380889341 0.019779724706035187 0.066885872358362866 0.041735575658069207
leaf_weight=2419.7082826793194 11.234661474823953 31.844547912478447 829.3285660892725 87.127362728118896 152.62312504649162 369.82991404831409 1117.1243938207626 517.51324082911015 11.12192238867283 6.6242933720350257 15.557115852832792 1279.6303709298372 14.51183597743511 15.764485090970991
leaf_count=7445 31 95 2113 253 365 858 2558 1098 12 27 48 2408 25 30
internal_value=0.00948893 0.00725366 0.0118758 0.00344553 -0.0247643 0.00587006 0.00596874 0.0328053 0.0186071 -0.0277436 0.019742 0.0185383 0.0207129 0.077727
internal_weight=6879.54 5525.1 2495.81 3029.29 239.75 2789.54 1946.45 549.358 1354.44 32.3708 1322.07 1295.19 25.7465 26.8864
internal_count=17366 14785 5864 8921 618 8303 4671 1193 2581 83 2498 2456 56 42
is_linear=0
shrinkage=0.1


Tree=27
num_leaves=13
num_cat=0
split_feature=8 5 5 5 5 5 8 5 5 4 0 2
split_gain=11.7123 27.0433 19.3233 23.1247 11.0728 17.6177 11.7308 15.651 12.588 5.84787 5.79671 0.158976
threshold=3.5614836223772657 3.0687253883500643 2.9562492195980075 2.5548699981120522 1.4226219331956436 1.3130103502416339 3.6266388629204021 1.9144920020481508 1.9290475077405971 3.6548791098807674 1.1920928966223726e-07 0.03622407593410986
decision_type=2 2 2 2 2 2 2 2 2 2 2 2
left_child=1 2 3 -1 5 -2 8 -8 -6 11 -4 -3
right_child=4 9 10 -5 6 -7 7 -9 -10 -11 -12 -13
leaf_value=0.0059669443834081421 -0.019828629486151141 -0.14416847478812514 0.11550038830743561 -0.034947252333575173 0.12720651098243199 0.14726571065853042 -0.037161034479075296 0.01208185618298474 0.030061231762636587 -0.024361920385791401 0.031203857263803793 -0.16669301932659164
leaf_weight=3128.6482903808355 10.819892257452013 5.9027943462133425 19.599141582846642 144.52384629845619 16.353198632597923 15.138328671455382 65.804699257016182 3368.2305435836315 72.359043583273888 4.599690079689025 13.973809868097304 6.6787595301866531
leaf_count=9319 31 28 43 458 22 18 170 7036 164 16 33 28
internal_value=0.00854993 0.00428444 0.00493461 0.00416042 0.0125452 0.0776175 0.0120657 0.0111382 0.047969 -0.12085 0.0804143 -0.156125
internal_weight=6872.63 3323.93 3306.75 3273.17 3548.71 25.9582 3522.75 3434.04 88.7122 17.1812 33.573 12.5816
internal_count=17366 9925 9853 9777 7441 49 7392 7206 186 72 76 56
is_linear=0
shrinkage=0.1


Tree=28
num_leaves=12
num_cat=0
split_feature=2 6 8 7 2 4 4 3 4 2 8
split_gain=11.0145 12.5476 12.51 26.1171 13.1924 12.5558 9.39018 17.133 16.8079 2.75993 1.58196
threshold=0.25997700667878693 6.9985801868699342 1.2225109825481295 1.6567923011134555 0.27230125902572871 1.053397100977999 0.97159821699460747 0.41766837130901541 1.039878845214844 0.22630222316399612 9.0005145930463879
decision_type=2 2 2 2 2 2 2 2 2 2 2
left_child=1 6 -2 4 -4 -5 7 -1 -8 10 -3
right_child=2 9 3 5 -6 -7 8 -9 -10 -11 -12
leaf_value=-0.0010469880312303076 0.10430614722551035 0.071492949653711432 0.026997146976833305 0.076990100015814356 -0.1193013844308763 0.015715762656923718 0.028951542643370371 -0.06061706409341025 0.0053775176209825797 0.098721139171368572 0.024817356140405741
leaf_weight=605.8332544863224 15.950348660349844 11.989985510706903 8.6713085770607012 34.455468207597733 21.314627155661583 1136.5083140879869 323.59271930158138 52.462055683135986 4627.717068374157 12.70717993378639 18.411774590611458
leaf_count=1891 21 17 21 58 78 2256 930 170 11876 15 33
internal_value=0.00769725 0.00583938 0.0163274 0.0151589 -0.0769949 0.0175188 0.00542636 -0.00579435 0.0069182 0.0595839 0.0432255
internal_weight=6869.61 5652.71 1216.9 1200.95 29.9859 1170.96 5609.61 658.295 4951.31 43.1089 30.4018
internal_count=17366 14932 2434 2413 99 2314 14867 2061 12806 65 50
is_linear=0
shrinkage=0.1


Tree=29
num_leaves=15
num_cat=0
split_feature=2 2 3 0 8 8 1 6 6 3 3 3 8 4
split_gain=10.2845 20.2785 18.1354 33.3794 17.2302 15.0756 13.71 31.4457 19.7392 17.9967 16.9463 13.3328 12.6161 12.1507
threshold=0.09115736379717726 0.081507894095167108 0.27737021905010706 0.0078707933425903025 1.7777890419106768 1.7243883469393988 0.085353037249990812 5.3078741855751614 0.81830702876266637 0.33361369933894586 0.27245363350347407 0.13463958139033438 5.6816216778300905 0.40267300046980387
decision_type=2 2 2 2 2 2 2 2 2 2 2 2 2 2
left_child=1 2 3 -1 -3 -4 7 12 13 -10 -9 -6 -2 -8
right_child=6 4 5 -5 11 -7 8 10 9 -11 -12 -13 -14 -15
leaf_value=0.0053108611644947391 0.019325203768831505 0.067817615182780386 0.14629857210512234 -0.048290853620957794 0.068619904338691778 0.028530435076794015 0.023329852974221341 -0.16974447442523016 -0.034222169153412106 0.0098123226726175988 -0.015095320488108632 -0.067978664960885754 0.0505546779649945 -0.10044882846933612
leaf_weight=2780.761553645134 497.36858658492565 12.779480352997778 15.134199142456053 121.24253986775875 7.8193451613187781 38.575465962290764 11.247303456068037 11.991470009088518 95.804855942726135 2971.7403260320425 17.319741070270538 82.908386290073395 174.83009743690491 26.893920451402664
leaf_count=8063 1141 30 25 368 13 89 28 41 256 6632 37 256 288 99
internal_value=0.00693091 0.00261349 0.00413708 0.00307144 -0.0408934 0.0617149 0.0104001 0.0230265 0.00754808 0.00843705 -0.0783636 -0.056206 0.0274476 -0.0639483
internal_weight=6866.42 3059.22 2955.71 2902 103.507 53.7097 3807.2 701.51 3105.69 3067.55 29.3112 90.7277 672.199 38.1412
internal_count=17366 8844 8545 8431 299 114 8522 1507 7015 6888 78 269 1429 127
is_linear=0
shrinkage=0.1


Tree=30
num_leaves=10
num_cat=0
split_feature=8 6 6 9 6 7 4 7 0
split_gain=9.94074 9.29993 9.34162 8.70787 7.82195 5.35143 10.1198 7.96749 5.34648
threshold=8.0544499692794247 6.9985801868699342 5.6985644908077573 8.3335957761641328 4.1341250136107748 7.9546184064707868 4.6485115130018437 8.3443563934415597 0.22115922190009571
decision_type=2 2 2 2 2 2 2 2 2
left_child=1 2 3 -1 -2 6 -6 -7 -4
right_child=4 -3 8 -5 5 7 -8 -9 -10
leaf_value=0.0055199661205559344 -0.065520557526405329 0.10418172009145639 -0.02352293448535301 -0.095712623647347436 0.096781801749374313 -0.02687988073370929 -0.004834134623298114 0.023271669852767279 -0.11119745540118767
leaf_weight=6347.3338813781738 10.335552453994749 9.4827983528375608 32.207578599452972 8.50849701464176 24.948070392012596 34.632879927754402 16.141341537237167 371.23466563224792 8.871159762144087
leaf_count=16393 28 11 72 24 30 77 33 672 26
internal_value=0.00624069 0.00522392 0.00507723 0.00538445 0.020485 0.0224738 0.0568635 0.0189922 -0.0424567
internal_weight=6863.7 6406.4 6396.92 6355.84 457.293 446.957 41.0894 405.868 41.0787
internal_count=17366 16526 16515 16417 840 812 63 749 98
is_linear=0
shrinkage=0.1


Tree=31
num_leaves=13
num_cat=0
split_feature=2 3 3 9 8 7 7 4 8 2 8 8
split_gain=9.42712 19.8714 11.9603 11.7199 9.81521 33.1061 9.63446 9.02047 7.91549 38.48 19.7881 0.0441893
threshold=0.019013429511574705 0.03215903332069401 0.036994784029004357 4.9406830179439973 1.0659291800142607 1.1876392145031778 1.0000343322753908 0.95651692524552356 1.1957790645789024 0.11194212295659596 1.4446688990433627 2.8552545924449535
decision_type=2 2 2 2 2 2 2 2 2 2 2 2
left_child=1 4 11 -4 7 -6 -2 -1 9 -8 -10 -3
right_child=6 2 3 -5 5 -7 8 -9 10 -11 -12 -13
leaf_value=-0.00086155040847406955 -0.083212373634820092 -0.14894351269600578 -0.046682856970591435 0.085390529696053485 -0.073844822339263913 0.0019639997755016335 -0.080917675503866721 0.03877038809906385 -0.033035162351959933 0.11371559174493402 0.0087685531306868538 -0.16298675703763699
leaf_weight=103.47671712934971 11.566484421491621 4.3675024360418302 71.621864497661591 7.4143472760915747 59.815695092082024 1559.4087707549334 15.162062957882879 129.05712096393108 115.99920520186424 30.776666149497032 4748.683365881443 4.60135617852211
leaf_count=324 39 20 264 11 252 4664 56 350 367 50 10949 20
internal_value=0.00562036 -0.000283966 -0.0467117 -0.0342931 0.00192252 -0.00083645 0.00794717 0.0211343 0.00816189 0.0494769 0.00777174 -0.156148
internal_weight=6861.95 1939.76 88.0051 79.0362 1851.76 1619.22 4922.19 232.534 4910.62 45.9387 4864.68 8.96886
internal_count=17366 5905 315 275 5590 4916 11461 674 11422 106 11316 40
is_linear=0
shrinkage=0.1


Tree=32
num_leaves=15
num_cat=0
split_feature=8 8 9 7 9 4 0 9 5 6 5 0 8 4
split_gain=8.00631 17.3752 39.3664 30.2151 23.6004 22.1816 15.2925 13.6509 7.92503 24.0381 22.5953 22.1656 17.1128 15.9028
threshold=3.0542807832927092 2.9353818610744793 3.2082861120285204 3.0679046060898512 3.5187825541547588 2.413169346749783 7.6293945383831846e-06 3.6084084419741465 2.4681835093712565 3.0780625212091741 2.5013589803461649 0.26864662988015825 3.1111530563179808 2.4278564453125004
decision_type=2 2 2 2 2 2 2 2 2 2 2 2 2 2
left_child=1 4 3 -3 5 -1 -6 -4 9 11 13 -2 -12 -10
right_child=8 2 7 -5 6 -7 -8 -9 10 -11 12 -13 -14 -15
leaf_value=-0.0006050054324954567 0.023093896242650111 0.031608648084583434 -0.16452606490250632 -0.076810750888014631 -0.074633496656980297 0.04436683005177245 0.085560111393895646 -0.048856578235894399 -0.023751925053084343 -0.14304439083738416 -0.11085752663797664 -0.033582522988566892 0.0068625290666323516 -0.17097354496876338
leaf_weight=2414.2304985821247 781.51311764121056 83.161370053887367 23.700250893831253 37.204037815332413 6.7622590810060492 114.89573249220848 50.181433632969856 17.9153912961483 19.564762532711033 9.3592602461576444 12.396503806114195 75.686821281909943 3198.2480428814888 11.739920198917387
leaf_count=7441 1749 218 102 145 24 322 81 55 51 33 51 196 6848 50
internal_value=0.00505963 0.000881399 -0.0308903 -0.00190297 0.00287145 0.00143802 0.0665366 -0.114731 0.00785432 0.0163493 0.00558365 0.0180896 0.006408 -0.0789632
internal_weight=6856.56 2748.05 161.981 120.365 2586.07 2529.13 56.9437 41.6156 4108.51 866.559 3241.95 857.2 3210.64 31.3047
internal_count=17366 8388 520 363 7868 7763 105 157 8978 1978 7000 1945 6899 101
is_linear=0
shrinkage=0.1


Tree=33
num_leaves=15
num_cat=0
split_feature=6 2 8 8 3 3 4 6 0 0 1 3 3 9
split_gain=7.75517 7.32787 17.0326 17.3109 17.2403 8.20084 18.31 7.66581 4.85629 6.84307 4.92713 6.471 4.43815 1.2208
threshold=6.7050385983774277 0.019013429511574705 7.082796526691717 7.9739637638314091 0.03215903332069401 0.069271874900706715 1.3075801134109499 0.7536925400419876 0.15625000005820769 0.037109375480213209 0.31385695583210832 0.55188154624406283 0.46260354948557297 10.114063529919154
decision_type=2 2 2 2 2 2 2 2 2 2 2 2 2 2
left_child=1 2 4 -4 -1 6 -3 -7 9 13 -10 -12 -11 -2
right_child=8 5 3 -5 -6 7 -8 -9 10 12 11 -13 -14 -15
leaf_value=0.002352553307541058 0.025782451671836029 -0.044150577710308267 -0.16375267705770366 -0.020380095472630252 -0.043366366134903585 -0.040131348568824256 0.052663154439081906 0.0059181424824156685 0.085507592975382629 0.011688416602596171 -0.032214707455116239 0.063168922280857104 -0.071843527967503595 0.069076000124718831
leaf_weight=1797.8603795468807 14.421587511897087 24.739320412278175 12.487246245145796 25.865062326192856 86.446606367826462 36.432112663984299 92.861860185861588 4668.7337677776814 24.515107601881027 13.617526218295099 11.879725441336634 17.724219441413879 11.935536608099936 11.877549633383751
leaf_count=5464 26 83 44 57 315 117 208 10892 32 26 27 27 31 17
internal_value=0.00455413 0.00413244 -0.00108769 -0.0670612 0.0002551 0.00621351 0.0322968 0.00556158 0.0313962 0.00952619 0.0523502 0.0248926 -0.0273284 0.0453352
internal_weight=6851.4 6745.43 1922.66 38.3523 1884.31 4822.77 117.601 4705.17 105.971 51.8522 54.1191 29.6039 25.5531 26.2991
internal_count=17366 17180 5880 101 5779 11300 291 11009 186 100 86 54 57 43
is_linear=0
shrinkage=0.1


Tree=34
num_leaves=11
num_cat=0
split_feature=2 3 2 4 0 2 9 0 0 6
split_gain=7.32723 14.973 12.887 9.77354 8.37684 8.25812 8.16543 6.97819 6.93162 12.5917
threshold=0.3667226864658375 0.45852934832136222 0.36094732146834668 2.0162963867187504 0.33246433734893804 0.35559064794739642 7.9543881644237349 0.085578240454196916 0.25976562506002671 4.9812171299774599
decision_type=2 2 2 2 2 2 2 2 2 2
left_child=2 3 5 -2 7 6 -1 -3 9 -4
right_child=1 4 8 -5 -6 -7 -8 -9 -10 -11
leaf_value=0.0025854816853474486 -0.0087888136321841708 0.073334578156142499 -0.14076401211978626 -0.1399875670728645 0.080577243182299335 0.06224864508089302 0.018698725237275275 0.014885139531460898 0.0045144525428853109 0.024067827957691742
leaf_weight=6084.6177801936865 14.987311989068987 21.892382964491844 15.442483320832254 9.1410704106092435 23.529871493577957 23.94950932264328 331.6357933729887 304.93888013064861 11.479868978261946 6.6217578351497641
leaf_count=15892 37 32 55 30 34 39 616 596 23 12
internal_value=0.00410182 0.0177018 0.0033151 -0.0584936 0.0229492 0.0036371 0.00341832 0.0188003 -0.0585065 -0.0912959
internal_weight=6848.24 374.49 6473.75 24.1284 350.361 6440.2 6416.25 326.831 33.5441 22.0642
internal_count=17366 729 16637 67 662 16547 16508 628 90 67
is_linear=0
shrinkage=0.1


Tree=35
num_leaves=9
num_cat=0
split_feature=4 6 7 6 6 4 8 6
split_gain=6.47179 26.0851 20.0963 10.767 20.506 13.115 6.51814 2.59643
threshold=1.0000000180025095e-35 0.3376756431192604 1.7499332427978518 0.86069726722175399 0.79366623702097383 0.97159821699460747 1.6666145024147139 0.19049245270131818
decision_type=2 2 2 2 2 2 2 2
left_child=6 2 7 4 -3 -5 -1 -2
right_child=1 3 -4 5 -6 -7 -8 -9
leaf_value=0.052567484912006281 -0.090947412047625867 -0.0012018663973660192 0.05957504324603418 -0.013452310628378098 0.059686530163040125 0.0043607091713960362 -0.035693467479363132 -0.14980653529383381
leaf_weight=47.562594532966614 19.564503371715546 126.56260040402412 8.5095586627721769 443.48858717083931 98.247887134552002 6077.333104878664 10.153562590479849 12.148290917277338
leaf_count=123 78 409 25 1356 263 15021 36 55
internal_value=0.00369589 0.00341228 -0.0768796 0.00389104 0.0254079 0.00314923 0.0370404 -0.113495
internal_weight=6843.57 6785.85 40.2224 6745.63 224.81 6520.82 57.7162 31.7128
internal_count=17366 17207 158 17049 672 16377 159 133
is_linear=0
shrinkage=0.1


Tree=36
num_leaves=12
num_cat=0
split_feature=2 8 7 1 5 2 4 0 2 2 9
split_gain=6.35799 10.1952 18.9449 13.2376 12.0541 8.96024 15.9236 15.9752 8.97848 13.6331 13.6037
threshold=0.25997700667878693 1.2225109825481295 1.6567923011134555 0.34083046934720707 1.6191521765386039 0.24411100632052868 6.1626800297090094 0.12890625477302822 0.22129969375438416 0.22030518928428164 1.8716007072088985
decision_type=2 2 2 2 2 2 2 2 2 2 2
left_child=5 -2 3 -3 -4 8 7 -7 9 -1 -10
right_child=1 2 4 -5 -6 6 -8 -9 10 -11 -12
leaf_value=0.0019857337995397833 0.090467951678202249 -0.024786411114429304 0.04767113585814442 -0.16896750519894016 0.0080730870819793604 -0.080319404485152943 0.072147777322627366 -0.0089965879508429377 0.11574101232957262 -0.079736172511663359 0.014955945439297812
leaf_weight=5189.4807346910238 15.525005146861075 20.208001002669338 82.861362561583519 9.2976835668086988 1064.205485701561 46.412218034267426 16.332350119948387 97.118189767003059 14.09965445101261 20.49408295750618 267.05987361073494
leaf_count=13879 21 60 163 39 2151 138 23 237 24 61 570
internal_value=0.0033242 0.00996072 0.00889841 -0.07022 0.0109336 0.0019242 -0.0214133 -0.0320596 0.00260362 0.00166427 0.0200101
internal_weight=6843.09 1192.1 1176.57 29.5057 1147.07 5651 159.863 143.53 5491.13 5209.97 281.16
internal_count=17366 2434 2413 99 2314 14932 398 375 14534 13940 594
is_linear=0
shrinkage=0.1


Tree=37
num_leaves=8
num_cat=0
split_feature=2 7 4 6 7 6 8
split_gain=5.94174 5.99892 5.28266 21.5736 17.0915 10.3944 5.20159
threshold=0.54787822263017283 7.1012220382690439 1.0000000180025095e-35 0.3376756431192604 1.7499332427978518 0.51179658018121832 1.6666145024147139
decision_type=2 2 2 2 2 2 2
left_child=2 -2 6 4 -4 -5 -1
right_child=1 -3 3 5 -6 -7 -8
leaf_value=0.046406851326025012 0.00068484398486982467 0.092255739546593121 -0.10673657698684576 0.068402175961927478 0.052219467658362217 0.0027385088170980309 -0.032705962874859003
leaf_weight=48.24481999874115 13.723000988364221 14.945757627487181 30.475749686360359 24.194611519575119 8.6940509080886823 6690.0252249836922 10.040376722812651
leaf_count=123 29 19 133 66 25 16935 36
internal_value=0.00299335 0.0484231 0.00280214 0.00254343 -0.071455 0.00297513 0.0327786
internal_weight=6840.34 28.6688 6811.67 6753.39 39.1698 6714.22 58.2852
internal_count=17366 48 17318 17159 158 17001 159
is_linear=0
shrinkage=0.1


Tree=38
num_leaves=12
num_cat=0
split_feature=6 4 4 8 7 4 1 5 2 5 9
split_gain=5.7221 9.1066 8.8642 8.03785 18.6596 22.2872 13.6437 8.54817 12.8111 11.2523 6.59119
threshold=4.0006492661164303 2.5169410705566411 2.6434150673449044 6.0554722616823566 6.2740449905395517 3.2758685597800654 0.10455309247046417 4.0689819357909514 0.074583297652235966 3.6671239140374952 5.5961344151013757
decision_type=2 2 2 2 2 2 2 2 2 2 2
left_child=3 -2 -3 7 5 -5 -6 9 -9 -1 -4
right_child=1 2 10 4 6 -7 -8 8 -10 -11 -12
leaf_value=0.0015319464094187048 -0.093347110939821926 0.13049632666300784 -0.0158003700218616 -0.035609873740975843 0.021035138904848413 -0.213576713995655 -0.034656261215491854 -0.10218867644978549 -0.0073011617845801964 0.024010123598162767 0.010852877946724175
leaf_weight=5014.8806973099709 8.6946616619825345 6.0104605406522742 100.63716505467892 25.996291592717171 95.991983607411385 9.6485480666160566 81.20328289270401 19.096965044736862 55.816980198025703 233.04877491295338 1188.6759241074324
leaf_count=13637 27 7 239 61 191 37 194 63 130 472 2308
internal_value=0.00269321 0.00865262 0.00933728 0.00128938 -0.0177665 -0.083783 -0.00448656 0.00205135 -0.0314898 0.00253015 0.00877246
internal_weight=6839.7 1304.02 1295.32 5535.68 212.84 35.6448 177.195 5322.84 74.9139 5247.93 1289.31
internal_count=17366 2581 2554 14785 483 98 385 14302 193 14109 2547
is_linear=0
shrinkage=0.1


Tree=39
num_leaves=13
num_cat=0
split_feature=2 3 3 4 9 7 5 7 8 2 5 8
split_gain=5.20153 13.3717 10.5472 10.3726 7.64808 29.8658 7.58108 7.55607 6.30625 30.2478 15.1336 0.0286437
threshold=0.019013429511574705 0.03215903332069401 0.036994784029004357 1.7501334995031359 1.1239080502570826 1.1876392145031778 0.65292309223663914 1.0000343322753908 1.1957790645789024 0.11194212295659596 0.53155006858710585 2.8552545924449535
decision_type=2 2 2 2 2 2 2 2 2 2 2 2
left_child=1 4 11 -4 6 -6 -1 -2 9 -9 -10 -3
right_child=7 2 3 -5 5 -7 -8 8 10 -11 -12 -13
leaf_value=-0.010533912842378562 -0.077361162449636339 -0.14079679055418345 -0.071691166843930287 0.0024866287562493798 -0.07586756842639869 -0.00011658332622402557 0.028234184394449132 -0.075703106786795704 -0.10947741377504792 0.098071125061547623 0.0042814233509744669 -0.15246455867748562
leaf_weight=72.281097084283829 11.342079594731329 4.0702218860387784 32.751299932599068 44.417009770870209 53.837940916419029 1564.7484175562859 166.9353291541338 14.866644456982611 11.722617387771605 30.704180926084518 4824.2366417944431 4.3555879443883896
leaf_count=230 39 20 138 137 233 4664 463 56 46 50 11270 20
internal_value=0.00242673 -0.00195008 -0.0405948 -0.0289955 -0.000169607 -0.00263624 0.0165201 0.00416515 0.00435457 0.0413805 0.00400567 -0.146828
internal_weight=6836.27 1943.4 85.5941 77.1683 1857.8 1618.59 239.216 4892.87 4881.53 45.5708 4835.96 8.42581
internal_count=17366 5905 315 275 5590 4897 693 11461 11422 106 11316 40
is_linear=0
shrinkage=0.1


Tree=40
num_leaves=11
num_cat=0
split_feature=6 4 6 7 0 3 6 0 0 0
split_gain=5.09757 5.22363 16.5564 14.6819 10.631 9.82433 7.47244 4.71478 11.4007 4.61166
threshold=6.9985801868699342 0.49893836677074438 0.3376756431192604 1.8714815601706507 0.12573632647811903 0.016788970473389803 0.86069726722175399 0.16126252710819247 0.037109375480213209 0.26593780517578131
decision_type=2 2 2 2 2 2 2 2 2 2
left_child=1 4 3 -3 5 -1 -4 8 -2 -9
right_child=7 2 6 -5 -6 -7 -8 9 -10 -11
leaf_value=0.003168654423299585 0.048298790098570195 -0.11333020036462145 0.022581061116583923 0.073568270930132101 -0.10193241208557911 0.050412958668658983 0.0012108641013232327 0.085086168232291745 -0.072881281764215891 0.01269882367783008
leaf_weight=104.48330892622471 20.25993424654007 21.603744536638263 167.92996084690094 5.218382015824317 7.0698581337928763 76.054653689265251 6380.4586008936167 20.66468745470047 12.587241590023039 15.329978331923483
leaf_count=330 33 101 499 14 26 183 16089 28 33 30
internal_value=0.0021828 0.0019072 0.00143774 -0.0769681 0.0183604 0.0230711 0.00175889 0.029257 0.00186183 0.0542567
internal_weight=6831.66 6762.82 6575.21 26.8221 187.608 180.538 6548.39 68.8418 32.8472 35.9947
internal_count=17366 17242 16703 115 539 513 16588 124 66 58
is_linear=0
shrinkage=0.1


Tree=41
num_leaves=12
num_cat=0
split_feature=2 9 5 6 9 2 2 2 2 0 3
split_gain=4.91317 12.4613 17.1078 11.6431 25.6006 10.6587 6.76253 8.33966 6.61922 5.63693 11.4775
threshold=0.3667226864658375 2.423628709367283 0.76120231305539432 1.8464863386043937 3.3533339629914267 0.36094732146834668 0.35559064794739642 0.35016923454111276 0.49404456045807571 0.25976562506002671 0.47004969407905078
decision_type=2 2 2 2 2 2 2 2 2 2 2
left_child=5 2 -2 -3 -5 6 7 -1 -4 10 -7
right_child=1 3 8 4 -6 9 -8 -9 -10 -11 -12
leaf_value=0.0015935306299937929 0.059822507439631169 0.12234007698429439 -0.1788818525040633 -0.19079767574451417 0.018618233277036635 -0.038072582360281541 0.05531803045713634 -0.074144935331236492 -0.050446952552054641 0.0019950988107400214 -0.19690184875547892
leaf_weight=6392.7154256701469 8.4092682898044604 10.396868795156477 8.2266340106725711 5.9438044875860205 326.56970825791359 15.488035514950754 23.364955306053162 14.571493253111838 7.8339236229658118 11.385841324925421 6.442159727215766
leaf_count=16469 16 13 34 24 619 43 39 39 23 23 24
internal_value=0.00196418 0.0132133 -0.0557311 0.0181331 0.0148748 0.00132483 0.00161711 0.00142129 -0.116235 -0.0550914 -0.0847299
internal_weight=6831.35 367.38 24.4698 342.91 332.514 6463.97 6430.65 6407.29 16.0606 33.316 21.9302
internal_count=17366 729 73 656 643 16637 16547 16508 57 90 67
is_linear=0
shrinkage=0.1


Tree=42
num_leaves=13
num_cat=0
split_feature=9 6 9 5 5 5 5 6 5 4 6 9
split_gain=4.52686 18.0541 19.0641 15.2719 12.7651 23.2522 17.7807 14.113 14.1002 25.5354 12.1368 10.4289
threshold=2.4566124385380541 2.2133536553956188 2.1601951047797301 0.73962739754990059 1.4823559520287193 1.386379896714155 1.3638895146731882 1.4612032835013393 1.8583160659838007 1.7331241238715893 1.6694660642144543 2.0977507346462683
decision_type=2 2 2 2 2 2 2 2 2 2 2 2
left_child=1 2 11 -4 5 6 -2 -7 9 -6 -10 -1
right_child=4 -3 3 -5 8 7 -8 -9 10 -11 -12 -13
leaf_value=-0.00024476058633693409 0.01218451105942229 0.14974779710875313 -0.15083883075636656 -0.020479877333258609 -0.005081241131356766 0.14188953877532842 -0.10382324555391009 0.044794331256076757 0.064112354534127267 -0.075579549762652853 0.0030664524063185494 0.034907437845402733
leaf_weight=1358.24894939363 249.10207784175873 7.7542845457792273 9.2248830646276456 348.40046867728233 309.46466691792011 18.501103326678276 13.952207788825033 78.437809348106384 32.819405749440193 61.607335418462753 4251.5918940752745 89.990443259477615
leaf_count=4245 632 15 42 1178 841 29 48 167 70 213 9626 260
internal_value=0.00176911 -0.00251243 -0.00316623 -0.0238425 0.00331734 0.0214596 0.00603154 0.0633253 0.00191446 -0.0167857 0.00353408 0.00193952
internal_weight=6829.1 1813.62 1805.86 357.625 5015.48 359.993 263.054 96.9389 4655.48 371.072 4284.41 1448.24
internal_count=17366 5740 5725 1220 11626 876 680 196 10750 1054 9696 4505
is_linear=0
shrinkage=0.1


Tree=43
num_leaves=10
num_cat=0
split_feature=4 6 7 6 8 6 9 8 4
split_gain=4.60149 14.7861 13.925 8.09035 8.3508 7.88638 4.8721 4.26225 3.89116
threshold=1.0000000180025095e-35 0.3376756431192604 1.4972653426229956 0.51179658018121832 1.4661729891533952 0.72093427080749029 1.3641542268519824 1.6666145024147139 0.26002453001819964
decision_type=2 2 2 2 2 2 2 2 2
left_child=7 2 8 4 -3 -5 -4 -1 -2
right_child=1 3 6 5 -6 -7 -8 -9 -10
leaf_value=0.04164315935599492 -0.040332469231925308 -0.0024419895303670067 0.06423762102092348 -0.034231813223085154 0.11370838000511543 0.0018129539799426519 -0.053017463033141199 -0.030190948134194096 -0.13579632572778683
leaf_weight=48.744119822978973 5.7450973242521313 11.764086395502092 8.3549524992704374 61.260335579514503 13.063733175396917 6643.9504260569811 6.1536917537450782 9.9452094137668592 16.626542344689369
leaf_count=123 23 38 25 211 28 16772 24 36 86
internal_value=0.00159039 0.00134858 -0.0617969 0.00169462 0.0586732 0.00148364 0.0145051 0.0294705 -0.111281
internal_weight=6825.61 6766.92 36.8803 6730.04 24.8278 6705.21 14.5086 58.6893 22.3716
internal_count=17366 17207 158 17049 66 16983 49 159 109
is_linear=0
shrinkage=0.1


Tree=44
num_leaves=9
num_cat=0
split_feature=2 7 1 4 5 0 5 7
split_gain=4.47555 5.15428 4.859 4.33576 12.1463 8.51096 3.65437 6.05778
threshold=0.54787822263017283 7.1012220382690439 0.39674591010079496 0.49893836677074438 0.33589604369117415 0.12573632647811903 1.6666962689282352 5.2442017689648779
decision_type=2 2 2 2 2 2 2 2
left_child=2 -2 3 5 -5 -1 -4 -8
right_child=1 -3 6 4 -6 -7 7 -9
leaf_value=0.020184266663437731 -0.0019519684776397655 0.08480167294817198 0.13281924877836138 -0.093319333507180136 0.0008377149523727985 -0.093269650298087495 -0.035028621309011215 0.056314683184739603
leaf_weight=181.14096407592297 13.589628070592882 13.805875241756437 3.6220136731863013 13.729206338524817 6558.5470677167177 6.8626076728105536 10.681353151798247 22.669285356998444
leaf_count=513 29 19 5 67 16644 26 27 36
internal_value=0.00142965 0.0417672 0.00126708 0.00106935 0.000641025 0.0160429 0.0374205 0.0270598
internal_weight=6824.65 27.3955 6797.25 6760.28 6572.28 188.004 36.9727 33.3506
internal_count=17366 48 17318 17250 16711 539 68 63
is_linear=0
shrinkage=0.1


Tree=45
num_leaves=12
num_cat=0
split_feature=6 3 2 2 7 0 2 2 4 2 2
split_gain=4.06432 4.61478 4.28955 9.9283 18.7857 12.9128 8.83059 8.77182 8.17129 2.64307 3.31653
threshold=6.9985801868699342 0.58839822242263795 0.25997700667878693 0.27037216098490335 6.5008165836334237 0.28125000011852835 0.23949285310374999 0.22129969375438416 6.1626800297090094 0.33260667644097935 0.24718990632244092
decision_type=2 2 2 2 2 2 2 2 2 2 2
left_child=2 9 6 4 -4 -5 7 -1 -8 10 -2
right_child=1 -3 3 5 -6 -7 8 -9 -10 -11 -12
leaf_value=-0.00015482842878603565 0.043751054778009127 -0.032461811735866861 0.050814225728810586 0.010953344832178484 -0.044696142049234666 -0.013263835679189645 -0.026106978307570385 0.020155784811782509 0.049136700721383583 0.076610994097497234 -0.017047387695692199
leaf_weight=5180.7333770543337 29.796674743294716 11.319344267249106 106.73196388781071 692.81850244104862 25.516619458794594 322.74495404958725 190.55754962563515 221.74054837226868 15.615508258342741 13.227564603090284 12.837885931134222
leaf_count=13890 50 27 185 1401 61 728 487 465 25 19 28
internal_value=0.00128688 0.0257618 0.00104352 0.00661332 0.032386 0.00325715 -9.63436e-05 0.000678806 -0.020408 0.0375596 0.0254438
internal_weight=6823.64 67.1815 6756.46 1147.81 132.249 1015.56 5608.65 5402.47 206.173 55.8621 42.6346
internal_count=17366 124 17242 2375 246 2129 14867 14355 512 97 78
is_linear=0
shrinkage=0.1


Tree=46
num_leaves=16
num_cat=0
split_feature=2 2 7 7 0 8 7 4 6 6 2 7 1 9 9
split_gain=3.79778 16.3254 10.767 18.703 17.7799 6.69501 23.2009 6.48242 6.4724 20.8268 18.0162 12.3933 10.0796 8.33423 7.27851
threshold=0.016368099889512853 0.012099861046493052 2.7080154418945317 5.1563565731048593 6.1035156307065477e-05 1.0659291800142607 1.1876392145031778 0.95651692524552356 0.81830702876266637 0.86069726722175399 0.15018531699218049 1.9998680641554498 0.00083896001056675009 1.1847126031511606 1.4794414051441229
decision_type=2 2 2 2 2 2 2 2 2 2 2 2 2 2 2
left_child=1 5 4 -4 -3 7 -7 -1 10 14 11 -2 -11 -12 -10
right_child=8 2 3 -5 -6 6 -8 -9 9 12 13 -13 -14 -15 -16
leaf_value=-0.0040087007516584347 -0.023317106562018707 0.028246384142771953 -0.15682518766564693 0.039469791117183281 -0.13870019571304051 -0.065971228779371754 -0.0010016876885247917 0.029457902709205255 0.011920977698319608 0.10010427342671205 -0.019296658437964662 0.11310026247407326 0.002301372625362836 -0.16345243415691829 0.12078169833827102
leaf_weight=103.11832785606384 29.22438944876194 23.472076043486595 18.275381639599804 6.6093698590993872 8.7602025866508466 56.965429872274399 1565.1277038604021 131.92429001629353 8.839067608118059 10.560727670788763 6.0941902101039913 8.6250081956386548 4811.1145917326212 11.729796022176741 20.127646446228027
leaf_count=324 91 78 83 13 44 253 4674 350 23 20 19 18 11289 51 36
internal_value=0.00116042 -0.00261732 -0.0552762 -0.104689 -0.0171269 -0.000997776 -0.00328332 0.0147754 0.00263435 0.00302347 -0.0312681 0.00776928 0.00251559 -0.114164 0.0875633
internal_weight=6820.57 1914.25 57.117 24.8848 32.2323 1857.14 1622.09 235.043 4906.32 4850.64 55.6734 37.8494 4821.68 17.824 28.9667
internal_count=17366 5819 218 96 122 5601 4927 674 11547 11368 179 109 11309 70 59
is_linear=0
shrinkage=0.1


Tree=47
num_leaves=15
num_cat=0
split_feature=6 6 2 9 6 9 0 9 9 4 9 8 4 6
split_gain=4.033 17.6359 17.8069 17.5794 11.0287 14.5754 18.7985 8.82468 13.8304 8.29097 5.79259 16.8785 13.3914 4.64035
threshold=0.86069726722175399 0.79366623702097383 0.12591910466722103 2.1788043911046846 0.92087040075123328 2.2524860385621301 0.26287271082401281 1.8900194328365618 1.6332606918062413 0.92784124612808239 2.5391219152480891 2.817448193532095 0.56368875574821697 0.72093427080749029
decision_type=2 2 2 2 2 2 2 2 2 2 2 2 2 2
left_child=1 2 3 -1 5 6 -2 8 -3 -9 11 -6 -12 -4
right_child=4 7 13 -5 10 -7 -8 9 -10 -11 12 -13 -14 -15
leaf_value=0.011625890429381253 -0.086668337182377986 0.038485517062295194 -0.060758439153121194 -0.14020894030579742 -0.0028943042021814512 0.095993577780657008 0.082051387109171162 -0.08697950403550625 0.13822528941196183 0.074383368332648803 0.073253374472642518 -0.074676370481818036 0.0021876792899219936 -0.16333040873905477
leaf_weight=191.15788850188255 43.474765866994858 69.72453385591507 15.765892922878267 7.9422045946121207 1509.5687020868063 6.6809865683317176 7.7865217775106421 8.6983229070901853 17.365136176347733 5.0229177922010413 26.661090478301048 33.483372986316681 4867.7835151553154 6.1236728578805915
leaf_count=600 171 186 59 40 4777 14 13 35 30 12 52 143 11207 27
internal_value=0.00104095 0.0119684 -0.00384308 0.00556912 0.000499572 -0.0429334 -0.06104 0.0466292 0.058373 -0.0279096 0.000890501 -0.00445194 0.00257479 -0.0894533
internal_weight=6817.24 321.801 220.99 199.1 6495.44 57.9423 51.2613 100.811 87.0897 13.7212 6437.5 1543.05 4894.44 21.8896
internal_count=17366 989 726 640 16377 198 184 263 216 47 16179 4920 11259 86
is_linear=0
shrinkage=0.1


Tree=48
num_leaves=9
num_cat=0
split_feature=2 7 1 6 5 5 6 9
split_gain=3.63368 4.49454 3.67309 4.02942 3.63966 38.3474 12.3536 3.50821
threshold=0.54787822263017283 7.1012220382690439 0.39674591010079496 2.8529429156618851 1.5314179859954213 1.6588519250978495 1.3440652973498599 5.3568136989766293
decision_type=2 2 2 2 2 2 2 2
left_child=2 -2 4 -4 6 -6 -1 -5
right_child=1 -3 3 7 5 -7 -8 -9
leaf_value=-0.0017289303531687649 -0.002566892378252974 0.079696147630948067 -0.025997153893462278 0.091119381374715397 -0.044797392141348188 0.00098325312110263412 0.015699151901982188 0.019287110671094912
leaf_weight=1135.184936568141 13.521694809198381 13.053156539797781 8.9056916981935483 12.294357419013979 190.231435328722 4791.242188192904 633.79690666496754 15.211027026176451
leaf_count=3523 29 19 23 16 647 11376 1704 29
internal_value=0.000934071 0.0378394 0.000789563 0.0324656 0.000618706 -0.000765008 0.00451526 0.0513947
internal_weight=6813.44 26.5749 6786.87 36.4111 6750.46 4981.47 1768.98 27.5054
internal_count=17366 48 17318 68 17250 12023 5227 45
is_linear=0
shrinkage=0.1


Tree=49
num_leaves=16
num_cat=0
split_feature=4 9 7 3 7 0 4 8 8 4 0 4 7 4 6
split_gain=3.60818 14.6394 31.9206 19.4258 18.8948 13.2853 12.3879 22.7282 19.9603 9.82627 8.4616 8.13683 24.3906 13.2675 4.78826
threshold=0.97159821699460747 1.5069136704311898 1.1467642585994329 0.053436913895170156 1.4972653426229956 0.015171051971329253 1.0939804350491615 1.4446688990433627 1.4815451448671322 0.83533796388655912 0.33246433734893804 1.0140380859375002 1.1876392145031778 1.0007474422454836 0.92087040075123328
decision_type=2 2 2 2 2 2 2 2 2 2 2 2 2 2 2
left_child=1 4 14 -4 9 -6 11 10 -9 -1 -8 13 -13 -2 -3
right_child=6 2 3 -5 5 -7 7 8 -10 -11 -12 12 -14 -15 -16
leaf_value=0.010375035367691432 0.013426997624450324 -0.03706036639725048 -0.039988521139890612 0.0053375810064358971 0.10578765448248605 -0.031138207479160847 -0.068478956179549619 0.093053466811570146 0.00068916610779798447 -0.04681257642905326 0.041713147267939746 -0.079292739282482497 0.050431938888239929 -0.075739295041976434 -0.14947693955721852
leaf_weight=187.88053783774376 270.39181390404701 4.6837263256311443 145.70257516205311 269.35156904160976 31.717467978596687 9.1245177686214429 62.379936933517456 23.495500072836876 5573.4412189871073 35.76550854742527 7.8451023399829856 16.231391608715057 135.375343516469 17.78501695394516 19.832934200763702
leaf_count=576 768 17 542 715 74 30 237 55 13657 128 19 66 327 62 93
internal_value=0.000840687 -0.005938 -0.0171233 -0.0105739 0.0126516 0.075197 0.00162219 0.000367538 0.0010769 0.00122958 -0.056169 0.01779 0.0365433 0.00792404 -0.128001
internal_weight=6811 704.059 439.571 415.054 264.488 40.842 6106.95 5667.16 5596.94 223.646 70.225 439.784 151.607 288.177 24.5167
internal_count=17366 2175 1367 1257 808 104 15191 13968 13712 704 256 1223 393 830 110
is_linear=0
shrinkage=0.1


Tree=50
num_leaves=13
num_cat=0
split_feature=4 6 7 5 9 8 4 9 4 9 4 4
split_gain=3.40751 10.6379 11.9936 6.66202 14.4181 15.8998 10.767 7.31017 5.782 14.2649 9.98474 0.00096695
threshold=0.49893836677074438 0.3376756431192604 1.4972653426229956 0.70449998121349322 1.7984126074033246 1.9998697694070591 0.45367570629790782 2.0977507346462683 0.97159821699460747 1.5069136704311898 1.0939804350491615 0.74790532002225529
decision_type=2 2 2 2 2 2 2 2 2 2 2 2
left_child=3 2 11 4 6 -6 -1 -5 9 -3 -10 -2
right_child=1 8 -4 7 5 -7 -8 -9 10 -11 -12 -13
leaf_value=0.030550004973190905 -0.12902440711251759 0.01627652078816735 0.011097611924238727 -0.0098280633951023325 -0.12266567708189594 0.009223276571353748 -0.089277066348320819 0.09500831080138071 0.015949653453456582 -0.020989114212494327 0.00032950016809929174 -0.13091382631317089
leaf_weight=113.47399431467056 9.5194536894559878 146.5980998724699 11.13510040938854 10.280265718698503 16.270423144102097 20.859189987182617 8.029272258281706 18.841705486178398 441.08504003286362 343.17857950925827 5666.2392398938537 3.7858106493949881
leaf_count=308 55 438 39 29 68 66 31 37 1223 1083 13968 21
internal_value=0.000751978 0.000375289 -0.0654771 0.0140367 0.00596578 -0.0485713 0.0226315 0.0580003 0.000619253 -0.00983491 0.00145762 -0.129562
internal_weight=6809.3 6621.54 24.4404 187.755 158.633 37.1296 121.503 29.122 6597.1 489.777 6107.32 13.3053
internal_count=17366 16827 115 539 473 134 339 66 16712 1521 15191 76
is_linear=0
shrinkage=0.1


Tree=51
num_leaves=12
num_cat=0
split_feature=2 2 4 5 6 1 1 9 2 6 4
split_gain=3.31418 12.7051 14.0351 33.3326 12.3738 4.66011 11.8698 25.6213 4.45332 4.27061 2.16311
threshold=0.4482166167915792 0.4574454034175261 3.2758685597800654 2.9408868900894274 5.6985644908077573 0.39674591010079496 0.38827398920682726 5.5961344151013757 0.39371906433526077 2.8529429156618851 4.2503242464684226
decision_type=2 2 2 2 2 2 2 2 2 2 2
left_child=5 -2 3 -3 -4 6 8 -8 -1 -7 -11
right_child=1 2 4 -5 -6 9 7 -9 -10 10 -12
leaf_value=0.00079821014633332679 0.081686251764857387 0.00038595594462429442 0.058057160754670295 -0.22094087242065585 -0.046820228351402614 -0.023298415407776305 -0.18264815884627444 0.0090446503694368661 -0.019285153528584606 0.08481171216296729 0.027619469398687979
leaf_weight=6501.4821146652102 24.300924152135849 36.292260572314262 46.363690853118896 8.3748070299625379 14.853829979896544 8.9139529764652234 11.157193034887316 18.590035960078239 112.31809829175472 13.469373211264612 12.991644397377966
leaf_count=16708 34 83 73 33 37 23 42 37 254 18 24
internal_value=0.000674433 0.0164765 0.00151065 -0.0411115 0.0326097 0.000366418 0.000173669 -0.0628529 0.000457147 0.0365655 0.0567319
internal_weight=6809.11 130.186 105.885 44.6671 61.2175 6678.92 6643.55 29.7472 6613.8 35.375 26.461
internal_count=17366 260 226 116 110 17106 17041 79 16962 65 42
is_linear=0
shrinkage=0.1


Tree=52
num_leaves=10
num_cat=0
split_feature=6 0 0 0 8 6 8 6 7
split_gain=3.35024 4.13871 9.14849 3.91219 3.80253 6.54041 4.40559 8.44522 6.84708
threshold=6.9985801868699342 0.16126252710819247 0.037109375480213209 0.26593780517578131 10.558222831885386 6.4334484951787259 8.0544499692794247 5.6985644908077573 7.9546184064707868
decision_type=2 2 2 2 2 2 2 2 2
left_child=4 2 -2 -3 6 -6 7 -1 -8
right_child=1 3 -4 -5 5 -7 8 -9 -10
leaf_value=0.00021920498857900574 0.040824918600593431 0.077505484404289615 -0.068293932140709182 0.0091906950682387207 -0.1066417030480496 0.0032073276512891596 0.052521675997319897 -0.045480931636428225 0.0066873785108670057
leaf_weight=6328.4830281287432 19.232523441314697 18.977820560336113 12.794842079281805 15.015389382839201 9.008006155490877 13.608446538448332 36.366977214813232 40.696760803461075 314.07157288491726
leaf_count=16417 33 28 33 30 26 27 58 98 616
internal_value=0.000609545 0.0230268 -0.00276775 0.0473297 0.000390033 -0.0405449 0.00052781 -7.28024e-05 0.0114439
internal_weight=6808.26 66.0206 32.0274 33.9932 6742.23 22.6165 6719.62 6369.18 350.439
internal_count=17366 124 66 58 17242 53 17189 16515 674
is_linear=0
shrinkage=0.1


Tree=53
num_leaves=13
num_cat=0
split_feature=3 0 0 0 5 0 3 7 2 2 0 7
split_gain=3.21359 28.6002 16.7822 13.947 14.3568 11.4009 23.1632 13.0687 8.15246 13.9864 12.0107 5.05666
threshold=0.24036928707451385 0.0090580899268388523 0.0039062500036382009 0.015686698490753704 2.4407397718346444 0.035631508654122457 0.33361369933894586 1.3943113610148432 0.11001003829538707 0.11906222832564942 0.0078707933425903025 4.2222290039062509
decision_type=2 2 2 2 2 2 2 2 2 2 2 2
left_child=1 8 -2 4 -3 7 -7 -4 10 -10 -1 -5
right_child=2 3 5 11 -6 6 -8 -9 9 -11 -12 -13
leaf_value=9.9542869016361411e-05 0.10812921478603171 -0.038246952150052721 0.061780380456949162 -0.014274649421625027 -0.11785556495505861 -0.06897057089940635 0.00048713588119731746 0.0095972630338611534 0.085682965572633385 0.0026401671418817179 -0.048706468839279787 0.078937172236425893
leaf_weight=2873.5506935790181 14.997949302196501 68.023217782378197 51.621399909257889 17.170165508985523 33.965011939406395 48.831991508603096 2862.4493881985545 682.65060310065746 29.879207849502563 63.140578404068947 51.322848096489906 8.8042666316032392
leaf_count=8291 19 208 113 46 111 149 6564 1513 44 145 150 13
internal_value=0.000550552 -0.00179335 0.00256489 -0.0480981 -0.0647589 0.0021306 -0.000677904 0.0132659 0.000170028 0.0293146 -0.000756858 0.0173203
internal_weight=6806.41 3145.86 3660.55 127.963 101.988 3645.55 2911.28 734.272 3017.89 93.0198 2924.87 25.9744
internal_count=17366 9008 8358 378 319 8339 6713 1626 8630 189 8441 59
is_linear=0
shrinkage=0.1


Tree=54
num_leaves=13
num_cat=0
split_feature=7 5 9 9 4 2 5 5 1 7 9 1
split_gain=3.20949 26.199 13.868 18.5981 14.947 13.279 11.5003 22.0332 10.6214 10.5917 9.64621 0.252327
threshold=2.5002758173941406 2.3336152920951538 2.0332388275792681 2.0851810669970221 1.4062504326053946 0.18111232135124281 1.5314179859954213 1.9045782462046845 0.37241383974217962 2.7500419616699223 1.909091922160888 0.0088230680634977018
decision_type=2 2 2 2 2 2 2 2 2 2 2 2
left_child=1 6 4 -4 -2 11 8 -8 -1 -5 -6 -3
right_child=2 5 3 9 10 -7 7 -9 -10 -11 -12 -13
leaf_value=0.0036182961995594974 0.073027275270075132 -0.14607165135893257 0.11241951171822342 0.020509034138088505 -0.042244910939132331 -0.0099817111348155085 -0.028879487598440719 0.01041418611012513 -0.11004361225152962 0.00088257132320344954 -0.15133893490835226 -0.17162405103048001
leaf_weight=1558.1582189649343 7.4962293058633795 6.8586832880973843 15.346195608377455 293.91440320014954 21.874584436416626 9.3549086153507215 359.89168947935104 236.46562786400318 8.2651459127664548 4265.1871383115649 12.875821232795714 8.8526162952184659
leaf_count=4666 18 32 34 773 80 24 1213 681 32 9718 58 37
internal_value=0.000496003 -0.00265882 0.00199107 0.00251778 -0.0550404 -0.104306 -0.00148075 -0.0132989 0.00301857 0.00214784 -0.0826667 -0.160469
internal_weight=6804.54 2187.85 4616.69 4574.45 42.2466 25.0662 2162.78 596.357 1566.42 4559.1 34.7504 15.7113
internal_count=17366 6685 10681 10525 156 93 6592 1894 4698 10491 138 69
is_linear=0
shrinkage=0.1


Tree=55
num_leaves=16
num_cat=0
split_feature=8 9 7 4 2 5 1 5 7 5 8 6 4 4 6
split_gain=3.26899 19.725 23.1998 15.8051 14.6958 11.667 10.1601 6.91505 25.4074 20.2879 20.347 15.7384 15.551 13.0766 4.44844
threshold=1.4308931683786092 1.5450011649656543 1.1467642585994329 1.0939804350491615 0.18111232135124281 0.91269287891712925 0.35316969933259762 1.4226219331956436 1.6567923011134555 1.386379896714155 2.0813547943826545 2.2133536553956188 1.3750800665932277 1.2462158203125002 0.96257405147090669
decision_type=2 2 2 2 2 2 2 2 2 2 2 2 2 2 2
left_child=1 3 14 6 -5 -4 -1 9 11 10 -2 -9 -11 -10 -3
right_child=7 2 5 4 -6 -7 -8 8 13 12 -12 -13 -14 -15 -16
leaf_value=0.0041643788500104481 0.014666212530078677 -0.037130697625314402 0.046503638886459545 -0.084325134987511652 0.0527397428260791 -0.062758461091725989 0.12030282858819852 -0.072719407553823293 -0.040435045130779702 0.08126077147299926 -0.016885996276637134 0.057832889253108824 -0.021019136896615265 0.0011174348092323784 -0.14436007905772208
leaf_weight=417.28646689653397 632.63292701542377 4.6278379559516933 19.666196897625923 36.664525419473648 9.9440004378557187 19.426493212580681 7.6710903644561759 70.990828529000282 76.87996980547905 61.611437737941742 301.92045892775059 10.614711940288542 19.592736110091209 5089.5611339882016 23.589168831706047
leaf_count=1261 1847 17 52 150 23 74 9 268 226 124 880 26 61 12232 116
internal_value=0.00044342 -0.00703038 -0.0576707 0.000197842 -0.0550821 -0.00779243 0.00626084 0.00108639 -0.000375363 0.00863875 0.00447283 -0.055738 0.0565829 0.000499107 -0.126774
internal_weight=6802.68 538.876 67.3097 471.566 46.6085 39.0927 424.958 6263.8 5248.05 1015.76 934.553 81.6055 81.2042 5166.44 28.217
internal_count=17366 1702 259 1443 173 126 1270 15664 12752 2912 2727 294 185 12458 133
is_linear=0
shrinkage=0.1


Tree=56
num_leaves=13
num_cat=0
split_feature=2 1 2 6 0 0 7 2 2 4 6 4
split_gain=3.13132 11.2696 9.01049 8.9579 8.03001 12.0503 9.10834 5.61501 6.75629 5.4152 4.74316 12.9683
threshold=0.3667226864658375 0.37037060635578783 0.36094732146834668 2.3728450098067095 0.28153326471707635 0.16126252710819247 7.8731167704285108 0.35559064794739642 0.33925834763886076 2.0767932310700421 4.7974805567571961 3.0188404836663385
decision_type=2 2 2 2 2 2 2 2 2 2 2 2
left_child=2 4 7 -3 5 -2 -6 8 -1 -5 11 -4
right_child=1 3 10 9 6 -7 -8 -9 -10 -11 -12 -13
leaf_value=0.00032150587107772442 -0.016264524927911889 -0.087669780359175942 -0.024595390022907629 0.12362533117085704 -0.090858998369614058 0.028268425746257032 0.025001909988026157 0.049621699926787124 -0.031202360628065019 0.040169541309938744 0.0035351868012050932 -0.18454532442398319
leaf_weight=6316.31918502599 124.17673088610172 5.0851860344409934 15.353424698114397 8.7142624109983426 19.070150420069698 118.98318456113338 10.532885506749151 22.869055420160294 68.727292448282242 72.136605590581894 10.58380253612995 7.5671999007463446
leaf_count=16347 286 17 41 9 54 218 19 39 161 126 21 28
internal_value=0.000395288 0.00948879 -0.000111096 0.0410675 -0.000460329 0.00552637 -0.0496352 0.000159347 -1.78104e-05 0.0491646 -0.0518349 -0.0774026
internal_weight=6800.12 358.699 6441.42 85.9361 272.763 243.16 29.603 6407.92 6385.05 80.8509 33.5044 22.9206
internal_count=17366 729 16637 152 577 504 73 16547 16508 135 90 69
is_linear=0
shrinkage=0.1


Tree=57
num_leaves=12
num_cat=0
split_feature=4 0 0 2 7 7 0 9 8 4 8
split_gain=2.94925 3.73339 4.28718 4.00347 3.98167 3.27712 7.14117 7.54869 5.14099 10.7852 5.81781
threshold=7.8029948569790291 0.085578240454196916 0.20968045598424115 0.31017642855205813 11.125693321228029 10.254869660155238 0.31946608269390714 8.9773721970944589 9.2006395539204266 5.2695913165996009 9.0005145930463879
decision_type=2 2 2 2 2 2 2 2 2 2 2
left_child=5 4 -3 -4 -2 8 7 -7 10 -10 -1
right_child=1 2 3 -5 -6 6 -8 -9 9 -11 -12
leaf_value=0.00025144551036359366 0.036220718301740285 0.072634328098626286 -0.038591598799091825 0.050919187020844338 -0.053935189444488066 -0.11910551010426521 0.054337624153002098 -0.01981816646698293 -0.065084590007103205 0.043725592368114352 -0.053435585009707687
leaf_weight=6585.6614262014627 8.9538717716932315 20.083364203572273 9.762160927057268 10.235981866717337 10.816188633441923 9.3386100679635984 10.068096980452536 42.53572028875351 10.741130068898199 59.963777124881744 20.246690660715103
leaf_count=16939 16 29 23 17 27 28 16 93 28 100 50
internal_value=0.000357861 0.0224581 0.0399988 0.00722419 -0.0131035 0.000161567 -0.0227337 -0.0376922 0.000373979 0.0271957 8.68982e-05
internal_weight=6798.41 59.8516 40.0815 19.9981 19.7701 6738.56 61.9424 51.8743 6676.61 70.7049 6605.91
internal_count=17366 112 69 40 43 17254 137 121 17117 128 16989
is_linear=0
shrinkage=0.1


Tree=58
num_leaves=16
num_cat=0
split_feature=4 4 2 3 9 4 9 8 4 8 5 0 0 5 5
split_gain=2.90489 10.0692 12.6054 20.9241 15.6571 10.9516 43.8002 13.3567 7.62597 16.9863 11.4064 6.66353 20.2607 12.1886 1.30234
threshold=0.97159821699460747 0.75098784413421538 0.11124692955231406 0.35360724203793348 2.1126808258006133 0.74790532002225529 1.7273092011329718 2.4516112620982224 1.0939804350491615 1.3096088374752448 1.0626752032758569 0.37543488798431929 0.25806999206542974 1.0002143393210459 1.1539865492430335
decision_type=2 2 2 2 2 2 2 2 2 2 2 2 2 2 2
left_child=1 5 4 -4 -3 7 -7 -1 11 14 -11 12 -2 -13 -10
right_child=8 2 3 -5 -6 6 -8 -9 9 10 -12 13 -14 -15 -16
leaf_value=-0.0079377193114959534 0.012074269676517839 -0.016406222436159423 0.068056183196527592 -0.031542654603764875 -0.082578606919731734 0.096715984757742346 -0.15497813493454715 0.053961083716663243 -0.079921613024689142 -0.072749956190908793 0.00056826770825048974 0.016588991034477123 0.13796934416697901 -0.17091865812940243 -0.14565220811713397
leaf_weight=369.55120289325714 414.71845076978207 106.31469868123531 35.270163178443909 52.475747734308243 53.877116784453392 36.966076448559761 8.5046938806772214 38.49146842956543 5.290886238217352 21.299476623535156 5619.9750297889113 9.4810068607330305 13.189683794975279 5.4649444371461859 7.005511537194252
leaf_count=1163 1159 379 72 153 199 88 39 82 20 80 13834 25 16 23 34
internal_value=0.000324208 -0.00577 -0.021974 0.00849189 -0.0386619 0.00308881 0.04964 -0.00209868 0.0010254 3.55333e-05 0.000291444 0.0136623 0.0159548 -0.0519726 -0.11737
internal_weight=6797.88 701.451 247.938 87.7459 160.192 453.513 45.4708 408.043 6096.42 5653.57 5641.27 442.854 427.908 14.946 12.2964
internal_count=17366 2175 803 225 578 1372 127 1245 15191 13968 13914 1223 1175 48 54
is_linear=0
shrinkage=0.1


Tree=59
num_leaves=13
num_cat=0
split_feature=8 9 8 6 1 6 9 7 7 8 9 3
split_gain=2.97521 35.1199 14.9776 14.8256 11.6242 6.78326 17.0857 13.9324 7.30323 30.6362 22.8679 0.26494
threshold=1.3618823540673077 1.5450011649656543 1.3337664738221944 0.86069726722175399 0.35316969933259762 0.86069726722175399 2.5206611570247937 1.332646491006017 1.2071859836578371 1.4446688990433627 1.8134790631030684 0.10643616478462646
decision_type=2 2 2 2 2 2 2 2 2 2 2 2
left_child=1 2 4 -3 -1 6 7 -2 10 -10 -7 -5
right_child=5 3 -4 11 -6 8 -8 -9 9 -11 -12 -13
leaf_value=-0.00014742515893658895 0.10911077238236389 0.03927011105340527 -0.15006826653585659 -0.12893315633848876 0.11691364167082396 0.12406766060531205 -0.13502143972483702 0.017118675046358101 -0.084373502141208673 0.0006809104079691595 -0.025933679911990078 -0.14931131964487229
leaf_weight=428.59389744699001 19.257892683148384 5.5540177971124676 6.559408411383628 11.09417310357094 8.6540685594081861 18.678748100996017 6.5465102493762961 113.46546968817711 42.644978374242783 6097.4093847721815 22.293375238776207 15.014203906059263
leaf_count=1316 40 15 30 65 10 40 36 336 167 15165 77 69
internal_value=0.000288828 -0.00733981 -8.05888e-05 -0.109091 0.00216946 0.000862723 0.0226876 0.0304665 0.000370968 9.01756e-05 0.0424503 -0.140652
internal_weight=6795.77 475.47 443.807 31.6624 437.248 6320.3 139.27 132.723 6181.03 6140.05 40.9721 26.1084
internal_count=17366 1505 1356 149 1326 15861 412 376 15449 15332 117 134
is_linear=0
shrinkage=0.1


Tree=60
num_leaves=13
num_cat=0
split_feature=2 2 7 8 7 1 0 7 3 7 9 5
split_gain=2.77278 13.224 9.63278 16.2498 16.19 8.03813 14.853 11.4686 10.054 6.07632 20.0187 9.44538
threshold=0.016368099889512853 0.012099861046493052 2.7080154418945317 2.0813547943826545 5.1563565731048593 0.00083896001056675009 3.0517578153532739e-05 3.8251433285987848 0.069271874900706715 7.3437086439800803 6.9679790010872642 4.5572148801152874
decision_type=2 2 2 2 2 2 2 2 2 2 2 2
left_child=1 9 3 -3 -4 -2 7 -7 -8 11 -11 -1
right_child=5 2 4 -5 -6 6 8 -9 -10 10 -12 -13
leaf_value=-0.001740118677018104 0.088206264335240425 -0.096431408220267897 -0.14938758012341544 0.048132652999075945 0.034781558315961462 -0.15771528681576324 0.030570652426942371 0.0066099543646967619 0.00094503007225062424 -0.15862703144048584 -0.0040205682894207144 0.043932668114658596
leaf_weight=1754.5416260883212 10.673180505633352 13.769034117460253 17.391840189695362 17.862629190087318 6.5788129717111579 10.3767147064209 117.3900153785944 7.1900767832994452 4738.9839816242456 10.494672104716299 41.462833613157272 46.479265406727791
leaf_count=5393 20 66 83 56 13 47 296 16 11168 40 86 82
internal_value=0.000256092 -0.00297598 -0.0510284 -0.014795 -0.0988418 0.00151897 0.00132914 -0.0904571 0.00166115 -0.00153407 -0.0352489 -0.000561433
internal_weight=6793.19 1908.58 55.6023 31.6317 23.9707 4884.61 4873.94 17.5668 4856.37 1852.98 51.9575 1801.02
internal_count=17366 5819 218 122 96 11547 11527 63 11464 5601 126 5475
is_linear=0
shrinkage=0.1


Tree=61
num_leaves=13
num_cat=0
split_feature=2 1 2 4 7 2 6 4 0 6 2 2
split_gain=2.4691 9.50629 7.3334 14.2709 10.1804 7.1726 7.1147 4.65576 4.56932 9.42546 4.44106 6.21713
threshold=0.3667226864658375 0.37037060635578783 0.39371906433526077 6.3120725154876718 4.1893310546875009 0.36094732146834668 2.3728450098067095 2.0767932310700421 0.25976562506002671 4.9812171299774599 0.35559064794739642 0.35016923454111276
decision_type=2 2 2 2 2 2 2 2 2 2 2 2
left_child=5 2 4 -4 -2 10 -3 -8 9 -7 11 -1
right_child=1 6 3 -5 -6 8 7 -9 -10 -11 -12 -13
leaf_value=1.650225602328217e-05 -0.067019083498026141 -0.077431715523987338 -0.0026726568823011326 -0.096096377095561625 0.037639677392851761 -0.11550248263068073 0.11553372934103485 0.036736071545409775 0.0050288875717726502 0.026643850119100573 0.044361104326828993 -0.064739123124464976
leaf_weight=6363.6957622021437 10.673781692981718 5.0399928390979758 171.0185884386301 18.079275518655777 71.913006812334061 15.513044908642771 8.3908838778734189 70.490664295852184 11.448507264256476 6.6706522852182379 22.510480120778084 14.860987007617949
leaf_count=16469 30 17 372 52 123 55 9 126 23 12 39 39
internal_value=0.000228379 0.00833994 -0.000747159 -0.0116047 0.0241132 -0.000219897 0.0377582 0.045118 -0.0462798 -0.072759 2.21085e-05 -0.000134368
internal_weight=6790.31 355.606 271.685 189.098 82.5868 6434.7 83.9215 78.8815 33.6322 22.1837 6401.07 6378.56
internal_count=17366 729 577 424 153 16637 152 135 90 67 16547 16508
is_linear=0
shrinkage=0.1


Tree=62
num_leaves=11
num_cat=0
split_feature=6 2 0 2 8 4 8 6 7 8
split_gain=2.56152 3.95642 9.75913 4.33255 3.06121 5.76676 3.26654 7.08267 5.91617 1.1519
threshold=6.9985801868699342 0.25583296360202895 0.16552707552909854 0.22030518928428164 10.558222831885386 6.4798428273236093 8.0544499692794247 5.6985644908077573 7.9546184064707868 9.0005145930463879
decision_type=2 2 2 2 2 2 2 2 2 2
left_child=4 3 -3 9 6 -6 7 -1 -8 -2
right_child=1 2 -4 -5 5 -7 8 -9 -10 -11
leaf_value=-0.00010447895289866817 0.045116705746419232 -0.092246098234679982 0.033392430876802763 0.092568954347464316 0.026326556013675784 -0.076504352867084832 0.048386795007214212 -0.041758008281194942 0.005195248301770791 0.001277556826076544
leaf_weight=6312.9262168556452 9.8426580429077148 9.2597669064998644 18.60382667183876 11.472301438450812 8.9326507300138491 14.002519503235815 35.30934864282608 41.087582096457481 311.40149626135826 15.326684132218361
leaf_count=16417 17 26 35 15 16 37 58 98 616 31
internal_value=0.000207361 0.0200399 -0.00836039 0.0416365 1.70923e-05 -0.0364544 0.000141927 -0.000373827 0.00959391 0.0184212
internal_weight=6788.17 64.5052 27.8636 36.6416 6723.66 22.9352 6700.72 6354.01 346.711 25.1693
internal_count=17366 124 61 63 17242 53 17189 16515 674 48
is_linear=0
shrinkage=0.1


Tree=63
num_leaves=12
num_cat=0
split_feature=4 3 3 2 5 7 0 6 6 4 6
split_gain=2.48529 3.71725 3.2027 5.32951 2.74602 25.1244 19.7626 17.6577 11.7564 30.2617 24.6316
threshold=7.8029948569790291 0.54771639442843922 0.37246052580420641 0.25583296360202895 1.5314179859954213 1.7849720929516482 1.2401557093700591e-05 1.5393129754985775 1.3212822169530665 1.6946672499179842 1.2528988049474445
decision_type=2 2 2 2 2 2 2 2 2 2 2
left_child=4 2 -2 -4 8 6 -6 -7 10 -10 -1
right_child=1 -3 3 -5 5 7 -8 -9 9 -11 -12
leaf_value=0.0012591111401834584 -0.005555911707104298 -0.031657321362617362 0.094137904553127622 0.0133270237699192 -0.010127373088713251 -0.039890228350842161 -0.10949627912122793 0.00063033544601947828 0.011172480108125953 0.1830836910766811 -0.055998429193303882
leaf_weight=1016.2703149244189 15.037539273500441 11.051745571196077 14.992953732609747 17.909994706511497 42.751114249229431 110.02326509356499 37.632685005664825 4770.9414841085672 658.40432979166508 10.401401773095129 81.130424559116364
leaf_count=3127 32 26 19 35 151 391 153 11327 1790 17 298
internal_value=0.000188355 0.0206243 0.0326769 0.0501503 9.15669e-06 -0.00119628 -0.0566482 -0.000283051 0.00339528 0.0138461 -0.00297392
internal_weight=6786.55 58.9922 47.9405 32.9029 6727.56 4961.35 80.3838 4880.96 1766.21 668.806 1097.4
internal_count=17366 112 86 54 17254 12022 304 11718 5232 1807 3425
is_linear=0
shrinkage=0.1


Tree=64
num_leaves=12
num_cat=0
split_feature=7 9 9 9 7 9 6 4 1 4 9
split_gain=2.44879 14.9009 15.242 14.8141 7.33316 17.8332 19.8899 6.97809 27.2052 10.4129 4.23275
threshold=1.2728501203068538 2.2072609093275877 2.0977507346462683 1.5450011649656543 1.3127253664674883 1.8390150397733145 1.2528988049474445 0.56368875574821697 0.057102326503972005 0.81254671514034282 1.909091922160888
decision_type=2 2 2 2 2 2 2 2 2 2 2
left_child=1 2 3 -1 5 6 -2 8 -6 -9 -7
right_child=4 -3 -4 -5 7 10 -8 9 -10 -11 -12
leaf_value=0.0013236492685313661 0.033277679187979602 -0.15706336919521829 0.1133660780791564 -0.042775095847814019 0.044039824653134482 0.17264272955415899 -0.15638750279743618 -0.027190167136351213 -0.086142131267776423 0.00054800103543991934 0.07747220737224951
leaf_weight=397.19148673117161 24.616321638226513 6.4897821992635718 10.726191952824591 94.253208674490452 104.11081096529961 7.0629868954420116 7.1308144181966773 138.48070832341909 18.979190722107887 5960.7317251190543 13.811918929219244
leaf_count=1202 70 30 23 356 280 11 32 437 68 14827 30
internal_value=0.00016738 -0.00650585 -0.00456012 -0.00713396 0.000708328 0.0378818 -0.00932356 0.000393952 0.0239671 -8.17854e-05 0.109673
internal_weight=6783.59 508.661 502.171 491.445 6274.92 52.622 31.7471 6222.3 123.09 6099.21 20.8749
internal_count=17366 1611 1581 1558 15755 143 102 15612 348 15264 41
is_linear=0
shrinkage=0.1


Tree=65
num_leaves=10
num_cat=0
split_feature=2 7 1 3 9 2 3 6 2
split_gain=2.43236 4.14216 2.59129 12.0649 13.5901 11.4341 15.6497 9.51161 6.17165
threshold=0.54787822263017283 7.1012220382690439 0.14814849956145928 0.4278931737172515 2.0647284392145688 0.16636261465958427 0.51891423536058634 0.79366623702097383 0.16605476118935333
decision_type=2 2 2 2 2 2 2 2 2
left_child=2 -2 5 4 -4 8 -7 -5 -1
right_child=1 -3 3 7 -6 6 -8 -9 -10
leaf_value=-0.00014354358637342957 -0.0076643999944528626 0.073343482025324189 0.046553890644024626 -0.078645548427010548 -0.03129935898233429 0.019545608061540064 -0.076466602050372118 0.00047084466402411466 -0.084980514285009356
leaf_weight=4054.8465854153037 13.190712273120882 12.104234032332895 24.914635390043259 15.315023943781851 224.09432601928711 461.36370447278023 17.625288739800453 1950.5879760682583 8.5931158959865552
leaf_count=11185 29 19 63 64 578 949 49 4404 26
internal_value=0.000148039 0.0310998 3.21759e-05 -0.0027722 -0.0235097 0.0013996 0.0160127 -0.000145498 -0.000322952
internal_weight=6782.64 25.2949 6757.34 2214.91 249.009 4542.43 478.989 1965.9 4063.44
internal_count=17366 48 17318 5109 641 12209 998 4468 11211
is_linear=0
shrinkage=0.1


Tree=66
num_leaves=14
num_cat=0
split_feature=8 9 6 1 4 7 9 9 8 6 5 0 3
split_gain=2.25626 28.7111 13.1559 10.1648 12.2814 5.91596 17.7631 11.0363 5.95895 19.5601 6.09513 3.30287 0.162216
threshold=1.3618823540673077 1.5450011649656543 0.86069726722175399 0.35316969933259762 1.0272216796875002 1.2071859836578371 1.8134790631030684 2.0977507346462683 1.4308931683786092 0.7536925400419876 1.5314179859954213 0.023437500000913051 0.15463105867647406
decision_type=2 2 2 2 2 2 2 2 2 2 2 2 2
left_child=1 3 -3 4 -1 6 11 -8 9 -7 -10 -2 -4
right_child=5 2 12 -5 -6 8 7 -9 10 -11 -12 -13 -14
leaf_value=0.0033291342890136031 0.070836708628918915 0.036695030775303283 -0.12555110542842637 0.1092009262025999 -0.052759207998325702 0.11795437785565502 -0.095265010766388325 0.04632996286439988 0.0069718621919170019 -0.074294288127941838 -0.00092067623589078525 0.15385282969977521 -0.14201727881621126
leaf_weight=391.38562634587288 10.653912276029589 5.5522583574056652 11.479550816118719 8.3379469215869886 43.364768669009209 6.4379286319017401 10.802073314785959 11.224588260054587 1215.6455720737576 29.739980772137642 5015.2752414941788 8.711158335208891 12.494782865047453
leaf_count=1174 30 15 73 10 172 14 47 31 3477 117 12134 11 61
internal_value=0.000133788 -0.00653049 -0.10201 -0.000167921 -0.00226547 0.000633058 0.0383144 -0.0231095 0.000384187 -0.0400833 0.000619149 0.108181 -0.134133
internal_weight=6781.11 472.615 29.5266 443.088 434.75 6308.49 41.3917 22.0267 6267.1 36.1779 6230.92 19.3651 23.9743
internal_count=17366 1505 149 1356 1346 15861 119 78 15742 131 15611 41 134
is_linear=0
shrinkage=0.1


Tree=67
num_leaves=15
num_cat=0
split_feature=4 2 3 3 8 5 7 9 8 7 7 9 9 8
split_gain=2.34868 8.47126 10.9848 15.5456 14.0882 6.89572 18.8394 13.3978 11.2014 18.819 16.9683 11.0464 5.77417 8.22334
threshold=0.97159821699460747 0.35016923454111276 0.41766837130901541 0.41549479774758397 2.5725405075245003 1.4226219331956436 1.6567923011134555 2.7803738536738738 1.4446688990433627 1.5652220338789109 1.0160215087968256 1.8516673448934331 2.4566124385380541 1.5026921368894597
decision_type=2 2 2 2 2 2 2 2 2 2 2 2 2 2
left_child=1 2 3 -1 -4 8 7 -7 10 -10 -2 -8 13 -3
right_child=5 12 4 -5 -6 6 11 -9 9 -11 -12 -13 -14 -15
leaf_value=-0.0052481150038321597 0.016038046320451693 0.071127455776640119 -0.068440514070372008 0.12376150806745073 0.046283275160266417 -0.065047072174384241 -0.036056919277405022 0.056574148977976781 0.047886883900555226 0.0065308387159002659 -0.035130377621608221 0.00072166813945847164 0.12006879793445389 -0.076303144050971064
leaf_weight=595.20171451568604 136.42092041671276 10.441409349441534 54.144649922847748 9.489258721470831 13.341642275452612 68.748078405857086 83.002278700470924 10.432092949748037 145.44393193721771 451.91745458543301 123.46035444736481 5064.0093355178833 8.3064078688621503 5.933109685778617
leaf_count=1888 361 22 193 15 26 268 302 25 364 1269 465 12137 10 21
internal_value=0.000117524 -0.00538155 -0.00749427 -0.0032236 -0.0457603 0.000747444 -0.000616117 -0.0490233 0.00906041 0.0166001 -0.00827025 0.000128565 0.0521575 0.0177078
internal_weight=6780.29 696.858 672.177 604.691 67.4863 6083.43 5226.19 79.1802 857.243 597.361 259.881 5147.01 24.6809 16.3745
internal_count=17366 2175 2122 1903 219 15191 12732 293 2459 1633 826 12439 53 43
is_linear=0
shrinkage=0.1


Tree=68
num_leaves=15
num_cat=0
split_feature=2 3 3 4 0 4 3 4 7 2 8 0 9 5
split_gain=2.2665 7.886 9.10797 8.484 7.95104 22.3757 16.2544 5.70927 9.72862 7.00119 19.4317 6.36247 5.76283 0.00202435
threshold=0.019013429511574705 0.03215903332069401 0.036994784029004357 1.7501334995031359 3.8146972691915923e-06 3.0000434815883641 0.004092032953679001 0.40267300046980387 1.0000343322753908 0.099531894186366709 1.1957790645789024 0.003921509021907351 1.617783511480213 2.0279079035947007
decision_type=2 2 2 2 2 2 2 2 2 2 2 2 2 2
left_child=1 4 13 -4 6 -6 -1 9 -9 11 -11 -2 -10 -3
right_child=7 2 3 -5 5 -7 -8 8 12 10 -12 -13 -14 -15
leaf_value=-0.0002060160926389506 0.013434481540650326 -0.13596121817171006 -0.062929082098646019 0.0058855395790509309 0.047529630550344676 -0.1238484393345005 -0.03760643382203694 -0.10391206100861557 0.018662249472643243 0.11565392610597598 -0.080046531490133632 0.12212090703335741 0.00043920706284563413 -0.13922880597635051
leaf_weight=1645.0528822764754 9.2502342015504855 3.7769965529441825 30.516289263963699 43.38980995118618 71.743840932846069 8.5235538035631162 125.03557522594929 8.8341969549655897 180.32251550257206 8.3281057327985781 12.983936607837675 12.893688857555388 4612.298833809793 3.8070134073495865
leaf_count=4953 25 20 138 137 183 30 424 35 499 12 49 19 10822 20
internal_value=0.000103359 -0.00279281 -0.0332379 -0.0225284 -0.001452 0.0293311 -0.00284791 0.00125817 0.000931592 0.0373417 -0.00357267 0.0767191 0.00112485 -0.137601
internal_weight=6776.76 1931.85 81.4901 73.9061 1850.36 80.2674 1770.09 4844.91 4801.46 43.456 21.312 22.1439 4792.62 7.58401
internal_count=17366 5905 315 275 5590 213 5377 11461 11356 105 61 44 11321 40
is_linear=0
shrinkage=0.1


Tree=69
num_leaves=7
num_cat=0
split_feature=9 7 4 4 7 2
split_gain=2.22791 7.42614 4.40373 5.15304 4.58497 0.921197
threshold=10.710864998323528 11.798008338788959 8.4817453622818011 7.8029948569790291 11.125693321228029 0.29135907342116535
decision_type=2 2 2 2 2 2
left_child=2 -2 3 4 -1 -5
right_child=1 -3 -4 5 -6 -7
leaf_value=1.0917116195128305e-05 0.065102547247124512 -0.030871948250142472 -0.061250370621586253 0.025777465802048777 -0.059099250398973041 0.062801123911625026
leaf_weight=6689.6444620862603 19.722643479704857 13.636410057544706 11.731769651174544 13.84650592505932 13.148147597908972 13.058113515377043
leaf_count=17195 30 32 30 26 33 20
internal_value=9.11341e-05 0.0258704 -3.6431e-05 7.02822e-05 -0.000105033 0.0437468
internal_weight=6774.79 33.3591 6741.43 6729.7 6702.79 26.9046
internal_count=17366 62 17304 17274 17228 46
is_linear=0
shrinkage=0.1


Tree=70
num_leaves=10
num_cat=0
split_feature=4 6 7 6 6 5 4 8 9
split_gain=2.19968 11.2324 10.2743 4.78269 6.2114 5.81094 2.9519 2.80377 2.57388
threshold=1.0000000180025095e-35 0.3376756431192604 1.4972653426229956 0.51179658018121832 0.72093427080749029 0.66841435371390989 0.26002453001819964 1.6666145024147139 1.3641542268519824
decision_type=2 2 2 2 2 2 2 2 2
left_child=7 2 6 5 -5 -3 -2 -1 -4
right_child=1 3 8 4 -6 -7 -8 -9 -10
leaf_value=0.02879951481073827 -0.042913332830639278 0.0092487755378722735 0.040759903320728021 -0.031940639649451812 0.00033409881276622445 0.11006027031761 -0.12763107873342391 -0.029614593158530267 -0.04487361907912793
leaf_weight=49.919626265764236 5.7726011127233532 16.870209112763408 8.8557521849870664 60.17401784658432 6594.2108870446682 8.649219334125517 14.305679418146608 9.8358963131904584 5.8145226687192908
leaf_count=123 23 48 25 211 16772 18 86 36 24
internal_value=8.2949e-05 -8.70401e-05 -0.0567946 0.00020795 4.2246e-05 0.0434165 -0.103274 0.0191844 0.00681929
internal_weight=6774.41 6714.65 34.7486 6679.9 6654.38 25.5194 20.0783 59.7555 14.6703
internal_count=17366 17207 158 17049 16983 66 109 159 49
is_linear=0
shrinkage=0.1


Tree=71
num_leaves=15
num_cat=0
split_feature=7 8 9 1 6 6 6 7 3 8 3 4 4 5
split_gain=2.08555 14.5503 17.6932 13.2429 10.2695 7.78948 9.5121 6.06432 20.4446 24.371 12.9603 10.6404 20.7568 14.0556
threshold=3.7011129856109624 4.0899441330269983 5.0371682046788635 0.18650173903719783 3.7141270581460311 3.6120565158037148 2.3384679283588317 4.5361895898381137 0.49635954377371289 4.1804015739919897 0.52795156614623251 2.2916872651990166 2.0767932310700421 2.1598241122325592
decision_type=2 2 2 2 2 2 2 2 2 2 2 2 2 2
left_child=1 5 3 -3 -4 6 -1 8 9 -2 -10 12 -9 -13
right_child=7 2 4 -5 -6 -7 -8 11 10 -11 -12 13 -14 -15
leaf_value=0.0012618374139429414 -0.0019257539559850154 -0.21201476204021874 0.014974688794975724 -0.015743137085696284 -0.12306744413468736 0.062164505223049504 -0.01227275272803555 -0.003548158874539957 -0.070594742828207907 0.035663302086541594 -0.0057249717180113289 0.1192954357732282 -0.11226219400351974 0.00010184139993554193
leaf_weight=2846.1911190822721 351.32517485320568 10.086203321814535 25.272296547889709 5.2151968777179709 6.8499299734830847 19.504766091704369 635.13684196770191 59.787427395582199 42.7994694262743 338.83942592144012 109.83899423480034 9.9363449811935407 24.867390096187592 2287.4155522510409
leaf_count=8536 913 41 52 12 23 37 1694 131 120 642 251 12 76 4826
internal_value=7.32027e-05 -0.00159967 -0.0566192 -0.145119 -0.0144622 -0.000854352 -0.00120743 0.00191386 0.0092042 0.0165288 -0.0239143 -0.000665611 -0.035483 0.000617369
internal_weight=6773.07 3548.26 47.4236 15.3014 32.1222 3500.83 3481.33 3224.81 842.803 690.165 152.638 2382.01 84.6548 2297.35
internal_count=17366 10395 128 53 75 10267 10230 6971 1926 1555 371 5045 207 4838
is_linear=0
shrinkage=0.1


Tree=72
num_leaves=16
num_cat=0
split_feature=4 4 0 9 0 4 9 8 5 7 9 6 6 9 6
split_gain=2.03643 7.62758 10.1176 13.0389 12.6387 9.25179 35.0468 10.8891 5.45263 19.3811 18.7687 14.2029 12.3996 23.1121 17.6119
threshold=0.97159821699460747 0.75098784413421538 0.0010376032523744503 2.2694090127294513 0.0019982019439339 0.74790532002225529 1.7273092011329718 2.6374457223000536 1.5314179859954213 1.7849720929516482 2.6363636363636367 1.5393129754985775 1.6608863948169172 2.5206611570247937 1.3212822169530665
decision_type=2 2 2 2 2 2 2 2 2 2 2 2 2 2 2
left_child=1 5 3 -3 -4 7 -7 -1 12 10 -10 -11 14 -14 -2
right_child=8 2 4 -5 -6 6 -8 -9 9 11 -12 -13 13 -15 -16
leaf_value=-0.0062108271501079663 0.00015497189943200642 -0.026544723765354591 0.10210906218439864 -0.11963716101394671 -0.010812621126478933 0.085464099747072239 -0.14640439434684427 0.064361977374519874 -0.080719090089386214 -0.035783408076683419 0.028503717297324177 0.00085535614207226827 -0.090824872869374657 0.0041796515468298986 0.028187959589783249
leaf_weight=380.85051067918539 573.70389557629824 80.46075764298439 10.701428532600401 18.506323888897896 134.30977658927441 37.69661708176136 7.8817163705825797 23.194870665669441 56.23691526055336 108.17538839578629 21.84398640692234 4822.7497113347054 35.374822825193405 92.730972215533257 367.78557694703341
leaf_count=1198 1737 317 22 84 380 88 39 47 242 391 62 11431 139 227 962
internal_value=6.70549e-05 -0.00506648 -0.0193025 -0.0439525 -0.00247931 0.00265836 0.0453678 -0.00215948 0.000652819 -0.000731178 -0.0501628 5.15693e-05 0.0071342 -0.0220547 0.0111058
internal_weight=6772.2 693.602 243.978 98.9671 145.011 449.624 45.5783 404.045 6078.6 5009.01 78.0809 4930.93 1069.6 128.106 941.489
internal_count=17366 2175 803 401 402 1372 127 1245 15191 12126 304 11822 3065 366 2699
is_linear=0
shrinkage=0.1


Tree=73
num_leaves=12
num_cat=0
split_feature=4 6 7 2 2 3 5 8 6 7 7
split_gain=1.90403 8.53722 9.99538 5.23307 21.1964 11.672 3.65719 20.0127 8.89476 3.60409 2.53
threshold=0.49893836677074438 0.3376756431192604 1.8714815601706507 0.26200381719050853 0.12591910466722103 0.016788970473389803 0.99992791367065659 2.0476074653214336 0.96257405147090669 1.5896948937443087 1.4972653426229956
decision_type=2 2 2 2 2 2 2 2 2 2 2
left_child=3 2 10 4 5 -1 7 -3 -8 -6 -2
right_child=1 6 -4 -5 9 -7 8 -9 -10 -11 -12
leaf_value=-0.0039584716148975381 -0.12421548145965965 -0.0021262949394217196 0.060176830619731628 0.078321638133800234 -0.15233064184783707 0.052037856187493292 0.042820241311140171 -0.081364207620076401 0.0002234168001093568 -0.041829120097132237 -0.044311331573394896
leaf_weight=105.42636828124523 11.680303543806081 334.70772825926542 5.2375531494617453 10.579370006918905 8.8632684051990491 57.541207104921341 49.415349125862122 35.229149267077446 6138.6798727586865 4.4253083467483512 5.9971990138292304
leaf_count=330 76 1070 14 19 42 133 136 136 15370 15 25
internal_value=5.58937e-05 -0.000226724 -0.061158 0.0100106 0.00591037 0.0158129 -1.38178e-05 -0.00967213 0.000563576 -0.115532 -0.0971075
internal_weight=6767.78 6580.95 22.9151 186.836 176.256 162.968 6558.03 369.937 6188.1 13.2886 17.6775
internal_count=17366 16827 115 539 520 463 16712 1206 15506 57 101
is_linear=0
shrinkage=0.1


Tree=74
num_leaves=10
num_cat=0
split_feature=4 6 7 4 6 8 6 8 9
split_gain=1.94693 8.62894 8.34207 7.05684 3.79512 5.62525 5.25621 2.33395 2.05121
threshold=1.0000000180025095e-35 0.3376756431192604 1.4972653426229956 0.21969801444024026 0.51179658018121832 1.4661729891533952 0.72093427080749029 1.6666145024147139 1.3641542268519824
decision_type=2 2 2 2 2 2 2 2 2
left_child=7 2 3 -2 5 -3 -6 -1 -4
right_child=1 4 8 -5 6 -7 -8 -9 -10
leaf_value=0.02671883588062586 0.037703382687780007 -0.01125203784236709 0.034884253328128341 -0.1254887513682694 -0.029601606011758763 0.082448338158662038 0.00025819513686297675 -0.026778655532279268 -0.041931416839859396
leaf_weight=50.084331437945366 3.2210046499967602 12.072967335581781 8.9187185615301114 14.941939398646353 59.484265103936195 13.652229279279707 6588.255837418139 9.7410964518785459 5.6966245993971816
leaf_count=123 11 38 25 98 211 28 16772 36 24
internal_value=4.81784e-05 -0.000112039 -0.0512945 -0.0965484 0.000139355 0.0384743 -8.99165e-06 0.0180081 0.0049438
internal_weight=6766.07 6706.24 32.7783 18.1629 6673.47 25.7252 6647.74 59.8254 14.6153
internal_count=17366 17207 158 109 17049 66 16983 159 49
is_linear=0
shrinkage=0.1


Tree=75
num_leaves=8
num_cat=0
split_feature=2 7 2 6 2 9 1
split_gain=1.88436 3.68474 2.36304 4.87969 3.36811 10.6889 3.6271
threshold=0.54787822263017283 7.1012220382690439 0.51702089128859186 3.2304418795034908 0.4482166167915792 6.8940098958478311 0.39674591010079496
decision_type=2 2 2 2 2 2 2
left_child=2 -2 4 -4 6 -6 -1
right_child=1 -3 3 -5 5 -7 -8
leaf_value=-0.00033861908887532324 -0.008481550106946378 0.06899733806198087 0.0091864974088675822 -0.073604291335931521 0.051549665475569897 -0.027667429931796678 0.03231857459520239
leaf_weight=6604.752114251256 13.169324427843096 11.496818624436854 15.556667119264604 13.125923767685888 44.933717980980873 27.431786254048347 34.18562339246273
leaf_count=17041 29 19 37 36 76 63 65
internal_value=4.1987e-05 0.0276311 -5.89803e-05 -0.0287008 6.34283e-05 0.0215206 -0.000170459
internal_weight=6764.65 24.6661 6739.99 28.6826 6711.3 72.3655 6638.94
internal_count=17366 48 17318 73 17245 139 17106
is_linear=0
shrinkage=0.1


Tree=76
num_leaves=14
num_cat=0
split_feature=4 2 2 6 5 7 3 4 7 4 7 7 6
split_gain=1.87355 18.2357 23.2952 18.397 11.8759 9.92336 7.09376 5.54688 13.3312 6.72871 4.83226 4.24285 0.180207
threshold=0.56368875574821697 0.12591910466722103 0.26200381719050853 1.3040940825029601 0.65292309223663914 1.6248842978055567 0.016788970473389803 0.60403550416231166 1.3752784290063553 0.62509343028068554 1.5003051757812502 1.6567923011134555 0.3376756431192604
decision_type=2 2 2 2 2 2 2 2 2 2 2 2 2
left_child=1 3 11 6 5 12 -1 8 -6 -9 -5 -3 -2
right_child=4 2 -4 10 7 -7 -8 9 -10 -11 -12 -13 -14
leaf_value=-0.0028693979242534408 -0.12579616920864298 -0.14913027427083403 0.041722324052698934 0.047671441813011077 0.046366343562717828 0.01884064555801954 0.036861615300599115 0.054234407162927691 -0.15582283411397632 -0.00014779400193776134 0.13777793504786934 -0.039381194220824374 -0.15201864867372003
leaf_weight=156.2251800596714 4.4355650022625941 16.566219821572307 13.711273908615111 10.245397806167604 5.9257195293903333 6.0185101255774489 63.084756255149841 22.832685440778732 7.2517504841089249 6432.34134529531 14.201379582285879 4.4738305509090415 6.4053181558847427
leaf_count=516 29 84 29 25 19 17 158 56 33 16335 20 15 30
internal_value=3.86842e-05 0.00806993 -0.0596997 0.0177315 -0.000306218 -0.0841259 0.00855927 -8.7747e-05 -0.0649013 4.4562e-05 0.100015 -0.125794 -0.14129
internal_weight=6763.72 278.508 34.7513 243.757 6485.21 16.8594 219.31 6468.35 13.1775 6455.17 24.4468 21.0401 10.8409
internal_count=17366 847 128 719 16519 76 674 16443 52 16391 45 99 59
is_linear=0
shrinkage=0.1


Tree=77
num_leaves=12
num_cat=0
split_feature=6 9 6 2 6 9 0 9 7 7 6
split_gain=2.0202 11.9714 11.5537 11.0305 8.56966 12.0047 12.2813 5.88402 2.71912 11.7092 3.03812
threshold=0.86069726722175399 2.5206611570247937 0.79366623702097383 0.15018531699218049 0.92087040075123328 2.2524860385621301 0.26287271082401281 1.287541597092897 1.0160215087968256 1.1467642585994329 0.99924726701666267
decision_type=2 2 2 2 2 2 2 2 2 2 2
left_child=1 2 3 -1 5 6 -2 -4 10 -10 -6
right_child=4 -3 7 -5 8 -7 -8 -9 9 -11 -12
leaf_value=0.0032551494742491527 -0.077809958653723796 -0.13137609835264027 0.010519515327005917 -0.090375153264063632 0.070953025540618817 0.086695737215876673 0.063055040765291268 0.059623262367702837 -0.043468341611477897 0.00011195931793810644 0.0099552522507858759
leaf_weight=199.06266673654318 41.390071958303452 6.0617756992578498 42.669064372777939 13.431362047791479 8.7024541050195676 6.6291845440864554 7.2774792015552512 57.005204871296883 62.272613644599915 6185.4789489656687 132.30988936126232
leaf_count=642 171 36 120 61 19 14 13 130 262 15541 357
internal_value=3.23502e-05 0.0078102 0.010513 -0.00266305 -0.000351747 -0.0395495 -0.0567458 0.0386027 -1.24784e-05 -0.000322414 0.0137197
internal_weight=6762.29 318.23 312.168 212.494 6444.06 55.2967 48.6676 99.6743 6388.76 6247.75 141.012
internal_count=17366 989 953 703 16377 198 184 250 16179 15803 376
is_linear=0
shrinkage=0.1


Tree=78
num_leaves=7
num_cat=0
split_feature=9 7 4 4 7 2
split_gain=1.86998 6.19047 3.46521 4.23384 3.65787 0.796408
threshold=10.710864998323528 11.798008338788959 8.4817453622818011 7.8029948569790291 11.125693321228029 0.29135907342116535
decision_type=2 2 2 2 2 2
left_child=2 -2 3 4 -1 -5
right_child=1 -3 -4 5 -6 -7
leaf_value=-4.5181222674067214e-05 0.060840801160718029 -0.02694943663551887 -0.05361286092625267 0.023371786467828514 -0.05223758675471845 0.058249661231838001
leaf_weight=6675.7655609101057 19.03618623316288 13.8949908465147 12.07417021691799 13.646676957607271 13.455136954784392 12.583955287933348
leaf_count=17195 30 32 30 26 33 20
internal_value=2.71962e-05 0.0237986 -8.91644e-05 7.06955e-06 -0.000150164 0.0401042
internal_weight=6760.46 32.9312 6727.53 6715.45 6689.22 26.2306
internal_count=17366 62 17304 17274 17228 46
is_linear=0
shrinkage=0.1


Tree=79
num_leaves=13
num_cat=0
split_feature=3 0 0 3 2 3 7 9 1 4 0 2
split_gain=1.80833 24.0472 14.0422 11.7985 20.2046 10.3463 9.11587 9.09207 7.25857 15.0765 11.4839 6.08527
threshold=0.24036928707451385 0.0090580899268388523 0.003921509021907351 0.23286945200300954 0.078890702960289757 0.24590477480657494 5.2442017689648779 1.5450011649656543 0.038089568903767156 1.3501824215054514 0.0078707933425903025 0.11001003829538707
decision_type=2 2 2 2 2 2 2 2 2 2 2 2
left_child=1 8 -2 4 -3 6 -4 -7 10 -10 -1 -5
right_child=2 3 5 11 -6 7 -8 -9 9 -11 -12 -13
leaf_value=0.00026051750211595167 0.088205863598044443 -0.040906077697110951 0.010619383068529947 0.022525291810087875 -0.16144570321714252 0.025852149052911468 0.098834669000607042 -0.00053056819644552774 -0.17188637994214814 0.058188732166064662 -0.050336683084065172 -0.078069566184596706
leaf_weight=2910.9213171303272 18.600720435380936 72.083628863096237 28.356715857982635 30.242984190583229 17.22928823530674 135.79291351884604 19.959332138299942 3431.7913343012333 3.0730323046445838 38.918362081050873 45.559922844171524 7.5060020983219138
leaf_count=8411 26 221 68 68 67 357 25 7882 13 69 137 22
internal_value=2.52415e-05 -0.00173846 0.00154195 -0.0443486 -0.0641593 0.00109614 0.0470611 0.000473637 6.71703e-05 0.0413513 -0.000519195 0.00252303
internal_weight=6760.04 3125.53 3634.5 127.062 89.3129 3615.9 48.316 3567.58 2998.47 41.9914 2956.48 37.749
internal_count=17366 9008 8358 378 288 8332 93 8239 8630 82 8548 90
is_linear=0
shrinkage=0.1


Tree=80
num_leaves=14
num_cat=0
split_feature=3 3 9 2 2 2 5 4 2 2 7 4 7
split_gain=1.8206 12.967 13.7908 11.1383 18.7903 31.4668 18.7784 9.00808 22.3122 9.00647 9.57055 7.66663 6.14898
threshold=0.39722791115907724 0.39737671116641388 2.7952046659988832 0.16636261465958427 0.20253423366923318 0.20960084749899519 1.0002143393210459 0.60403550416231166 0.26200381719050853 0.16470294725096588 5.0781860351562509 0.62509343028068554 2.6828796164420687
decision_type=2 2 2 2 2 2 2 2 2 2 2 2 2
left_child=3 2 -2 9 6 -6 -5 8 -3 12 -11 -9 -1
right_child=1 7 -4 4 5 -7 -8 11 -10 10 -12 -13 -14
leaf_value=-0.0042832943252086838 -0.00023915868374167911 -0.14436838721095846 -0.20072293940636585 -0.16350047058488143 -0.16063686623915957 0.0046434498426215706 0.041307042795851859 0.08582805577183529 0.042036050553468339 -0.017691539902235175 -0.17072954386808334 -0.0013521591173672788 0.0036479958183019954
leaf_weight=1808.1471354737878 6.9588980227708799 14.228056058287622 6.7680893093347549 4.5736413449048987 12.474161460995672 150.41304855048656 211.40940192341805 10.130162157118319 11.703325420618055 11.766447246074678 6.2606394141912451 2376.1272857114673 2127.7982043996453
leaf_count=5755 20 77 28 20 44 327 398 18 25 30 22 5441 5161
internal_value=2.28022e-05 -0.00217062 -0.0990877 0.00125088 0.0176301 -0.00801398 0.0369701 -0.0016191 -0.0602405 -0.000318583 -0.0708402 -0.000982061 4.41383e-06
internal_weight=6758.76 2425.92 13.727 4332.84 378.87 162.887 215.983 2412.19 25.9314 3953.97 18.0271 2386.26 3935.95
internal_count=17366 5609 48 11757 789 371 418 5561 102 10968 52 5459 10916
is_linear=0
shrinkage=0.1


Tree=81
num_leaves=14
num_cat=0
split_feature=4 2 2 6 5 7 6 0 4 7 4 7 6
split_gain=1.80339 13.6825 17.6871 15.0639 9.85109 8.90319 6.98913 6.2668 4.15822 11.5553 4.57579 4.08991 0.11543
threshold=0.56368875574821697 0.12591910466722103 0.26200381719050853 1.3040940825029601 0.65292309223663914 1.6248842978055567 1.2137634897389211 0.00020278365023825004 0.60403550416231166 1.3752784290063553 0.62509343028068554 1.6567923011134555 0.3376756431192604
decision_type=2 2 2 2 2 2 2 2 2 2 2 2 2
left_child=1 3 11 6 5 12 -1 -5 9 -6 -10 -3 -2
right_child=4 2 -4 7 8 -7 -8 -9 10 -11 -12 -13 -14
leaf_value=0.011069268133686376 -0.12283179788174836 -0.13974862168336155 0.034635437527504274 0.025281794811065284 0.044466703323550225 0.018175203453909872 -0.088451195885580799 0.12953293803034188 0.044574146911712478 -0.14635264858458027 -0.00016902721969676868 -0.029216856734032237 -0.14460524846269204
leaf_weight=211.72552087903023 4.0980488210916537 14.800576992332937 13.534551456570624 9.2421725541353243 5.9576107859611493 5.9828989952802649 7.2999471500515929 15.331096783280371 22.938237324357033 6.7907464057207108 6426.8769847154617 4.3261554837226859 5.9991016536951065
leaf_count=646 29 84 29 25 19 17 28 20 56 33 16335 15 30
internal_value=2.02211e-05 0.0079328 -0.0528449 0.0160818 -0.000317184 -0.0784905 0.00775233 0.0903234 -0.000122675 -0.0571782 -9.9018e-06 -0.114748 -0.135768
internal_weight=6754.9 276.26 32.6613 243.599 6478.64 16.08 219.025 24.5733 6462.56 12.7484 6449.82 19.1267 10.0972
internal_count=17366 847 128 719 16519 76 674 45 16443 52 16391 99 59
is_linear=0
shrinkage=0.1


Tree=82
num_leaves=15
num_cat=0
split_feature=6 6 9 7 6 9 4 9 9 9 5 9 5 9
split_gain=1.75074 8.55548 12.1085 13.7304 7.141 10.0933 10.7416 4.32842 9.675 6.70309 2.61961 14.1546 12.5029 0.0307067
threshold=0.86069726722175399 0.79366623702097383 2.1788043911046846 1.8714815601706507 0.92087040075123328 2.2524860385621301 0.92784124612808239 1.8900194328365618 1.6332606918062413 2.4870254625670891 0.8960317325912005 1.287541597092897 0.99992791367065659 2.5391219152480891
decision_type=2 2 2 2 2 2 2 2 2 2 2 2 2 2
left_child=1 2 3 -1 5 6 -2 8 -3 -9 11 -6 -12 -4
right_child=4 7 13 -5 10 -7 -8 9 -10 -11 12 -13 -14 -15
leaf_value=-0.012538901104191711 -0.091319204519866318 0.02252618475837417 -0.13763221541510035 0.051622107914054964 0.10609183164064731 0.078566140032280671 0.0064821817771143642 -0.082734128591867503 0.10500252010207248 0.0631245312170748 -0.035443744141085344 0.0025333849432449046 0.00023273869829397309 -0.12452877699002692
leaf_weight=165.84898598119617 28.611502975225449 71.322523862123489 3.874027006328105 41.749433115124702 14.769838169217108 6.6627958267927161 18.48561803996563 7.6634848713874799 17.765869840979576 5.3505119532346725 99.826915010809898 124.06102685630322 6144.0381092652678 3.3218966349959373
leaf_count=572 122 186 21 111 29 14 62 30 30 17 359 396 15395 22
internal_value=1.60004e-05 0.0072723 -0.00405613 0.000364308 -0.000341261 -0.0366348 -0.0529322 0.0311041 0.0389735 -0.0227665 -3.55697e-05 0.0135507 -0.000337657 -0.131583
internal_weight=6753.35 316.897 214.794 207.598 6436.46 53.7599 47.0971 102.102 89.0884 13.014 6382.7 138.831 6243.87 7.19592
internal_count=17366 989 726 683 16377 198 184 263 216 47 16179 425 15754 43
is_linear=0
shrinkage=0.1


Tree=83
num_leaves=15
num_cat=0
split_feature=8 8 6 8 2 7 6 6 4 4 6 5 9 6
split_gain=1.74753 42.0629 17.5958 11.4744 12.5555 9.73091 20.0915 27.8442 19.5098 23.9957 16.5002 15.8512 8.28111 8.07222
threshold=2.0813547943826545 2.1851926946071187 2.2519145107432998 2.2015892286883054 0.20253423366923318 1.8320617675781252 1.8464863386043937 1.9998287197049047 1.2462158203125002 1.2892352170150227 0.94323604314777154 1.1284317335111311 2.3000245020812655 1.9742006714724438
decision_type=2 2 2 2 2 2 2 2 2 2 2 2 2 2
left_child=5 2 13 4 -3 8 10 -8 11 -10 -7 -1 -5 -2
right_child=1 3 -4 12 -6 6 7 -9 9 -11 -12 -13 -14 -15
leaf_value=-0.0018665461424888338 -0.062601972155249291 0.016564796855147949 0.10027071774363061 -0.020690082157836437 0.16347916558049347 0.057218963941450679 0.23900347557275303 0.040986245646987968 -0.10251270740378689 -0.013255377127891939 -0.0045324667624462049 0.029325832401226937 0.00089785789928995517 -0.15339991538245615
leaf_weight=719.72968067601323 91.56141859292984 16.954572185873989 6.2689044922590247 184.2618020772934 8.8552994877099973 54.921629562973976 8.9830748438835126 33.896359533071518 36.110052406787872 181.54790064692497 203.97589103877544 210.58464722335339 4983.1056801974773 10.963748082518576
leaf_count=2279 340 51 12 644 13 137 11 100 153 628 649 585 11714 50
internal_value=1.23392e-05 -0.000828926 -0.0623671 0.000460264 0.0669707 0.00308898 0.0190681 0.0824701 -0.00111158 -0.0280634 0.00856727 0.00519412 0.000128059 -0.0723116
internal_weight=6751.72 5301.97 108.794 5193.18 25.8099 1449.75 301.777 42.8794 1147.97 217.658 258.898 930.314 5167.37 102.525
internal_count=17366 12824 402 12422 64 4542 897 111 3645 781 786 2864 12358 390
is_linear=0
shrinkage=0.1


Tree=84
num_leaves=13
num_cat=0
split_feature=5 5 7 4 0 4 8 8 8 4 6 1
split_gain=1.69705 17.8782 22.3246 16.9207 10.7224 9.31632 8.03438 16.3983 9.32038 8.5164 7.14262 6.40408
threshold=1.5314179859954213 1.6588519250978495 1.7499332427978518 1.2033474296331408 0.50012552080806938 1.3899490012861124 3.8678130350864492 3.4408328203179139 3.3333333333333339 1.0939804350491615 1.5567209206362562 0.20657089210131999
decision_type=2 2 2 2 2 2 2 2 2 2 2 2
left_child=6 2 11 -3 -4 -5 7 8 -1 -9 -8 -2
right_child=1 3 4 5 -6 -7 10 9 -10 -11 -12 -13
leaf_value=0.0020293165012688131 -0.13802152073161839 -0.1386528638956174 -0.022396168483714882 0.04107113761727707 0.11534109019390615 1.9500080627513146e-05 4.7304840637695244e-05 -0.031465905524064516 0.083110187912452851 -0.19180070389865903 0.10435607975646349 -0.00036835904720979468
leaf_weight=1692.6803913898766 22.153808593750004 8.7547359317541105 154.02563768625259 55.932789981365204 5.8671275973319998 4751.0765246674418 11.956532940268518 6.8595251291990262 14.297151222825049 6.4072490185499191 14.557476252317427 3.9881785213947287
leaf_count=5113 114 33 514 123 10 11326 31 19 24 27 18 14
internal_value=6.24722e-06 -0.000930872 -0.0313492 0.000244198 -0.017342 0.000497164 0.00268966 0.00184768 0.00270843 -0.1089 0.0573179 -0.117021
internal_weight=6748.56 5001.8 186.035 4815.76 159.893 4807.01 1746.76 1720.24 1706.98 13.2668 26.514 26.142
internal_count=17366 12134 652 11482 524 11449 5232 5183 5137 46 49 128
is_linear=0
shrinkage=0.1


Tree=85
num_leaves=11
num_cat=0
split_feature=6 0 1 0 5 4 7 5 1 6
split_gain=1.65346 3.66674 5.74788 5.49133 3.07331 8.26787 13.3276 4.55146 7.75517 4.74055
threshold=6.7050385983774277 0.37728882301598793 0.31880676811597347 0.15625000005820769 6.6907254691385711 7.8029948569790291 9.0275740454162605 6.3312784424277533 0.22407439261141587 5.3810422649799419
decision_type=2 2 2 2 2 2 2 2 2 2
left_child=4 2 3 -2 7 6 -6 9 -9 -1
right_child=1 -3 -4 -5 5 -7 -8 8 -10 -11
leaf_value=0.00019581253318616166 -0.00012857289637029098 0.072078531788110994 -0.049248199651497446 0.060672329383039549 0.032552251790295063 0.022577968180717521 -0.13624435688960668 0.059088971283163511 -0.020004618231128046 -0.01620282094945924
leaf_weight=6381.6215401887894 47.886619657278061 9.4989986419677717 15.15262959897518 21.534495815634727 7.5071246027946499 16.830873012542725 12.410548970103262 32.841487482190132 19.913640528917313 181.29213104397058
leaf_count=16610 98 15 38 35 13 31 39 50 44 393
internal_value=3.95779e-06 0.0131688 0.00655229 0.0187319 -0.000182208 -0.0290212 -0.0726236 -2.2014e-05 0.0292333 -0.000257179
internal_weight=6746.49 94.0727 84.5737 69.4211 6652.42 36.7485 19.9177 6615.67 52.7551 6562.91
internal_count=17366 186 171 133 17180 83 52 17097 94 17003
is_linear=0
shrinkage=0.1


Tree=86
num_leaves=14
num_cat=0
split_feature=3 3 8 9 5 0 8 8 5 9 1 7 8
split_gain=1.70547 31.2148 8.731 29.3531 29.1497 12.8591 13.3934 8.09514 6.46999 3.70572 3.12406 2.47595 1.44434
threshold=0.56595553239580842 0.56099467705544959 3.7093125170553702 4.3110657878810725 3.3864956704843356 0.25050176692298021 1.759187382758568 10.558222831885386 2.5987949395799617 10.710864998323528 0.39674591010079496 11.798008338788959 5.070203346698599
decision_type=2 2 2 2 2 2 2 2 2 2 2 2 2
left_child=1 9 5 4 -4 8 -7 -5 -2 10 -1 -11 -3
right_child=2 12 3 7 -6 6 -8 -9 -10 11 -12 -13 -14
leaf_value=-0.00040034915248696916 0.049970559164469651 -0.1323741973146397 -0.21492985389901109 0.010037411103410063 0.051507863498978915 0.065761054527328847 -0.04504788400593937 -0.073803187593756578 0.13788530002512989 0.063167784851524744 0.031602794761824649 0.0021015700373532443 -0.20377547899258353
leaf_weight=6296.1247181147337 30.519106075167656 6.0351615697145444 12.086057275533678 263.10021077096462 6.2191999256610861 17.734624054282904 28.336825892329216 12.043536052107809 11.534958928823469 15.396065041422844 30.650863885879517 11.674023702740669 5.3396618068218231
leaf_count=16400 60 21 49 520 11 47 86 33 13 24 58 24 20
internal_value=5.63978e-06 -0.000383634 0.0064993 -0.00179017 -0.124408 0.0341024 -0.00239338 0.00636756 0.0740846 -8.7337e-05 -0.000245306 0.0368329 -0.165892
internal_weight=6746.8 6365.22 381.575 293.449 18.3053 88.1255 46.0714 275.144 42.0541 6353.85 6326.78 27.0701 11.3748
internal_count=17366 16547 819 613 60 206 133 553 73 16506 16458 48 41
is_linear=0
shrinkage=0.1


Tree=87
num_leaves=16
num_cat=0
split_feature=1 4 7 5 2 5 3 7 3 0 2 2 8 1 0
split_gain=1.56329 11.7273 31.185 22.0317 18.9397 14.3495 14.0607 12.5945 7.91377 14.6061 19.1896 12.0502 15.9157 14.9385 9.10462
threshold=0.14814849956145928 1.7904224101707771 2.7080154418945317 1.8890279844562101 0.25775075178198914 2.0133289092851894 0.41586056471580918 4.1251718836407472 0.27737021905010706 0.0078707933425903025 0.09115736379717726 0.094872490863614808 1.8328464069635639 0.043895851721913855 0.0019982019439339
decision_type=2 2 2 2 2 2 2 2 2 2 2 2 2 2 2
left_child=8 3 4 6 -3 -5 -2 -4 9 14 -11 12 -10 -13 -1
right_child=1 2 7 5 -6 -7 -8 -9 11 10 -12 13 -14 -15 -16
leaf_value=-0.0014723906506587349 -0.071225167178488119 0.069774736352519642 -0.018860359975338109 -0.16080913715247619 -0.029658255357486653 -0.040601553866251305 -0.0036416304812286319 0.0023405432210332334 0.11414518608468627 -0.045844564553539906 4.1310534758411973e-05 -0.11284941863272109 0.016675102407337945 0.0065394559389166749 0.013715488333962238
leaf_weight=2499.3001599013805 33.702990300953388 97.772391304373741 355.54692485928535 15.812705516815184 23.824193030595779 26.695576146245003 355.43712372332811 1322.2539215013385 23.780277013778687 162.74190060049295 207.14762701094151 10.582603693008421 56.687831178307533 1085.4539754986763 468.72352081537247
leaf_count=7450 116 218 917 60 65 69 974 2738 41 501 481 34 133 2479 1090
internal_value=6.40371e-06 -0.00215911 0.00139186 -0.0169619 0.050293 -0.0853177 -0.00949497 -0.00215219 0.00107661 -0.0014091 -0.0201473 0.00812892 0.0454799 0.00538672 0.000926147
internal_weight=6745.46 2231.05 1799.4 431.648 121.597 42.5083 389.14 1677.8 4514.42 3337.91 369.89 1176.5 80.4681 1096.04 2968.02
internal_count=17366 5157 3938 1219 283 129 1090 3655 12209 9522 982 2687 174 2513 8540
is_linear=0
shrinkage=0.1


Tree=88
num_leaves=16
num_cat=0
split_feature=2 2 5 8 6 2 4 2 4 9 8 4 4 7 8
split_gain=1.70547 20.1782 46.5572 16.9999 10.9044 9.5827 24.7138 7.15177 5.56038 24.026 11.2151 11.0052 20.9625 7.36538 4.26633
threshold=0.30220129876452112 0.29424565080540455 3.0472921235806241 5.070203346698599 3.0218325388413314 0.2822528888803385 3.0188404836663385 0.27230125902572871 2.4856991243400075 3.9565324731169187 3.7636018767973849 2.2916872651990166 2.0314532898032671 4.0979003906250009 3.6511890872808066
decision_type=2 2 2 2 2 2 2 2 2 2 2 2 2 2 2
left_child=1 5 4 -4 -3 7 -7 -1 11 10 -10 12 -2 -11 -13
right_child=8 2 3 -5 -6 6 -8 -9 9 13 -12 14 -14 -15 -16
leaf_value=-6.6568053210392761e-05 0.022246627911642093 -0.016887084411936419 -0.022520328491728199 -0.19511045109896061 0.10228543356629238 -0.042559745043423712 0.062071311126802545 -0.029612920140396595 -0.046172038834684181 -0.052315578275026933 -0.20255462601318835 0.11815780771951559 -0.082356054211279311 0.0058983824830989642 0.044859824459541148
leaf_weight=5758.4368355199695 138.07887698709965 24.050584077835083 7.7662525624036816 21.524617061018944 11.278691083192824 32.615531042218208 73.327607676386833 83.10528938472271 10.955915480852129 22.736506223678589 7.8873984068632117 11.814952924847601 22.244804784655571 492.95235397666693 24.218026429414749
leaf_count=15268 299 58 18 79 14 87 113 200 31 60 32 15 65 986 41
internal_value=4.29209e-06 -0.000550217 -0.0561292 -0.149349 0.0211581 5.36553e-05 0.0298597 -0.000486912 0.00456554 -0.000720888 -0.11163 0.0189565 0.00773307 0.00333175 0.0688937
internal_weight=6742.99 6012.11 64.6201 29.2909 35.3293 5947.49 105.943 5841.54 730.889 534.532 18.8433 196.357 160.324 515.689 36.033
internal_count=17366 15837 169 97 72 15668 200 15468 1529 1109 63 420 364 1046 56
is_linear=0
shrinkage=0.1


Tree=89
num_leaves=14
num_cat=0
split_feature=2 2 4 9 3 3 3 2 4 4 3 3 9
split_gain=1.5792 7.52557 10.7681 17.6107 7.46865 24.125 9.61034 6.5659 10.0017 14.5509 7.80897 19.4065 6.20065
threshold=0.25997700667878693 0.26331712817130021 1.7199962139129641 4.2075675251383151 0.48849618899577868 0.45852934832136222 0.50566935296475612 0.24411100632052868 6.1626800297090094 4.8107471748025228 0.48658577515910834 0.39722791115907724 1.3390435200990909
decision_type=2 2 2 2 2 2 2 2 2 2 2 2 2
left_child=7 2 -2 -4 5 -3 -6 10 9 -9 11 -1 -12
right_child=1 4 3 -5 6 -7 -8 8 -10 -11 12 -13 -14
leaf_value=0.0012372122387830729 0.13551623657853692 -0.010412360669824315 -0.13062542531517271 0.048323793217023236 -0.037065963563540839 0.049393136566235896 0.00035253938665987206 -0.01714070005825381 0.057685593847287824 -0.11553649703624401 -0.043364493214042496 -0.016772857326122406 0.014144777371742537
leaf_weight=4239.235520593822 9.7882837504148466 152.71095910668373 6.6068552583456031 32.809554114937782 75.50176902115345 120.81136967241764 755.04214954376221 125.80302639305592 14.71638450026512 17.068344965577126 19.518550723791122 696.60950876027346 475.0735817104578
leaf_count=11565 11 351 23 53 184 203 1609 323 23 52 72 1802 1095
internal_value=7.17847e-06 0.00337626 0.041641 0.0183289 0.00167092 0.016003 -0.00304904 -0.00068814 -0.0208103 -0.0288957 -0.000104209 -0.0013046 0.0118752
internal_weight=6741.3 1153.27 49.2047 39.4164 1104.07 273.522 830.544 5588.02 157.588 142.871 5430.44 4935.85 494.592
internal_count=17366 2434 87 76 2347 554 1793 14932 398 375 14534 13367 1167
is_linear=0
shrinkage=0.1


Tree=90
num_leaves=12
num_cat=0
split_feature=5 5 6 4 6 5 5 6 6 4 7
split_gain=1.49698 17.1678 28.1733 17.067 16.3648 18.0742 16.0669 14.6954 19.2723 9.79597 6.97924
threshold=2.4681835093712565 2.7713236682767977 3.0780625212091741 2.191317237913609 3.1857874939348343 2.4238812139548696 2.4407397718346444 2.1481878671544217 2.3728450098067095 2.3688621968030934 4.3167058909079605
decision_type=2 2 2 2 2 2 2 2 2 2 2
left_child=4 2 3 -2 5 9 -7 -3 -9 -1 -4
right_child=1 7 10 -5 -6 6 -8 8 -10 -11 -12
leaf_value=-0.00084601190827880322 -0.11944121039969342 0.10235056513136787 0.017162463214824866 -0.025634275478135779 -0.13626404666551006 0.095360901555353234 0.010178441695452518 -0.097762796768744331 0.0015104883721653575 0.02044188699645522 0.08606240976736397
leaf_weight=3175.1917766220868 20.541506066918373 14.325723320245741 44.799078658223152 347.44842976331711 8.6090135425329191 38.01972696185112 53.024229437112808 19.694812059402466 2764.5627240613103 231.95447479188442 21.883273646235466
leaf_count=9335 71 26 97 957 31 63 124 68 5961 603 30
internal_value=8.35335e-06 -0.00154372 -0.0200333 -0.0308707 0.00143936 0.00177824 0.0457504 0.00132805 0.000808266 0.000603243 0.0397735
internal_weight=6740.05 3233.26 434.672 367.99 3506.8 3498.19 91.044 2798.58 2784.26 3407.15 66.6824
internal_count=17366 7210 1155 1028 10156 10125 187 6055 6029 9938 127
is_linear=0
shrinkage=0.1


Tree=91
num_leaves=10
num_cat=0
split_feature=4 6 7 4 6 5 6 8 9
split_gain=1.49084 6.39018 6.52209 6.3747 3.26804 4.92571 4.00914 2.46856 1.78913
threshold=1.0000000180025095e-35 0.3376756431192604 1.4972653426229956 0.21969801444024026 0.51179658018121832 0.66841435371390989 0.72093427080749029 1.6666145024147139 1.3641542268519824
decision_type=2 2 2 2 2 2 2 2 2
left_child=7 2 3 -2 5 -3 -6 -1 -4
right_child=1 4 8 -5 6 -7 -8 -9 -10
leaf_value=0.024634721025046224 0.035494411932639906 0.0039148775004134049 0.030951788672996999 -0.12115816353692298 -0.026181275203757279 0.096262349128482694 0.000169964868039454 -0.030374054643246509 -0.041511125143231763
leaf_weight=50.241014450788498 3.2555058151483598 16.749138087034229 8.8676514476537687 12.855518378317354 58.248729817569256 8.8161008358001691 6563.6684997826815 9.7393449842929822 5.5334692746400824
leaf_count=123 11 48 25 98 211 18 16772 36 24
internal_value=7.33407e-06 -0.000133638 -0.0457926 -0.0895039 7.5938e-05 0.0357606 -6.183e-05 0.0157026 0.00310873
internal_weight=6737.97 6677.99 30.5121 16.111 6647.48 25.5652 6621.92 59.9804 14.4011
internal_count=17366 17207 158 109 17049 66 16983 159 49
is_linear=0
shrinkage=0.1


Tree=92
num_leaves=13
num_cat=0
split_feature=4 2 7 6 5 3 7 8 4 8 6 6
split_gain=1.49436 10.7963 15.7687 13.2474 8.11724 7.55271 7.48797 5.78076 3.64118 11.7464 5.09472 0.0818021
threshold=0.56368875574821697 0.12591910466722103 1.0625381469726565 1.3564420776265147 0.65292309223663914 0.016788970473389803 1.6248842978055567 1.6297735778760016 0.92784124612808239 2.7401395451235424 0.96257405147090669 0.3376756431192604
decision_type=2 2 2 2 2 2 2 2 2 2 2 2
left_child=1 3 -3 5 6 -1 11 -4 9 -6 -10 -2
right_child=4 2 7 -5 8 -7 -8 -9 10 -11 -12 -13
leaf_value=-0.0045397603304729714 -0.11896058351298666 0.073634125185635349 -0.13866394386861852 0.093086246739106662 -0.016588419880841962 0.035679448529879636 0.013389524959858706 -0.039549754257556642 0.022290270091859209 0.045850754762513907 4.3215153355439579e-05 -0.13849274932780897
leaf_weight=156.62819754332304 3.4830463081598264 7.9820279069244888 11.747101441025736 19.655056312680244 299.67781588435173 66.521466806530952 5.9522214904427519 11.791167855262755 104.73186458647251 33.497213512659073 6009.4836785420775 5.5781343281269073
leaf_count=522 29 21 66 34 997 163 17 41 301 69 15076 30
internal_value=5.37903e-06 0.0072342 -0.0478259 0.014382 -0.00030148 0.00744969 -0.073746 -0.0890141 -0.000130457 -0.0103108 0.00042429 -0.130985
internal_weight=6736.73 274.325 31.5203 242.805 6462.4 223.15 15.0134 23.5383 6447.39 333.175 6114.22 9.06118
internal_count=17366 847 128 719 16519 685 76 107 16443 1066 15377 59
is_linear=0
shrinkage=0.1


Tree=93
num_leaves=12
num_cat=0
split_feature=8 8 9 8 5 8 6 1 0 5 0
split_gain=1.53929 35.0186 17.8163 14.2862 9.31736 11.9585 9.93787 8.83242 9.71271 7.38521 0.0833562
threshold=2.0813547943826545 2.1482077072746821 2.0977507346462683 2.1117969821673537 1.0002143393210459 2.6374457223000536 1.4612032835013393 0.37241383974217962 0.50195312501455402 1.9427005202775116 0.0018721222877502001
decision_type=2 2 2 2 2 2 2 2 2 2 2
left_child=7 2 10 -4 5 -3 -6 8 9 -1 -2
right_child=1 4 3 -5 6 -7 -8 -9 -10 -11 -12
leaf_value=0.0013979767187702647 -0.14131534869822018 -0.090363944715679004 0.011710147314574974 -0.098990078769676262 0.022731791462597191 0.0018242496336596645 -0.00027964230442217576 -0.10604133090232454 0.087391649055976656 0.044019178947906634 -0.15379743731412363
leaf_weight=1382.7557451501489 11.605517745018007 25.836632788181305 26.322125747799873 20.92586025595665 195.04270987212658 30.899024650454521 4968.1586923003197 7.4046713262796393 13.655287608504294 41.886248424649239 9.925967797636984
leaf_count=4368 57 109 80 88 546 90 11810 31 24 119 44
internal_value=3.14846e-06 -0.000787301 -0.0716761 -0.0373183 0.000146751 -0.040157 0.000589627 0.0028948 0.00345563 0.00265109 -0.14707
internal_weight=6734.42 5288.72 68.7795 47.248 5219.94 56.7357 5163.2 1445.7 1438.3 1424.64 21.5315
internal_count=17366 12824 269 168 12555 199 12356 4542 4511 4487 101
is_linear=0
shrinkage=0.1


Tree=94
num_leaves=16
num_cat=0
split_feature=2 3 6 3 0 2 4 3 0 3 9 9 4 8 7
split_gain=1.47257 11.8606 21.9733 17.6119 17.0635 9.31409 6.80108 5.99386 9.71841 20.5039 7.32024 18.1668 16.4911 5.39353 5.05177
threshold=0.11001003829538707 0.34716341858090749 5.3078741855751614 0.34951523718870009 0.026093042806792251 0.29913846473882144 2.4541430801019577 0.33430954225206011 0.0078707933425903025 0.23286945200300954 2.2694090127294513 3.0149647389717296 1.1720075607299807 2.0813547943826545 2.6828796164420687
decision_type=2 2 2 2 2 2 2 2 2 2 2 2 2 2 2
left_child=7 2 5 6 -4 -2 -3 8 14 -10 12 -12 -9 -5 -1
right_child=1 3 4 13 -6 -7 -8 10 9 -11 11 -13 -14 -15 -16
leaf_value=-0.0041210796643539318 0.019676862569893552 -0.042916519346787918 -0.13511912780985658 0.012279658574196488 0.018325663728935813 -0.058811025512761683 -0.17808070789551519 0.067906983132131934 -0.048546384443290916 -0.001032892762197857 0.15155510893155452 0.0044274016563587374 -0.15593568232696897 -0.0023126797194503203 0.0042736629841402972
leaf_weight=1440.7787553593516 601.11203508079052 7.5172603428363782 17.168008729815487 282.42358374968171 12.541045755147932 15.509522020816801 7.3747823238372803 7.4711497724056226 133.77946177870035 282.86292894184589 12.878650575876234 24.092510432004929 5.88284932076931 2455.6864927560091 1426.6929954364896
leaf_count=4750 1274 22 54 792 24 42 27 17 425 709 21 52 26 5547 3584
internal_value=5.14938e-08 0.00146467 0.0136555 -0.00139741 -0.0703457 0.0177027 -0.109852 -0.00149307 -0.00201791 -0.016289 0.0327568 0.0556783 -0.0307026 -0.000807546 5.56731e-05
internal_weight=6733.77 3399.33 646.331 2753 29.7091 616.622 14.892 3334.44 3284.11 416.642 50.3252 36.9712 13.354 2738.11 2867.47
internal_count=17366 7782 1394 6388 78 1316 49 9584 9468 1134 116 73 43 6339 8334
is_linear=0
shrinkage=0.1


Tree=95
num_leaves=12
num_cat=0
split_feature=2 2 2 9 4 7 7 3 2 3 1
split_gain=1.58006 13.7247 10.6393 17.3363 7.34421 21.2835 9.88513 5.32061 13.384 12.2317 2.37397
threshold=0.22129969375438416 0.22299262762843189 0.22030518928428164 5.1061446941954829 1.3075801134109499 1.9998680641554498 1.6567923011134555 0.39722791115907724 0.16636261465958427 0.48407261157769327 0.23777330217555948
decision_type=2 2 2 2 2 2 2 2 2 2 2
left_child=2 10 7 -4 6 -6 -3 8 -1 -9 -2
right_child=1 4 3 -5 5 -7 -8 9 -10 -11 -12
leaf_value=-0.00047343568770563004 0.042590456759175277 -0.0093108782716517947 -0.18030388457514424 0.0093628861606781834 -0.10667914504544687 0.00072274571407414357 0.042397503278274462 -0.016568826928197344 0.023326245434997145 0.0068137633397379093 0.10400687415375759
leaf_weight=3938.3877367302775 11.650954365730287 60.654041945934296 8.6392280757427233 10.898794382810591 18.69990798830986 1386.0705806538463 94.685190096497536 569.18628706783056 251.37126839160919 368.59355833753943 13.687587484717367
leaf_count=10968 22 171 39 22 71 2954 189 1496 509 906 19
internal_value=7.05334e-08 0.00276034 -0.000850173 -0.074503 0.00157461 -0.000706958 0.0222074 -0.000569526 0.000954464 -0.00737832 0.0757669
internal_weight=6732.53 1585.45 5147.08 19.538 1560.11 1404.77 155.339 5127.54 4189.76 937.78 25.3385
internal_count=17366 3426 13940 61 3385 3025 360 13879 11477 2402 41
is_linear=0
shrinkage=0.1


Tree=96
num_leaves=14
num_cat=0
split_feature=6 8 5 8 8 5 6 9 7 7 7 6 9
split_gain=1.56152 7.27018 8.4323 7.49263 16.7007 14.5699 6.09734 8.4266 10.6191 2.46278 10.1517 2.28547 0.0427434
threshold=0.86069726722175399 2.2798221146739617 1.0626752032758569 1.7243883469393988 1.8328464069635639 1.0165858102259675 0.92087040075123328 2.2524860385621301 1.0362396240234377 1.0160215087968256 1.1467642585994329 0.99924726701666267 2.4870254625670891
decision_type=2 2 2 2 2 2 2 2 2 2 2 2 2
left_child=1 3 12 5 -5 -1 7 8 -2 11 -11 -8 -3
right_child=6 2 -4 4 -6 -7 9 -9 -10 10 -12 -13 -14
leaf_value=0.0064862721839471478 0.032024605394662183 -0.13706782220646127 0.024759584612115623 0.11555880603832505 0.0012707000613085956 -0.15565633493275965 0.062408614443064607 0.070662920225456519 -0.077594171473984841 -0.041033643771439809 4.8626052288790585e-05 0.0097282093260085776 -0.1225183731364385
leaf_weight=239.20644150674343 11.90508648008108 4.1996744647622091 6.2239495962858191 20.316022172570229 34.496297903358936 5.6733882576227179 8.7816360592842084 6.6993394643068305 34.293922580778599 60.742390416562557 6160.8634089231491 132.36358952522278 3.8889923170208931
leaf_count=752 33 23 18 37 107 25 19 14 151 262 15541 357 27
internal_value=-2.33664e-07 0.00688518 -0.0627426 0.0102104 0.0436312 0.00272974 -0.00033723 -0.0341477 -0.0493464 -5.61381e-05 -0.000352466 0.0130058 -0.130073
internal_weight=6729.65 314.005 14.3126 299.692 54.8123 244.88 6415.65 52.8983 46.199 6362.75 6221.61 141.145 8.08867
internal_count=17366 989 68 921 144 777 16377 198 184 16179 15803 376 50
is_linear=0
shrinkage=0.1


Tree=97
num_leaves=15
num_cat=0
split_feature=5 5 7 4 6 4 6 9 6 9 5 3 8 2
split_gain=1.53256 14.7626 19.8113 14.2241 10.4974 7.99998 7.09719 24.3672 16.268 34.9048 15.3568 8.56046 8.26231 0.0260548
threshold=1.5314179859954213 1.6588519250978495 1.6780059706413513 1.2033474296331408 1.2137634897389211 1.3899490012861124 1.6797177098112843 2.4566124385380541 1.3564420776265147 1.7446779191576769 1.4823559520287193 0.33505806398400256 3.9671459296516463 0.044273870586134252
decision_type=2 2 2 2 2 2 2 2 2 2 2 2 2 2
left_child=6 2 13 -3 -4 -5 8 11 10 -10 -1 -8 -9 -2
right_child=1 3 4 5 -6 -7 7 12 9 -11 -12 -13 -14 -15
leaf_value=-0.00091442073348880343 -0.12856638463281617 -0.12833888321571277 0.098492724475219229 0.038027716961689627 -0.0237769947646502 -4.4652182407538779e-05 -0.14603745392923284 -0.007217726767010527 -0.078173429657703047 0.028497831623023689 -0.15116949966146281 -0.021997452695995647 0.090340910802763005 -0.13653293183478138
leaf_weight=1120.695284742862 7.4474637806415585 8.5979105830192548 7.346046730875968 55.840982288122177 159.05617634952068 4742.3641127049923 17.553725183010105 125.18130618333817 33.109302006661892 417.28881197422743 6.8436351567506781 8.1456862241029722 9.3278689086437208 9.1481014192104322
leaf_count=3555 44 33 22 123 538 11326 85 323 138 1063 31 25 12 48
internal_value=-2.35639e-06 -0.000893133 -0.0287701 0.000168158 -0.0183792 0.00039843 0.00255485 -0.0174992 0.00459095 0.0206563 -0.0018264 -0.106722 -0.000452284 -0.132958
internal_weight=6727.95 4989.8 182.998 4806.8 166.402 4798.21 1738.15 160.209 1577.94 450.398 1127.54 25.6994 134.509 16.5956
internal_count=17366 12134 652 11482 560 11449 5232 445 4787 1201 3586 110 335 92
is_linear=0
shrinkage=0.1


Tree=98
num_leaves=12
num_cat=0
split_feature=8 8 7 6 8 4 1 0 3 1 9
split_gain=1.59839 29.5469 14.1713 9.28164 9.0501 12.5048 7.36839 7.64512 21.0549 16.0528 7.11597
threshold=2.0813547943826545 2.1851926946071187 1.5184820466151303 2.2271886567739876 2.2015892286883054 1.5801849365234377 0.37241383974217962 0.25781250106956582 0.52713048054284595 0.23401453319273288 2.3000245020812655
decision_type=2 2 2 2 2 2 2 2 2 2 2
left_child=6 2 -2 -4 5 -3 7 9 -9 -1 -6
right_child=1 4 3 -5 10 -7 -8 8 -10 -11 -12
leaf_value=0.0027902520508461034 0.094707533422583062 -0.01750334364419516 -0.069745855015427127 0.071915332845308058 -0.019419369764603796 0.12183561592987119 -0.098273153400458502 0.095699525924019688 -0.0025882792204392048 -0.089988346560235119 0.00066509248911412609
leaf_weight=1317.7489725872874 6.072146236896514 11.718733102083208 93.231058619916439 4.8665445297956458 182.89762037247419 14.300045564770697 7.156319946050643 32.836109846830368 64.816350001841784 18.916676610708237 4970.2406123355031
leaf_count=4191 11 36 380 11 644 28 31 62 186 72 11714
internal_value=-6.01314e-06 -0.000811302 -0.0535417 -0.0627182 0.000249278 0.059078 0.00294555 0.00345057 0.0304615 0.00147724 -4.77547e-05
internal_weight=6724.8 5283.33 104.17 98.0976 5179.16 26.0188 1441.47 1434.32 97.6525 1336.67 5153.14
internal_count=17366 12824 402 391 12422 64 4542 4511 248 4263 12358
is_linear=0
shrinkage=0.1


Tree=99
num_leaves=15
num_cat=0
split_feature=0 1 9 7 0 0 8 9 4 8 5 1 5 9
split_gain=1.55687 15.1047 20.8657 18.5601 9.82422 14.0858 11.6875 15.0467 6.66449 13.8837 13.1459 5.28583 4.22375 0.235288
threshold=0.28125000011852835 0.31880676811597347 7.8385493434360454 5.2738205900241164 0.25781250106956582 0.2559548697850042 2.4159088214872404 4.2378012336847801 3.2758685597800654 3.8678130350864492 3.1450564607536644 0.34636850901657862 1.2222245052688734 4.4263271015514247
decision_type=2 2 2 2 2 2 2 2 2 2 2 2 2 2
left_child=4 2 3 -2 5 11 12 -8 9 -3 -10 -1 -6 -7
right_child=1 8 -4 -5 6 13 7 -9 10 -11 -12 -13 -14 -15
leaf_value=-0.00020435646266009062 -0.070867597229073861 0.0014128768972513691 0.069319285629431265 -0.28299094059753876 0.042068470031674 -0.093083289087529719 -0.042726932280370535 0.031608192215902817 0.081308389148402604 -0.04181180986782651 0.0033895906877111797 0.034728390266100896 0.12730516206916562 -0.12046531871196536
leaf_weight=5755.8866478316486 17.108434706926353 265.28494003787637 7.6288085728883734 5.4352297186851493 10.446900255978109 6.8687958270311338 35.876395478844643 112.99103511869907 23.247397810220718 103.22249054908752 315.57855732738972 43.64441441744566 13.108184188604353 5.7777981013059616
leaf_count=15154 52 716 11 24 24 24 98 203 37 255 652 78 20 18
internal_value=-7.75242e-06 -0.00434294 -0.0736344 -0.12201 0.00052649 -0.000171355 0.0240501 0.0136938 -0.0013872 -0.0106948 0.00873573 5.85302e-05 0.0895019 -0.105593
internal_weight=6722.11 737.506 30.1725 22.5437 5984.6 5812.18 172.423 148.867 707.333 368.507 338.826 5799.53 23.5551 12.6466
internal_count=17366 1747 87 76 15619 15274 345 301 1660 971 689 15232 44 42
is_linear=0
shrinkage=0.1


end of trees

feature_importances:
rec_tds_L10=169
receptions_L10=159
targets_L10=154
receptions_L3=151
targets_L5=146
targets_L3=131
receptions_L5=103
rec_tds_L3=90
rec_tds_std_L5=71
rec_tds_L5=56

parameters:
[boosting: gbdt]
[objective: binary]
[metric: binary_logloss]
[tree_learner: serial]
[device_type: cpu]
[data_sample_strategy: bagging]
[data: ]
[valid: ]
[num_iterations: 100]
[learning_rate: 0.1]
[num_leaves: 31]
[num_threads: 2]
[seed: 42]
[deterministic: 0]
[force_col_wise: 0]
[force_row_wise: 0]
[histogram_pool_size: -1]
[max_depth: 4]
[min_data_in_leaf: 20]
[min_sum_hessian_in_leaf: 0.001]
[bagging_fraction: 1]
[pos_bagging_fraction: 1]
[neg_bagging_fraction: 1]
[bagging_freq: 0]
[bagging_seed: 400]
[bagging_by_query: 0]
[feature_fraction: 1]
[feature_fraction_bynode: 1]
[feature_fraction_seed: 30056]
[extra_trees: 0]
[extra_seed: 12879]
[early_stopping_round: 0]
[early_stopping_min_delta: 0]
[first_metric_only: 0]
[max_delta_step: 0]
[lambda_l1: 0]
[lambda_l2: 0]
[linear_lambda: 0]
[min_gain_to_split: 0]
[drop_rate: 0.1]
[max_drop: 50]
[skip_drop: 0.5]
[xgboost_dart_mode: 0]
[uniform_drop: 0]
[drop_seed: 17869]
[top_rate: 0.2]
[other_rate: 0.1]
[min_data_per_group: 100]
[max_cat_threshold: 32]
[cat_l2: 10]
[cat_smooth: 10]
[max_cat_to_onehot: 4]
[top_k: 20]
[monotone_constraints: ]
[monotone_constraints_method: basic]
[monotone_penalty: 0]
[feature_contri: ]
[forcedsplits_filename: ]
[refit_decay_rate: 0.9]
[cegb_tradeoff: 1]
[cegb_penalty_split: 0]
[cegb_penalty_feature_lazy: ]
[cegb_penalty_feature_coupled: ]
[path_smooth: 0]
[interaction_constraints: ]
[verbosity: -1]
[saved_feature_importance_type: 0]
[use_quantized_grad: 0]
[num_grad_quant_bins: 4]
[quant_train_renew_leaf: 0]
[stochastic_rounding: 1]
[linear_tree: 0]
[max_bin: 255]
[max_bin_by_feature: ]
[min_data_in_bin: 3]
[bin_construct_sample_cnt: 200000]
[data_random_seed: 175]
[is_enable_sparse: 1]
[enable_bundle: 1]
[use_missing: 1]
[zero_as_missing: 0]
[feature_pre_filter: 1]
[pre_partition: 0]
[two_round: 0]
[header: 0]
[label_column: ]
[weight_column: ]
[group_column: ]
[ignore_column: ]
[categorical_feature: ]
[forcedbins_filename: ]
[precise_float_parser: 0]
[parser_config_file: ]
[objective_seed: 16083]
[num_class: 1]
[is_unbalance: 0]
[scale_pos_weight: 5.86403]
[sigmoid: 1]
[boost_from_average: 1]
[reg_sqrt: 0]
[alpha: 0.9]
[fair_c: 1]
[poisson_max_delta_step: 0.7]
[tweedie_variance_power: 1.5]
[lambdarank_truncation_level: 30]
[lambdarank_norm: 1]
[label_gain: ]
[lambdarank_position_bias_regularization: 0]
[eval_at: ]
[multi_error_top_k: 1]
[auc_mu_weights: ]
[num_machines: 1]
[local_listen_port: 12400]
[time_out: 120]
[machine_list_filename: ]
[machines: ]
[gpu_platform_id: -1]
[gpu_device_id: -1]
[gpu_use_dp: 0]
[num_gpu: 1]

end of parameters

pandas_categorical:[]
