tree
version=v4
num_class=1
num_tree_per_iteration=1
label_index=0
max_feature_idx=9
objective=binary sigmoid:1
feature_names=receptions_L3 receptions_L5 receptions_L10 receptions_std_L5 rec_tds_L3 rec_tds_L5 targets_L3 targets_L5 target_share_L3 target_share_L5
feature_infos=[3.5:7.3441162109375] [5.0000000000000009:5.9981710105166908] [3.2644628099173554:7.2947301993392673] [0:6.0311406836510368] [0:2] [0:2] [4.5:13.49395751953125] [5:12.021403929929996] [0.017543859649122799:0.053673020991915003] [0.017543859649122799:0.052631578947368397]
tree_sizes=1688 1489 1591 1384 1276 1593 968 983 1391 1076 1077 1181 1387 1390 1183 774 1189 981 678 780 1085 1189 1604 786 1184 1592 677 1283 1080 1182 881 1192 978 1290 1192 1406 1171 1395 1382 1492 1206 1075 672 676 778 1288 981 1089 676 789 675 1396 1189 1397 1192 1288 1187 1396 1193 1281 679 1079 675 1190 881 1281 1179 1496 1403 1504 790 1400 1082 1287 983 790 778 874 1083 1292 679 1393 1389 1295 1185 1500 1080 1386 780 1501 1396 1384 779 1389 1091 1293 1297 1194 1078 791

Tree=0
num_leaves=15
num_cat=0
split_feature=2 7 7 7 8 3 7 7 8 3 9 1 9 6
split_gain=31.364 12.6961 10.7692 9.70966 11.1275 8.74804 8.683 9.08024 6.90432 6.48641 5.64445 7.46903 5.79046 5.59538
threshold=5.0065038844000984 7.4524754175723347 8.3702648919530986 7.282441810709158 0.027243831852411405 1.9480810430376707 8.5325901261029333 8.9707276424349462 0.028123148534465205 2.2633168756484108 0.03619543325087491 5.2033332171062208 0.031237274364196353 9.7991620786488074
decision_type=2 2 2 2 2 2 2 2 2 2 2 2 2 2
left_child=2 3 10 4 -2 -4 8 -8 -3 -5 12 -12 -1 -7
right_child=1 6 5 9 -6 13 7 -9 -10 -11 11 -13 -14 -15
leaf_value=-0.06326051850879523 0.10561254755612867 0.016555396936936105 -0.080147336861699212 -0.15128183118724009 -0.013729644419938791 0.14175747880365405 -0.023634339274520719 0.053656872398090062 0.088127105029829705 -0.0040800821429046895 -0.040675463193133983 -0.19387985296232799 -0.0012986150209498863 0.012339546367273581
leaf_weight=47.144369661808014 9.9490372836589795 17.935385555028915 5.239769876003268 6.9948343485593778 36.387714356184006 6.2143347710371 27.420021578669548 34.105537220835686 54.23835477232933 5.2329902648925781 6.4829758107662183 6.2499277293682098 22.176861897110939 7.2244926244020462
leaf_count=189 40 72 21 28 146 25 110 137 218 21 26 25 89 29
internal_value=0.00612247 0.0298046 -0.0390785 -0.00902234 0.0118945 0.029452 0.0468121 0.0192106 0.0703413 -0.0882857 -0.0546787 -0.115876 -0.043438 0.0721845
internal_weight=292.997 192.264 100.733 58.5646 46.3368 18.6786 133.699 61.5256 72.1737 12.2278 82.0541 12.7329 69.3212 13.4388
internal_count=1176 772 404 235 186 75 537 247 290 49 329 51 278 54
is_linear=0
shrinkage=1


Tree=1
num_leaves=13
num_cat=0
split_feature=2 3 6 7 3 3 9 6 6 0 5 0
split_gain=25.4425 12.108 8.89028 8.73536 7.11353 5.10268 5.3018 4.84674 6.50933 4.3982 3.95689 3.52343
threshold=5.0065038844000984 1.7808692464645641 6.6758675044402489 8.3702648919530986 1.9678908521325496 1.8831990934309759 0.03619543325087491 10.010780087090099 9.3643413204699772 5.9683419549837717 0.34103543811717479 5.7237377166748056
decision_type=2 2 2 2 2 2 2 2 2 2 2 2
left_child=3 2 -2 5 -5 11 -7 8 -3 -4 -6 -1
right_child=1 7 9 4 10 6 -8 -9 -10 -11 -12 -13
leaf_value=-0.00068795983242444093 -0.13696170523524107 0.035904226512768284 0.0090317828764431649 -0.072309270233725367 -0.0083856045153252335 -0.060096760836664945 -0.14943049618518761 0.10535129829513733 -0.041945013965732962 -0.082077933237769074 0.10538702402998723 -0.094270775232090778
leaf_weight=20.909360572695736 6.2401991039514533 129.58640307188034 29.100236520171165 5.7284771054983166 4.970497712492941 48.354207247495651 7.7015488147735587 8.9461016654968244 11.711233869194983 6.4778593480586997 7.9400423765182495 4.981774613261222
leaf_count=84 25 521 117 23 20 194 31 36 47 26 32 20
internal_value=-0.000613361 0.0207247 -0.026867 -0.0413569 0.0204343 -0.0554115 -0.0723704 0.0339712 0.0294518 -0.00755696 0.0615851 -0.0186945
internal_weight=292.648 192.062 41.8183 100.586 18.639 81.9469 56.0558 150.244 141.298 35.5781 12.9105 25.8911
internal_count=1176 772 168 404 75 329 225 604 568 143 52 104
is_linear=0
shrinkage=0.1


Tree=2
num_leaves=14
num_cat=0
split_feature=2 7 2 9 7 2 4 0 6 6 6 3 8
split_gain=20.9455 9.42235 9.65011 8.46583 7.2199 7.19673 6.52941 5.29775 4.50154 3.82618 5.08775 4.51429 0.402652
threshold=5.1724531342002882 7.4524754175723347 5.6694032847124562 0.027530726399934504 7.9126660076127289 4.2576159401669225 0.25048842281354372 4.7561118295392371 7.561084747314454 8.3221595424021721 7.3037649900652477 2.2784880105824272 0.027497138686654755
decision_type=2 2 2 2 2 2 2 2 2 2 2 2 2
left_child=5 2 3 -2 8 12 -4 -6 -3 10 -7 -11 -1
right_child=1 4 6 -5 7 9 -8 -9 -10 11 -12 -13 -14
leaf_value=-0.090935053120905843 0.072638736079515515 0.05302074351677552 -0.01855739664585504 -0.070431365902676374 -0.049228529327463993 -0.01068579919664462 0.12520492749125786 0.034918507424689028 0.14615532864303549 -0.035061712434038911 -0.061439122333813947 0.027130995915169816 -0.13116574690206581
leaf_weight=4.9727527648210508 4.9595844298601177 12.406894251704218 5.9749385714530927 24.903708145022392 8.2160525768995267 39.278455927968025 6.703972190618515 83.735785856842995 8.9213548898696882 20.85678493976593 39.729487091302872 26.499987944960594 4.9784452319145203
leaf_count=20 20 50 24 100 33 158 27 337 36 84 160 107 20
internal_value=-0.000555324 0.024489 -0.0156375 -0.0466708 0.0395585 -0.0291835 0.0574569 0.0273998 0.0919778 -0.0227355 -0.0362073 -0.000259805 -0.111062
internal_weight=292.138 155.822 42.5422 29.8633 113.28 136.316 12.6789 91.9518 21.3282 126.365 79.0079 47.3568 9.9512
internal_count=1176 627 171 120 456 549 51 370 86 509 318 191 40
is_linear=0
shrinkage=0.1


Tree=3
num_leaves=12
num_cat=0
split_feature=2 3 5 3 7 9 0 6 6 3 1
split_gain=17.5045 9.64496 7.63626 7.25234 6.52567 6.29924 4.64588 3.96606 6.58571 3.86541 3.03436
threshold=5.0065038844000984 1.7808692464645641 0.70531386612037672 1.7284016990877864 8.3702648919530986 0.028747748493748056 6.4123316016048202 5.865421637265694 6.4713441704464412 2.7470865273844161 5.3027249418073792
decision_type=2 2 2 2 2 2 2 2 2 2 2
left_child=4 2 3 -2 6 -6 9 -3 -9 -1 -7
right_child=1 7 -4 -5 5 10 -8 8 -10 -11 -12
leaf_value=-0.052542465735472901 0.011822051429883938 -0.052664789663732982 -0.13001362745808484 -0.1110891229299128 -0.04308200185005779 0.018426907884581619 -0.11585976662952389 0.11201915401364185 0.026555666396426644 -0.00092936508025999302 0.12928856481350537
leaf_weight=52.810464784502983 30.016666680574417 5.7133889496326438 5.9703021347522727 5.7145345211029044 8.6669694632291812 4.9486005008220655 8.6547315418720228 9.6647957116365415 134.43440672755241 20.007569581270218 4.9270621538162231
leaf_count=213 121 23 24 23 35 20 35 39 542 81 20
internal_value=-0.000499961 0.0172079 -0.0253273 -0.00783528 -0.0344078 0.0191348 -0.0465937 0.0290479 0.0322877 -0.0383612 0.0737368
internal_weight=291.529 191.514 41.7015 35.7312 100.015 18.5426 81.4728 149.813 144.099 72.818 9.87566
internal_count=1176 772 168 144 404 75 329 604 581 294 40
is_linear=0
shrinkage=0.1


Tree=4
num_leaves=11
num_cat=0
split_feature=2 3 5 3 1 7 0 9 6 6
split_gain=14.5567 9.28657 6.88536 7.09147 6.65026 6.53209 4.6076 4.5994 3.81098 4.85619
threshold=4.9909944321388018 1.7808692464645641 0.78941855460780774 1.7284016990877864 5.0242370616701431 8.3702648919530986 6.4123316016048202 0.028162011597053102 10.010780087090099 9.3643413204699772
decision_type=2 2 2 2 2 2 2 2 2 2
left_child=4 2 3 -2 -1 6 -6 -7 9 -3
right_child=1 8 -4 -5 5 7 -8 -9 -10 -11
leaf_value=-0.1287756228003186 0.0088396589955496048 0.028283563335051495 -0.10964659541122104 -0.10658469874934325 -0.030417932590800386 -0.034667278835426169 -0.11227638380034577 0.079019275393037269 0.090338390182175987 -0.03830271948885363
leaf_weight=6.9233539700508109 38.42766872048378 130.96818450093269 7.6825742274522772 6.178648278117179 57.240053653717041 5.9487601369619361 7.8149862289428702 8.8570170402526838 8.8498177230358106 11.952404901385306
leaf_count=28 155 529 31 25 232 24 32 36 36 48
internal_value=-0.000453125 0.0141365 -0.022208 -0.00714836 -0.0347583 -0.0266077 -0.0402515 0.0333416 0.0266581 0.022715
internal_weight=290.843 204.059 52.2889 44.6063 86.7842 79.8608 65.055 14.8058 151.77 142.921
internal_count=1176 824 211 180 352 324 264 60 613 577
is_linear=0
shrinkage=0.1


Tree=5
num_leaves=14
num_cat=0
split_feature=2 7 2 9 7 4 2 5 6 0 4 5 9
split_gain=12.2225 7.43928 7.5361 6.71943 5.86566 5.57439 5.20011 4.82272 3.9256 2.91235 5.43524 3.97019 0.327618
threshold=5.1724531342002882 7.4524754175723347 5.6694032847124562 0.027530726399934504 7.9126660076127289 0.25048842281354372 4.2576159401669225 0.78941855460780774 7.561084747314454 5.2810218156746496 0.13734547394137403 0.93134118876924799 0.028799833625369354
decision_type=2 2 2 2 2 2 2 2 2 2 2 2 2
left_child=6 2 3 -2 8 -4 12 -6 -3 10 -8 -11 -1
right_child=1 4 5 -5 7 -7 9 -9 -10 11 -12 -13 -14
leaf_value=-0.074553952273891458 0.062189770116512569 0.04332732863416363 -0.022291771091385068 -0.065714334622170092 0.029889600567930271 0.11098230907844453 0.0045407629105398244 -0.039754274787443949 0.13091312578732478 -0.013032014760018385 -0.079130664727622757 0.077322781084230685 -0.11127018336759736
leaf_weight=4.8761630207300168 4.9242404997348812 12.294532969594004 5.9642560929059965 24.759883269667625 80.12930902838707 6.623829260468483 13.622202962636949 11.351853355765341 8.7658201456069929 88.549995675683022 18.051734462380409 5.1456445157527915 4.8449366837739944
leaf_count=20 20 50 24 100 324 27 55 46 36 360 73 21 20
internal_value=-0.000413941 0.0187666 -0.017001 -0.0444966 0.0322014 0.0478368 -0.0223948 0.0212475 0.0797826 -0.0169315 -0.0431456 -0.00806985 -0.0928531
internal_weight=289.904 154.814 42.2722 29.6841 112.542 12.5881 135.091 91.4812 21.0604 125.37 31.6739 93.6956 9.7211
internal_count=1176 627 171 120 456 51 549 370 86 509 128 381 40
is_linear=0
shrinkage=0.1


Tree=6
num_leaves=8
num_cat=0
split_feature=7 2 2 3 7 7 6
split_gain=11.1699 8.87656 5.32457 5.93072 4.8543 3.60986 1.31629
threshold=5.9963818803832218 5.1724531342002882 5.1981798313516441 1.4419195768892341 6.2965226673406987 6.7637884952010552 6.4261199072643658
decision_type=2 2 2 2 2 2 2
left_child=-1 4 -3 -4 6 -6 -2
right_child=1 2 3 -5 5 -7 -8
leaf_value=-0.10859414601348945 0.015054063018827399 0.11496572046882224 -0.061120371820805666 0.021179093317700515 -0.071599837798101501 -0.015643405516986935 0.088347749701640665
leaf_weight=9.2323612570762617 4.9315844774246198 5.6352198123931876 9.3560910969972593 136.5529518276453 12.943243324756621 105.5098876953125 4.8699828684329987
leaf_count=38 20 23 38 555 53 429 20
internal_value=-0.000371167 0.0031998 0.0195855 0.0159018 -0.0161614 -0.0217577 0.0514706
internal_weight=289.031 279.799 151.544 145.909 128.255 118.453 9.80157
internal_count=1176 1138 616 593 522 482 40
is_linear=0
shrinkage=0.1


Tree=7
num_leaves=8
num_cat=0
split_feature=7 2 9 7 9 5 4
split_gain=9.18494 7.73602 5.09434 6.37935 5.01708 4.68602 4.97504
threshold=5.9963818803832218 5.391376827668334 0.035943433727467604 6.2965226673406987 0.037924661209185355 0.92499198719456499 0.13560572732239964
decision_type=2 2 2 2 2 2 2
left_child=-1 2 3 -2 -4 6 -3
right_child=1 5 4 -5 -6 -7 -8
leaf_value=-0.099182253969791787 0.0788790007476452 -0.0041301783151632904 -0.10715915803943216 -0.0085356445525782334 -0.013847321654069114 -0.057372587069319886 0.044346522764869056
leaf_weight=9.1041899323463422 8.8758595883846265 30.499092862010002 9.9889617860317248 140.50926329195499 13.616801485419272 6.6184524148702613 69.215031176805496
leaf_count=38 36 124 41 572 56 27 282
internal_value=-0.000337678 0.00288403 -0.0101634 -0.00334182 -0.0533329 0.0241108 0.0295192
internal_weight=288.428 279.323 172.991 149.385 23.6058 106.333 99.7141
internal_count=1176 1138 705 608 97 433 406
is_linear=0
shrinkage=0.1


Tree=8
num_leaves=12
num_cat=0
split_feature=2 3 1 7 5 3 9 9 6 6 7
split_gain=8.15564 6.05592 5.28046 5.16857 4.45739 5.94871 4.14021 3.7202 3.37786 7.04311 5.14399
threshold=4.9909944321388018 1.7808692464645641 5.0242370616701431 8.3702648919530986 0.78941855460780774 1.7284016990877864 0.03619543325087491 0.028162011597053102 7.5002935945916276 6.7717778682708749 8.5192359557179156
decision_type=2 2 2 2 2 2 2 2 2 2 2
left_child=2 4 -1 6 5 -2 -4 -5 9 -3 -10
right_child=1 8 3 7 -6 -7 -8 -9 10 -11 -12
leaf_value=-0.11141789189838978 0.007765338849912231 0.041827381830040339 -0.021153267253691165 -0.026802550454897402 -0.090551785808739571 -0.09867646008016491 -0.095287224634150874 0.075532573460073263 0.053649395028932727 -0.032762449453923488 0.0080670839748701213
leaf_weight=6.7002044320106497 38.227562725543976 22.56526754796505 55.362599611282349 5.9426589608192435 7.4297115653753272 6.0864324271678916 8.7198912650346738 8.8317401558160764 51.115830048918724 28.836570963263512 48.011573567986488
leaf_count=28 155 92 227 24 31 25 37 36 209 117 195
internal_value=-0.000307425 0.0106402 -0.0261897 -0.0189481 -0.0188721 -0.00685421 -0.0312409 0.0343706 0.0207849 -1.7716e-05 0.031572
internal_weight=287.83 202.273 85.5571 78.8569 51.7437 44.314 64.0825 14.7744 150.529 51.4018 99.1274
internal_count=1176 824 352 324 211 180 264 60 613 209 404
is_linear=0
shrinkage=0.1


Tree=9
num_leaves=9
num_cat=0
split_feature=7 1 5 0 1 1 3 4
split_gain=7.27939 5.61665 7.35323 7.35669 4.68622 6.27733 5.3318 4.0019
threshold=5.9963818803832218 5.5574165335380616 0.33846275264428732 5.6294027714300645 5.4555154146551104 5.3458156273681139 2.5720737257563484 0.35249637012874219
decision_type=2 2 2 2 2 2 2 2
left_child=-1 4 3 -3 5 -2 -6 -4
right_child=1 2 7 -5 6 -7 -8 -9
leaf_value=-0.089549268258902012 -0.011980226452957168 0.046792622954216288 0.10220455129367306 -0.035456079700398276 -0.0118209360878836 0.039776632897181571 -0.10150579717451509 0.032704259809795695
leaf_weight=8.8532189875841123 113.75920377671719 16.343630328774452 10.033281102776526 32.50013692677021 17.407552972435955 29.513074159622192 10.705456435680388 47.547527655959129
leaf_count=38 466 67 41 133 71 121 44 195
internal_value=-0.000283544 0.00256117 0.0206051 -0.00793481 -0.00864351 -0.00131868 -0.045973 0.0448145
internal_weight=286.663 277.81 106.425 48.8438 171.385 143.272 28.113 57.5808
internal_count=1176 1138 436 200 702 587 115 236
is_linear=0
shrinkage=0.1


Tree=10
num_leaves=9
num_cat=0
split_feature=7 2 5 3 5 9 7 9
split_gain=6.02875 4.89724 3.8179 7.91334 5.00119 3.74359 5.55906 4.22393
threshold=5.9963818803832218 5.391376827668334 0.80482430956085871 2.1728231235575408 0.68135346675835795 0.035943433727467604 6.2965226673406987 0.03941277544405556
decision_type=2 2 2 2 2 2 2 2
left_child=-1 5 4 -4 -3 6 -2 -7
right_child=1 2 3 -5 -6 7 -8 -9
leaf_value=-0.082350168351903619 0.074488131477133776 0.019793810165956275 -0.12409932591399225 0.044159668871902757 0.11363559456798333 -0.077772315720578189 -0.0071428730492299813 0.011025360252187741
leaf_weight=8.6739532649517042 8.8716384768486005 88.186747297644615 5.332502603530882 5.8742332309484482 6.070023149251937 14.739288106560709 139.84483315050602 8.4154505133628827
leaf_count=38 36 362 22 24 25 62 572 35
internal_value=-0.000254965 0.00231265 0.0192765 -0.035903 0.0258371 -0.00809669 -0.0022732 -0.0454993
internal_weight=286.009 277.335 105.464 11.2067 94.2568 171.871 148.716 23.1547
internal_count=1176 1138 433 46 387 705 608 97
is_linear=0
shrinkage=0.1


Tree=11
num_leaves=10
num_cat=0
split_feature=2 9 8 7 6 6 4 7 2
split_gain=5.48212 5.79527 5.64647 4.67145 5.16801 4.03801 2.83347 2.49052 2.3422
threshold=4.5950697702516221 0.041695067972643711 0.039426683615456155 7.4239835397129106 9.1636766791343707 5.7576565601287664 0.15719894496010864 6.4736999788575256 5.2516525547662596
decision_type=2 2 2 2 2 2 2 2 2
left_child=3 2 5 6 -5 -2 -1 -8 -4
right_child=1 -3 8 4 -6 -7 7 -9 -10
leaf_value=-0.11494738148276783 -0.083242575604152505 0.1131996009645627 -0.11944458808368513 0.064537366148285827 -0.064420953228731079 0.0074912103981668301 0.017382025281089758 -0.080918968200300395 -0.022014004885002006
leaf_weight=8.307624384760862 5.0098007321357718 4.8235592395067206 5.0224657207727414 7.0113866478204709 5.5813924819231033 234.2228868752718 4.6899112015962583 5.7217691242694855 4.8499980568885803
leaf_count=36 21 20 21 29 23 962 20 24 20
internal_value=-0.000233299 0.0046349 0.00253271 -0.0397125 0.00738025 0.00559114 -0.0713926 -0.0366396 -0.0715803
internal_weight=285.241 253.929 249.105 31.3121 12.5928 239.233 18.7193 10.4117 9.87246
internal_count=1176 1044 1024 132 52 983 80 44 41
is_linear=0
shrinkage=0.1


Tree=12
num_leaves=12
num_cat=0
split_feature=2 3 0 0 9 5 1 7 1 9 3
split_gain=4.96952 4.43404 7.03244 5.86793 5.78009 4.57676 4.30176 4.05902 3.84714 3.12975 3.0916
threshold=4.9909944321388018 2.6400049021307561 6.2521628457444658 6.358362837268916 0.028799833625369354 0.78941855460780774 5.0242370616701431 8.3702648919530986 5.4815214656373081 0.028162011597053102 3.0545890904119846
decision_type=2 2 2 2 2 2 2 2 2 2 2
left_child=6 3 4 5 -3 -2 -1 8 -8 -9 -4
right_child=1 2 10 -5 -6 -7 7 9 -10 -11 -12
leaf_value=-0.099425317778857686 0.0090667259535662428 -0.032555328826485312 0.15884279680862035 -0.10888421120790544 0.037520322715337458 -0.048114000802713955 -0.012270094854639495 -0.022962986538328158 -0.072485145341989993 0.071074655957424071 0.048655529001314562
leaf_weight=6.3998590856790534 114.73054809868336 17.123053058981895 5.3135169148445112 4.9450367391109458 37.655911356210709 15.942870154976843 49.526203155517578 5.9292370975017539 13.503155320882795 8.7801643460988981 4.8895499557256699
leaf_count=28 470 70 22 20 155 67 207 24 57 36 20
internal_value=-0.000220664 0.00833523 0.0298134 -0.00195609 0.0156158 0.00209037 -0.0206193 -0.0141316 -0.0251703 0.0331689 0.106038
internal_weight=284.739 200.6 64.982 135.618 54.779 130.673 84.1386 77.7388 63.0294 14.7094 10.2031
internal_count=1176 824 267 557 225 537 352 324 264 60 42
is_linear=0
shrinkage=0.1


Tree=13
num_leaves=12
num_cat=0
split_feature=1 5 0 0 3 3 5 9 9 4 2
split_gain=4.59883 5.76775 5.71578 5.45586 3.91328 3.92473 3.8904 3.5019 6.54531 5.97366 2.37813
threshold=5.5574165335380616 0.33482405469784021 5.6294027714300645 6.358362837268916 1.6617773688305248 2.0193725204097803 0.29537731766034242 0.032083920299688311 0.028799833625369354 0.095227360725402818 5.6803395052987282
decision_type=2 2 2 2 2 2 2 2 2 2 2
left_child=3 2 10 7 -3 -6 -4 8 -1 -9 -2
right_child=1 4 6 -5 5 -7 -8 9 -10 -11 -12
leaf_value=-0.018811937115338948 -0.019183721544357549 -0.038517200631510179 -0.018498890858370944 -0.11769121312457403 0.12754512256641209 0.037191052863688713 -0.11347180734447218 0.025518836514224971 0.029217810028876991 -0.046160898045471493 0.06437805281598212
leaf_weight=62.309926316142082 4.8770745098590877 6.0341769456863394 26.707061797380451 4.5833694636821738 5.3660175651311866 46.184020325541496 5.1438820660114279 15.896839693188666 52.095267295837402 43.280528351664543 11.289893314242361
leaf_count=256 20 25 110 21 22 192 21 66 215 181 47
internal_value=-0.000199233 0.0163363 -0.00925646 -0.0100001 0.0376774 0.0465963 -0.0338369 -0.00715659 0.00305877 -0.0269055 0.03917
internal_weight=283.768 105.602 48.0179 178.166 57.5842 51.55 31.8509 173.583 114.405 59.1774 16.167
internal_count=1176 437 198 739 239 214 131 718 471 247 67
is_linear=0
shrinkage=0.1


Tree=14
num_leaves=10
num_cat=0
split_feature=2 3 6 9 9 3 7 0 8
split_gain=4.06322 3.60634 6.04815 5.39495 6.36194 5.85816 4.88692 4.16235 0.276723
threshold=4.2576159401669225 2.6400049021307561 9.9446690830902202 0.028747748493748056 0.026428253514274452 3.6494403558837787 9.6006381270827994 6.358362837268916 0.027497138686654755
decision_type=2 2 2 2 2 2 2 2 2
left_child=8 2 7 4 -3 -5 -4 -2 -1
right_child=1 3 6 5 -6 -7 -8 -9 -10
leaf_value=-0.049517750677694906 -0.0079999403219826147 0.032733010289716535 0.13686157774403621 0.051953182079490547 -0.057238413600428563 -0.028293930442495951 0.0071922741256301732 -0.097350267501434676 -0.084923229477856133
leaf_weight=4.486422270536421 167.00641708076 14.840948790311815 5.1065971404314023 47.013711258769035 16.706266298890114 11.279694318771361 6.745866522192955 5.381707936525344 4.3458949774503708
leaf_count=20 691 61 21 197 69 47 28 22 20
internal_value=-0.000179731 0.00197159 -0.0060385 0.0183983 -0.0149126 0.0364255 0.0630599 -0.0107893 -0.0669388
internal_weight=282.914 274.081 184.241 89.8406 31.5472 58.2934 11.8525 172.388 8.83232
internal_count=1176 1136 762 374 130 244 49 713 40
is_linear=0
shrinkage=0.1


Tree=15
num_leaves=6
num_cat=0
split_feature=7 1 7 7 7
split_gain=3.85383 3.56242 3.31576 3.58846 2.00027
threshold=5.9963818803832218 5.0242370616701431 6.2965226673406987 7.5489169996256491 7.0934920339228649
decision_type=2 2 2 2 2
left_child=-1 4 -3 -4 -2
right_child=1 2 3 -5 -6
leaf_value=-0.068032372627321591 -0.0091563482992714686 0.067133788624081245 -0.013495541810504911 0.01158585545708456 -0.078284590913231547
leaf_weight=8.1255527138710004 8.5924334377050418 8.2486645430326444 88.386388063430786 160.86037091910839 8.161825016140936
leaf_count=38 36 34 367 667 34
internal_value=-0.000162104 0.00184878 0.00475599 0.00269164 -0.0428321
internal_weight=282.375 274.25 257.495 249.247 16.7543
internal_count=1176 1138 1068 1034 70
is_linear=0
shrinkage=0.1


Tree=16
num_leaves=10
num_cat=0
split_feature=2 2 5 6 7 2 9 9 1
split_gain=3.41047 3.56357 3.53898 3.35208 7.22496 4.08177 3.0617 3.90314 3.90313
threshold=4.9909944321388018 4.9520181459004098 1.1040084765356817 7.561084747314454 8.5325901261029333 5.030736100729662 0.035943433727467604 0.03276311976551511 5.2033332171062208
decision_type=2 2 2 2 2 2 2 2 2
left_child=1 6 3 5 -5 -2 7 -1 -8
right_child=2 -3 -4 4 -6 -7 8 -9 -10
leaf_value=-0.013737621536508544 0.055544365693314113 -0.091282827285232043 -0.078292805056462009 0.044240567523815555 -0.0053355819272136468 -0.015704383018695381 0.0048179123792343936 0.054370765144871672 -0.12052293839118862
leaf_weight=56.900279223918915 9.1261895149946195 6.0217500180006018 4.7547099739313117 59.238199710845947 58.352874547243118 67.601518958806992 4.5927494466304761 9.8743890523910505 5.4120970815420151
leaf_count=240 38 25 20 247 240 279 20 42 25
internal_value=-0.000149852 -0.0172055 0.00694414 0.00902977 0.0196391 -0.00722987 -0.0113956 -0.00366601 -0.0629849
internal_weight=281.875 82.8013 199.073 194.319 117.591 76.7277 76.7795 66.7747 10.0048
internal_count=1176 352 824 804 487 317 327 282 45
is_linear=0
shrinkage=0.1


Tree=17
num_leaves=8
num_cat=0
split_feature=7 1 6 9 6 8 8
split_gain=3.27589 3.16357 2.88878 6.9367 4.22227 1.56062 4.2271
threshold=5.9963818803832218 5.0242370616701431 9.9446690830902202 0.028332007854091804 9.3643413204699772 0.027107770851473704 0.030730011085628103
decision_type=2 2 2 2 2 2 2
left_child=-1 5 4 -4 -3 -2 -7
right_child=1 2 3 -5 -6 6 -8
leaf_value=-0.063352129974770507 0.00026284640194973094 0.0051496328023797298 -0.020339656265430092 0.097220833661818135 -0.045607111932878405 -0.13411605418485625 -0.007273467471438106
leaf_weight=7.9662047624588004 5.9930189698934582 218.84481021761894 9.6465210020542163 10.463238820433615 17.715990126132965 4.7215782105922681 5.9233600646257401
leaf_count=38 25 911 40 44 73 20 25
internal_value=-0.000140043 0.00170242 0.00444162 0.0408278 0.00134847 -0.0405547 -0.0635347
internal_weight=281.275 273.309 256.671 20.1098 236.561 16.638 10.6449
internal_count=1176 1138 1068 84 984 70 45
is_linear=0
shrinkage=0.1


Tree=18
num_leaves=5
num_cat=0
split_feature=9 8 7 3
split_gain=3.19802 6.29277 4.06782 3.34294
threshold=0.041695067972643711 0.041177773608121755 5.9963818803832218 2.6400049021307561
decision_type=2 2 2 2
left_child=1 2 -1 -4
right_child=-2 -3 3 -5
leaf_value=-0.075155050550748989 0.076151563188559923 -0.11329300294021905 -0.00563989608500131 0.018166918950768874
leaf_weight=6.9383303374052039 5.3907184898853293 4.9552805721759787 174.31261715292931 89.148383736610413
leaf_count=34 23 21 723 375
internal_value=-0.000127842 -0.00162119 0.000425282 0.00241571
internal_weight=280.745 275.355 270.399 263.461
internal_count=1176 1153 1132 1098
is_linear=0
shrinkage=0.1


Tree=19
num_leaves=6
num_cat=0
split_feature=2 9 8 5 8
split_gain=3.11891 2.44703 5.35181 3.15703 0.252406
threshold=4.2576159401669225 0.041695067972643711 0.041177773608121755 0.99866965476882685 0.027497138686654755
decision_type=2 2 2 2 2
left_child=4 2 3 -2 -1
right_child=1 -3 -4 -5 -6
leaf_value=-0.043048787030035243 0.0046439018238633245 0.068363074643042449 -0.103135838159207 -0.049796527073371816 -0.077618723404758866
leaf_weight=4.322330102324484 250.53486390411854 5.4035498946905127 4.901663973927497 11.125109031796454 4.1302162110805511
leaf_count=20 1044 23 21 48 20
internal_value=-0.000118821 0.00174042 0.000389892 0.00232923 -0.0599409
internal_weight=280.418 271.965 266.562 261.66 8.45255
internal_count=1176 1136 1113 1092 40
is_linear=0
shrinkage=0.1


Tree=20
num_leaves=9
num_cat=0
split_feature=1 6 1 7 0 9 7 9
split_gain=2.76172 5.08255 5.73837 5.02888 4.32277 3.04869 4.97836 4.95229
threshold=5.5574165335380616 6.6112839146517226 5.5836621177427324 8.204542211474017 6.358362837268916 0.032083920299688311 8.7123053049898171 0.029912066295933102
decision_type=2 2 2 2 2 2 2 2
left_child=4 -2 -3 -4 5 7 -7 -1
right_child=1 2 3 -5 -6 6 -8 -9
leaf_value=-0.0087266722750266156 0.097574453802344141 0.1043868930245589 -0.023737778271532995 0.023095750437809745 -0.10773554597948853 -0.012428920239183763 -0.098447349676982612 0.037933962375339199
leaf_weight=81.683429434895515 6.6198740452527991 5.701153799891471 43.407550409436226 48.595066517591476 4.2211811691522589 50.549052387475967 7.7613271921873084 31.524433881044388
leaf_count=340 28 24 182 203 21 215 32 131
internal_value=-0.000111062 0.0127775 0.00703214 0.000999327 -0.00776207 -0.00530165 -0.0238783 0.00426668
internal_weight=280.063 104.324 97.7038 92.0026 175.739 171.518 58.3104 113.208
internal_count=1176 437 409 385 739 718 247 471
is_linear=0
shrinkage=0.1


Tree=21
num_leaves=10
num_cat=0
split_feature=2 3 6 3 0 7 9 9 8
split_gain=2.42556 2.37851 6.12361 5.83716 4.30256 4.06521 4.01258 3.70712 0.244052
threshold=4.2576159401669225 2.7331831055461504 9.6396651499814539 3.1393354193292429 5.9139116678852597 9.5897418506226622 0.028799833625369354 0.026177328509789002 0.027497138686654755
decision_type=2 2 2 2 2 2 2 2 2
left_child=8 2 4 7 -2 -4 -5 -3 -1
right_child=1 3 5 6 -6 -7 -8 -9 -10
leaf_value=-0.03695764298355738 -0.0025252344705920899 0.12228384831451995 0.095440462942231921 -0.048270849621005585 -0.042016874192351041 0.0025897857210579844 0.015537336366442235 0.031925714082242922 -0.071511162731903818
leaf_weight=4.208488464355467 139.20917272567749 5.2808832973241797 9.5589892715215701 16.388664305210114 34.406212374567986 9.3057821691036207 24.721781358122826 32.384796112775803 3.974531352519989
leaf_count=20 582 22 40 68 143 39 105 137 20
internal_value=-9.95986e-05 0.00151859 -0.00447196 0.0161558 -0.0103515 0.0496383 -0.00989977 0.0445943 -0.0537405
internal_weight=279.439 271.256 192.48 78.7761 173.615 18.8648 41.1104 37.6657 8.18302
internal_count=1176 1136 804 332 725 79 173 159 40
is_linear=0
shrinkage=0.1


Tree=22
num_leaves=14
num_cat=0
split_feature=1 5 0 5 1 3 1 1 7 5 1 4 5
split_gain=2.35075 4.47443 4.27532 5.01029 3.30159 4.7755 4.48019 3.94753 3.44348 3.26371 3.24606 4.50693 2.20681
threshold=5.5574165335380616 0.33482405469784021 5.3802000978014064 0.29537731766034242 5.4555154146551104 2.5720737257563484 5.3854788949074965 5.4223234865150696 8.6521417429242522 0.6989180408514013 5.5949933179184148 0.35249637012874219 0.36803372559970426
decision_type=2 2 2 2 2 2 2 2 2 2 2 2 2
left_child=4 2 -2 -4 6 8 9 -8 -6 -1 -3 -12 -7
right_child=1 10 3 -5 5 12 7 -9 -10 -11 11 -13 -14
leaf_value=-0.00070336230845674226 0.058385632771364472 0.10821934619664469 -0.0081394269602608742 -0.10381434688929328 0.026001514353785705 -0.049851110516048909 0.084830124653821407 -0.0077467004555005466 -0.068364315963746869 -0.043307135130202436 0.087897957232803872 0.0098432883190562957 -0.14176800659111896
leaf_weight=107.07584092020988 7.5151594430208197 4.9489802569150916 33.367241725325584 6.5475810766220084 11.287974074482923 5.7132675200700742 10.569018810987474 8.1636837869882566 5.8819431960582724 21.610004752874374 8.9560407698154432 42.508344545960426 4.8119459450244904
leaf_count=451 32 21 139 27 47 25 44 34 24 94 38 180 20
internal_value=-8.88488e-05 0.0118319 -0.0108064 -0.0238338 -0.00715795 -0.0388373 -0.00120644 0.0444853 -0.00632563 -0.00785774 0.0308653 0.0234267 -0.0918739
internal_weight=278.957 103.843 47.43 39.9148 175.114 27.6951 147.419 18.7327 17.1699 128.686 56.4134 51.4644 10.5252
internal_count=1176 437 198 166 739 116 623 78 71 545 239 218 45
is_linear=0
shrinkage=0.1


Tree=23
num_leaves=6
num_cat=0
split_feature=8 8 8 8 2
split_gain=2.26697 3.42097 4.35379 4.4587 1.87004
threshold=0.043185756566925408 0.039426683615456155 0.037969823687485305 0.036933506266117154 5.2516525547662596
decision_type=2 2 2 2 2
left_child=1 2 3 -1 -3
right_child=-2 4 -4 -5 -6
leaf_value=0.00060411026330016383 0.067408833245414079 -0.094925827326661896 0.071807856136384615 -0.090175966842165334 -0.010715781404192366
leaf_weight=248.78181129693985 4.8903749585151663 5.8329564929008466 8.3988117575645429 5.5306512117385855 4.8130681216716766
leaf_count=1049 21 26 36 24 20
internal_value=-7.53251e-05 -0.00128262 0.000969355 -0.00137013 -0.0568545
internal_weight=278.248 273.357 262.711 254.312 10.646
internal_count=1176 1155 1109 1073 46
is_linear=0
shrinkage=0.1


Tree=24
num_leaves=10
num_cat=0
split_feature=2 9 9 2 7 6 3 0 2
split_gain=2.21139 3.39106 3.18753 5.48804 2.96504 4.28971 2.66292 3.04789 2.32357
threshold=4.5950697702516221 0.041695067972643711 0.034939391778603807 5.0141035130990401 7.4239835397129106 9.1636766791343707 2.7692837734814657 6.2521628457444658 4.6535342017334553
decision_type=2 2 2 2 2 2 2 2 2
left_child=4 2 8 -4 6 -6 -1 -8 -2
right_child=1 -3 3 -5 5 -7 7 -9 -10
leaf_value=-0.091697654535548137 0.074890379495753778 0.087029819436603123 -0.089259329734245857 -0.0020719449429533426 0.063494452813231628 -0.05602460992008617 0.044933721398253496 -0.075260871316821007 0.0045222942402755126
leaf_weight=8.6955625712871605 4.8036313354969016 4.7109601944684973 9.9467173814773542 26.3316570520401 6.9176197499036771 5.3066422492265701 4.3866645842790586 4.0645700842142105 202.8403197824955
leaf_count=39 20 20 46 111 29 23 20 21 847
internal_value=-7.04319e-05 0.00299497 0.00137197 -0.0259768 -0.0260198 0.0116103 -0.052847 -0.0128731 0.00615019
internal_weight=278.004 248.633 243.922 36.2784 29.3711 12.2243 17.1468 8.45123 207.644
internal_count=1176 1044 1024 157 132 52 80 41 867
is_linear=0
shrinkage=0.1


Tree=25
num_leaves=14
num_cat=0
split_feature=2 4 8 5 2 7 8 2 2 0 4 5 6
split_gain=1.89349 4.04834 4.24282 4.09966 4.03862 5.98932 4.96975 2.71619 3.72935 2.9021 3.47983 2.46748 2.15167
threshold=5.6366635545711512 0.14492943882942202 0.031818552079087702 0.16602654026786481 5.761878368390577 7.8031866064895476 0.032258027343929754 5.5586330735198528 5.459683645248929 5.6020767471217914 0.27408631274905043 0.36631924204379412 7.8872190378071432
decision_type=2 2 2 2 2 2 2 2 2 2 2 2 2
left_child=7 2 3 -2 6 -6 -3 8 12 10 -9 -10 -1
right_child=1 4 -4 -5 5 -7 -8 9 11 -11 -12 -13 -14
leaf_value=-0.016418893655637753 -0.0070932914785077896 0.15024442882492103 0.035348949446345194 -0.12572366905180449 0.080031454041845265 -0.013131939513316683 0.01139940123953031 0.051038247043698186 0.0067936049345003677 -0.10175828310392615 -0.06951630593381701 0.087224437222960471 0.0051928702950613977
leaf_weight=89.963130824267864 6.4932188838720339 5.6294569075107557 7.6461577117443076 5.2834797948598862 9.8975338488817197 22.78962567448616 4.7558149993419647 4.607849717140196 7.8087743967771512 5.6880506873130789 4.9844093024730682 7.4563449770212173 94.414936736226082
leaf_count=384 27 24 32 22 43 96 20 19 32 24 21 32 400
internal_value=-7.46015e-05 0.0152462 -0.0226554 -0.0603154 0.0323374 0.0150775 0.086662 -0.00452958 -0.00141946 -0.0451645 -0.0116053 0.0460806 -0.0053521
internal_weight=277.419 62.4953 19.4229 11.7767 43.0724 32.6872 10.3853 214.923 199.643 15.2803 9.59226 15.2651 184.378
internal_count=1176 264 81 49 183 139 44 912 848 64 40 64 784
is_linear=0
shrinkage=0.1


Tree=26
num_leaves=5
num_cat=0
split_feature=5 5 7 0
split_gain=1.78415 2.59101 2.49668 3.0826
threshold=1.0181523596603783 0.95573245955335473 5.864842870122164 4.6059708206157675
decision_type=2 2 2 2
left_child=1 2 -1 -4
right_child=-2 -3 3 -5
leaf_value=-0.076096335054962577 -0.047638479963998975 0.060130297050972427 0.063304387062250264 -0.00099601099935792939
leaf_weight=4.2788958102464667 7.6617262214422217 7.2836351543664923 7.6849241852760306 249.99609859287739
leaf_count=22 33 33 32 1056
internal_value=-5.46887e-05 0.00129938 -0.000336379 0.000921645
internal_weight=276.905 269.244 261.96 257.681
internal_count=1176 1143 1110 1088
is_linear=0
shrinkage=0.1


Tree=27
num_leaves=11
num_cat=0
split_feature=1 1 6 6 1 1 3 1 1 3
split_gain=1.73416 3.74075 4.12162 3.91107 2.81577 4.184 5.54612 3.79027 6.15833 3.10689
threshold=5.5574165335380616 5.5836621177427324 6.6112839146517226 7.9428076744079599 5.4555154146551104 5.4815214656373081 2.7212793399300552 5.4041465875776904 5.4223234865150696 2.7331831055461504
decision_type=2 2 2 2 2 2 2 2 2 2
left_child=4 -2 -3 -4 7 -6 -7 9 -9 -1
right_child=1 2 3 -5 5 6 -8 8 -10 -11
leaf_value=-0.015280105186468508 0.090459218728051294 0.083802540159428562 -0.029813113451782287 0.014535856772299367 -0.10362017415285561 0.018422397983855306 -0.097739021307776619 0.12907270187507891 -0.0066188232655462883 0.019002714786088278
leaf_weight=95.829789943993092 5.5009627789258948 6.3192749917507163 29.29471543431282 61.908235594630241 6.7894446849823025 15.10592593252659 5.6466370224952689 5.6842899471521369 8.1263361722230893 36.504288583993912
leaf_count=407 24 28 123 262 28 63 25 24 34 158
internal_value=-5.10823e-05 0.0102279 0.00570223 0.000290808 -0.00614809 -0.0354779 -0.0131844 -0.000620678 0.0492302 -0.00582321
internal_weight=276.71 103.023 97.5222 91.203 173.687 27.542 20.7526 146.145 13.8106 132.334
internal_count=1176 437 413 385 739 116 88 623 58 565
is_linear=0
shrinkage=0.1


Tree=28
num_leaves=9
num_cat=0
split_feature=2 6 8 1 3 3 0 3
split_gain=1.72519 1.95087 4.80533 4.2863 2.61147 4.49452 3.16587 0.878746
threshold=4.2576159401669225 10.010780087090099 0.028291520699924803 5.6929257399187287 2.7331831055461504 3.1393354193292429 6.358362837268916 3.2354900496057284
decision_type=2 2 2 2 2 2 2 2
left_child=7 4 3 -3 6 -6 -2 -1
right_child=1 2 -4 -5 5 -7 -8 -9
leaf_value=-0.077538897950365795 -0.0050732548265709585 -0.064294172885600798 0.098989453917170525 0.061874667183995952 0.040957340703461853 -0.0086885033144019734 -0.080550798723709238 -0.010354154477138144
leaf_weight=4.1899350583553305 171.62907568365335 6.025411859154703 6.8484427481889716 4.8681091368198395 34.799668803811073 38.311011448502541 5.74318704009056 3.6364243179559708
leaf_count=21 724 25 30 21 149 163 24 19
internal_value=-4.23743e-05 0.001308 0.0333524 -0.0079117 -0.000961741 0.0149422 -0.00751716 -0.0463223
internal_weight=276.051 268.225 17.742 10.8935 250.483 73.1107 177.372 7.82636
internal_count=1176 1136 76 46 1060 312 748 40
is_linear=0
shrinkage=0.1


Tree=29
num_leaves=10
num_cat=0
split_feature=2 9 9 1 2 7 6 7 7
split_gain=1.5563 2.77751 2.61695 3.54723 2.25487 2.23692 3.42638 2.63104 1.88393
threshold=4.5950697702516221 0.041695067972643711 0.035852982428364412 5.3421607366191948 4.6535342017334553 7.4239835397129106 9.1636766791343707 6.3949883310300804 6.8163959444075788
decision_type=2 2 2 2 2 2 2 2 2
left_child=5 2 4 -4 -2 7 -7 -1 -9
right_child=1 -3 3 -5 -6 6 -8 8 -10
leaf_value=0.00097352106679881884 0.069397751430095425 0.079283124291884999 -0.069417571575902212 0.0039025638098964264 0.0031113431039012356 0.056512507579821028 -0.050604899538690774 -0.12606353808264534 -0.037587321084773695
leaf_weight=6.9532716721296373 5.2603658586740485 4.6265667825937262 11.801605254411699 14.966385364532469 210.02923075854778 6.9513690769672376 5.2350548654794693 4.594200633466242 5.054313987493515
leaf_count=35 22 20 54 65 883 29 23 22 23
internal_value=-3.60927e-05 0.00253161 0.00106462 -0.0284232 0.00473098 -0.0220385 0.0104969 -0.045921 -0.0797158
internal_weight=275.472 246.684 242.058 26.768 215.29 28.7882 12.1864 16.6018 9.64851
internal_count=1176 1044 1024 119 905 132 52 80 45
is_linear=0
shrinkage=0.1


Tree=30
num_leaves=7
num_cat=0
split_feature=7 7 2 7 8 9
split_gain=1.52822 2.75673 2.80696 2.30686 6.11099 2.44208
threshold=5.9963818803832218 6.2965226673406987 4.9520181459004098 6.7637884952010552 0.033061079701804906 0.032083920299688311
decision_type=2 2 2 2 2 2
left_child=-1 2 -2 4 -3 -5
right_child=1 3 -4 5 -6 -7
leaf_value=-0.046057093488799557 0.096427351072321837 -0.069946421081601637 -0.005766311929544134 0.0090148980797580963 0.049860453897317178 -0.012524324850045782
leaf_weight=7.0325975343585005 5.982055261731146 13.974673390388491 4.8806074410676956 158.03096148371696 6.1227490007877341 78.928062796592712
leaf_count=38 25 61 21 666 27 338
internal_value=-4.10741e-05 0.0011668 0.0505116 -0.000918409 -0.0334468 0.00184045
internal_weight=274.952 267.919 10.8627 257.056 20.0974 236.959
internal_count=1176 1138 46 1092 88 1004
is_linear=0
shrinkage=0.1


Tree=31
num_leaves=10
num_cat=0
split_feature=8 8 0 8 4 1 6 9 6
split_gain=1.55844 5.36459 5.55471 3.72223 4.06568 7.21412 3.57145 3.41109 1.73812
threshold=0.026450343355878203 0.027152557871517855 5.5355590100220118 0.026116353202888954 0.032188597143018811 5.8806192647302185 10.010780087090099 0.028799833625369354 10.663138190750034
decision_type=2 2 2 2 2 2 2 2 2
left_child=3 2 -2 4 -1 -6 7 -3 -8
right_child=1 6 -4 -5 5 -7 8 -9 -10
leaf_value=-0.079246626773815346 0.12149731131466573 -0.034867194042532162 0.0012613783738736346 -0.08912675298741253 -0.0099763785217986487 0.1192528627914923 0.095980130885372494 0.0019559376915223186 0.011957185296620203
leaf_weight=6.4913220703601828 7.5867453366518003 29.60060977935791 7.7850557714700699 6.0822048634290686 34.642911866307259 4.9351719766855231 5.4293581396341306 167.56202334165573 4.5046221315860748
leaf_count=28 32 125 33 25 147 21 24 721 20
internal_value=-4.13922e-05 0.00360596 0.0606038 -0.0156003 -0.00589313 0.00613781 -0.000624714 -0.00357243 0.0578794
internal_weight=274.62 222.468 15.3718 52.1516 46.0694 39.5781 207.097 197.163 9.93398
internal_count=1176 955 65 221 196 168 890 846 44
is_linear=0
shrinkage=0.1


Tree=32
num_leaves=8
num_cat=0
split_feature=5 4 1 5 0 2 7
split_gain=1.42007 2.06848 4.94669 4.8646 2.76606 5.21086 4.48473
threshold=1.0181523596603783 0.72009509993646559 5.907135191551526 0.67529754908421846 5.9139116678852597 5.6125482866982654 7.5821803107341221
decision_type=2 2 2 2 2 2 2
left_child=1 4 3 -3 6 -6 -1
right_child=-2 2 -4 -5 5 -7 -8
leaf_value=-0.014948971657041957 -0.042879309456150434 0.078222656811854613 0.12039103162331986 -0.0086120228485658101 -0.01197544731904468 -0.11597069415888357 0.018315224660473195
leaf_weight=71.498123750090599 7.5232495218515387 8.1713830977678281 4.5026440322399131 30.651978224515915 52.958749875426292 5.3004021793603888 93.577175676822662
leaf_count=305 33 35 20 134 232 22 395
internal_value=-3.33152e-05 0.00117549 0.0211718 0.00966459 -0.00270371 -0.0214369 0.00390769
internal_weight=274.184 266.66 43.326 38.8234 223.334 58.2592 165.075
internal_count=1176 1143 189 169 954 254 700
is_linear=0
shrinkage=0.1


Tree=33
num_leaves=11
num_cat=0
split_feature=8 8 7 8 0 6 7 6 9 6
split_gain=1.31661 4.36805 5.17747 3.10206 4.4426 6.65436 4.07516 2.82509 2.7878 1.42041
threshold=0.026450343355878203 0.027152557871517855 7.9996332965968904 0.025633221885853801 5.2249191245937396 8.6191496320534515 8.0626129058270291 10.010780087090099 0.028799833625369354 10.663138190750034
decision_type=2 2 2 2 2 2 2 2 2 2
left_child=3 2 -2 4 -1 -6 -5 8 -3 -9
right_child=1 7 -4 6 5 -7 -8 9 -10 -11
leaf_value=-0.065635441974864275 0.10740599213866216 -0.031425920966598846 -0.0095614057718999296 -0.10982268450611994 0.063774126514176757 -0.033144160317850682 -0.0065727489781997857 0.087305454056082102 0.0019052856695187664 0.010716234851012252
leaf_weight=7.730049490928649 8.4286224097013456 29.520922154188156 6.8679088503122321 6.7996015548706046 15.618242412805559 12.965082287788389 8.7312831133604032 5.2616786956787092 167.31230459362268 4.4859254658222198
leaf_count=33 36 125 29 29 68 55 36 24 721 20
internal_value=-2.58018e-05 0.0033267 0.0548894 -0.0143735 0.00162358 0.0198131 -0.0517768 -0.000491328 -0.00309371 0.0520585
internal_weight=273.722 221.877 15.2965 51.8443 36.3134 28.5833 15.5309 206.581 196.833 9.7476
internal_count=1176 955 65 221 156 123 65 890 846 44
is_linear=0
shrinkage=0.1


Tree=34
num_leaves=10
num_cat=0
split_feature=2 9 9 2 7 4 3 9 5
split_gain=1.34482 2.37003 2.13879 4.19579 1.93679 3.43687 4.0668 1.77696 1.5121
threshold=4.5950697702516221 0.041695067972643711 0.034939391778603807 5.0141035130990401 7.9276183973556735 0.15719894496010864 2.7692837734814657 0.030557638319076205 0.34103543811717479
decision_type=2 2 2 2 2 2 2 2 2
left_child=4 2 7 -4 5 6 -1 -2 -7
right_child=1 -3 3 -5 -6 8 -8 -9 -10
leaf_value=-0.15478405481131444 -0.0022484410216306529 0.073622994007012915 -0.078917039409427389 -0.00099674283367733344 0.021973875133536717 0.046424685061029314 -0.019596216351346153 0.017007019285942497 -0.02843064443199167
leaf_weight=4.213074088096624 128.71036490797997 4.5794228911399832 9.4083521515130979 26.029544487595558 7.7321342825889579 4.2738329768180829 4.7162498161196709 76.357803866267204 7.3215750455856323
leaf_count=20 544 20 46 111 33 20 25 323 34
internal_value=-2.35251e-05 0.00235815 0.00100121 -0.0216837 -0.0206809 -0.03675 -0.0833812 0.00492139 -0.000840483
internal_weight=273.342 245.085 240.506 35.4379 28.2569 20.5247 8.92932 205.068 11.5954
internal_count=1176 1044 1024 157 132 99 45 867 54
is_linear=0
shrinkage=0.1


Tree=35
num_leaves=12
num_cat=0
split_feature=9 8 9 3 2 4 8 9 4 3 2
split_gain=1.21843 5.8059 3.39912 3.89537 4.49088 3.34038 3.55876 3.30681 3.14111 3.27679 2.0557
threshold=0.032331211233085459 0.03211929227598561 0.030557638319076205 2.3488001239300584 5.1724531342002882 0.12847936531761664 0.029683089575354652 0.030325979703223354 0.00018793350454875002 1.3352077961520294 5.3524994776787223
decision_type=2 2 2 2 2 2 2 2 2 2 2
left_child=2 -2 5 10 -5 6 -1 -7 -3 -10 -4
right_child=1 8 3 4 -6 7 -8 -9 9 -11 -12
leaf_value=-0.013922810457591809 -0.084476511535814425 0.08238955470334966 0.096018602420846907 -0.055348534390733499 0.037213565514870359 0.012238830971826271 -0.096574093536443681 -0.072022792883193812 -0.083837976037675635 -7.0373179844180874e-06 0.026649026853289515
leaf_weight=41.735254436731339 9.2972431480884534 4.2824484184384337 9.8550952076911944 8.3264190405607241 14.148024708032606 93.163105234503746 5.952564448118209 4.9025640338659278 5.0033270418643943 68.492695935070515 7.5405122339725486
leaf_count=179 39 19 41 36 62 400 25 21 23 299 32
internal_value=-3.11029e-05 -0.00979057 0.00454705 0.0304204 0.0029208 -0.00253047 -0.0242396 0.00802637 -0.000862987 -0.00571393 0.0659488
internal_weight=272.699 87.0757 185.624 39.8701 22.4744 145.753 47.6878 98.0657 77.7785 73.496 17.3956
internal_count=1176 380 796 171 98 625 204 421 341 322 73
is_linear=0
shrinkage=0.1


Tree=36
num_leaves=10
num_cat=0
split_feature=3 0 7 0 7 1 3 7 1
split_gain=1.24712 4.85223 4.69332 4.2234 5.43584 5.40967 4.08713 3.25758 2.26071
threshold=1.7808692464645641 5.9683419549837717 5.864842870122164 5.3886076551739706 7.248672788862291 5.1629751446696019 1.8991510970204903 6.2965226673406987 5.257589712814597
decision_type=2 2 2 2 2 2 2 2 2
left_child=1 3 -2 5 -5 -1 8 -8 -4
right_child=2 -3 6 4 -6 -7 7 -9 -10
leaf_value=0.01057331273827529 -0.11516804561161094 -0.083265734025878405 0.11424845032610363 0.11658404135633987 0.0042553954473995717 -0.075106452521323294 0.062826742589462747 -0.00082426710268869755 0.02770905272820362
leaf_weight=16.748554095625881 3.2684041187167159 8.3617422133684141 4.8282469809055319 5.4707811027765301 20.270990386605263 13.158739998936651 8.4083627238869649 183.79999474436045 8.0543449521064741
leaf_count=72 19 35 20 23 86 56 38 792 35
internal_value=-3.0276e-05 -0.0122385 0.00372027 -0.0015661 0.0281281 -0.0271244 0.00561491 0.00196022 0.060143
internal_weight=272.37 64.0108 208.359 55.6491 25.7418 29.9073 205.091 192.208 12.8826
internal_count=1176 272 904 237 109 128 885 830 55
is_linear=0
shrinkage=0.1


Tree=37
num_leaves=12
num_cat=0
split_feature=6 6 9 1 9 9 5 6 6 4 6
split_gain=1.28173 6.69987 2.84279 3.47227 3.96221 3.17221 5.70415 4.19808 2.55311 2.83063 2.70069
threshold=7.5002935945916276 7.4568878412246713 0.035599553766032112 5.3421607366191948 0.037255395851749605 0.028747748493748056 0.036879979439995207 7.5934027921191349 7.195845603942872 0.64317328682227537 7.0869290319305787
decision_type=2 2 2 2 2 2 2 2 2 2 2
left_child=1 8 5 -4 -5 6 -2 -7 10 -10 -1
right_child=2 -3 3 4 -6 7 -8 -9 9 -11 -12
leaf_value=-0.00047167979465589964 -0.1122404809904663 -0.12333239097690243 -0.08190066221767342 -0.059851354805129646 0.051159111263310499 0.11665875740840799 0.001283036687243583 0.016965221311760932 -0.053060208267505682 0.030267782169590612 0.064325924129618378
leaf_weight=65.167805969715118 4.8001166656613341 4.8807881325483313 7.8610438257455852 5.7487159967422468 7.2955712452530861 4.4426643699407569 56.801144644618034 85.789954990148544 16.809964656829838 5.3817696869373313 7.1365361660718909
leaf_count=287 21 21 37 25 33 19 240 368 72 23 30
internal_value=-3.49325e-05 -0.0090834 0.00517065 -0.029402 0.00223596 0.0099308 -0.00756299 0.0218737 -0.00318235 -0.0328521 0.00592393
internal_weight=272.116 99.3769 172.739 20.9053 13.0443 151.834 61.6013 90.2326 94.4961 22.1917 72.3043
internal_count=1176 433 743 95 58 648 261 387 412 95 317
is_linear=0
shrinkage=0.1


Tree=38
num_leaves=12
num_cat=0
split_feature=4 5 7 6 4 0 9 5 2 2 0
split_gain=1.22164 4.04898 4.31437 5.38274 3.36938 4.32083 2.59842 2.58155 1.85077 1.76027 1.61514
threshold=1.0022931867627951 0.86537816009094859 7.591013545457705 8.5424272827458623 0.72009509993646559 5.7767821550369272 0.028089017326402305 0.59915234810393259 4.740284309683088 5.3992244208254272 6.2750567576553999
decision_type=2 2 2 2 2 2 2 2 2 2 2
left_child=4 -2 -3 -4 7 6 -6 8 -1 -9 -7
right_child=1 2 3 -5 5 10 -8 9 -10 -11 -12
leaf_value=-0.021210730107012729 -0.094105507000653801 0.079097998833404723 -0.10906276555446955 0.035128691049444813 0.066831403708395409 0.10972004523788173 -0.021467962077594837 -0.069069718212449449 0.0048246413984952023 -0.0010010688156267984 0.033098917005397521
leaf_weight=32.412096805870533 5.8233311623334911 5.0937244147062293 4.9249143153429014 5.4582992345094681 4.5396472215652528 7.3045724034309369 12.53500013053417 9.3154753446578962 173.24665957689285 6.415631264448165 4.4133648127317429
leaf_count=150 26 23 21 24 20 32 56 39 737 28 20
internal_value=-3.73183e-05 -0.0230272 0.0037166 -0.0332635 0.00192002 0.0341 0.00200825 -0.0022651 0.000721432 -0.0413092 0.080862
internal_weight=271.483 21.3003 15.4769 10.3832 250.182 28.7926 17.0746 221.39 205.659 15.7311 11.7179
internal_count=1176 94 68 45 1082 128 76 954 887 67 52
is_linear=0
shrinkage=0.1


Tree=39
num_leaves=13
num_cat=0
split_feature=3 6 6 8 1 6 3 4 3 5 1 7
split_gain=1.11563 3.8295 4.10831 5.24198 4.20177 3.64074 4.81544 9.05901 3.8654 3.47173 3.44373 3.03554
threshold=2.7331831055461504 9.334481082700913 7.6162590544990971 0.029780806895214052 5.2070226234992907 9.6396651499814539 2.5330188955001733 0.53149753950862477 2.4466325727249871 0.079744642889059705 5.6815247894840093 9.5897418506226622
decision_type=2 2 2 2 2 2 2 2 2 2 2 2
left_child=5 2 3 -2 -4 6 9 -8 11 -1 -3 -7
right_child=1 10 4 -5 -6 8 7 -9 -10 -11 -12 -13
leaf_value=0.030731791865819088 -0.053432548575532271 -0.082827082370479588 0.11342503960723578 0.026580950070242179 0.026062479445534789 0.062146894051346158 -0.10478987226576582 0.037880843832126185 0.11656006881914405 -0.0096155002842041939 0.020992798985352893 -0.033225598217191545
leaf_weight=25.70875845849514 13.742521248757837 7.7056642547249776 6.8230711817741385 20.257016718387604 28.505329102277756 6.2297166883945483 12.845868967473509 6.8098235726356497 4.6851981431245795 125.10821382701397 5.4580187499523163 7.1876949816942215
leaf_count=109 61 34 30 89 126 27 57 30 21 537 24 31
internal_value=-3.42608e-05 0.00966548 0.0190541 -0.00576029 0.0429351 -0.00427738 -0.00880526 -0.0553608 0.0383618 -0.00273777 -0.0397806 0.0110559
internal_weight=271.067 82.4916 69.3279 33.9995 35.3284 188.575 170.473 19.6557 18.1026 150.817 13.1637 13.4174
internal_count=1176 364 306 150 156 812 733 87 79 646 58 58
is_linear=0
shrinkage=0.1


Tree=40
num_leaves=10
num_cat=0
split_feature=9 8 9 9 8 8 4 4 0
split_gain=1.08993 4.90732 2.65436 3.55525 4.72667 2.92938 2.68502 2.37592 2.71077
threshold=0.032331211233085459 0.03211929227598561 0.030557638319076205 0.030815198411704051 0.030523943859292853 0.030754521450799453 3.8176774978637702e-05 0.00018793350454875002 5.2901196340244505
decision_type=2 2 2 2 2 2 2 2 2
left_child=2 -2 5 -4 -5 6 -1 -3 -9
right_child=1 7 3 4 -6 -7 -8 8 -10
leaf_value=-0.050019324886696526 -0.078317953700131976 0.071261609188932026 0.08737213103121784 -0.073601280590205584 0.029716489420146826 -0.066259198649463905 0.0049956849842062445 -0.033082750617153704 0.0080885740250148559
leaf_weight=9.5298978537321073 9.2037809044122678 4.2894444093108168 7.8839076459407798 5.3251101970672634 26.28302863240242 6.7537826448678961 128.35598301142454 23.718883380293846 49.089965187013149
leaf_count=43 39 19 35 23 113 29 553 105 217
internal_value=-2.87747e-05 -0.00930182 0.00431748 0.0272951 0.0123103 -0.00195626 0.00119336 -0.00106287 -0.00532378
internal_weight=270.434 86.3021 184.132 39.492 31.6081 144.64 137.886 77.0983 72.8088
internal_count=1176 380 796 171 136 625 596 341 322
is_linear=0
shrinkage=0.1


Tree=41
num_leaves=9
num_cat=0
split_feature=2 2 3 0 7 5 2 3
split_gain=1.11436 1.93388 1.79678 3.98637 1.73558 2.20826 1.60742 1.75922
threshold=4.5950697702516221 4.6535342017334553 2.7567308998860436 6.1944689601277796 7.7271561501688639 0.23855373298438642 4.740284309683088 1.7808692464645641
decision_type=2 2 2 2 2 2 2 2
left_child=2 -2 4 -4 5 -1 -3 -8
right_child=1 6 3 -5 -6 -7 7 -9
leaf_value=-0.12583481213398254 0.059463078131897412 -0.043135560127668802 0.05864917479489147 -0.046818657142738515 0.0017498572449755037 -0.023348163468138665 -0.012439531383787537 0.007519209457313953
leaf_weight=4.0807840153574961 5.7466697692871085 8.060956269502638 7.1164612472057325 7.2192571386694908 4.9156443774700156 4.336613804101944 59.801299914717674 168.87423361837864
leaf_count=21 25 35 32 37 21 21 256 728
internal_value=-2.54484e-05 0.00214407 -0.0190387 0.00553712 -0.0454626 -0.0730341 0.00075268 0.00229977
internal_weight=270.152 242.483 27.6688 14.3357 13.333 8.4174 236.736 228.676
internal_count=1176 1044 132 69 63 42 1019 984
is_linear=0
shrinkage=0.1


Tree=42
num_leaves=5
num_cat=0
split_feature=7 6 7 7
split_gain=1.46694 2.95098 2.9707 2.98127
threshold=5.1624958990402474 5.7576565601287664 5.864842870122164 6.2965226673406987
decision_type=2 2 2 2
left_child=-1 -2 -3 -4
right_child=1 2 3 -5
leaf_value=0.11016681947891382 -0.083575032713326003 -0.12600709055977657 0.051726121487527005 -0.00058412244749344699
leaf_weight=1.2026262581348408 4.211222603917121 1.8346294537186612 11.389298252761362 251.04455977678299
leaf_count=7 19 13 51 1086
internal_value=-3.02445e-05 -0.000523861 0.000799593 0.00168608
internal_weight=269.682 268.48 264.268 262.434
internal_count=1176 1169 1150 1137
is_linear=0
shrinkage=0.1


Tree=43
num_leaves=5
num_cat=0
split_feature=7 6 7 6
split_gain=1.12437 2.43558 2.61925 2.60262
threshold=5.1624958990402474 5.7576565601287664 5.864842870122164 6.1758932677628922
decision_type=2 2 2 2
left_child=-1 -2 -3 -4
right_child=1 2 3 -5
leaf_value=0.094054711736902843 -0.076584825851638616 -0.12312342293353909 0.053250358610989604 -0.00039982789466989341
leaf_weight=1.2641538456082333 4.1398420780897132 1.6969110146164883 9.3770973086357099 253.09537161886692
leaf_count=7 19 13 42 1095
internal_value=-3.31626e-05 -0.000476463 0.000716244 0.00151688
internal_weight=269.573 268.309 264.169 262.472
internal_count=1176 1169 1150 1137
is_linear=0
shrinkage=0.1


Tree=44
num_leaves=6
num_cat=0
split_feature=5 5 4 4 5
split_gain=1.11409 1.77026 2.22291 2.653 2.11968
threshold=1.0181523596603783 0.95573245955335473 1.0022931867627951 0.72009509993646559 0.86537816009094859
decision_type=2 2 2 2 2
left_child=1 2 3 -1 -4
right_child=-2 -3 4 -5 -6
leaf_value=-0.00177738325056232 -0.038549902453409397 0.050327621337823439 -0.086237398722705305 0.033236475027491497 0.00080360437490776388
leaf_weight=219.77308392524719 7.3063993304967871 7.0899278074502936 5.7510833889245969 24.003545463085175 5.4484289884567261
leaf_count=954 33 33 26 106 24
internal_value=-3.43377e-05 0.00103948 -0.000331042 0.00167027 -0.043893
internal_weight=269.372 262.066 254.976 243.777 11.1995
internal_count=1176 1143 1110 1060 50
is_linear=0
shrinkage=0.1


Tree=45
num_leaves=11
num_cat=0
split_feature=5 3 1 4 5 0 2 0 5 7
split_gain=1.10186 3.20292 5.24733 3.14461 2.90832 2.78524 2.75324 2.32255 4.83921 3.76046
threshold=0.71238411709299176 2.0311011863679913 5.1308967778297125 0.73850369453430187 0.86537816009094859 5.7101084968395233 5.1624634508787315 5.9367675781250009 0.56194359931188209 7.4524754175723347
decision_type=2 2 2 2 2 2 2 2 2 2
left_child=3 6 -3 7 -4 -5 -2 9 -9 -1
right_child=1 2 4 5 -6 -7 -8 8 -10 -11
leaf_value=-0.013653113548070573 -0.01196709250104429 -0.094389479686660505 -0.013397819845821293 0.0039030201490331778 0.059995265494772701 0.096211173753183832 -0.1038553368983508 -0.0085222444440051798 -0.11069485943899698 0.017726613690405155
leaf_weight=61.692655004560947 6.8122238069772703 4.4348398894071606 10.317120060324671 6.512501507997511 11.32694725692272 6.5626928955316544 6.2547536641359329 49.987652309238911 5.1094149202108374 100.24170212447643
leaf_count=269 31 21 45 28 50 30 29 222 22 429
internal_value=-3.15653e-05 -0.0155413 0.00470626 0.00260696 0.0250108 0.0502343 -0.0559511 -0.000262376 -0.0179972 0.00577178
internal_weight=269.253 39.1459 26.0789 230.107 21.6441 13.0752 13.067 217.031 55.0971 161.934
internal_count=1176 176 116 1000 95 58 60 942 244 698
is_linear=0
shrinkage=0.1


Tree=46
num_leaves=8
num_cat=0
split_feature=0 7 0 7 6 9 6
split_gain=1.03005 4.28625 2.26418 1.43979 1.94098 1.01739 0.858836
threshold=6.4442858420069902 8.0626129058270291 6.336934817747534 10.248341646605754 9.8957142829895037 0.030369047608873555 8.6286641460737901
decision_type=2 2 2 2 2 2 2
left_child=2 5 3 4 -1 -2 -4
right_child=1 -3 6 -5 -6 -7 -8
leaf_value=-0.0013528172361717435 -0.027380581629518258 0.040134031345407432 0.082568784574757428 -0.055735850093215369 0.038984193093127784 -0.094254659457753798 0.020324230403937864
leaf_weight=226.8656964302063 3.8169992789626104 6.1301292032003394 4.3907460346817953 4.5961626023054114 12.591335743665693 5.6311305537819862 4.4768992364406586
leaf_count=986 20 28 20 20 56 26 20
internal_value=-2.95452e-05 -0.0249864 0.00150763 -0.000295902 0.000768218 -0.0672379 0.0511441
internal_weight=268.499 15.5783 252.921 244.053 239.457 9.44813 8.86765
internal_count=1176 74 1102 1062 1042 46 40
is_linear=0
shrinkage=0.1


Tree=47
num_leaves=9
num_cat=0
split_feature=8 8 8 1 5 9 9 0
split_gain=1.01733 3.58111 2.3729 2.54261 3.56302 2.13922 3.93764 1.70128
threshold=0.026450343355878203 0.026573653231677302 0.026116353202888954 5.8155739205712544 0.7245653977297698 0.027530726399934504 0.027648006224418153 5.3702554866540888
decision_type=2 2 2 2 2 2 2 2
left_child=2 -2 3 4 -1 7 -7 -3
right_child=1 5 -4 -5 -6 6 -8 -9
leaf_value=-0.0042255513039579319 0.10362896474319359 0.0031684467538950901 -0.072284541611495987 0.047990000704728163 -0.099247885608816935 -0.1419672429326351 0.00050573972737959596 0.087148709570794736
leaf_weight=32.961432620882988 3.4766167551279059 4.5938726365566236 5.9171085655689231 7.5564285665750495 4.4827564954757682 1.9586495980620373 202.25984811782837 5.0794534683227539
leaf_count=143 15 20 25 33 20 9 889 22
internal_value=-2.80991e-05 0.00295226 -0.0127513 -0.0049233 -0.0156015 0.00131585 -0.000860712 0.0472664
internal_weight=268.286 217.368 50.9177 45.0006 37.4442 213.892 204.218 9.67333
internal_count=1176 955 221 196 163 940 898 42
is_linear=0
shrinkage=0.1


Tree=48
num_leaves=5
num_cat=0
split_feature=0 0 0 3
split_gain=1.00698 5.05496 3.08862 1.68789
threshold=4.6059708206157675 4.7273780956649185 4.8436065093333633 3.6494403558837787
decision_type=2 2 2 2
left_child=-1 -2 -3 -4
right_child=1 2 3 -5
leaf_value=0.033107129242300352 -0.10372224072958336 0.072138031700949262 0.0011540328815536824 -0.033110277143270445
leaf_weight=8.8689554035663587 4.7180766761302939 5.918205812573432 233.15590808540583 15.321513697504995
leaf_count=39 20 26 1021 70
internal_value=-2.62931e-05 -0.00116039 0.000741749 -0.000958759
internal_weight=267.983 259.114 254.396 248.477
internal_count=1176 1137 1117 1091
is_linear=0
shrinkage=0.1


Tree=49
num_leaves=6
num_cat=0
split_feature=8 8 8 8 4
split_gain=0.930956 2.32384 3.63241 3.50269 1.74611
threshold=0.043185756566925408 0.039426683615456155 0.037969823687485305 0.036933506266117154 0.27121145464479929
decision_type=2 2 2 2 2
left_child=1 2 3 -1 -3
right_child=-2 4 -4 -5 -6
leaf_value=0.00063097436405749148 0.044778163214050946 -0.0070304984767300882 0.066774032618017759 -0.082650197367856088 -0.090919498385658104
leaf_weight=240.05760870873928 4.5592205375432959 5.0485198050737363 8.1414778381586057 5.158713921904563 4.8791821524500847
leaf_count=1049 21 23 36 24 23
internal_value=-2.31929e-05 -0.000799002 0.00106072 -0.00112104 -0.0482595
internal_weight=267.845 263.286 253.358 245.216 9.9277
internal_count=1176 1155 1109 1073 46
is_linear=0
shrinkage=0.1


Tree=50
num_leaves=5
num_cat=0
split_feature=7 6 0 0
split_gain=0.936186 2.78688 1.98795 3.46404
threshold=5.1624958990402474 5.4657592773437509 4.6059708206157675 4.7273780956649185
decision_type=2 2 2 2
left_child=-1 -2 -3 -4
right_child=1 2 3 -5
leaf_value=0.08488497279057218 -0.11867932366098777 0.051097316603676883 -0.088502252304261508 0.00050811283305643082
leaf_weight=1.2923291474580754 1.9783881604671467 7.5293981432914725 4.4492912143468848 252.39279440790415
leaf_count=7 9 33 19 1108
internal_value=-2.20095e-05 -0.000433978 0.000450895 -0.00103382
internal_weight=267.642 266.35 264.371 256.842
internal_count=1176 1169 1160 1127
is_linear=0
shrinkage=0.1


Tree=51
num_leaves=12
num_cat=0
split_feature=2 2 6 4 2 7 6 1 3 4 2
split_gain=0.934542 3.30793 2.74639 6.20274 4.05912 2.67447 5.95786 9.07056 4.98935 5.81163 3.46287
threshold=4.9909944321388018 4.9520181459004098 7.3089122015376269 0.29199337959289556 4.8842216415180788 8.5325901261029333 7.7400276341035701 5.7622640962579927 3.2901494209357192 0.026134564892458901 6.0310421255956497
decision_type=2 2 2 2 2 2 2 2 2 2 2
left_child=1 2 3 -1 -4 6 10 -8 9 -7 -2
right_child=5 -3 4 -5 -6 8 7 -9 -10 -11 -12
leaf_value=-0.025471393120080146 -0.012075506752930627 -0.082562283992546809 -0.0042015760684024975 0.091608461745432301 -0.086147258815822733 -0.11831721566428102 0.069942837180253764 -0.021651442490384074 0.060914870392035962 -0.013042327497965522 0.051921524408127057
leaf_weight=9.5261034294962901 72.994386970996857 5.7085517048835746 46.263849124312401 8.6192494183778745 6.9532724618911734 5.9259850382804862 32.471764102578163 16.2085902094841 7.7476258426904669 45.553868487477303 9.5627322643995267
leaf_count=48 315 25 208 40 31 25 141 70 34 196 43
internal_value=-2.1597e-05 -0.00931277 -0.00345326 0.0301429 -0.0149085 0.00373804 0.0116986 0.0394456 -0.0139011 -0.0251608 -0.00466262
internal_weight=267.536 77.071 71.3625 18.1454 53.2171 190.465 131.237 48.6804 59.2275 51.4799 82.5571
internal_count=1176 352 327 88 239 824 569 211 255 221 358
is_linear=0
shrinkage=0.1


Tree=52
num_leaves=10
num_cat=0
split_feature=2 3 7 6 2 2 6 6 6
split_gain=0.931616 1.72221 1.85097 3.78443 2.31854 1.46757 1.54956 2.77959 2.60601
threshold=4.5950697702516221 1.9261969651695596 7.4239835397129106 9.1382225458927842 4.4317101384217299 4.6535342017334553 6.7717778682708749 6.9369117429516614 6.6435387794626886
decision_type=2 2 2 2 2 2 2 2 2
left_child=1 -1 4 -4 -3 -2 8 -8 -7
right_child=5 2 3 -5 -6 6 7 -9 -10
leaf_value=-0.084071992128347928 0.051928998654494789 -0.0018510149433806267 0.083371723799965394 -0.036863949029810911 -0.089455335386465884 0.0080585630159513474 -0.060448840230028493 -0.00031237392246286067 0.081175244344811145
leaf_weight=3.4072920531034496 5.7387078776955596 8.5118154883384722 5.245036303997038 5.2261327058076859 4.6833292767405501 30.62527197599411 8.0107584297656995 189.64455926418304 5.7974325269460669
leaf_count=15 25 47 22 24 24 138 34 823 24
internal_value=-1.72442e-05 -0.0176013 -0.00803135 0.0233624 -0.0329443 0.00196787 0.000743011 -0.00274964 0.0196966
internal_weight=266.89 27.0736 23.6663 10.4712 13.1951 239.817 234.078 197.655 36.4227
internal_count=1176 132 117 46 71 1044 1019 857 162
is_linear=0
shrinkage=0.1


Tree=53
num_leaves=12
num_cat=0
split_feature=5 0 4 9 8 0 2 1 7 6 5
split_gain=0.944838 2.81414 2.46618 2.5901 2.28461 1.86271 5.02855 3.01922 1.80666 1.60476 3.19858
threshold=0.71238411709299176 5.7649160553979 0.71085217237123299 0.029898341721078654 0.036198099351045503 5.6294027714300645 5.7802814107156415 5.5483876908065799 7.248672788862291 8.7476724975270361 0.88340721525592791
decision_type=2 2 2 2 2 2 2 2 2 2 2
left_child=2 4 5 -4 8 7 -7 -1 -2 10 -3
right_child=1 9 3 -5 -6 6 -8 -9 -10 -11 -12
leaf_value=-0.0006559090379763279 0.0017866266975399816 -0.067438019128303606 0.087209115144975063 -0.00042700345028468304 0.026588140465948137 -0.0049380504447564246 -0.10124907553779368 0.036613813167046309 -0.070443222727517837 0.05654459856110762 0.051942801950599859
leaf_weight=96.376354187726974 4.6198063790798249 4.5709092840552312 6.8234639018774015 6.6682506501674652 4.5749872475862494 84.434695050120354 5.7930934578180304 28.065967813134193 13.828451365232466 6.4558625668287268 4.4093414396047592
leaf_count=416 22 21 31 30 23 375 24 124 61 29 20
internal_value=-1.98073e-05 -0.0145193 0.00242425 0.0438952 -0.0366684 -0.000182141 -0.0111217 0.00774968 -0.0523554 0.0185166 -0.00882153
internal_weight=266.621 38.4594 228.162 13.4917 23.0232 214.67 90.2278 124.442 18.4483 15.4361 8.98025
internal_count=1176 176 1000 61 106 939 399 540 83 70 41
is_linear=0
shrinkage=0.1


Tree=54
num_leaves=10
num_cat=0
split_feature=9 6 8 9 5 1 6 6 2
split_gain=0.970913 2.42488 1.97918 1.79243 2.21504 2.01688 1.73656 4.92741 2.61055
threshold=0.035852982428364412 6.7926492691040048 0.036533883074555407 0.037924661209185355 0.22667919495635361 5.5680785223233622 7.5002935945916276 7.2804412841796884 5.9446190223178235
decision_type=2 2 2 2 2 2 2 2 2
left_child=2 -2 6 5 -5 -3 7 -1 -8
right_child=1 3 -4 4 -6 -7 8 -9 -10
leaf_value=0.0023985326283217675 0.044878994194965029 -0.08446599203344772 0.066084182592779095 0.047114475093162016 -0.03549623825245548 -0.0018180826632048759 0.012153074707736902 -0.056769334772925499 -0.02899493099023099
leaf_weight=62.580227561295033 5.3804033994674674 8.393197715282442 4.7538869082927695 5.2999927327036849 8.3737866282463056 4.5551696568727484 131.05064911395311 18.159131094813347 17.474039793014526
leaf_count=279 26 40 21 25 39 20 571 79 76
internal_value=-1.46624e-05 -0.0163514 0.00221943 -0.0287262 -0.00347611 -0.0553909 0.000895163 -0.0109089 0.00731198
internal_weight=266.02 32.0026 234.018 26.6221 13.6738 12.9484 229.264 80.7394 148.525
internal_count=1176 150 1026 124 64 60 1005 358 647
is_linear=0
shrinkage=0.1


Tree=55
num_leaves=11
num_cat=0
split_feature=0 7 0 5 1 8 0 5 1 9
split_gain=0.90458 3.43841 1.82124 4.28023 4.13349 3.11091 2.47699 3.95813 2.49188 0.785985
threshold=6.4442858420069902 8.0626129058270291 6.1601924094161413 0.29217517495142287 5.5574165335380616 0.028772573969900753 6.044047147895669 0.41335655657462483 5.7753400971877147 0.030369047608873555
decision_type=2 2 2 2 2 2 2 2 2 2
left_child=2 9 6 5 -5 -4 8 -8 -1 -2
right_child=1 -3 3 4 -6 -7 7 -9 -10 -11
leaf_value=-0.0026381008687900221 -0.026908811762226384 0.035062134906294326 0.13987792213301606 -0.091223307675811896 0.024538631292855478 0.024911942559762503 -0.096877011745969133 0.023735689657177265 0.033654211947224441 -0.086364800927045904
leaf_weight=192.27102489769459 3.7550872415304166 6.0236742943525305 4.5396409332752246 4.1007241308689144 12.446784719824789 4.8879653587937355 6.6116281002759916 4.6235498189926147 20.98371160030365 5.4510538578033447
leaf_count=846 20 28 19 19 56 22 28 20 92 26
internal_value=-1.62715e-05 -0.0236786 0.00142255 0.0264911 -0.00414894 0.0802711 -0.00147807 -0.0472419 0.000932968 -0.0621133
internal_weight=265.695 15.2298 250.465 25.9751 16.5475 9.42761 224.49 11.2352 213.255 9.20614
internal_count=1176 74 1102 116 75 41 986 48 938 46
is_linear=0
shrinkage=0.1


Tree=56
num_leaves=10
num_cat=0
split_feature=8 8 8 5 5 7 1 3 1
split_gain=0.956963 2.91958 2.06359 3.08432 3.92918 2.85254 1.81394 5.75143 3.37256
threshold=0.026450343355878203 0.026573653231677302 0.025633221885853801 0.13173488245847156 0.74524760256319644 8.387883790038968 5.0242370616701431 1.1245358988994292 5.0642684814225216
decision_type=2 2 2 2 2 2 2 2 2
left_child=2 -2 3 -1 -5 -4 7 -3 -8
right_child=1 6 5 4 -6 -7 8 -9 -10
leaf_value=-0.060089034264326394 0.094658919929982446 0.033502517783804454 -0.085494313116062981 0.031116681795343493 -0.070687814338578611 0.0020410272902884152 0.069374925877162319 -0.09951167357670801 0.0011876451290946475
leaf_weight=6.7461253032088271 3.4115528315305701 6.3339219987392408 7.783427454531191 24.076320134103302 4.4996558576822272 7.1357384920120239 7.5400064885616294 6.6780595481395721 190.94673626124859
leaf_count=30 15 28 35 105 21 30 34 34 844
internal_value=-1.76602e-05 0.00288705 -0.0124427 0.000728615 0.0150863 -0.0436267 0.00140673 -0.0347635 0.00377791
internal_weight=265.152 214.91 50.2413 35.3221 28.576 14.9192 211.499 13.012 198.487
internal_count=1176 955 221 156 126 65 940 62 878
is_linear=0
shrinkage=0.1


Tree=57
num_leaves=12
num_cat=0
split_feature=8 8 8 9 2 8 2 0 0 0 7
split_gain=0.858505 3.81794 3.74342 4.45576 3.90448 3.8196 5.6368 2.92877 4.66883 3.87492 2.01593
threshold=0.033419465991571355 0.033989529555289312 0.03211929227598561 0.032083920299688311 5.0718003647959344 0.032426492691544857 5.6522726920493156 5.3125810616171067 5.9139116678852597 5.1935417511267596 6.9534091861238059
decision_type=2 2 2 2 2 2 2 2 2 2 2
left_child=2 -2 3 10 -5 -4 -7 9 -9 -3 -1
right_child=1 7 5 4 -6 6 -8 8 -10 -11 -12
leaf_value=-0.020969409680858298 -0.075971587586455475 -0.007514100210476278 0.11721049239650567 0.00041094299489495323 -0.12184308765764218 -0.016411100541903586 0.11530971213186181 0.045816168049942735 -0.031176012978094959 -0.10762774119586477 0.0075699293642439037
leaf_weight=30.212013199925423 7.7281524986028662 18.741486638784412 5.1944064348936108 4.9005368053913099 5.5949481874704361 12.112044975161554 4.4396523237228385 21.558133065700531 12.410153798758982 4.8709385693073264 136.92205577343702
leaf_count=141 34 83 24 22 24 52 20 99 58 23 596
internal_value=-2.30816e-05 -0.00997386 0.00323646 -0.0015579 -0.0647604 0.0423985 0.0189203 -0.00111603 0.0176874 -0.0281663 0.00241101
internal_weight=264.685 65.3089 199.376 177.63 10.4955 21.7461 16.5517 57.5807 33.9683 23.6124 167.134
internal_count=1176 297 879 783 46 96 72 263 157 106 737
is_linear=0
shrinkage=0.1


Tree=58
num_leaves=10
num_cat=0
split_feature=8 8 7 2 2 8 7 0 8
split_gain=0.824547 2.63825 4.39712 2.25159 2.39245 1.80143 2.08312 6.15653 2.44409
threshold=0.026450343355878203 0.027152557871517855 7.9996332965968904 6.3515056206138709 6.0310421255956497 0.026116353202888954 8.7001721913567565 5.7188055664300927 0.025490977079086704
decision_type=2 2 2 2 2 2 2 2 2
left_child=5 2 -2 4 -3 6 8 -8 -1
right_child=1 3 -4 -5 -6 -7 7 -9 -10
leaf_value=-0.0030393448146409747 0.092065523648940384 -0.0013305916728197852 -0.017520103924045093 -0.056419041194036283 0.043161469019756094 -0.064214469610526501 0.11446056955912215 -0.029389433242821124 -0.068733653685900939
leaf_weight=24.550821185112003 8.2400970160961133 179.44251927733421 6.5896472483873358 6.9133756011724463 12.958690039813517 5.7554871439933768 5.0859424322843534 7.168911874294281 7.3612154126167288
leaf_count=110 36 801 29 31 58 25 22 31 33
internal_value=-1.9066e-05 0.00267895 0.0433708 -0.000348668 0.00166606 -0.0115923 -0.00473504 0.0303104 -0.0181932
internal_weight=264.067 214.144 14.8297 199.315 192.401 49.9224 44.1669 12.2549 31.912
internal_count=1176 955 65 890 859 221 196 53 143
is_linear=0
shrinkage=0.1


Tree=59
num_leaves=11
num_cat=0
split_feature=4 5 7 6 4 0 0 1 1 2
split_gain=0.816972 2.48851 3.38438 3.81196 1.66412 3.06076 2.27383 2.09448 1.61031 1.35002
threshold=1.0022931867627951 0.86537816009094859 7.591013545457705 8.5424272827458623 0.72009509993646559 5.7767821550369272 5.304573303705836 5.9421777296100968 5.0818831253789085 4.9909944321388018
decision_type=2 2 2 2 2 2 2 2 2 2
left_child=4 -2 -3 -4 7 6 -6 8 -1 -7
right_child=1 2 3 -5 5 9 -8 -9 -10 -11
leaf_value=0.023595389859658866 -0.076196423555797477 0.069320029489392601 -0.09742089605147855 0.027255352643178805 0.029497636250487454 0.025091184241216449 -0.045627216860698004 -0.055502416783237064 -0.0028924867549784067 0.095646227470607581
leaf_weight=26.250439487397671 5.57415493577719 4.9837098568677893 4.6615597903728467 5.1745497584342957 9.4319594502449089 4.7468809187412244 7.0332485213875762 6.9150980412960044 182.64205650985241 6.3262848109006882
leaf_count=120 26 23 21 24 44 21 32 29 805 31
internal_value=-1.35014e-05 -0.019239 0.00218436 -0.0318316 0.00159772 0.0247474 -0.00259256 -0.00135632 0.000436108 0.0654005
internal_weight=263.74 20.394 14.8198 9.83611 243.346 27.5384 16.4652 215.808 208.892 11.0732
internal_count=1176 94 68 45 1082 128 76 954 925 52
is_linear=0
shrinkage=0.1


Tree=60
num_leaves=5
num_cat=0
split_feature=0 0 0 0
split_gain=0.831448 1.31827 3.47179 2.37573
threshold=4.1348518676619932 4.6059708206157675 4.7273780956649185 4.8436065093333633
decision_type=2 2 2 2
left_child=-1 -2 -3 -4
right_child=1 2 3 -5
leaf_value=-0.087183542529443242 0.041591243231052955 -0.086394408172849352 0.064093347118111307 -0.00077275008806064862
leaf_weight=1.0896237492561329 7.5286702662706366 4.659417361021041 5.7797474414110175 244.48757195472717
leaf_count=5 34 20 26 1091
internal_value=-1.10135e-05 0.000350897 -0.000867041 0.000725287
internal_weight=263.545 262.455 254.927 250.267
internal_count=1176 1171 1137 1117
is_linear=0
shrinkage=0.1


Tree=61
num_leaves=9
num_cat=0
split_feature=2 0 1 0 1 3 0 0
split_gain=0.828035 0.929153 3.05853 4.34925 3.6928 3.04695 4.10443 3.02123
threshold=4.2402228804446382 5.2666054834046703 5.1064407592175458 5.4485978442949561 5.1423958633225535 2.8371355912127902 5.1935417511267596 4.7273780956649185
decision_type=2 2 2 2 2 2 2 2
left_child=-1 5 3 -3 -4 6 -2 -7
right_child=1 2 4 -5 -6 7 -8 -9
leaf_value=-0.0363494869863068 -0.0077185232678065657 0.13245865390682454 -0.085973008464260023 0.0085435451313460344 0.0039119898659507601 -0.030532048750562254 -0.076784930201283089 0.047419422672008438
leaf_weight=6.1243212521076194 47.882068999111652 4.4178612381219846 4.706070475280284 7.8930002227425575 158.88192553073168 7.2634580582380321 10.48928242921829 15.760705336928366
leaf_count=35 210 19 22 38 702 32 46 72
internal_value=-9.30353e-06 0.000855694 0.00494357 0.0530116 0.00132619 -0.00797836 -0.0201297 0.022828
internal_weight=263.419 257.294 175.899 12.3109 163.588 81.3955 58.3714 23.0242
internal_count=1176 1141 781 57 724 360 256 104
is_linear=0
shrinkage=0.1


Tree=62
num_leaves=5
num_cat=0
split_feature=5 7 6 0
split_gain=0.855147 1.27739 2.40881 1.89433
threshold=1.0181523596603783 5.1624958990402474 5.4657592773437509 4.6059708206157675
decision_type=2 2 2 2
left_child=1 -1 -3 -4
right_child=-2 2 3 -5
leaf_value=0.10648313366747503 -0.034644164504937111 -0.11128065911409715 0.052663715709888731 -0.00015616878836889966
leaf_weight=1.1413701325654972 6.9410507678985587 1.9148679077625264 6.9825510978698722 246.04832347482443
leaf_count=6 33 9 31 1097
internal_value=-1.03258e-05 0.000928399 0.000455839 0.00130143
internal_weight=263.028 256.087 254.946 253.031
internal_count=1176 1143 1137 1128
is_linear=0
shrinkage=0.1


Tree=63
num_leaves=10
num_cat=0
split_feature=9 1 1 0 8 5 2 4 3
split_gain=0.822411 1.84624 4.74366 2.09788 1.49661 1.57079 3.66281 2.36655 0.731387
threshold=0.035852982428364412 5.1036310755395977 5.3421607366191948 6.1468015473146815 0.036533883074555407 0.78941855460780774 5.087575050529094 0.72009509993646559 2.3678644732871761
decision_type=2 2 2 2 2 2 2 2 2
left_child=4 -2 8 -4 5 7 -7 -1 -3
right_child=1 2 3 -5 -6 6 -8 -9 -10
leaf_value=0.00050603762398088864 0.033678289989165271 -0.11132559170040812 0.027686709746491026 -0.053662108003504821 0.058132739865079455 0.023200871915886434 -0.057430805160102641 0.040031619278920474 -0.054901580614957528
leaf_weight=187.10258403420448 6.2080688476562527 4.8143875896930712 11.697833947837355 4.3486134856939307 4.6626683324575415 9.6702894642949122 13.497086659073828 16.482577607035637 4.3940380215644836
leaf_count=821 30 25 54 21 21 45 62 77 20
internal_value=-1.07988e-05 -0.01518 -0.0271902 0.00564105 0.00205159 0.000898406 -0.0237744 0.00370609 -0.0844014
internal_weight=262.878 31.4629 25.2549 16.0464 231.415 226.753 23.1674 203.585 9.20843
internal_count=1176 150 120 75 1026 1005 107 898 45
is_linear=0
shrinkage=0.1


Tree=64
num_leaves=7
num_cat=0
split_feature=1 7 1 7 3 8
split_gain=0.850087 2.72139 2.18853 2.05987 1.90354 0.843748
threshold=5.0242370616701431 5.7641024671021386 5.0494875907575318 6.2965226673406987 2.0076648821226839 0.030276851416920856
decision_type=2 2 2 2 2 2
left_child=4 -2 -3 -4 5 -1
right_child=1 2 3 -5 -6 -7
leaf_value=-0.020699858877294232 -0.12853010746715662 0.055546733024988783 0.046868069524488437 -0.0012214484420212033 -0.066457113568721068 0.034389424275660295
leaf_weight=6.5066733956336993 1.5989187359809864 7.497949704527854 9.2715233489871007 226.63531427830458 6.0884440988302222 4.8544632717967033
leaf_count=28 11 34 45 1003 33 22
internal_value=-1.39948e-05 0.00150484 0.00235904 0.000668548 -0.0213395 0.00283906
internal_weight=262.453 245.004 243.405 235.907 17.4496 11.3611
internal_count=1176 1093 1082 1048 83 50
is_linear=0
shrinkage=0.1


Tree=65
num_leaves=11
num_cat=0
split_feature=8 9 4 2 3 1 2 2 2 1
split_gain=0.758335 2.32173 6.2359 2.17333 2.19472 1.7272 3.76228 2.5814 1.91404 1.38455
threshold=0.026450343355878203 0.027530726399934504 0.24804687500000003 6.3515056206138709 3.7218560639617539 5.8155739205712544 5.2382626680657385 5.0634547195770763 5.5137203569184612 5.5483876908065799
decision_type=2 2 2 2 2 2 2 2 2 2
left_child=5 2 -2 4 -3 6 7 -1 -7 -8
right_child=1 3 -4 -5 -6 8 9 -9 -10 -11
leaf_value=-0.019382876812130103 -0.040183748750404105 0.0045434036877135013 0.10651101452276249 -0.058348090782758467 -0.04051528009329218 -0.018230709532405 -0.11182290021963692 0.047592099565263127 0.074242241269611348 -0.037297687764498169
leaf_weight=22.875964507460598 4.9643919020891172 183.16178601980209 6.9611764699220657 6.1808013767004004 11.487902797758577 4.4214709699153882 4.815061688423155 7.6891147494316092 4.5332025289535522 5.1690027564764023
leaf_count=105 21 820 32 28 54 20 21 33 20 22
internal_value=-1.78444e-05 0.00257599 0.0454447 3.03957e-05 0.00188411 -0.0111656 -0.0199434 -0.00253429 0.0285827 -0.0732393
internal_weight=262.26 212.756 11.9256 200.83 194.65 49.5038 40.5491 30.5651 8.95467 9.98406
internal_count=1176 955 53 902 874 221 181 138 40 43
is_linear=0
shrinkage=0.1


Tree=66
num_leaves=10
num_cat=0
split_feature=3 3 3 7 6 7 7 7 2
split_gain=0.812563 3.6153 3.33363 2.52423 8.00526 4.83058 2.42484 2.07762 1.67606
threshold=1.7808692464645641 1.8991510970204903 1.7284016990877864 7.248672788862291 7.0034027099609384 7.5001428769932241 5.7641024671021386 6.6934343539584997 5.3456921276624376
decision_type=2 2 2 2 2 2 2 2 2
left_child=2 8 3 4 -1 -5 -3 -8 -2
right_child=1 6 -4 5 -6 -7 7 -9 -10
leaf_value=-0.0087805261862082609 0.082517177387515198 -0.12156120798838344 -0.07611894703615607 -0.11648075769871812 0.13903186972104792 -0.00411790255905513 0.032037955633550663 -0.0028915292665198664 0.0065055414667279645
leaf_weight=15.49209499359131 8.0189526826143247 1.6371514312922943 6.7924655228853217 4.3721076026558867 4.7989728897809973 30.635675549507141 18.965799726545811 166.72679515182972 4.5450737178325644
leaf_count=69 35 14 30 20 20 133 92 743 20
internal_value=-1.33198e-05 0.00309057 -0.0100058 -0.00188502 0.0261781 -0.0181509 -0.000392271 0.00067601 0.0550197
internal_weight=261.985 199.894 62.0913 55.2989 20.2911 35.0078 187.33 185.693 12.564
internal_count=1176 904 272 242 89 153 849 835 55
is_linear=0
shrinkage=0.1


Tree=67
num_leaves=13
num_cat=0
split_feature=5 4 6 8 9 3 4 5 2 3 6 9
split_gain=0.75863 4.19505 3.96798 4.02393 3.51318 4.61034 4.27604 3.10596 2.65294 2.25583 2.40401 1.40973
threshold=0.16374290288328003 0.13353447758896753 8.5603208711545467 0.029469900751704053 0.030416682316029703 1.5430992789448406 0.040100828489812557 0.13173488245847156 5.5453378432583049 1.3629662894872359 5.7576565601287664 0.033647486772486704
decision_type=2 2 2 2 2 2 2 2 2 2 2 2
left_child=4 2 3 -2 7 -6 -7 8 -1 11 -11 -3
right_child=1 9 -4 -5 5 6 -8 -9 -10 10 -12 -13
leaf_value=-0.0089421436464723596 0.04485744667573946 -0.014902864877453998 -0.11558804802484637 -0.067794499534681307 0.11785664109026091 -0.0080239803746153578 0.089094842452616577 0.057325697568391024 -0.081145470494793981 -0.089919505420337442 0.0062089713992197985 -0.086374701505106774
leaf_weight=23.629314541816715 5.7985693365335482 7.8416036516427976 5.9498111456632605 6.996987909078598 5.4435295462608364 18.291291043162349 6.0274188220500937 5.4849331974983206 6.4854713678359976 2.6437976509332648 162.78943989798427 4.2583947852253914
leaf_count=108 26 34 25 31 23 83 27 24 27 14 733 21
internal_value=-1.898e-05 -0.00312632 -0.0481172 -0.016744 0.0093122 0.0346681 0.016047 -0.0118859 -0.0244917 0.00162418 0.00467274 -0.0400562
internal_weight=261.641 196.279 18.7454 12.7956 65.362 29.7622 24.3187 35.5997 30.1148 177.533 165.433 12.1
internal_count=1176 884 82 57 292 133 110 159 135 802 747 55
is_linear=0
shrinkage=0.1


Tree=68
num_leaves=12
num_cat=0
split_feature=3 2 9 8 4 6 4 5 5 0 5
split_gain=0.759579 4.19963 3.04811 4.23555 4.04098 3.95626 3.5169 3.09983 2.19321 5.44619 4.88456
threshold=2.6400049021307561 4.3382416151636845 0.028747748493748056 0.029417833263222604 0.42886734008789068 8.3671405227869418 0.040100828489812557 0.19235036454515311 0.44417397865162495 5.4114629578700733 0.40138354610313892
decision_type=2 2 2 2 2 2 2 2 2 2 2
left_child=1 -1 6 5 -5 -4 -2 -8 10 -10 -3
right_child=2 8 3 4 -6 -7 7 -9 9 -11 -12
leaf_value=-0.14418878428547935 -0.083452229193153371 0.00017965647380549681 0.010366172619628326 -0.018235502948855377 0.041741169637331266 0.13338127554977758 0.078363842172500239 -0.015798352324016673 -0.053328609475404215 0.008093141729306445 0.079828393356675853
leaf_weight=2.1069593131542197 6.3858586996793738 103.22468197718263 4.7144743092358095 25.341945182532072 20.17849288880825 5.8689543455839157 4.1715135574340847 21.593215100467205 24.875277936458588 34.399106942117214 8.3202032148838025
leaf_count=12 30 449 23 117 93 28 19 98 114 156 37
internal_value=-1.74541e-05 -0.00387005 0.00753135 0.0215998 0.00835121 0.0785832 -0.0170185 -0.000552748 -0.0021393 -0.0176833 0.00612071
internal_weight=261.181 172.926 88.2545 56.1039 45.5204 10.5834 32.1506 25.7647 170.819 59.2744 111.545
internal_count=1176 768 408 261 210 51 147 117 756 270 486
is_linear=0
shrinkage=0.1


Tree=69
num_leaves=13
num_cat=0
split_feature=5 4 6 7 9 9 4 5 9 9 2 2
split_gain=0.73408 3.40181 3.2824 3.21965 2.86117 3.85148 2.97585 2.23622 2.06334 6.56515 3.09925 2.00718
threshold=0.16374290288328003 0.13353447758896753 8.5603208711545467 7.7726471345946999 0.030416682316029703 0.032083920299688311 0.040100828489812557 0.13173488245847156 0.030815198411704051 0.030557638319076205 5.6694032847124562 5.5453378432583049
decision_type=2 2 2 2 2 2 2 2 2 2 2 2
left_child=4 2 3 -2 7 -6 -7 11 9 -3 -10 -1
right_child=1 8 -4 -5 5 6 -8 -9 10 -11 -12 -13
leaf_value=-0.0070720124266566847 -0.059129632516575152 0.0048383548222983332 -0.10501131055216324 0.042221969212159614 0.089804434071813932 -0.009415209925124006 0.083212303767637996 0.049088755045755002 -0.021299009890385207 0.12071082074609785 0.026060462359556075 -0.069870721994290438
leaf_weight=23.467486683279279 7.2040174007415789 91.897865515202284 5.9441137015819541 5.5483513623476028 8.3238010257482546 16.918295588344339 4.3628313839435569 5.4236725121736518 61.830912336707115 5.1645131185650817 17.794692695140839 6.4991377443075171
leaf_count=108 32 413 25 25 36 77 20 24 282 24 83 27
internal_value=-1.38806e-05 -0.00307629 -0.0436396 -0.0150332 0.00919215 0.032132 0.0095743 -0.00999767 0.00121597 0.0110037 -0.0107151 -0.0206917
internal_weight=260.38 195.384 18.6965 12.7524 64.9952 29.6049 21.2811 35.3903 176.688 97.0624 79.6256 29.9666
internal_count=1176 884 82 57 292 133 97 159 802 437 365 135
is_linear=0
shrinkage=0.1


Tree=70
num_leaves=6
num_cat=0
split_feature=9 8 8 8 1
split_gain=0.699764 2.98182 1.15467 3.25363 2.01551
threshold=0.041695067972643711 0.041177773608121755 0.037969823687485305 0.036933506266117154 5.5483876908065799
decision_type=2 2 2 2 2
left_child=1 2 3 -1 -4
right_child=-2 -3 4 -5 -6
leaf_value=0.00084943464756280247 0.038183583302177151 -0.083251777159720319 -0.0026546588159692443 -0.081047169403474825 0.079072102219587381
leaf_weight=233.19360881671309 4.7105103135108939 4.3030750826001158 7.4890467673540098 4.9541086405515662 5.0539344996213913
leaf_count=1049 23 21 35 24 24
internal_value=-7.94702e-06 -0.000713461 0.000703299 -0.000854233 0.0302754
internal_weight=259.704 254.994 250.691 238.148 12.543
internal_count=1176 1153 1132 1073 59
is_linear=0
shrinkage=0.1


Tree=71
num_leaves=12
num_cat=0
split_feature=2 0 6 4 2 7 6 1 3 7 0
split_gain=0.702539 2.80064 3.34304 3.60321 3.59573 2.01986 4.72815 7.51304 3.80525 4.32664 2.85981
threshold=4.9909944321388018 5.1679416446908961 7.3037649900652477 0.29199337959289556 4.8842216415180788 8.5325901261029333 7.7400276341035701 5.7622640962579927 3.2901494209357192 8.7769373741362848 4.8702661057227408
decision_type=2 2 2 2 2 2 2 2 2 2 2
left_child=1 -1 3 -3 -4 6 10 -8 9 -7 -2
right_child=5 2 4 -5 -6 8 7 -9 -10 -11 -12
leaf_value=-0.085944756894479266 0.039863879351506315 -0.0085895906915094966 -0.0037962770440026234 0.082731657277984705 -0.072215664509569608 -0.065485352265876151 0.063860505285032329 -0.020643691772057465 0.054663803890821788 -0.0022715735593853295 -0.012539687400147881
leaf_weight=4.3625323101878157 12.309734567999838 9.1035361513495463 43.572927996516228 8.2236059345304948 9.3250395730137807 15.759695842862127 31.304322987794876 15.847086310386656 7.4174381121993056 34.596464581787586 67.619626209139824
leaf_count=21 58 48 201 39 43 68 141 70 34 153 300
internal_value=-7.74225e-06 -0.00819987 -0.00337019 0.0347522 -0.0158575 0.00329773 0.0103458 0.0354595 -0.0122054 -0.0220552 -0.00446914
internal_weight=259.442 74.5876 70.2251 17.3271 52.898 184.854 127.081 47.1514 57.7736 50.3562 79.9294
internal_count=1176 352 331 87 244 824 569 211 255 221 358
is_linear=0
shrinkage=0.1


Tree=72
num_leaves=9
num_cat=0
split_feature=2 3 5 1 7 7 6 6
split_gain=0.719048 2.57369 1.79533 3.90782 3.32075 1.14993 1.96104 1.42301
threshold=4.5950697702516221 1.8913835951828093 0.34103543811717479 5.1690630547110326 7.1211892990159926 5.6158115413973384 5.7576565601287664 6.7926492691040048
decision_type=2 2 2 2 2 2 2 2
left_child=1 -1 4 -4 -3 -2 -7 -8
right_child=5 2 3 -5 -6 6 7 -9
leaf_value=-0.10496512002861352 0.085322719563603336 -0.027743612198402032 0.034487792931654396 -0.096221972751704965 0.070214349716762922 -0.075728253974006662 0.022027485688825937 -0.00089040955469189647
leaf_weight=2.8769902288913753 1.6352284997701634 7.4020124264061469 4.0828635692596418 5.2008842527866364 6.4991992264986038 3.2695268616080275 31.430134832859039 196.3411583378911
leaf_count=13 8 44 21 24 30 17 143 876
internal_value=-4.66165e-06 -0.0157561 -0.00468631 -0.0387376 0.0180544 0.00175965 0.00116822 0.00227203
internal_weight=258.738 26.0619 23.185 9.28375 13.9012 232.676 231.041 227.771
internal_count=1176 132 119 45 74 1044 1036 1019
is_linear=0
shrinkage=0.1


Tree=73
num_leaves=11
num_cat=0
split_feature=6 9 0 1 0 0 3 5 5 1
split_gain=0.699976 4.5464 1.65593 3.79772 2.65434 1.87666 1.62417 1.45583 1.29223 0.84603
threshold=9.9446690830902202 0.028332007854091804 6.4442858420069902 5.8930683863966502 6.2658411729223937 6.6517413649708041 2.6462039436003564 0.086714609827403658 0.42960168648136665 5.7782731929672986
decision_type=2 2 2 2 2 2 2 2 2 2
left_child=2 6 4 5 7 -4 -2 -1 -3 -6
right_child=1 8 3 -5 9 -7 -8 -9 -10 -11
leaf_value=0.016684814615121172 0.0078047259658852288 0.10235959014307892 -0.047796483692455066 -0.11236820426809216 0.024763501907215973 0.050536957243908602 -0.076276933668193381 -0.0057646307254648546 0.029146842452639821 0.078071213592017824
leaf_weight=34.391771897673607 4.8940552920103091 4.9256222695112211 3.6623554080724698 4.3450770825147629 7.8562319800257665 4.1287953406572342 4.3298768997192383 180.46989670395851 4.7219981402158737 4.7938507497310638
leaf_count=152 22 23 20 19 37 21 20 818 23 21
internal_value=-1.00915e-05 0.0185328 -0.00147029 -0.0374613 0.000449593 0.00431375 -0.0316647 -0.00217127 0.0665258 0.0449649
internal_weight=258.52 18.8716 239.648 12.1362 227.512 7.79115 9.22393 214.862 9.64762 12.6501
internal_count=1176 88 1088 60 1028 41 42 970 46 58
is_linear=0
shrinkage=0.1


Tree=74
num_leaves=8
num_cat=0
split_feature=1 7 1 5 2 7 9
split_gain=0.718942 1.94283 1.85507 2.43689 1.65376 1.49628 1.37704
threshold=5.0242370616701431 5.7641024671021386 5.1629751446696019 0.050378006724368159 4.2402228804446382 7.0934920339228649 0.027818598352963804
decision_type=2 2 2 2 2 2 2
left_child=5 -2 3 -3 -4 6 -1
right_child=1 2 4 -5 -6 -7 -8
leaf_value=0.057135243706302241 -0.12091844005593484 -0.049127973096667485 -0.093825322225432745 0.031434218753511205 -0.00085480738101101697 -0.05426126815295701 -0.021530853348864967
leaf_weight=3.394488453865053 1.2916080877184857 4.2284234911203376 1.9317602887749661 33.513172708451748 200.16455189138651 7.2599257454276076 6.4599309712648392
leaf_count=15 11 19 12 151 900 34 34
internal_value=-7.27435e-06 0.00139841 0.00205712 0.0224083 -0.00174348 -0.0198124 0.00556675
internal_weight=258.244 241.13 239.838 37.7416 202.096 17.1143 9.85442
internal_count=1176 1093 1082 170 912 83 49
is_linear=0
shrinkage=0.1


Tree=75
num_leaves=6
num_cat=0
split_feature=8 8 8 8 4
split_gain=0.677551 1.74271 2.20197 2.75963 1.11296
threshold=0.043185756566925408 0.039426683615456155 0.037969823687485305 0.036933506266117154 0.27121145464479929
decision_type=2 2 2 2 2
left_child=1 2 3 -1 -3
right_child=-2 4 -4 -5 -6
leaf_value=0.00080678947120101671 0.039716508485614539 -0.0099188503010036299 0.053744973871840962 -0.075096471141136989 -0.079069882955780421
leaf_weight=231.89011770859361 4.222407989203929 4.8502348661422712 7.6512702554464331 4.8909737467765799 4.474759615957737
leaf_count=1049 21 23 36 24 23
internal_value=-1.24785e-05 -0.000673551 0.000945083 -0.000761076 -0.0431022
internal_weight=257.98 253.757 244.432 236.781 9.32499
internal_count=1176 1155 1109 1073 46
is_linear=0
shrinkage=0.1


Tree=76
num_leaves=6
num_cat=0
split_feature=0 0 0 7 0
split_gain=0.612675 2.79215 1.80413 4.35955 2.47785
threshold=4.6059708206157675 4.7273780956649185 4.9146512002334939 7.4524754175723347 4.9424262903630742
decision_type=2 2 2 2 2
left_child=-1 -2 3 -3 -4
right_child=1 2 4 -5 -6
leaf_value=0.027026366627819272 -0.078337851010615842 -0.043187046264800043 -0.10450636956909616 0.083426831825933134 -0.00035398857495893329
leaf_weight=8.11634563654661 4.5699608922004691 4.2121969014406186 2.307042956352233 7.6735895574092865 230.87351043894887
leaf_count=39 20 21 10 35 1051
internal_value=-1.24225e-05 -0.000891526 0.000552682 0.0385562 -0.00138445
internal_weight=257.753 249.636 245.066 11.8858 233.181
internal_count=1176 1137 1117 56 1061
is_linear=0
shrinkage=0.1


Tree=77
num_leaves=7
num_cat=0
split_feature=1 7 1 7 2 7
split_gain=0.605154 1.74606 1.66461 1.75897 1.36012 1.6587
threshold=5.0242370616701431 5.7641024671021386 5.0494875907575318 6.2965226673406987 4.8842216415180788 7.0934920339228649
decision_type=2 2 2 2 2 2
left_child=4 -2 -3 -4 -1 -6
right_child=1 2 3 -5 5 -7
leaf_value=-0.069415415212644785 -0.11912692160889962 0.048668152693875082 0.043721442108019891 -0.0013559814935551612 0.02562694915403655 -0.047772579330867204
leaf_weight=3.9787864759564426 1.1983925290405739 7.3701839447021475 9.0062051266431791 222.9226446300745 8.0053200721740705 5.0028540417551985
leaf_count=24 11 34 45 1003 36 23
internal_value=-1.01703e-05 0.00127826 0.00188124 0.000394454 -0.0182514 -0.002602
internal_weight=257.484 240.497 239.299 231.929 16.987 13.0082
internal_count=1176 1093 1082 1048 83 59
is_linear=0
shrinkage=0.1


Tree=78
num_leaves=9
num_cat=0
split_feature=6 6 7 7 5 6 8 7
split_gain=0.615732 4.10827 3.91153 3.38551 2.24186 1.91634 2.4557 2.35067
threshold=9.5328348015713704 9.3643413204699772 8.8923723479442405 9.2991706044859352 0.55301416353458255 9.1263680458068865 0.027556999305185455 8.5325901261029333
decision_type=2 2 2 2 2 2 2 2
left_child=1 5 -2 -4 -5 7 -7 -1
right_child=2 -3 3 4 -6 6 -8 -9
leaf_value=0.0025988144752141671 -0.071523654156313107 -0.074204593319746909 0.092966786397504095 0.035524477590389708 -0.037325411782222144 -0.02238508142954844 0.070373525256041569 -0.028680108076152407
leaf_weight=180.66009077429771 4.5249515846371677 7.5660188496112815 6.2770313546061542 11.019039124250414 6.8504731655120841 4.3471803218126288 8.309703588485716 27.711830019950867
leaf_count=833 21 33 29 50 32 19 37 122
internal_value=-1.38968e-05 -0.00174649 0.0137999 0.0297891 0.00759667 0.000733818 0.0385143 -0.00156104
internal_weight=257.266 228.595 28.6715 24.1465 17.8695 221.029 12.6569 208.372
internal_count=1176 1044 132 111 82 1011 56 955
is_linear=0
shrinkage=0.1


Tree=79
num_leaves=11
num_cat=0
split_feature=6 6 0 0 0 7 4 4 1 2
split_gain=0.653255 3.73972 2.41214 2.19686 5.45917 4.29623 4.54104 3.85097 2.96338 1.55386
threshold=7.8872190378071432 7.9309417066300965 4.7561118295392371 5.3483481670698447 5.2666054834046703 7.1716042364014276 0.13734547394137403 0.068350870627909857 5.608626168738005 4.0509696264179214
decision_type=2 2 2 2 2 2 2 2 2 2
left_child=3 -2 -3 4 8 6 -5 -7 -1 -4
right_child=1 2 9 5 -6 7 -8 -9 -10 -11
leaf_value=-0.010616316643256577 0.11032703454447763 -0.073371673589261138 -0.090248406811090018 -0.039636475263082782 0.085256536228960803 0.03343316262921657 0.033883178523852885 -0.06234972177057263 0.074591416659921903 0.0059985697985317811
leaf_weight=47.326726511120796 3.2806261926889411 4.0886922478675833 1.7006014809012402 13.661346510052679 8.0488808602094633 5.0616490393877056 21.820008032023907 24.587557040154934 4.4668234288692465 122.99104924499989
leaf_count=216 15 18 10 68 35 22 104 110 22 556
internal_value=-1.06777e-05 0.00489351 0.00220763 -0.00519301 0.00863887 -0.0179018 0.00557599 -0.0459979 -0.00326776 0.00468591
internal_weight=257.034 132.061 128.78 124.973 59.8424 65.1306 35.4814 29.6492 51.7935 124.692
internal_count=1176 599 584 577 273 304 172 132 238 566
is_linear=0
shrinkage=0.1


Tree=80
num_leaves=5
num_cat=0
split_feature=0 0 0 0
split_gain=0.661891 2.16187 1.59652 1.28636
threshold=4.6059708206157675 4.7273780956649185 4.8436065093333633 4.8526365484285643
decision_type=2 2 2 2
left_child=-1 -2 -3 -4
right_child=1 2 3 -5
leaf_value=0.028169694769052213 -0.069671092879332472 0.053816417884397144 -0.10903875686179754 -0.00038446635131352897
leaf_weight=8.0731602460145933 4.4917037561535826 5.4579801708459845 1.0946281254291523 237.43768890947104
leaf_count=39 20 26 5 1086
internal_value=-9.50361e-06 -0.000925043 0.000340527 -0.000883082
internal_weight=256.555 248.482 243.99 238.532
internal_count=1176 1137 1117 1091
is_linear=0
shrinkage=0.1


Tree=81
num_leaves=12
num_cat=0
split_feature=6 6 0 7 9 9 9 7 3 6 3
split_gain=0.623497 4.18203 2.0361 3.26169 1.77894 3.21833 3.41074 2.83586 2.88852 2.18907 1.41739
threshold=7.5002935945916276 7.4568878412246713 4.7808846754838257 7.282441810709158 0.034883917401302554 0.03276311976551511 0.032331211233085459 7.7271561501688639 2.0735738982274001 7.9535903930664071 3.2432238737073584
decision_type=2 2 2 2 2 2 2 2 2 2 2
left_child=1 2 10 -4 5 6 -2 -6 -9 -7 -1
right_child=4 -3 3 -5 7 9 -8 8 -10 -11 -12
leaf_value=0.085135494371046616 0.005827730407107907 -0.10026711658611642 0.0046565723466417356 -0.042570522184419056 -0.091914191206656837 0.10097674690398994 -0.069019001401955674 -0.056589247366573128 0.028153568375307438 0.025022089913375796 0.0035879216600757423
leaf_weight=4.2996142283081991 116.26444632932544 4.5287680029869071 60.857814844697714 19.249270305037498 4.6752037405967739 5.2762177437543896 6.4248462468385688 6.4834187328815487 10.59574883431196 13.511304825544356 4.2266737595200539
leaf_count=21 524 21 287 84 25 23 28 33 50 60 20
internal_value=-8.8063e-06 -0.00653629 -0.00174706 -0.00669183 0.00371667 0.00781031 0.00190825 -0.0229058 -0.00401563 0.0463529 0.0447105
internal_weight=256.393 93.1621 88.6334 80.1071 163.231 141.477 122.689 21.7544 17.0792 18.7875 8.52629
internal_count=1176 433 412 371 743 635 552 108 83 83 41
is_linear=0
shrinkage=0.1


Tree=82
num_leaves=12
num_cat=0
split_feature=2 0 6 2 2 7 6 1 3 4 1
split_gain=0.606828 2.33768 2.63691 2.81102 2.61206 1.62555 3.96755 5.62652 3.07967 4.40538 2.2782
threshold=4.9909944321388018 5.1679416446908961 7.195845603942872 4.8842216415180788 4.6972126246926473 8.5325901261029333 7.5466457398619413 5.7622640962579927 3.2901494209357192 0.026134564892458901 5.7679134658322182
decision_type=2 2 2 2 2 2 2 2 2 2 2
left_child=1 -1 4 -4 -3 6 10 -8 9 -7 -2
right_child=5 2 3 -5 -6 8 7 -9 -10 -11 -12
leaf_value=-0.08029375765626183 -0.013026364508940078 -0.0085632572982473031 -0.0029067495530440308 -0.062592060334395544 0.07641029032123281 -0.1019113110401462 0.05057367634742891 -0.01804589608908427 0.050117893060455769 -0.0089984611831729153 0.043573408480901479
leaf_weight=4.1825548633933058 61.564589634537697 7.1142427138984186 45.054038051515818 9.566463999450205 7.360172301530838 5.770151123404502 38.532220713794231 17.320715636014938 7.2240221872925749 44.140905231237411 8.0402697771787626
leaf_count=21 278 41 212 45 33 25 178 77 34 196 36
internal_value=-1.08276e-05 -0.00769823 -0.00330377 -0.0133603 0.0346454 0.00307425 0.00944164 0.0292939 -0.0109073 -0.01974 -0.00648835
internal_weight=255.87 73.2775 69.0949 54.6205 14.4744 182.593 125.458 55.8529 57.1351 49.9111 69.6049
internal_count=1176 352 331 257 74 824 569 255 255 221 314
is_linear=0
shrinkage=0.1


Tree=83
num_leaves=11
num_cat=0
split_feature=8 8 9 0 0 7 2 8 8 7
split_gain=0.615197 2.93772 3.76336 3.15015 3.09291 2.8063 2.79051 2.3693 2.78094 1.98809
threshold=0.033419465991571355 0.03211929227598561 0.032083920299688311 5.731253147125245 5.3251861878433502 8.99151682943182 5.0718003647959344 0.033989529555289312 0.034268375854219553 6.9534091861238059
decision_type=2 2 2 2 2 2 2 2 2 2
left_child=1 2 9 4 -3 7 -4 -2 -9 -1
right_child=5 3 6 -5 -6 -7 -8 8 -10 -11
leaf_value=-0.021446780822868355 -0.057114826005352351 0.055219414242980706 -0.0047123728421334206 0.091757026379482021 -0.04017301794060088 -0.086587365148910939 -0.10900569176067208 0.076232131444030377 -0.0029752892421301106 0.0073984621166239828
leaf_weight=29.132185321301222 7.0648124516010276 7.1676730811595935 4.8290222585201246 7.1988550424575797 6.4642544090747833 4.3022818863391867 5.4732365757226944 4.9085744991898528 45.713099993765354 132.88331213593483
leaf_count=141 32 34 22 33 29 20 24 23 222 596
internal_value=-8.72192e-06 0.00277311 -0.00151482 0.038244 0.00998436 -0.00867653 -0.0601198 -0.00286591 0.00470513 0.00221177
internal_weight=255.137 193.149 172.318 20.8308 13.6319 61.9888 10.3023 57.6865 50.6217 162.015
internal_count=1176 879 783 96 63 297 46 277 245 737
is_linear=0
shrinkage=0.1


Tree=84
num_leaves=10
num_cat=0
split_feature=4 5 3 4 0 0 4 9 0
split_gain=0.611362 2.37891 2.39366 1.26968 2.19099 1.95676 1.69488 1.4892 0.926281
threshold=1.0022931867627951 0.86537816009094859 2.4833473144325384 0.72009509993646559 5.7767821550369272 5.304573303705836 0.68751525948755454 0.028747748493748056 6.2750567576553999
decision_type=2 2 2 2 2 2 2 2 2
left_child=3 -2 -3 6 5 -5 7 -1 -6
right_child=1 2 -4 4 8 -7 -8 -9 -10
leaf_value=-0.011695328441860525 -0.073784096072011682 -0.033368468155549363 0.048879105908763064 0.02924133405432465 0.081249930162234182 -0.042529660173978905 -0.06215991862890087 0.0062895200634823711 0.020108291084914173
leaf_weight=69.922756105661392 5.3569457009434727 7.7089459821581823 6.5407475680112839 8.8424540907144564 6.418383374810217 6.6597990542650214 4.4609925001859656 134.79847499728203 4.0358542427420616
leaf_count=314 26 37 31 44 32 32 20 620 20
internal_value=-8.08863e-06 -0.0169732 0.00438397 0.00140652 0.022267 -0.00159163 -0.00118197 0.000146776 0.0576462
internal_weight=254.745 19.6066 14.2497 235.139 25.9565 15.5023 209.182 204.721 10.4542
internal_count=1176 94 68 1082 128 76 954 934 52
is_linear=0
shrinkage=0.1


Tree=85
num_leaves=13
num_cat=0
split_feature=5 4 6 4 9 3 3 9 9 2 5 7
split_gain=0.587195 2.79972 2.73761 3.6452 2.14533 3.58502 4.21537 1.84935 5.2959 2.46475 1.73779 1.61237
threshold=0.16374290288328003 0.13353447758896753 8.5603208711545467 0.094135762192308917 0.030416682316029703 1.5430992789448406 1.7808692464645641 0.030815198411704051 0.030557638319076205 5.6694032847124562 0.13173488245847156 6.4389322824379605
decision_type=2 2 2 2 2 2 2 2 2 2 2 2
left_child=4 2 3 -2 10 -6 -7 8 -3 -9 11 -1
right_child=1 7 -4 -5 5 6 -8 9 -10 -11 -12 -13
leaf_value=0.044092358911295954 0.057517149249419731 0.0049663385287527905 -0.096370959535995171 -0.054797636523619402 0.10293459218109742 -0.085080359573617523 0.030190151234881779 -0.019885368085602317 0.1112474891210747 0.023127721273767485 0.044359699408196902 -0.026800492575662395
leaf_weight=3.6654904037714031 4.5749218761920947 90.388228386640549 5.8548107743263236 7.844480887055397 5.2787313759326961 3.7750825434923199 19.874599512666464 60.05798614025116 4.9449159428477278 17.119513593614101 5.2792059928178778 25.714839469641447
leaf_count=20 20 413 25 37 23 16 94 282 24 83 24 115
internal_value=-5.73366e-06 -0.00277951 -0.0399993 -0.0134244 0.00831651 0.0284217 0.0117901 0.00116322 0.0104791 -0.0103442 -0.00846423 -0.0179559
internal_weight=254.373 190.785 18.2742 12.4194 63.5879 28.9284 23.6497 172.511 95.3331 77.1775 34.6595 29.3803
internal_count=1176 884 82 57 292 133 110 802 437 365 159 135
is_linear=0
shrinkage=0.1


Tree=86
num_leaves=9
num_cat=0
split_feature=6 7 6 7 8 1 6 3
split_gain=0.617685 3.28841 3.11502 2.71615 4.81982 3.00898 1.67436 1.66494
threshold=9.5328348015713704 8.8923723479442405 9.3643413204699772 9.5897418506226622 0.028401274436725403 5.6545770719107162 9.2659112301512341 2.7331831055461504
decision_type=2 2 2 2 2 2 2 2
left_child=2 -2 6 5 -5 -3 7 -1
right_child=1 3 -4 4 -6 -7 -8 -9
leaf_value=-0.0066877862310490092 -0.065377313634406159 0.01740611297213367 -0.065443155051187363 -0.05681857175893739 0.075088800352521787 0.11775105263260054 0.05653925614755792 0.012675919431012464
leaf_weight=149.73979386687279 4.4083560481667545 6.7500222921371478 7.4247636385262004 7.1566838175058347 4.5193590968847275 5.362293042242527 5.1904379203915587 63.122190445661545
leaf_count=686 21 31 33 32 22 26 24 301
internal_value=-1.22545e-06 0.0139527 -0.00174622 0.0286538 -0.00576217 0.0618302 0.000422685 -0.000945664
internal_weight=253.674 28.1967 225.477 23.7884 11.676 12.1123 218.052 212.862
internal_count=1176 132 1044 111 54 57 1011 987
is_linear=0
shrinkage=0.1


Tree=87
num_leaves=12
num_cat=0
split_feature=3 6 6 9 4 3 3 2 0 1 2
split_gain=0.681479 3.03819 2.49174 2.65169 2.46368 2.32284 2.14194 3.97749 2.64251 3.09039 2.30261
threshold=3.1393354193292429 8.6509913310874271 7.6616053573961844 0.028799833625369354 0.25354515507645614 3.2901494209357192 2.7331831055461504 4.3382416151636845 6.3146265537649535 5.479436571313351 4.3647547743863218
decision_type=2 2 2 2 2 2 2 2 2 2 2
left_child=6 2 3 -2 -4 -3 7 -1 9 -8 -9
right_child=1 5 4 -5 -6 -7 8 10 -10 -11 -12
leaf_value=-0.13631900923523854 -0.061970226324412847 -0.11508850315902247 0.098463084124028613 0.015098609100705457 -0.0011597635597874359 -0.022220100060223045 0.035543331264932858 0.18493435055166782 0.083237764531207362 -0.032793209025845635 -0.0012691226196225535
leaf_weight=2.1850427389144889 7.4547942504286828 4.1163965016603452 4.7303979098796827 11.129468031227587 5.2234913557767868 7.7904857322573662 19.192673012614254 0.6666572242975225 6.3286486342549315 10.100314512848852 174.22090719640255
leaf_count=14 36 18 23 55 24 39 89 3 33 47 795
internal_value=3.83231e-06 -0.0118947 0.00580892 -0.0158164 0.0461841 -0.0543262 0.0022664 -0.00223458 0.0246404 0.0119807 -0.00055933
internal_weight=253.139 40.445 28.5382 18.5843 9.95389 11.9069 212.694 177.073 35.6216 29.293 174.888
internal_count=1176 195 138 91 47 57 981 812 169 136 798
is_linear=0
shrinkage=0.1


Tree=88
num_leaves=6
num_cat=0
split_feature=6 7 7 8 0
split_gain=0.648858 1.57061 2.82227 2.60891 1.25751
threshold=10.969034164205715 9.5897418506226622 9.4081234433676304 0.028478653396025354 6.4442858420069902
decision_type=2 2 2 2 2
left_child=1 2 4 -3 -1
right_child=-2 3 -4 -5 -6
leaf_value=0.0011049967804829719 0.036095244467158963 -0.093233413982783148 0.078128128956326717 0.012537363257842705 -0.031019733735124677
leaf_weight=220.95841135457158 4.8844860643148413 4.7186531722545606 4.6358426213264456 4.6105869859457016 12.896420583128927
leaf_count=1021 23 21 22 22 67
internal_value=1.89822e-06 -0.000709495 0.000865042 -0.0409606 -0.00066659
internal_weight=252.704 247.82 238.491 9.32924 233.855
internal_count=1176 1153 1110 43 1088
is_linear=0
shrinkage=0.1


Tree=89
num_leaves=13
num_cat=0
split_feature=8 9 8 8 9 8 2 2 0 4 5 7
split_gain=0.63753 2.37192 2.15979 2.1287 3.08057 2.7085 4.37119 2.35082 1.92582 2.45786 2.4204 1.74963
threshold=0.033419465991571355 0.033960273920138007 0.034187889658647205 0.03211929227598561 0.032083920299688311 0.032426492691544857 5.6522726920493156 5.0718003647959344 5.9139116678852597 0.27121145464479929 0.33144626725075849 6.9534091861238059
decision_type=2 2 2 2 2 2 2 2 2 2 2 2
left_child=3 2 -2 4 11 -5 -7 -6 9 -3 -10 -1
right_child=1 8 -4 5 7 6 -8 -9 10 -11 -12 -13
leaf_value=-0.019731000385047038 -0.0080182894360547805 0.040494967342968556 -0.093306643097245748 0.09807239041473835 -0.003291850274336905 -0.018246390890193972 0.10257570227620286 -0.099740447435927485 -0.078751027182193234 -0.010729507133523745 0.013371249637603841 0.0074579122720259241
leaf_weight=28.859026852995157 6.1857417672872526 16.590173155069351 5.7098876163363457 4.9075612537562874 4.781928598880766 11.607332453131674 4.0354064106941214 5.3594650104641914 6.0339905172586423 21.514360070228577 5.4084356799721718 131.58216693252325
leaf_count=141 28 78 27 24 22 52 20 24 30 108 26 596
internal_value=3.15969e-06 -0.00885794 -0.0489566 0.0028517 -0.000811255 0.0332569 0.0129225 -0.0542624 0.000769263 0.0115729 -0.035208 0.00256736
internal_weight=252.575 61.4426 11.8956 191.133 170.583 20.5503 15.6427 10.1414 49.547 38.1045 11.4424 160.441
internal_count=1176 297 55 879 783 96 72 46 242 186 56 737
is_linear=0
shrinkage=0.1


Tree=90
num_leaves=12
num_cat=0
split_feature=0 0 4 8 7 0 9 4 6 4 2
split_gain=0.568593 1.9877 7.72476 2.25686 2.93987 1.82982 2.88282 3.26072 2.41516 2.55786 1.96299
threshold=5.2666054834046703 5.1935417511267596 0.25504160675804161 0.025839571390697653 8.5325901261029333 5.5896821390515692 0.028033156210068754 0.023936867713928205 10.898573189387649 0.41852784203365451 5.5604594365169282
decision_type=2 2 2 2 2 2 2 2 2 2 2
left_child=1 3 -3 -1 -5 6 10 -8 9 -7 -2
right_child=5 2 -4 4 -6 8 7 -9 -10 -11 -12
leaf_value=-0.053743529572309039 0.078799926259931319 0.055372751567165604 -0.10443203444556629 0.020415954480349108 -0.0302163385669252 -0.021326877494686917 0.076054499099164535 -0.0062049691505410625 0.068613490211087841 0.0090003403646068802 0.0018850006980909721
leaf_weight=6.9686621576547614 10.584482569247482 4.9067324697971326 7.8869189023971558 41.757464535534382 15.809165000915526 58.772214118391275 5.5256682932376853 37.671293705701828 4.3933421224355689 52.79105769097805 4.8333878666162482
leaf_count=33 49 22 36 199 70 276 25 174 21 250 21
internal_value=4.67455e-06 -0.00713374 -0.0431423 4.69375e-06 0.00651112 0.00316674 0.0175667 0.0043175 -0.00411229 -0.00697622 0.0546877
internal_weight=251.9 77.3289 12.7937 64.5353 57.5666 174.571 58.6148 43.197 115.957 111.563 15.4179
internal_count=1176 360 58 302 269 816 269 199 547 526 70
is_linear=0
shrinkage=0.1


Tree=91
num_leaves=12
num_cat=0
split_feature=5 4 1 3 3 5 1 9 1 6 6
split_gain=0.595343 2.26641 2.13673 2.27085 2.71699 1.94439 1.74307 1.326 1.30779 3.27637 2.55998
threshold=0.700763487708009 0.73850369453430187 5.1972451629939496 2.1046965177655292 2.8158868809979638 0.59915234810393259 5.5483876908065799 0.030557638319076205 5.1064407592175458 8.373611168476538 5.865421637265694
decision_type=2 2 2 2 2 2 2 2 2 2 2
left_child=1 8 7 6 -5 -3 -4 -2 9 -1 -10
right_child=2 5 3 4 -6 -7 -8 -9 10 -11 -12
leaf_value=-0.0012489256761382217 -0.087454145564344873 -0.0025576313113367492 0.012755909245083304 0.052975220242156035 -0.025849923175215641 0.08462874524667087 -0.080219777231520517 -0.015755813171578186 -0.10092344063250408 0.072338976580065675 -0.0021436863774405958
leaf_weight=22.230114541947845 4.9805461391806585 4.4611372426152212 3.5244169160723704 11.382491596043112 7.1006390228867522 5.9957052692770958 4.7125810831785202 5.3504708260297775 2.664560228586196 8.3128543198108655 170.74460237845778
leaf_count=107 27 22 20 54 34 30 22 27 15 38 780
internal_value=4.46495e-06 0.00202715 -0.0117005 0.00323179 0.0226931 0.047433 -0.0404377 -0.0503213 -0.000300854 0.0187794 -0.00366151
internal_weight=251.46 214.409 37.0511 26.7201 18.4831 10.4568 8.237 10.331 203.952 30.543 173.409
internal_count=1176 992 184 130 88 52 42 54 940 145 795
is_linear=0
shrinkage=0.1


Tree=92
num_leaves=6
num_cat=0
split_feature=7 7 1 7 9
split_gain=0.562104 0.95669 1.08789 2.13738 2.07194
threshold=5.1624958990402474 5.9379829048557111 5.0242370616701431 6.2965226673406987 0.027775712273691255
decision_type=2 2 2 2 2
left_child=-1 -2 4 -4 -3
right_child=1 2 3 -5 -6
leaf_value=0.065877332928290441 -0.054339013402334838 0.022225703978959798 0.053945177489797463 0.00026408590719865176 -0.055454285593398205
leaf_weight=1.2886974439024914 3.2380238734185687 5.5195402503013602 7.6709032580256453 224.23583310097456 9.0860159844160062
leaf_count=7 26 26 38 1034 45
internal_value=3.13828e-06 -0.000336769 0.000372569 0.00203972 -0.0260985
internal_weight=251.039 249.75 246.512 231.907 14.6056
internal_count=1176 1169 1143 1072 71
is_linear=0
shrinkage=0.1


Tree=93
num_leaves=12
num_cat=0
split_feature=2 2 6 4 4 1 1 8 1 2 2
split_gain=0.571404 2.08143 1.90263 3.51781 2.98778 1.37241 2.59729 2.21507 2.11545 3.5643 2.31948
threshold=4.9909944321388018 4.9520181459004098 7.3189278257659689 0.29199337959289556 0.062500119209289565 5.1629751446696019 5.1244380481312986 0.030276851416920856 5.2168552272622639 5.2990463847295528 5.087575050529094
decision_type=2 2 2 2 2 2 2 2 2 2 2
left_child=1 2 3 -1 -4 6 7 -2 9 -7 -10
right_child=5 -3 4 -5 -6 8 -8 -9 10 -11 -12
leaf_value=-0.017706445201372965 -0.016638644257970254 -0.06798982295406672 0.029588780784323962 0.072770606673565191 -0.027034370973218647 -0.11253634422074761 0.0938037239634162 0.045067964920984846 0.042386119758343548 0.014292481413342155 -0.0018577048734522749
leaf_weight=8.9190121032297629 13.375265955924993 5.2765802964568129 12.469764947891234 8.2929673902690393 36.878612391650677 4.3644333630800229 4.4078896120190612 10.294959276914595 13.046877458691595 4.5010290220379829 129.0651999861002
leaf_count=50 61 25 61 41 175 21 21 47 60 21 593
internal_value=3.9679e-07 -0.00753399 -0.00274134 0.0258866 -0.0127264 0.00302318 0.0233243 0.0101996 -0.000752331 -0.0481449 0.00220419
internal_weight=250.893 71.8369 66.5604 17.212 49.3484 179.056 28.0781 23.6702 150.978 8.86546 142.112
internal_count=1176 352 327 91 236 824 129 108 695 42 653
is_linear=0
shrinkage=0.1


Tree=94
num_leaves=9
num_cat=0
split_feature=9 2 0 8 0 8 8 0
split_gain=0.582336 1.86976 1.87175 4.05941 1.78353 1.05724 1.35185 1.08778
threshold=0.035852982428364412 4.6972126246926473 5.5021842623447004 0.038712104736516456 5.1935417511267596 0.036312179233001653 0.035405146630575153 6.1468015473146815
decision_type=2 2 2 2 2 2 2 2
left_child=5 -2 4 -4 -3 6 7 -1
right_child=1 2 3 -5 -6 -7 -8 -9
leaf_value=-0.0011802184221368067 -0.08975394557705442 -0.00044150600578087571 -0.018673663879747057 0.10203730680853312 -0.073139507813362134 0.046006787580156187 -0.045281410962202638 0.018180343264421573
leaf_weight=175.02244069799781 2.8818657770752933 8.3413186222314852 7.9390707910060865 4.2920701056718826 5.6677581518888465 5.2686854153871527 6.2184661328792563 34.788973111659288
leaf_count=803 17 41 39 22 31 25 28 170
internal_value=-1.81191e-06 -0.013295 -0.00489783 0.0236854 -0.0298535 0.00174753 0.000668101 0.00202997
internal_weight=250.421 29.1221 26.2402 12.2311 14.0091 221.299 216.03 209.811
internal_count=1176 150 133 61 72 1026 1001 973
is_linear=0
shrinkage=0.1


Tree=95
num_leaves=11
num_cat=0
split_feature=6 6 0 4 4 2 0 6 2 8
split_gain=0.547325 2.76712 2.01404 1.6667 2.76928 3.27978 2.76807 1.74657 1.39678 0.195638
threshold=7.8872190378071432 7.9309417066300965 4.7561118295392371 0.89978444728564011 0.6562957940626305 5.1490507082314307 5.3380956930198238 7.3189278257659689 4.0509696264179214 0.031395108829441805
decision_type=2 2 2 2 2 2 2 2 2 2
left_child=3 -2 -3 4 6 -6 -1 9 -4 -5
right_child=1 2 8 7 5 -7 -8 -9 -10 -11
leaf_value=0.011325776356613132 0.096387065968121882 -0.067781319667933049 -0.087883130490067074 -0.025884975104701353 0.10324571288229281 -0.0064036914796593352 -0.022249980671889352 -0.087751630720357618 0.0057350827878570459 0.0068691308733696181
leaf_weight=46.932152651250362 3.1986244097352019 3.9821337163448325 1.6151544339954842 3.6630589216947538 5.3025587946176511 5.6182615980505943 51.49609025940299 4.699430339038372 119.96296757459641 3.6313552930951118
leaf_count=217 15 18 10 19 25 27 245 23 556 21
internal_value=-2.26805e-06 0.00453906 0.00219925 -0.00482114 -0.000939698 0.0468361 -0.00624053 -0.0402087 0.00449137 -0.0095791
internal_weight=250.102 128.759 125.56 121.343 109.349 10.9208 98.4282 11.9938 121.578 7.29441
internal_count=1176 599 584 577 514 52 462 63 566 40
is_linear=0
shrinkage=0.1


Tree=96
num_leaves=11
num_cat=0
split_feature=5 5 3 3 3 5 6 8 3 8
split_gain=0.575753 4.00181 4.03338 3.79164 3.54937 3.47625 2.89399 1.54147 3.26303 2.64866
threshold=0.42960168648136665 0.46605858594597971 2.3795774541630625 3.0409764230511769 2.5467127426522436 0.40138354610313892 6.7104644775390634 0.036933506266117154 3.2901494209357192 0.039621194941458153
decision_type=2 2 2 2 2 2 2 2 2 2
left_child=5 4 6 -4 -2 7 -3 8 -1 -9
right_child=1 2 3 -5 -6 -7 -8 9 -10 -11
leaf_value=-0.0020539686885024033 0.0057309924520904127 -0.096899356217951177 0.045468230421068914 -0.017446537828626433 -0.11163345976853445 0.069627613073382597 -0.01165334141687756 -0.084840953185358822 0.046835037719803928 0.0055139856822915981
leaf_weight=118.60065012052655 4.3479495346546155 4.4533528611063948 27.020612373948097 14.839885897934435 6.3256125152111053 7.6163704060018054 37.661410458385944 5.5529326647520048 15.427965044975279 7.8035665079951286
leaf_count=536 20 24 133 72 29 36 179 29 78 40
internal_value=-3.10753e-06 -0.00614868 0.00118209 0.0231644 -0.0638242 0.00374957 -0.0206675 0.000345218 0.00357362 -0.0320509
internal_weight=249.65 94.6488 83.9753 41.8605 10.6736 155.001 42.1148 147.385 134.029 13.3565
internal_count=1176 457 408 205 49 719 203 683 614 69
is_linear=0
shrinkage=0.1


Tree=97
num_leaves=10
num_cat=0
split_feature=0 7 0 5 2 0 1 9 9
split_gain=0.567848 2.54928 0.970525 2.30913 1.61599 1.07981 2.80615 1.76268 0.730822
threshold=6.4442858420069902 8.0626129058270291 6.1856764554977426 0.29217517495142287 5.1276417927159228 5.8824651552282798 5.3697469230075487 0.025517656223549352 0.030369047608873555
decision_type=2 2 2 2 2 2 2 2 2
left_child=2 8 5 -4 -5 7 -7 -1 -2
right_child=1 -3 3 4 -6 6 -8 -9 -10
leaf_value=0.036493897696632367 -0.018833867756710282 0.033185830050317423 0.064897289098746702 -0.03832262765708222 0.032417010423279234 0.036890647382843901 -0.030387188031338393 -0.00049776817067229064 -0.078766832605935866
leaf_weight=13.986358240246771 3.4428197592496854 5.5218281820416442 7.7757728993892696 6.6679539680480939 6.2621313631534576 7.8451981097459784 29.557154044508934 163.06284888833761 4.9742213524878025
leaf_count=65 20 28 36 32 32 39 133 765 26
internal_value=-3.21686e-06 -0.0196141 0.00115921 0.021834 -0.00406292 -0.000836996 -0.0162756 0.00242446 -0.0542525
internal_weight=249.096 13.9389 235.157 20.7059 12.9301 214.452 37.4024 177.049 8.41704
internal_count=1176 74 1102 100 64 1002 172 830 46
is_linear=0
shrinkage=0.1


Tree=98
num_leaves=9
num_cat=0
split_feature=2 9 1 2 2 3 0 9
split_gain=0.581778 1.41114 3.00182 1.978 1.37058 1.06888 2.90202 1.58111
threshold=4.5950697702516221 0.027380833275030055 5.0582233083882153 4.3870756467176024 4.6089385374204026 3.6494403558837787 5.4926738739013681 0.025850208689527553
decision_type=2 2 2 2 2 2 2 2
left_child=1 -1 -3 -4 -2 7 -7 -6
right_child=4 2 3 -5 5 6 -8 -9
leaf_value=0.024742524148693712 0.11120586314475725 -0.11834736911506814 0.027161084982577313 -0.045935604631614432 -0.022991951116180801 0.0079590760140038803 -0.085117828113331948 0.0058039004206249791
leaf_weight=6.649174481630328 1.1350221186876286 3.1197261139750507 7.1998209469020349 7.6199171245098114 21.22941817343235 9.4334840103983861 5.1942241638898841 187.27529528737068
leaf_count=35 5 20 38 39 98 45 23 873
internal_value=-4.66655e-06 -0.0146069 -0.0291916 -0.0104233 0.00159632 0.00103877 -0.0250921 0.00287198
internal_weight=248.856 24.5886 17.9395 14.8197 224.267 223.132 14.6277 208.505
internal_count=1176 132 97 77 1044 1039 68 971
is_linear=0
shrinkage=0.1


Tree=99
num_leaves=6
num_cat=0
split_feature=9 8 8 8 1
split_gain=0.553387 2.29974 0.710274 2.08782 1.7059
threshold=0.041695067972643711 0.041177773608121755 0.037969823687485305 0.036933506266117154 5.5483876908065799
decision_type=2 2 2 2 2
left_child=1 2 3 -1 -4
right_child=-2 -3 4 -5 -6
leaf_value=0.00075298875652678632 0.035814491022496682 -0.075829683804013073 -0.0062912434414397703 -0.067435798110299747 0.071434470582776424
leaf_weight=223.95523861050606 4.2385721132159224 4.0002222508192053 7.1169033795595151 4.5820792540907851 4.6809886693954468
leaf_count=1049 23 21 35 24 24
internal_value=-9.18803e-06 -0.000630634 0.000621005 -0.000614168 0.0245476
internal_weight=248.574 244.335 240.335 228.537 11.7979
internal_count=1176 1153 1132 1073 59
is_linear=0
shrinkage=0.1


end of trees

feature_importances:
targets_L5=112
receptions_L10=100
receptions_L3=98
targets_L3=96
target_share_L5=90
target_share_L3=86
receptions_L5=78
receptions_std_L5=77
rec_tds_L5=70
rec_tds_L3=58

parameters:
[boosting: gbdt]
[objective: binary]
[metric: binary_logloss]
[tree_learner: serial]
[device_type: cpu]
[data_sample_strategy: bagging]
[data: ]
[valid: ]
[num_iterations: 100]
[learning_rate: 0.1]
[num_leaves: 31]
[num_threads: 2]
[seed: 42]
[deterministic: 0]
[force_col_wise: 0]
[force_row_wise: 0]
[histogram_pool_size: -1]
[max_depth: 4]
[min_data_in_leaf: 20]
[min_sum_hessian_in_leaf: 0.001]
[bagging_fraction: 1]
[pos_bagging_fraction: 1]
[neg_bagging_fraction: 1]
[bagging_freq: 0]
[bagging_seed: 400]
[bagging_by_query: 0]
[feature_fraction: 1]
[feature_fraction_bynode: 1]
[feature_fraction_seed: 30056]
[extra_trees: 0]
[extra_seed: 12879]
[early_stopping_round: 0]
[early_stopping_min_delta: 0]
[first_metric_only: 0]
[max_delta_step: 0]
[lambda_l1: 0]
[lambda_l2: 0]
[linear_lambda: 0]
[min_gain_to_split: 0]
[drop_rate: 0.1]
[max_drop: 50]
[skip_drop: 0.5]
[xgboost_dart_mode: 0]
[uniform_drop: 0]
[drop_seed: 17869]
[top_rate: 0.2]
[other_rate: 0.1]
[min_data_per_group: 100]
[max_cat_threshold: 32]
[cat_l2: 10]
[cat_smooth: 10]
[max_cat_to_onehot: 4]
[top_k: 20]
[monotone_constraints: ]
[monotone_constraints_method: basic]
[monotone_penalty: 0]
[feature_contri: ]
[forcedsplits_filename: ]
[refit_decay_rate: 0.9]
[cegb_tradeoff: 1]
[cegb_penalty_split: 0]
[cegb_penalty_feature_lazy: ]
[cegb_penalty_feature_coupled: ]
[path_smooth: 0]
[interaction_constraints: ]
[verbosity: -1]
[saved_feature_importance_type: 0]
[use_quantized_grad: 0]
[num_grad_quant_bins: 4]
[quant_train_renew_leaf: 0]
[stochastic_rounding: 1]
[linear_tree: 0]
[max_bin: 255]
[max_bin_by_feature: ]
[min_data_in_bin: 3]
[bin_construct_sample_cnt: 200000]
[data_random_seed: 175]
[is_enable_sparse: 1]
[enable_bundle: 1]
[use_missing: 1]
[zero_as_missing: 0]
[feature_pre_filter: 1]
[pre_partition: 0]
[two_round: 0]
[header: 0]
[label_column: ]
[weight_column: ]
[group_column: ]
[ignore_column: ]
[categorical_feature: ]
[forcedbins_filename: ]
[precise_float_parser: 0]
[parser_config_file: ]
[objective_seed: 16083]
[num_class: 1]
[is_unbalance: 0]
[scale_pos_weight: 0.99322]
[sigmoid: 1]
[boost_from_average: 1]
[reg_sqrt: 0]
[alpha: 0.9]
[fair_c: 1]
[poisson_max_delta_step: 0.7]
[tweedie_variance_power: 1.5]
[lambdarank_truncation_level: 30]
[lambdarank_norm: 1]
[label_gain: ]
[lambdarank_position_bias_regularization: 0]
[eval_at: ]
[multi_error_top_k: 1]
[auc_mu_weights: ]
[num_machines: 1]
[local_listen_port: 12400]
[time_out: 120]
[machine_list_filename: ]
[machines: ]
[gpu_platform_id: -1]
[gpu_device_id: -1]
[gpu_use_dp: 0]
[num_gpu: 1]

end of parameters

pandas_categorical:[]
