tree
version=v4
num_class=1
num_tree_per_iteration=1
label_index=0
max_feature_idx=7
objective=binary sigmoid:1
feature_names=rushing_yards_L3 rushing_yards_L5 rushing_yards_L10 rushing_yards_std_L5 rush_tds_L3 rush_tds_L5 rush_attempts_L3 rush_attempts_L5
feature_infos=[46.667568206787109:104] [60:79.902072168307242] [39.987349958893439:103.43801652892562] [0:140.0071426749364] [0:2.2207435416494703] [0:2] [2:23.889330842728668] [2:21.990170582363344]
tree_sizes=1745 1377 1278 1382 1066 1696 1278 1062 1589 1074 977 1180 768 969 762 1274 1175 771 764 1491 966 667 980 1485 1074 1079 1176 981 871 1181 1177 769 669 970 1587 976 873 1381 1084 876 874 1178 1389 1076 1281 1074 1376 671 675 1392 1178 1388 1084 1393 972 778 1394 1284 783 778 1081 1180 978 671 1279 1279 1386 1702 1077 870 878 775 1075 1696 779 1087 1075 683 778 1597 1698 874 677 685 1082 973 1180 1082 1068 672 1186 1387 778 676 1191 1179 683 879 1291 788

Tree=0
num_leaves=16
num_cat=0
split_feature=2 4 3 2 2 2 5 1 6 5 0 0 1 4 5
split_gain=14.545 6.89507 5.81567 5.36157 8.1155 5.23604 5.2256 5.09045 4.89163 4.36767 3.48487 3.07545 4.78545 3.06648 2.59022
threshold=66.002927248472901 0.23499024142873573 31.631332438050134 70.932368731287326 73.64868650980047 62.612626560508147 0.63600656434736669 74.950261026605745 14.711616619104463 0.36077208489066454 64.89865239684606 69.242187500000014 67.200670214926291 0.14409530162811277 0.19790990953781273
decision_type=2 2 2 2 2 2 2 2 2 2 2 2 2 2 2
left_child=1 11 3 8 -5 9 -7 10 -2 -3 -4 14 -13 -9 -1
right_child=2 5 7 4 -6 6 -8 13 -10 -11 -12 12 -14 -15 -16
leaf_value=0.40652962827951827 0.45670385714705608 0.57996551444844935 0.52734886632401279 0.37819912887798651 0.51193123312944677 0.38251554099446128 0.48357176037273919 0.41760775094876701 0.55956050819449954 0.47992837064584171 0.59936588297078519 0.51024834462862068 0.37066812731771348 0.5183077649137886 0.30883810067686901
leaf_weight=7.1878405362367648 7.4384517073631313 5.0537302047014228 12.83990488946438 9.0486281663179415 9.1026663184165937 10.753567025065424 9.7620868384838086 3.9134494662284878 12.218859210610388 31.998342871665955 14.095310151576994 5.3066907823085767 4.5728699862957001 13.305101796984671 4.3606336563825607
leaf_count=38 42 33 79 46 55 55 57 21 78 186 94 32 23 81 20
internal_value=0.483727 0.453107 0.513239 0.484453 0.445264 0.471132 0.430602 0.537888 0.520639 0.493573 0.565036 0.404682 0.445642 0.495421 0.369642
internal_weight=160.958 78.9958 81.9624 37.8086 18.1513 57.5677 20.5157 44.1538 19.6573 37.0521 26.9352 21.428 9.87956 17.2186 11.5485
internal_count=940 444 496 221 101 331 112 275 120 219 173 113 55 102 58
is_linear=0
shrinkage=1


Tree=1
num_leaves=12
num_cat=0
split_feature=2 2 0 4 0 0 5 3 6 7 2
split_gain=11.2817 5.45325 5.40755 8.31618 5.91681 7.97609 4.13336 4.76062 3.61373 3.50313 2.94488
threshold=66.002927248472901 81.044544495322143 69.242187500000014 0.8684722024322441 76.569862897632248 83.601104736328139 1.1671213354438776 17.082099874386923 12.428241678464071 14.319030396251057 61.556329970774435
decision_type=2 2 2 2 2 2 2 2 2 2 2
left_child=2 6 3 10 8 -6 7 -2 -4 -5 -1
right_child=1 -3 4 9 5 -7 -8 -9 -10 -11 -12
leaf_value=-0.09416740627843706 -0.12256217327654383 0.078133098106635657 -0.08303442773565653 -0.068217734926360588 -0.14440597629622465 -0.010778892898526096 -0.10825510852876173 -0.017085910272087817 0.013364809594279024 0.071437420864425824 -0.15238834096838572
leaf_weight=18.212128579616547 4.5725453644990912 4.8918574899435034 5.2848935574293163 3.912429839372634 11.072027295827867 7.4876128882169715 6.316847711801528 66.682905420660973 14.720110014081 3.3205848634243011 16.612530678510666
leaf_count=98 24 33 29 22 56 45 34 405 91 22 81
internal_value=-0.0502756 -0.0242696 -0.0768757 -0.101675 -0.0498299 -0.0904961 -0.0307273 -0.0238544 -0.0121018 -0.00410383 -0.121941
internal_weight=163.086 82.4642 80.6223 42.0577 38.5646 18.5596 77.5723 71.2555 20.005 7.23301 34.8247
internal_count=940 496 444 223 221 101 463 429 120 44 179
is_linear=0
shrinkage=0.1


Tree=2
num_leaves=11
num_cat=0
split_feature=2 4 2 6 6 0 6 3 3 2
split_gain=8.8707 4.68879 4.45317 4.21011 4.05867 3.72372 5.15227 4.53485 2.50281 2.30575
threshold=66.002927248472901 0.23499024142873573 81.044544495322143 18.039690963449264 17.459951969955004 67.921802938487204 15.119628906250002 30.979007240294564 38.944091045111527 57.160611361069662
decision_type=2 2 2 2 2 2 2 2 2 2
left_child=1 8 5 4 -3 6 -2 -7 9 -1
right_child=2 3 -4 -5 -6 7 -8 -9 -10 -11
leaf_value=-0.18309714069932848 -0.036373970535795441 -0.054370374653844089 0.071895921474398869 0.027572845211383468 -0.15949635327774195 -0.075652994841873739 0.048895618991757234 -0.014988825777725881 -0.050751676272706964 -0.10215895879074113
leaf_weight=5.0678966045379701 16.093245536088947 49.580780982971191 4.7900438308715811 5.7948723286390296 3.9663051515817633 23.689036577939987 12.66104047000408 25.681348413228989 5.8373469263315192 11.521367758512495
leaf_count=23 94 276 33 36 19 130 83 156 32 58
internal_value=-0.0447449 -0.0681159 -0.021697 -0.0533949 -0.0621572 -0.0274355 0.0011718 -0.0440969 -0.107068 -0.126885
internal_weight=164.683 81.7686 82.9147 59.342 53.5471 78.1247 28.7543 49.3704 22.4266 16.5893
internal_count=940 444 496 331 295 463 177 286 113 81
is_linear=0
shrinkage=0.1


Tree=3
num_leaves=12
num_cat=0
split_feature=2 0 4 0 0 2 1 7 0 7 1
split_gain=7.0361 4.15248 6.14902 4.64327 5.96849 3.64211 3.41154 3.91895 3.03408 2.78302 2.78232
threshold=66.002927248472901 69.242187500000014 0.8684722024322441 76.569862897632248 80.924645316485737 81.044544495322143 62.605792949726357 11.484236760798138 73.730810943972799 14.319030396251057 65.676507764668102
decision_type=2 2 2 2 2 2 2 2 2 2 2
left_child=1 2 10 8 -5 6 -2 -8 -3 -4 -1
right_child=5 3 9 4 -6 -7 7 -9 -10 -11 -12
leaf_value=-0.085570213270137252 0.064314194647410075 -0.03133033114152628 -0.054398450132335942 -0.13665562818963015 -0.023756917075784249 0.066212342696996773 -0.10839275224802676 -0.02275723448092452 0.050502657467417326 0.069563360449374556 -0.15653635587407788
leaf_weight=29.082619577646255 4.096231296658515 13.508715599775316 4.0128580778837195 8.24956062436104 10.829766646027563 4.6866276711225501 5.7950575947761527 68.649277076125145 6.8171896040439597 3.3008197993040085 6.8202649354934684
leaf_count=148 27 77 22 39 62 33 30 406 43 22 31
internal_value=-0.0399468 -0.0606194 -0.0820265 -0.0371417 -0.0725723 -0.0194246 -0.0245346 -0.0294235 -0.00388403 0.00154818 -0.0990512
internal_weight=165.849 82.6218 43.2166 39.4052 19.0793 83.2272 78.5406 74.4443 20.3259 7.31368 35.9029
internal_count=940 444 223 221 101 496 463 436 120 44 179
is_linear=0
shrinkage=0.1


Tree=4
num_leaves=9
num_cat=0
split_feature=2 4 4 1 1 3 6 6
split_gain=5.70056 6.63834 6.34283 8.63498 5.85956 4.45998 4.76757 3.81187
threshold=74.160563046763357 1.3850556613178926 1.0366656940901751 70.471202055702562 60.518289894833124 26.920054886916784 18.251831054687504 13.342413526668681
decision_type=2 2 2 2 2 2 2 2
left_child=1 2 4 -4 -1 -2 7 -7
right_child=5 -3 3 -5 -6 6 -8 -9
leaf_value=0.067563953999267165 -0.068300370030779003 -0.14291361033908559 0.11379718035865538 -0.067611875114045719 -0.048927906926316794 -0.015566046535067438 -0.051508467137839332 0.10235277303169432
leaf_weight=4.4764215052127829 5.4938669204711941 6.3780673444271079 6.0721616297960264 4.6204474568367004 121.94212485849857 3.9500850886106518 4.6838407516479483 8.9590635895729047
leaf_count=28 30 31 42 25 670 24 27 63
internal_value=-0.0357665 -0.0431868 -0.0385478 0.0354074 -0.044803 0.0103525 0.0349139 0.0662707
internal_weight=166.576 143.489 137.111 10.6926 126.419 23.0869 17.593 12.9091
internal_count=940 796 765 67 698 144 114 87
is_linear=0
shrinkage=0.1


Tree=5
num_leaves=15
num_cat=0
split_feature=2 2 5 7 3 4 4 4 1 0 1 3 4 4
split_gain=5.44473 3.79996 3.96877 3.03021 2.90846 4.2963 5.52136 4.37782 3.89323 3.48987 2.95594 2.75453 2.50559 2.15157
threshold=66.002927248472901 62.532649311574367 0.56810745111552008 16.490107062200568 31.631332438050134 0.49565536262667848 0.09229164989174217 0.63118416818918122 74.950261026605745 64.89865239684606 77.646627732971083 24.413864974709156 1.0016110334763797 0.23499024142873573
decision_type=2 2 2 2 2 2 2 2 2 2 2 2 2 2
left_child=1 3 11 13 5 6 -2 -7 9 -6 -10 -3 -4 -1
right_child=4 2 12 -5 8 7 -8 -9 10 -11 -12 -13 -14 -15
leaf_value=-0.075886063875180945 -0.070671944764197026 -0.15928032535737113 0.0096535898440636009 0.044122803464046338 -0.010473294794501445 -0.12432347367164652 0.044660392545247979 -0.030151232854803069 -0.067814494909318762 0.061448360765501954 0.015370073213610919 -0.078959918781531191 -0.086582899819745221 -0.028533061660647781
leaf_weight=13.149070724844931 6.5583471953868893 6.4533357918262544 6.4173617064952833 4.5365737527608863 12.867043912410738 7.7178975939750698 11.30793212354183 13.697274461388586 10.267548829317095 14.183781348168848 7.3153053522109976 12.618193328380583 4.677170917391777 35.503206416964531
leaf_count=66 35 28 37 28 79 38 71 77 57 94 45 63 25 197
internal_value=-0.0320197 -0.050122 -0.0784734 -0.0340425 -0.0140383 -0.0338832 0.00232424 -0.0640903 0.00342696 0.027238 -0.0332057 -0.106138 -0.0309173 -0.041331
internal_weight=167.27 83.3549 30.1661 53.1889 83.9151 39.2815 17.8663 21.4152 44.6337 27.0508 17.5829 19.0715 11.0945 48.6523
internal_count=940 444 153 291 496 221 106 115 275 173 102 91 62 263
is_linear=0
shrinkage=0.1


Tree=6
num_leaves=11
num_cat=0
split_feature=2 2 6 3 4 3 1 3 1 6
split_gain=4.40077 3.98193 6.10737 5.02293 4.44084 3.44216 4.46082 3.30021 2.65235 1.77591
threshold=68.341891563708984 69.634081946546786 15.05700381776842 28.497143735628381 0.28414998951588794 59.008331177731151 60.339789676445264 39.413167592602171 74.950261026605745 17.929971066180048
decision_type=2 2 2 2 2 2 2 2 2 2
left_child=5 2 -2 4 -3 6 -1 -8 -5 -4
right_child=1 3 9 8 -6 -7 7 -9 -10 -11
leaf_value=0.065810276160825118 -0.027937209567003546 0.015916304893333743 0.16193741545455242 0.027490359103068102 -0.094994452872707011 0.05767880298917627 -0.037842112955553064 -0.079895642837739117 -0.029118135478739118 0.052983138300835043
leaf_weight=3.5235448330640784 5.9929859489202482 5.0560384690761593 3.4226157516241074 18.806500874459743 12.623347088694571 3.3931028991937628 72.102385520935059 25.177335888147354 14.782995566725729 2.6576415002346039
leaf_count=22 34 30 25 121 63 21 392 129 86 17
internal_value=-0.0287514 -0.00796465 0.0437026 -0.0201317 -0.0632756 -0.0413879 -0.0447226 -0.0487261 0.00257653 0.114314
internal_weight=167.538 63.3421 12.0732 51.2689 17.6794 104.196 100.803 97.2797 33.5895 6.08026
internal_count=940 376 76 300 93 564 543 521 207 42
is_linear=0
shrinkage=0.1


Tree=7
num_leaves=9
num_cat=0
split_feature=2 5 4 1 4 3 6 1
split_gain=4.22016 5.27117 5.29764 5.62837 4.39841 4.95874 4.64533 4.17232
threshold=74.160563046763357 1.1671213354438776 1.0366656940901751 70.471202055702562 1.0094027841155453 27.069994758803627 18.251831054687504 60.518289894833124
decision_type=2 2 2 2 2 2 2 2
left_child=1 2 7 -4 5 -2 -7 -1
right_child=4 -3 3 -5 -6 6 -8 -9
leaf_value=0.062273709512489041 -0.100497167667988 -0.11274386677508333 0.1077171604214105 -0.042288477873431152 0.11602485668348224 0.052808109110678708 -0.076117499435502611 -0.036644274562084932
leaf_weight=4.4179771021008483 4.23682369291783 7.6852149665355673 5.6973191127181035 4.4589187800884247 3.5649076700210562 11.606139756739138 3.6811252161860457 122.42331788688898
leaf_count=28 21 37 40 24 24 79 20 667
internal_value=-0.0258195 -0.0321553 -0.0276345 0.0418598 0.0138823 -0.00476788 0.0217632 -0.0331989
internal_weight=167.772 144.683 136.998 10.1562 23.089 19.5241 15.2873 126.841
internal_count=940 796 759 64 144 120 99 695
is_linear=0
shrinkage=0.1


Tree=8
num_leaves=14
num_cat=0
split_feature=3 7 7 2 7 3 4 6 2 2 1 7 2
split_gain=3.90377 3.9989 4.39001 3.99829 3.4228 3.2727 4.46438 3.8108 2.90501 4.2699 2.72251 3.20805 2.03689
threshold=26.920054886916784 15.193328720303912 15.650834363277331 74.485912984665518 16.976503185147973 39.734217582562728 0.12500575557351112 12.651304244995119 60.040482207442629 68.56976931040677 76.375205389265162 17.048679536989315 80.297168892821219
decision_type=2 2 2 2 2 2 2 2 2 2 2 2 2
left_child=1 8 -3 5 -4 6 -2 -7 -1 -10 12 -12 -5
right_child=3 2 4 10 -6 7 -8 -9 9 -11 11 -13 -14
leaf_value=-0.016456947049819946 -0.064265813281156645 0.072448673214384696 -0.080129539354123147 0.040427543341665734 -0.0001281864103634445 0.0098187848596004677 0.0073015317890191408 -0.061504434912431676 -0.12305136237287172 -0.026422262563961421 0.061224519656735456 -0.076404485658830956 0.14637853201131254
leaf_weight=7.0327458530664471 10.618905380368231 4.5032043308019665 9.7141906470060366 6.6906624883413333 11.898339062929152 10.139785215258597 48.647102922201157 28.679833337664604 13.742216035723688 6.8537297248840323 3.0908721461892119 3.7465757057070732 2.4897157549858093
leaf_count=38 55 28 50 44 68 58 284 152 64 37 21 21 20
internal_value=-0.0232067 -0.0454279 -0.0173714 -0.0127402 -0.0360864 -0.0203048 -0.00552145 -0.0428746 -0.0719479 -0.090896 0.033582 -0.0141892 0.0691614
internal_weight=167.848 53.7444 26.1157 114.103 21.6125 98.0856 59.266 38.8196 27.6287 20.5959 16.0178 6.83745 9.18038
internal_count=940 285 146 655 118 549 339 210 139 101 106 42 64
is_linear=0
shrinkage=0.1


Tree=9
num_leaves=9
num_cat=0
split_feature=1 3 2 1 7 2 3 0
split_gain=3.16555 2.90265 3.08762 2.95376 2.9171 3.75742 2.74668 2.58298
threshold=79.019748010368843 26.920054886916784 74.485912984665518 76.960098012786133 15.193328720303912 72.064691948602203 39.734217582562728 73.730810943972799
decision_type=2 2 2 2 2 2 2 2
left_child=1 4 6 -4 7 -6 -3 -1
right_child=-2 2 3 -5 5 -7 -8 -9
leaf_value=-0.077583698216242725 0.067358029827646479 -0.006635820099915749 0.057432294845167486 -0.045696673452205065 0.0039024722599563149 -0.086239040743667172 -0.041138044604177353 0.0080504696973295806
leaf_weight=23.488546699285511 3.9699241146445265 58.693427763879299 10.365215659141539 3.793730065226554 19.242519609630111 6.0870241224765769 38.019854933023453 4.1436932235956183
leaf_count=116 26 335 73 22 111 30 204 23
internal_value=-0.0208756 -0.0230137 -0.0138141 0.0298 -0.0422723 -0.0177597 -0.0201993 -0.0647421
internal_weight=167.804 163.834 110.872 14.1589 52.9618 25.3295 96.7133 27.6322
internal_count=940 914 634 95 280 141 539 139
is_linear=0
shrinkage=0.1


Tree=10
num_leaves=8
num_cat=0
split_feature=1 2 0 0 7 5 4
split_gain=2.97909 3.40181 4.53737 3.61153 3.47555 2.04169 2.67381
threshold=60.339789676445264 66.002927248472901 66.891956204024623 64.149673928273856 16.490107062200568 1.1671213354438776 1.0161440086424138
decision_type=2 2 2 2 2 2 2
left_child=-1 2 3 -2 -4 6 -3
right_child=1 5 4 -5 -6 -7 -8
leaf_value=0.069225907345686399 -0.040246779275619898 -0.0076953268302012868 -0.026655299113537662 -0.11187901360678457 0.054333787657694345 -0.059499908591275241 0.059762969361714248
leaf_weight=3.7590921819210044 19.799234256148342 70.488609105348587 43.560501515865326 10.920549713075159 6.0325038507580748 6.7328398972749701 6.4100262448191634
leaf_count=24 103 416 232 51 37 35 42
internal_value=-0.0187934 -0.0208116 -0.035511 -0.0657113 -0.0168038 -0.00669549 -0.00207222
internal_weight=167.703 163.944 80.3128 30.7198 49.593 83.6315 76.8986
internal_count=940 916 423 154 269 493 458
is_linear=0
shrinkage=0.1


Tree=11
num_leaves=10
num_cat=0
split_feature=4 0 7 6 1 4 2 0 4
split_gain=2.52606 4.50075 3.83521 3.75727 2.83572 2.7993 5.45035 3.195 1.31175
threshold=0.073172032833099365 87.357020106881478 15.193328720303912 16.747467854886064 64.091143103875169 0.49565536262667848 66.342705878987275 57.602780082050238 0.019645706784388001
decision_type=2 2 2 2 2 2 2 2 2
left_child=2 5 4 -4 -1 6 -2 -7 -6
right_child=1 -3 3 -5 8 7 -8 -9 -10
leaf_value=-0.022263549766880546 -0.028950174583375107 0.075924568926316841 0.087949238759377268 -0.044588389829856717 -0.075411837124763861 0.056571244242571365 0.034892290209861614 -0.031441592148686207 -0.14831264909511699
leaf_weight=6.2239410579204621 27.159256741404533 5.6232693195343009 3.4601764231920225 5.6014841347932816 5.4725944921374303 4.3522687032818785 26.342332661151886 78.839455708861351 4.4960179626941681
leaf_count=33 143 35 23 30 28 28 167 433 20
internal_value=-0.0169261 -0.0117541 -0.0460724 0.00602083 -0.0752248 -0.015361 0.00248365 -0.0268371 -0.108291
internal_weight=167.571 142.317 25.2542 9.06166 16.1926 136.693 53.5016 83.1917 9.96861
internal_count=940 806 134 53 81 771 310 461 48
is_linear=0
shrinkage=0.1


Tree=12
num_leaves=6
num_cat=0
split_feature=1 1 3 2 7
split_gain=2.60836 2.51236 1.98562 2.51475 2.3201
threshold=60.275792591794207 79.019748010368843 26.920054886916784 74.160563046763357 15.193328720303912
decision_type=2 2 2 2 2
left_child=-1 2 4 -4 -2
right_child=1 -3 3 -5 -6
leaf_value=0.075995538383178407 -0.055935382685576018 0.06219992602775537 -0.017405478586675412 0.026331536628607474 -0.013206868205574882
leaf_weight=3.0754870772361746 26.200633332133293 3.9142311364412299 94.20840123295784 15.277998663485048 24.676350638270378
leaf_count=20 132 26 522 103 137
internal_value=-0.0152474 -0.0169556 -0.0188877 -0.0113023 -0.0352112
internal_weight=167.353 164.278 160.363 109.486 50.877
internal_count=940 920 894 625 269
is_linear=0
shrinkage=0.1


Tree=13
num_leaves=8
num_cat=0
split_feature=1 4 0 7 6 6 3
split_gain=2.13558 2.13817 3.75624 3.49842 3.06627 2.73092 1.76725
threshold=60.275792591794207 0.073172032833099365 87.357020106881478 15.193328720303912 16.747467854886064 20.438741517404829 37.348940494568517
decision_type=2 2 2 2 2 2 2
left_child=-1 3 5 6 -5 -3 -2
right_child=1 2 -4 4 -6 -7 -8
leaf_value=0.069409374841547578 -0.094014596700154773 -0.011097808818098274 0.069912854125767462 0.081559282674079261 -0.038666325681660611 -0.08759598494636904 -0.01970338890521172
leaf_weight=3.0328500270843497 10.713659867644312 129.37575593590736 5.5750798583030692 3.406882703304289 5.6220780611038208 4.8413014486432067 4.5634244605898848
leaf_count=20 51 731 35 23 30 25 25
internal_value=-0.0137393 -0.0152761 -0.0105163 -0.042651 0.0066982 -0.0138572 -0.0718171
internal_weight=167.131 164.098 139.792 24.306 9.02896 134.217 15.2771
internal_count=940 920 791 129 53 756 76
is_linear=0
shrinkage=0.1


Tree=14
num_leaves=6
num_cat=0
split_feature=1 5 4 0 4
split_gain=1.96274 2.55988 2.92785 6.20989 3.83618
threshold=79.019748010368843 1.3057706024720082 1.0366656940901751 69.177764172647457 1.0016110334763797
decision_type=2 2 2 2 2
left_child=1 2 4 -4 -1
right_child=-2 -3 3 -5 -6
leaf_value=-0.013032247651866316 0.058048587082030513 -0.081084327008515908 0.12398069395220893 -0.014210013692676543 -0.10369857694371459
leaf_weight=137.9208969771862 3.8657976090908042 5.5037337094545355 4.8101070076227179 10.037681274116037 4.8300973176956168
leaf_count=772 26 27 34 57 24
internal_value=-0.0123762 -0.0140454 -0.0117042 0.0305584 -0.0161
internal_weight=166.968 163.103 157.599 14.8478 142.751
internal_count=940 914 887 91 796
is_linear=0
shrinkage=0.1


Tree=15
num_leaves=11
num_cat=0
split_feature=6 2 7 4 4 1 0 4 4 4
split_gain=1.96549 2.99973 5.15467 3.55442 3.32132 2.53533 2.0063 1.71545 2.40496 3.13191
threshold=11.006835937500002 74.160563046763357 15.78600823045268 1.3850556613178926 1.0366656940901751 73.896042707746446 72.346578105592783 0.64316178858280193 0.38624572753906256 0.070436477661132812
decision_type=2 2 2 2 2 2 2 2 2 2
left_child=7 3 6 4 -2 -4 -3 8 9 -1
right_child=1 2 5 -5 -6 -7 -8 -9 -10 -11
leaf_value=-0.081840441297663644 -0.014264749029253329 0.049101515054453669 0.059756857332026229 -0.086708439248458252 0.045408016459888123 -0.031935955265334749 0.16648147466358704 0.015865846772142728 -0.11277145950039164 0.048528597175463234
leaf_weight=4.2092717736959475 113.88878952711821 2.9165879711508778 4.338472604751586 6.242921218276023 10.159394681453703 9.8892300426959974 2.9080566018819809 3.7220425605773917 5.3061640411615372 3.2775681167840958
leaf_count=21 627 21 32 30 65 56 22 21 25 20
internal_value=-0.0111386 -0.00754149 0.0284644 -0.0130829 -0.00937762 -0.00397594 0.107706 -0.043885 -0.0612692 -0.0247678
internal_weight=166.858 150.343 20.0523 130.291 124.048 14.2277 5.82464 16.515 12.793 7.48684
internal_count=940 853 131 722 692 88 43 87 66 41
is_linear=0
shrinkage=0.1


Tree=16
num_leaves=10
num_cat=0
split_feature=2 3 2 0 2 2 2 2 1
split_gain=1.79505 5.53118 2.20211 3.5616 3.3093 2.92388 2.26421 2.25251 2.00824
threshold=53.172865543989282 38.174163057742675 58.846853204600741 68.529310378478854 55.248125273374271 65.787262884209994 56.981137947566999 65.160343852475734 62.880802698073126
decision_type=2 2 2 2 2 2 2 2 2
left_child=1 -1 3 6 -5 7 -2 -4 -7
right_child=2 -3 5 4 -6 8 -8 -9 -10
leaf_value=-0.12600009271189916 -0.064206120558172916 0.022650128751174121 -0.023313795489936649 0.009713920477000669 0.13151691183217537 0.058830180216585017 0.030814865530371629 -0.089498517257644183 -0.0045583458045136693
leaf_weight=4.9670591354370099 4.9783482253551501 5.0461613312363625 44.924339614808559 4.4693674519658071 4.453044131398201 5.3247313722968093 5.0530662089586258 5.8069152235984793 81.443448185920715
leaf_count=23 25 29 239 25 29 35 29 28 478
internal_value=-0.0100409 -0.0510878 -0.00741387 0.0245404 0.070504 -0.0118187 -0.0163418 -0.0308896 -0.000668361
internal_weight=166.466 10.0132 156.453 18.9538 8.92241 137.499 10.0314 50.7313 86.7682
internal_count=940 52 888 108 54 780 54 267 513
is_linear=0
shrinkage=0.1


Tree=17
num_leaves=6
num_cat=0
split_feature=1 1 4 6 0
split_gain=1.79327 2.68295 2.11062 3.14638 2.8389
threshold=60.339789676445264 60.841826272974629 0.073172032833099365 12.011808233335616 87.357020106881478
decision_type=2 2 2 2 2
left_child=-1 -2 3 -3 -4
right_child=1 2 4 -5 -6
leaf_value=0.060164354528343046 -0.091913416975716228 -0.10485329005755556 -0.0067631479714677844 -0.016715926119371099 0.066474631100221102
leaf_weight=3.6607359051704398 3.9598850235342971 5.2044743224978474 129.62288291752338 18.264480978250504 5.5180367976427069
leaf_count=24 20 25 735 101 35
internal_value=-0.00905119 -0.0106098 -0.00857994 -0.0362613 -0.00377272
internal_weight=166.23 162.57 158.61 23.469 135.141
internal_count=940 916 896 126 770
is_linear=0
shrinkage=0.1


Tree=18
num_leaves=6
num_cat=0
split_feature=1 1 2 3 2
split_gain=1.54345 1.67042 1.72977 3.53488 3.1746
threshold=60.275792591794207 60.841826272974629 53.172865543989282 38.174163057742675 58.846853204600741
decision_type=2 2 2 2 2
left_child=-1 -2 3 -3 -4
right_child=1 2 4 -5 -6
leaf_value=0.06341699414269894 -0.06882865095510321 -0.11595676886056945 0.03665087831038772 0.0099437958779304524 -0.010250355733955146
leaf_weight=2.9593388363718978 4.6045260429382315 4.2874408811330778 16.182820007205009 4.6473631262779236 133.37741369754076
leaf_count=20 24 20 94 26 756
internal_value=-0.00815522 -0.00945386 -0.00772893 -0.0504706 -0.00517552
internal_weight=166.059 163.1 158.495 8.9348 149.56
internal_count=940 920 896 46 850
is_linear=0
shrinkage=0.1


Tree=19
num_leaves=13
num_cat=0
split_feature=3 0 3 3 3 3 3 4 2 1 0 7
split_gain=1.53161 2.66403 4.22139 4.50094 2.21082 2.66948 6.15765 3.67525 2.63187 2.97432 1.87562 1.73611
threshold=25.671938298261136 63.133334804326303 21.470867589263751 16.806290211780741 39.922852717374823 44.477671049364517 46.634538148447263 0.14983562380075457 53.172865543989282 65.676507764668102 66.319849243312731 15.12975922787547
decision_type=2 2 2 2 2 2 2 2 2 2 2 2
left_child=1 11 3 -3 8 7 -7 -6 -2 -10 -4 -1
right_child=4 2 10 -5 5 6 -8 -9 9 -11 -12 -13
leaf_value=-0.10543096744414676 -0.066845667878965884 -0.022489095696204851 0.018681382046149941 0.081927125050129918 0.036664411866250433 0.099301898877378988 -0.022332989129120701 -0.07481048744663471 0.045005271860498477 0.00031538136233113617 -0.057898513765006793 -0.017289688950184755
leaf_weight=5.6495414823293668 4.3185964301228514 8.8072066158056277 4.0273865088820484 7.7706589996814719 3.8007822930812862 5.1069949790835407 22.491523869335651 13.330884061753748 21.154746510088444 50.309822253882885 15.535374119877813 3.697109155356884
leaf_count=27 22 47 23 48 23 33 126 70 128 293 79 21
internal_value=-0.00734381 -0.0229786 -0.0106715 0.0264547 -0.00144252 -0.0190722 0.000175058 -0.050079 0.00896324 0.0135444 -0.042133 -0.0705663
internal_weight=166.001 45.4873 36.1406 16.5779 120.513 44.7302 27.5985 17.1317 75.7832 71.4646 19.5628 9.34665
internal_count=940 245 197 95 695 252 159 93 443 421 102 48
is_linear=0
shrinkage=0.1


Tree=20
num_leaves=8
num_cat=0
split_feature=1 1 3 6 6 3 3
split_gain=1.49978 2.0916 2.62567 2.46438 3.79672 3.50205 2.0519
threshold=79.019748010368843 76.876423182023203 42.885781751719456 18.551409478743366 18.202542769379821 29.218095467034018 31.631332438050134
decision_type=2 2 2 2 2 2 2
left_child=1 3 6 4 -1 -5 -3
right_child=-2 2 -4 5 -6 -7 -8
leaf_value=-0.0056541375377250269 0.055395776883176796 -0.058989309275937651 -0.10579638271331525 -0.017377415740640535 -0.10582075137429188 0.085632227053401302 0.032060327756877387
leaf_weight=130.20312242954969 3.8098081871867171 5.123222813010214 4.6931217834353438 6.2906121015548688 3.8973684459924689 6.9431511461734772 4.7886312454938889
leaf_count=736 26 26 23 35 20 45 29
internal_value=-0.0066216 -0.00808063 -0.0441771 -0.00450246 -0.00856528 0.036667 -0.0150013
internal_weight=165.749 161.939 14.605 147.334 134.1 13.2338 9.91185
internal_count=940 914 78 836 756 80 55
is_linear=0
shrinkage=0.1


Tree=21
num_leaves=5
num_cat=0
split_feature=2 5 1 4
split_gain=1.42411 1.48318 2.14141 2.19954
threshold=81.044544495322143 1.3057706024720082 60.339789676445264 1.0366656940901751
decision_type=2 2 2 2
left_child=1 2 -1 -4
right_child=-2 -3 3 -5
leaf_value=0.073588612452670218 0.051259581836927928 -0.05840886049594704 -0.011302819387712746 0.029455203222410326
leaf_weight=3.3370077162981024 4.2387056499719611 5.5184622853994361 137.91790870577097 14.646634764969347
leaf_count=23 33 28 765 91
internal_value=-0.0059576 -0.00746006 -0.00565662 -0.00738993
internal_weight=165.659 161.42 155.902 152.565
internal_count=940 907 879 856
is_linear=0
shrinkage=0.1


Tree=22
num_leaves=8
num_cat=0
split_feature=6 3 3 6 4 4 4
split_gain=1.38854 3.28717 2.6295 2.07629 1.41576 2.10634 2.16934
threshold=11.006835937500002 1.0000000180025095e-35 13.436757640022874 12.718028113245966 0.64316178858280193 0.38624572753906256 0.070436477661132812
decision_type=2 2 2 2 2 2 2
left_child=4 -2 -3 -4 5 6 -1
right_child=1 2 3 -5 -6 -7 -8
leaf_value=-0.063513284618846935 0.1251050968813191 -0.094312996436637958 0.030080239795812543 -0.0065753306091224303 0.021237104843041671 -0.097596819197950921 0.04613661715352757
leaf_weight=4.0339447557926196 1.9965826794505108 3.1598208248615256 17.604854926466942 126.41265434771776 3.6966404467821112 5.2341456785798073 3.2644344866275787
leaf_count=21 13 15 104 721 21 25 20
internal_value=-0.00536753 -0.00234543 -0.0040744 -0.00209451 -0.0331458 -0.0491868 -0.0144688
internal_weight=165.403 149.174 147.177 144.018 16.2292 12.5325 7.29838
internal_count=940 853 840 825 87 66 41
is_linear=0
shrinkage=0.1


Tree=23
num_leaves=13
num_cat=0
split_feature=2 2 5 4 0 0 0 2 5 7 6 2
split_gain=1.39372 2.92864 2.97739 2.83903 2.51078 2.30539 3.44507 3.14967 1.59031 3.74726 2.50434 1.90721
threshold=66.002927248472901 62.532649311574367 0.63600656434736669 1.0016110334763797 67.641839842312052 69.242187500000014 75.526704113600147 56.981137947566999 0.9976920950110274 17.0329157845681 20.314210445293543 81.044544495322143
decision_type=2 2 2 2 2 2 2 2 2 2 2 2
left_child=1 5 4 -4 -3 7 -7 -1 10 -10 11 -2
right_child=8 2 3 -5 -6 6 -8 -9 9 -11 -12 -13
leaf_value=-0.075515163285253151 0.010030807730030166 -0.099124619538760186 0.051881012369427992 -0.053282578792518992 -0.02625952933828514 0.060478675071186233 -0.011868302563547354 0.0012280729418704236 -0.077723869910861221 0.045622257476291117 -0.068932822957651768 0.086018085999141694
leaf_weight=7.566337704658511 65.736967884004116 9.5542134344577843 5.6001514792442304 4.7397659495472908 9.3637041151523572 11.965503804385664 14.629252992570398 18.240116000175476 6.6494321674108487 3.9120320752263069 3.858175426721572 3.4778122156858435
leaf_count=38 388 46 33 25 49 72 80 101 34 25 20 29
internal_value=-0.00483769 -0.0141306 -0.0394749 0.00367455 -0.063059 2.02358e-05 0.020682 -0.0212727 0.00423571 -0.0320357 0.00947813 0.0138489
internal_weight=165.293 81.659 29.2578 10.3399 18.9179 52.4012 26.5948 25.8065 83.6344 10.5615 73.073 69.2148
internal_count=940 444 153 58 95 291 152 139 496 59 437 417
is_linear=0
shrinkage=0.1


Tree=24
num_leaves=9
num_cat=0
split_feature=4 1 3 7 0 4 0 0
split_gain=1.3001 2.51329 3.17984 3.97007 2.50187 2.11983 3.92738 2.8142
threshold=0.073172032833099365 74.5515861708583 37.348940494568517 15.035545314236616 87.357020106881478 0.49565536262667848 57.602780082050238 79.091537383677988
decision_type=2 2 2 2 2 2 2 2
left_child=1 2 3 -1 5 6 -2 -7
right_child=4 -3 -4 -5 -6 7 -8 -9
leaf_value=-0.075693679132912833 -0.055491788876428416 -0.0947014196033725 0.053444783029200527 0.032853397136438589 0.065546431341703917 -0.0047860367174888249 0.023343632756724807 -0.053152887705037066
leaf_weight=9.0977988243103081 7.3460321575403205 4.3386376500129691 5.5698250234127036 5.351445645093917 5.4825002178549758 67.658892035484314 45.2067029774189 14.631309039890764
leaf_count=46 41 21 35 32 35 385 269 76
internal_value=-0.00437532 -0.0257015 -0.0107475 -0.035492 -0.000673518 -0.00336592 0.0123237 -0.0133857
internal_weight=164.683 24.3577 20.0191 14.4492 140.325 134.843 52.5527 82.2902
internal_count=940 134 113 78 806 771 310 461
is_linear=0
shrinkage=0.1


Tree=25
num_leaves=9
num_cat=0
split_feature=1 2 0 0 7 2 2 3
split_gain=1.22447 1.36188 2.85809 2.99114 2.44175 1.45698 3.65462 3.01624
threshold=60.275792591794207 66.002927248472901 66.891956204024623 64.149673928273856 16.932363328903975 69.634081946546786 68.855806967928729 43.567509796219959
decision_type=2 2 2 2 2 2 2 2
left_child=-1 2 3 -2 -4 6 -3 -7
right_child=1 5 4 -5 -6 7 -8 -9
leaf_value=0.06071156031306249 -0.015863847046890932 0.0031816547297741585 -0.0065632417114433531 -0.08239499165195166 0.072405251207180346 -0.017276979397225639 0.085595190697535267 0.051073936330057607
leaf_weight=2.8774729371070853 19.519413962960247 26.019561894237995 44.444530703127384 10.335648298263548 4.2938372790813437 42.473348408937454 6.7836205661296836 7.6135149598121634
leaf_count=20 106 151 243 51 27 247 44 51
internal_value=-0.00394799 -0.00510016 -0.0145313 -0.0388965 0.000393862 0.0038421 0.0202246 -0.00688721
internal_weight=164.361 161.483 78.5934 29.8551 48.7384 82.89 32.8032 50.0869
internal_count=940 920 427 157 270 493 195 298
is_linear=0
shrinkage=0.1


Tree=26
num_leaves=10
num_cat=0
split_feature=2 3 2 3 4 0 2 6 1
split_gain=1.21985 3.525 1.53712 3.2678 4.26497 3.11228 2.10625 1.72925 1.44987
threshold=53.172865543989282 38.174163057742675 59.687204018266272 39.413167592602171 0.12790122635487933 70.665053952261559 65.787262884209994 11.881244901959692 62.605792949726357
decision_type=2 2 2 2 2 2 2 2 2
left_child=1 -1 3 4 -2 -5 7 -4 -8
right_child=2 -3 6 5 -6 -7 8 -9 -10
leaf_value=-0.10045202913830265 -0.035292692275132466 0.020468352319122179 0.023516328093321121 -0.090301102239689013 0.087318676943746745 0.032709646020638382 0.058569437477275249 -0.030871140267019617 0.0006693492250939905
leaf_weight=4.6713678389787656 3.9639967679977444 4.9817995652556419 6.8713558763265601 3.9963983595371229 9.9782474637031537 4.2378956973552704 4.5671764984726897 39.177188538014889 81.512953497469425
leaf_count=23 21 29 39 19 63 25 31 208 482
internal_value=-0.00356157 -0.0380475 -0.00140416 0.022958 0.0524584 -0.0269919 -0.00549311 -0.0227555 0.00374137
internal_weight=163.958 9.65317 154.305 22.1765 13.9422 8.23429 132.129 46.0485 86.0801
internal_count=940 52 888 128 84 44 760 247 513
is_linear=0
shrinkage=0.1


Tree=27
num_leaves=8
num_cat=0
split_feature=6 3 3 6 4 2 3
split_gain=1.11604 2.81896 2.09871 1.61782 1.29735 1.91282 0.983576
threshold=11.006835937500002 1.0000000180025095e-35 13.436757640022874 12.718028113245966 0.64316178858280193 60.040482207442629 36.670595559801818
decision_type=2 2 2 2 2 2 2
left_child=4 -2 -3 -4 5 -1 -7
right_child=1 2 3 -5 -6 6 -8
leaf_value=0.013714181166642093 0.11793106981374375 -0.083417444680140215 0.028209027201252641 -0.0043182768830065804 0.023805733994631349 -0.10286014499372356 -0.034027584413796885
leaf_weight=3.9141143411397925 1.9827036336064328 3.1073410660028449 17.419415071606636 125.13840728998184 3.6694146394729605 4.486084967851637 3.8641085177659988
leaf_count=22 13 15 104 721 21 22 22
internal_value=-0.0032172 -0.000503777 -0.00211584 -0.000343703 -0.0283608 -0.0439688 -0.0710074
internal_weight=163.582 147.648 145.665 142.558 15.9337 12.2643 8.35019
internal_count=940 853 840 825 87 66 44
is_linear=0
shrinkage=0.1


Tree=28
num_leaves=7
num_cat=0
split_feature=1 1 3 7 1 0
split_gain=1.08879 1.7423 2.4644 1.84859 1.79959 1.964
threshold=79.019748010368843 76.876423182023203 42.885781751719456 15.994746841870077 76.239354615870681 83.785790935158744
decision_type=2 2 2 2 2 2
left_child=1 4 3 -3 5 -1
right_child=-2 2 -4 -5 -6 -7
leaf_value=-0.0053393233980623045 0.050595404041952334 0.052683046868469509 -0.09742230020829723 -0.039547951983964304 0.059815583001256556 0.054341118625082445
leaf_weight=134.83496798574924 3.7177475318312636 3.2559909671545011 4.6292544677853575 6.5343492180109024 4.7294657155871382 5.7492599338293067
leaf_count=771 26 20 23 35 30 35
internal_value=-0.00290232 -0.00414746 -0.0373018 -0.00887452 -0.000857528 -0.00289866
internal_weight=163.451 159.733 14.4196 9.79034 145.314 140.584
internal_count=940 914 78 55 836 806
is_linear=0
shrinkage=0.1


Tree=29
num_leaves=10
num_cat=0
split_feature=2 3 3 2 5 2 3 3 4
split_gain=1.08388 2.85482 1.32855 3.21981 3.04017 2.8354 1.87475 4.33028 2.97015
threshold=53.172865543989282 38.174163057742675 39.922852717374823 61.176075045617125 0.66525794535353056 66.342705878987275 44.477671049364517 46.634538148447263 0.14983562380075457
decision_type=2 2 2 2 2 2 2 2 2
left_child=1 -1 3 4 -2 -5 8 -8 -4
right_child=2 -3 6 5 -6 -7 7 -9 -10
leaf_value=-0.092319283271686203 0.068423683292297477 0.01717573245677087 0.036434815798487667 -0.025867725334682734 -0.013060018973945993 0.010252290783802642 0.094076679299857968 -0.018310120841022369 -0.065236679741883116
leaf_weight=4.5740495622158033 13.528090342879297 4.9667723327875137 3.7136697471141842 34.256194517016411 6.9215910136699668 59.44840956479311 4.1812400743365314 19.039776049554348 12.697271548211573
leaf_count=23 82 29 23 185 40 354 28 109 67
internal_value=-0.00261225 -0.0353182 -0.000583187 0.00489336 0.0408439 -0.00295234 -0.0163576 0.00192656 -0.0422292
internal_weight=163.327 9.54082 153.786 114.154 20.4497 93.7046 39.632 23.221 16.4109
internal_count=940 52 888 661 122 539 227 137 90
is_linear=0
shrinkage=0.1


Tree=30
num_leaves=10
num_cat=0
split_feature=4 1 3 7 0 0 4 0 3
split_gain=1.0836 1.95118 2.42217 3.20565 1.8734 2.97913 3.27067 2.14332 2.01079
threshold=0.073172032833099365 74.5515861708583 37.348940494568517 15.035545314236616 84.402269846252935 79.699831711024942 0.50883199600597073 78.254328534950631 42.885781751719456
decision_type=2 2 2 2 2 2 2 2 2
left_child=1 2 3 -1 5 7 -7 -2 -6
right_child=4 -3 -4 -5 8 6 -8 -9 -10
leaf_value=-0.067898487559872336 0.00024938588712375545 -0.082979974394044739 0.047538529131702624 0.030597660086953023 0.086389378866155608 0.018950670339994046 -0.083540168739930767 0.074234283795949305 0.00041315943154761532
leaf_weight=8.741571128368383 110.64662127196789 4.3064116835594168 5.5141166150569907 5.3123219087719908 5.1274410858750326 4.8574564903974524 8.6730630919337255 4.0592717602848998 5.7942968755960464
leaf_count=46 643 21 35 32 33 28 43 25 34
internal_value=-0.00235796 -0.0220407 -0.00862948 -0.0306673 0.00101887 -0.00236724 -0.046746 0.0028676 0.0407765
internal_weight=163.033 23.8744 19.568 14.0539 139.158 128.236 13.5305 114.706 10.9217
internal_count=940 134 113 78 806 739 71 668 67
is_linear=0
shrinkage=0.1


Tree=31
num_leaves=6
num_cat=0
split_feature=1 1 3 5 3
split_gain=0.997476 1.68496 1.4305 4.32721 1.82263
threshold=60.339789676445264 60.841826272974629 49.232142278646585 0.28431811507711163 44.477671049364517
decision_type=2 2 2 2 2
left_child=-1 -2 4 -4 -3
right_child=1 2 3 -5 -6
leaf_value=0.050970540625499078 -0.068955770266862212 -0.0013219254420462391 -0.11196613059704615 0.0016033040313171701 0.045391194125321714
leaf_weight=3.462122604250907 3.813530169427394 129.40612240880728 4.593336850404742 12.443812899291514 8.9289258718490583
leaf_count=24 20 745 23 73 55
internal_value=-0.00213108 -0.00328599 -0.00167416 -0.0290158 0.0016932
internal_weight=162.648 159.186 155.372 17.0371 138.335
internal_count=940 916 896 96 800
is_linear=0
shrinkage=0.1


Tree=32
num_leaves=5
num_cat=0
split_feature=3 3 2 2
split_gain=1.01601 2.68142 1.29013 1.13946
threshold=59.008331177731151 53.461297849198154 53.172865543989282 61.176075045617125
decision_type=2 2 2 2
left_child=1 2 -1 -4
right_child=-2 -3 3 -5
leaf_value=-0.04269356558219127 0.043450176769008093 -0.06486822568908901 0.019597632105999768 -0.0028763101689717511
leaf_weight=6.9259149879217139 4.7908298671245566 6.769258350133895 28.001878209412098 116.08616914600134
leaf_count=38 30 36 162 674
internal_value=-0.0019177 -0.00329522 -0.000535191 0.00149125
internal_weight=162.574 157.783 151.014 144.088
internal_count=940 910 874 836
is_linear=0
shrinkage=0.1


Tree=33
num_leaves=8
num_cat=0
split_feature=5 7 4 4 6 1 7
split_gain=0.947828 8.81598 2.80501 4.24895 4.16062 2.14731 1.68045
threshold=1.1671213354438776 14.99049961593245 1.0366656940901751 1.0016110334763797 15.494140625000002 60.518289894833124 16.870470623143508
decision_type=2 2 2 2 2 2 2
left_child=2 -2 3 5 -4 -1 -6
right_child=1 -3 4 -5 6 -7 -8
leaf_value=0.073462586042168695 -0.12854454903406964 0.066302300892008267 0.12219991817977437 -0.094124192088050451 -0.043876022075285369 -0.0024740833274453523 0.057454295176720217
leaf_weight=3.8309969156980506 4.7227103561162931 4.5683178752660751 4.5363548025488836 5.0085704252123824 3.9313041418790817 133.13516225665808 2.8038943335413933
leaf_count=27 22 28 33 25 22 764 19
internal_value=-0.0017265 -0.03274 0.00015379 -0.00365826 0.0481698 -0.000350105 -0.00169174
internal_weight=162.537 9.29103 153.246 141.975 11.2716 136.966 6.7352
internal_count=940 50 890 816 74 791 41
is_linear=0
shrinkage=0.1


Tree=34
num_leaves=14
num_cat=0
split_feature=3 3 6 6 0 3 5 4 7 6 7 0 1
split_gain=0.924218 1.85974 2.24686 7.24579 2.54941 1.66169 3.83552 2.2414 1.46234 3.87419 2.99906 3.04597 1.24977
threshold=26.920054886916784 39.922852717374823 18.86882546031848 17.68641444085215 77.738423424326029 44.477671049364517 0.41866243674264975 0.14983562380075457 16.976503185147973 19.297311084217657 16.249187960733956 63.133334804326303 69.137796296760499
decision_type=2 2 2 2 2 2 2 2 2 2 2 2 2
left_child=8 2 3 -2 -4 7 -7 -3 10 12 11 -1 -10
right_child=1 5 4 -5 -6 6 -8 -9 9 -11 -12 -13 -14
leaf_value=-0.06227401999698301 0.020403366382104379 0.031704307424810736 0.12317466224156406 -0.087589098132742654 0.00097232402787100877 -0.03534844353883785 0.039974000586692204 -0.056544209002238145 0.095409987424594681 -0.065930837183553706 -0.10255948916441966 0.0049037161023874542 0.016371584121329694
leaf_weight=9.1055293157696706 53.363156750798225 3.687782987952235 3.7868590578436843 7.0316453427076331 3.1085968986153603 13.321048326790335 13.726800940930842 13.108370915055273 4.1657208502292615 3.7289279401302329 4.1295300871133795 26.086076684296131 3.8490715324878693
leaf_count=49 321 23 27 37 18 74 85 70 27 19 20 148 22
internal_value=-0.00155434 0.00356248 0.0140044 0.00783002 0.0680836 -0.0124634 0.00287775 -0.0371683 -0.0126903 0.0182749 -0.0219384 -0.012478 0.0574521
internal_weight=162.199 111.134 67.2903 60.3948 6.89546 43.844 27.0478 16.7962 51.0649 11.7437 39.3211 35.1916 8.01479
internal_count=940 655 403 358 45 252 159 93 285 68 217 197 49
is_linear=0
shrinkage=0.1


Tree=35
num_leaves=8
num_cat=0
split_feature=4 0 4 4 0 6 6
split_gain=0.915408 1.92678 4.48626 2.55902 1.6632 2.36755 2.50203
threshold=0.073172032833099365 62.708325881107264 0.035888701677322353 0.0078164637379813506 87.357020106881478 20.438741517404829 18.551409478743366
decision_type=2 2 2 2 2 2 2
left_child=1 -1 3 -3 5 6 -2
right_child=4 2 -4 -5 -6 -7 -8
leaf_value=0.04444886978255868 -0.0020454558054392412 -0.040542642000511851 -0.098851934102341554 0.048399413145605544 0.056510527287072225 -0.069392115525717529 0.049249117492415305
leaf_weight=3.9151610136032131 117.81037689745426 6.770373538136484 6.6943206489086142 6.1947587504982948 5.3241064473986617 4.8065733164548865 10.344286642968653
leaf_count=26 680 37 33 38 35 25 66
internal_value=-0.0013999 -0.0196138 -0.0323718 0.001954 0.00170518 -0.00048937 0.0020949
internal_weight=161.86 23.5746 19.6595 12.9651 138.285 132.961 128.155
internal_count=940 134 108 75 806 771 746
is_linear=0
shrinkage=0.1


Tree=36
num_leaves=7
num_cat=0
split_feature=5 4 0 4 0 5
split_gain=0.923596 1.46126 4.63585 3.44626 1.83164 1.71707
threshold=1.3057706024720082 1.0366656940901751 69.177764172647457 1.0016110334763797 64.958040180456024 1.0167619470849967
decision_type=2 2 2 2 2 2
left_child=1 3 -3 4 -1 -4
right_child=-2 2 5 -5 -6 -7
leaf_value=-0.01776012714763207 -0.042169475166664278 0.11436857500260551 0.045209292955255546 -0.084742760960352825 0.0075483768714768515 -0.040191061845422961
leaf_weight=40.721404731273651 5.3374299630522719 4.5215700343251219 3.8017331361770612 4.971913017332553 96.037030436098576 6.1839299649000168
leaf_count=236 29 34 25 25 557 34
internal_value=-0.00126408 0.000133343 0.0303614 -0.00296074 1.24773e-05 -0.00767751
internal_weight=161.575 156.238 14.5072 141.73 136.758 9.98566
internal_count=940 911 93 818 793 59
is_linear=0
shrinkage=0.1


Tree=37
num_leaves=12
num_cat=0
split_feature=2 2 0 0 2 6 6 5 4 4 1
split_gain=0.911575 2.43708 2.34313 3.98117 1.89058 1.5173 3.87169 4.84247 2.33194 3.2503 1.92505
threshold=65.889173338822999 65.464380356578715 69.242187500000014 75.257570441100185 56.981137947566999 16.747467854886064 15.962731810286643 1.1363102863136163 1.2194539383053782 0.34402734154724818 73.35820498027114
decision_type=2 2 2 2 2 2 2 2 2 2 2
left_child=1 2 4 -4 -1 6 7 -2 9 -7 -8
right_child=5 -3 3 -5 -6 8 10 -9 -10 -11 -12
leaf_value=-0.068157478232145893 0.01427499097770518 -0.079171087665116352 0.051038958185554276 -0.016045053123708113 -0.011025429201778179 0.020384397686849579 0.12370868215719458 -0.10589999810561986 0.062698010822569331 -0.051631171613211894 0.026791000572420703
leaf_weight=7.1822796538472167 42.162140779197216 4.6456742882728568 15.923408932983873 19.90524410456419 29.924101419746876 10.508530348539358 4.4560630023479444 3.6427365094423285 3.6584777161478987 15.527619093656538 3.7947386056184769
leaf_count=38 259 24 96 110 167 64 32 18 24 85 23
internal_value=-0.00113447 -0.00894451 -0.00447136 0.0137692 -0.0220839 0.00610024 0.0160763 0.0047178 -0.0120601 -0.0225647 0.079134
internal_weight=161.331 77.5807 72.935 35.8287 37.1064 83.7503 54.0557 45.8049 29.6946 26.0361 8.2508
internal_count=940 435 411 206 205 505 332 277 173 149 55
is_linear=0
shrinkage=0.1


Tree=38
num_leaves=9
num_cat=0
split_feature=4 0 4 4 3 3 5 4
split_gain=0.883039 1.75076 3.41857 1.93671 1.70267 3.64303 2.22185 2.14311
threshold=0.073172032833099365 61.306991523539189 0.035888701677322353 0.0078164637379813506 16.482924598718707 19.677458466177303 0.17526451316288233 0.80704559400738429
decision_type=2 2 2 2 2 2 2 2
left_child=1 -1 3 -3 7 -6 -7 -2
right_child=4 2 -4 -5 5 6 -8 -9
leaf_value=0.054106026374139554 -0.094449751485312691 -0.034610475478734276 -0.086629658299482826 0.041149349440681375 0.091310409176295307 0.079702455973546762 -0.00078791432607059622 0.012054174032672078
leaf_weight=2.8736901655793217 3.991785153746604 7.4254771396517771 6.8905590623617163 6.184898279607296 4.6836012229323378 3.5289472639560691 121.64939101785421 3.587224505841732
leaf_count=20 19 41 35 38 30 22 714 21
internal_value=-0.00102379 -0.0189923 -0.0292387 -0.000183298 0.00203212 0.004721 0.00148122 -0.0440403
internal_weight=160.816 23.3746 20.5009 13.6104 137.441 129.862 125.178 7.57901
internal_count=940 134 114 79 806 766 736 40
is_linear=0
shrinkage=0.1


Tree=39
num_leaves=7
num_cat=0
split_feature=1 1 3 7 1 0
split_gain=0.862403 1.27194 1.83692 1.58321 1.31935 1.44647
threshold=79.019748010368843 76.876423182023203 42.885781751719456 15.994746841870077 76.239354615870681 83.785790935158744
decision_type=2 2 2 2 2 2
left_child=1 4 3 -3 5 -1
right_child=-2 2 -4 -5 -6 -7
leaf_value=-0.003095866262629698 0.047353946324365515 0.052264295695992918 -0.083359593511919905 -0.034349342134932563 0.053075003088283057 0.048524099381106418
leaf_weight=132.49204800277948 3.6160586178302756 3.1407687216997129 4.5068092867732039 6.4329672008752823 4.6677059158682814 5.6603378355503073
leaf_count=771 26 20 23 35 30 35
internal_value=-0.000928537 -0.00204129 -0.0307164 -0.00593479 0.000785769 -0.000980909
internal_weight=160.517 156.901 14.0805 9.57374 142.82 138.152
internal_count=940 914 78 55 836 806
is_linear=0
shrinkage=0.1


Tree=40
num_leaves=7
num_cat=0
split_feature=2 6 6 4 4 7
split_gain=0.835443 0.998742 3.48156 2.2721 1.95266 1.49461
threshold=81.044544495322143 18.551409478743366 18.202542769379821 1.3850556613178926 1.1439236294445772 19.366518939307095
decision_type=2 2 2 2 2 2
left_child=1 2 3 -1 5 -3
right_child=-2 4 -4 -5 -6 -7
leaf_value=0.00071992744760685185 0.044548006926644929 0.028261052011443317 -0.096044139175606835 -0.061955151849457248 0.096581831109958188 -0.038217032397064025
leaf_weight=128.27869250625372 3.9561631530523291 10.088990993797781 4.0647805035114279 6.0572352409362784 2.820678122341632 5.087341681122779
leaf_count=746 33 62 20 32 20 27
internal_value=-0.000835378 -0.00198337 -0.00486503 -0.00210611 0.0201772 0.00597657
internal_weight=160.354 156.398 138.401 134.336 17.997 15.1763
internal_count=940 907 798 778 109 89
is_linear=0
shrinkage=0.1


Tree=41
num_leaves=10
num_cat=0
split_feature=2 3 3 2 5 2 6 2 6
split_gain=0.843723 2.28954 0.919686 2.50975 2.47045 2.2466 1.70452 4.73949 3.2408
threshold=53.172865543989282 38.174163057742675 39.922852717374823 61.176075045617125 0.66525794535353056 66.342705878987275 12.285812100079967 74.485912984665518 11.006835937500002
decision_type=2 2 2 2 2 2 2 2 2
left_child=1 -1 3 4 -2 -5 8 -8 -4
right_child=2 -3 6 5 -6 -7 7 -9 -10
leaf_value=-0.083170443955728979 0.062685406059896767 0.016878071133111697 -0.028414524852474806 -0.021947584376770191 -0.011500811622609139 0.010522761285556707 -0.040164722555769347 0.070528086444348229 0.093622914008894664
leaf_weight=4.318821541965006 13.311309099197389 4.8626698851585388 4.8298975452780706 33.599784374237061 6.7726241052150717 58.248802289366722 25.643650174140934 4.5551544427871695 3.960276834666729
leaf_count=23 82 29 27 185 40 354 139 34 27
internal_value=-0.000751128 -0.0301831 0.0010394 0.0056466 0.0376686 -0.00135545 -0.0121873 -0.0234679 0.0265676
internal_weight=160.103 9.18149 150.921 111.933 20.0839 91.8486 38.989 30.1988 8.79017
internal_count=940 52 888 661 122 539 227 173 54
is_linear=0
shrinkage=0.1


Tree=42
num_leaves=12
num_cat=0
split_feature=4 4 5 2 5 7 6 7 2 2 0
split_gain=0.824928 3.13629 2.28561 2.06268 1.97946 1.86461 1.82463 3.08237 2.4793 1.81493 1.81088
threshold=0.21093750000000003 0.29464125633239752 0.41346529042246921 57.160611361069662 0.28431811507711163 15.222343981017104 17.075444344431165 16.028104170356556 69.397591369108497 64.705580430831631 57.602780082050238
decision_type=2 2 2 2 2 2 2 2 2 2 2
left_child=3 4 9 -1 -2 -6 7 -5 -8 -3 -4
right_child=1 2 10 6 5 -7 8 -9 -10 -11 -12
leaf_value=-0.064105007340890738 0.0013853638818341182 -0.0041985916493804624 0.057657213539294233 0.00094945871115324331 0.13364477942165132 0.0339307653948542 0.087815059380771499 -0.08160708496511182 -0.022262549931752931 -0.080438539333622133 -0.00011066045942481418
leaf_weight=6.555710293352603 4.8118823841214162 6.2887358739972097 5.7946513742208472 23.220489539206032 3.7334827110171318 3.767954483628273 4.53673107922077 5.6164206415414801 3.7270825281739235 6.2016563341021538 85.402258805930614
leaf_count=35 28 36 38 139 26 25 29 31 21 32 500
internal_value=-0.000678045 0.00373164 -0.00193469 -0.0123951 0.0514464 0.0835587 -0.00325799 -0.0151297 0.0381687 -0.0420528 0.00355991
internal_weight=159.657 116.001 103.687 43.6564 12.3133 7.50144 37.1007 28.8369 8.26381 12.4904 91.1969
internal_count=940 685 606 255 79 51 220 170 50 68 538
is_linear=0
shrinkage=0.1


Tree=43
num_leaves=9
num_cat=0
split_feature=7 4 4 4 5 5 2 4
split_gain=0.806934 4.36421 4.43649 3.12596 2.19162 3.36442 1.79801 1.6082
threshold=15.256822551128961 1.3233751077832496 1.0258125147086619 1.2971210628893461 0.91908066045901504 0.70086612175750918 70.043985028699879 0.13284307171774223
decision_type=2 2 2 2 2 2 2 2
left_child=1 2 7 4 5 -2 -6 -1
right_child=3 -3 -4 -5 6 -7 -8 -9
leaf_value=-0.03244624508074502 -0.0011912250117784139 -0.109253896115298 0.091240643077218381 0.089748015222440553 0.007479819629468064 0.066168400247599277 -0.08699137630999737 0.00044083383429574085
leaf_weight=19.884449973702431 50.562824562191963 3.9877526611089698 4.792595461010932 4.31699264794588 3.5317771062254888 8.689256399869917 4.6898114383220673 58.954961515963078
leaf_count=113 301 20 35 29 23 56 25 338
internal_value=-0.000608345 -0.00704846 -0.00217509 0.00725175 0.00197361 0.00868699 -0.046409 -0.00785377
internal_weight=159.41 87.6198 83.632 71.7907 67.4737 59.2521 8.22159 78.8394
internal_count=940 506 486 434 405 357 48 451
is_linear=0
shrinkage=0.1


Tree=44
num_leaves=11
num_cat=0
split_feature=6 2 7 0 4 0 5 4 4 4
split_gain=0.748505 1.5322 3.62463 2.50499 1.69616 1.66793 1.54654 1.22745 2.0498 1.31861
threshold=11.006835937500002 74.160563046763357 15.78600823045268 76.978184850181293 1.3850556613178926 72.346578105592783 1.0591682000587228 0.64316178858280193 0.38624572753906256 0.070436477661132812
decision_type=2 2 2 2 2 2 2 2 2 2
left_child=7 4 5 -4 6 -3 -2 8 9 -1
right_child=1 2 3 -5 -6 -7 -8 -9 -10 -11
leaf_value=-0.042705502475158981 -0.001899491672781032 0.043116212810464002 -0.021208708906965915 0.082636121235702631 -0.056548165673002408 0.1546555202909945 0.06336803049355888 0.029821568732448768 -0.085270102934309255 0.045437887857334221
leaf_weight=3.6026240363717061 115.11312451958656 2.7361777275800732 10.888998962938784 2.9528629183769217 5.5195739418268195 2.6286673247814178 3.7487454190850249 3.5831718370318404 5.0465418770909309 3.2090017274022102
leaf_count=21 666 21 69 19 30 22 26 21 25 20
internal_value=-0.000548008 0.00170178 0.0279893 0.000944348 -0.00235749 0.0977683 0.000158959 -0.0214687 -0.036967 -0.00118057
internal_weight=159.029 143.588 19.2067 13.8419 124.381 5.36485 118.862 15.4413 11.8582 6.81163
internal_count=940 853 131 88 722 43 692 87 66 41
is_linear=0
shrinkage=0.1


Tree=45
num_leaves=9
num_cat=0
split_feature=3 5 3 3 2 3 0 7
split_gain=0.702979 2.8755 2.67852 1.84243 2.90079 2.38504 1.64481 1.13609
threshold=49.375774227180699 0.28431811507711163 58.039985944888393 44.477671049364517 68.410559070847498 42.701917748877925 84.402269846252935 13.710162209981869
decision_type=2 2 2 2 2 2 2 2
left_child=3 -2 7 5 -5 6 -1 -3
right_child=1 2 -4 4 -6 -7 -8 -9
leaf_value=-0.00057637185916876933 -0.085217896211922689 -0.06957981741962635 0.068049337980068944 0.0097181248098335542 0.13248700644454245 -0.059472009824694666 0.05564925985856594 0.0068346171239296542
leaf_weight=119.95493664592505 4.806391894817355 3.683650426566599 4.4417094066739082 6.8231169730424863 2.6807554513216019 6.6776021271944037 5.4388065934181204 4.1237033233046532
leaf_count=710 25 19 30 39 21 36 35 25
internal_value=-0.000489119 -0.0196687 0.00605202 0.00182143 0.0443475 -0.00123875 0.00186235 -0.0292191
internal_weight=158.631 17.0555 12.2491 141.575 9.50387 132.071 125.394 7.80735
internal_count=940 99 74 841 60 781 745 44
is_linear=0
shrinkage=0.1


Tree=46
num_leaves=12
num_cat=0
split_feature=3 0 3 2 7 3 1 1 0 2 3
split_gain=0.695347 1.96703 2.72633 2.35822 2.65518 1.23349 1.20691 2.12472 2.05514 1.59044 1.77785
threshold=25.606320724920597 74.686988460471028 22.225394739805811 60.040482207442629 15.12975922787547 21.939176944258463 77.164453718463122 77.646627732971083 80.344842910766616 78.99366703083281 25.986917344387845
decision_type=2 2 2 2 2 2 2 2 2 2 2
left_child=1 3 -3 5 -5 -1 9 -8 -9 10 -2
right_child=6 2 -4 4 -6 -7 7 8 -10 -11 -12
leaf_value=0.073076698150386796 0.093475732946417714 0.10196901405817256 -0.019031453329980401 -0.067555584117816578 -0.0056862146525147169 -0.012412418855101602 -0.086706025316604513 -0.053438390547528997 0.044238359440087471 0.071416908925879333 0.0027278390230362059
leaf_weight=3.4709387123584738 2.2076911628246298 3.3575943633913985 4.180708035826683 12.920273490250112 14.977568946778772 3.2852607071399689 3.92414616793394 3.8072719946503621 4.9607477486133575 3.7099251151084891 97.572142668068409
leaf_count=22 14 22 23 69 86 19 20 23 34 31 577
internal_value=-0.000436297 -0.0114317 0.0348627 -0.0215021 -0.0343397 0.0315069 0.00355676 -0.025547 0.00182491 0.0071261 0.00473569
internal_weight=158.374 42.1923 7.5383 34.654 27.8978 6.7562 116.182 12.6922 8.76802 103.49 99.7798
internal_count=940 241 45 196 155 41 699 77 57 622 591
is_linear=0
shrinkage=0.1


Tree=47
num_leaves=5
num_cat=0
split_feature=1 0 3 3
split_gain=0.655433 1.38017 1.0027 2.54113
threshold=60.518289894833124 54.801673889160163 59.008331177731151 49.232142278646585
decision_type=2 2 2 2
left_child=-1 -2 3 -3
right_child=1 2 -4 -5
leaf_value=0.036523855778833658 -0.054003784379431409 0.0026530868370337611 0.047538990037716979 -0.046615294514926985
leaf_weight=4.6662452891468993 4.8520506247878066 132.76245296001434 4.3425434827804557 11.364758826792238
leaf_count=32 28 789 29 62
internal_value=-0.000396872 -0.00152053 0.000194645 -0.00123184
internal_weight=157.988 153.322 148.47 144.127
internal_count=940 908 880 851
is_linear=0
shrinkage=0.1


Tree=48
num_leaves=5
num_cat=0
split_feature=6 6 6 1
split_gain=0.684927 1.27698 1.37637 0.960759
threshold=7.1866449900428941 8.9782104492187518 9.5485963938517688 60.518289894833124
decision_type=2 2 2 2
left_child=-1 -2 -3 -4
right_child=1 2 3 -5
leaf_value=-0.068095792098519473 0.073528443480854383 -0.066840047088867413 0.046627989234825584 -0.00085729457726522226
leaf_weight=1.478682368993758 2.3446425944566718 3.0953452959656707 4.3883700072765341 146.63244873285294
leaf_count=8 16 17 31 868
internal_value=-0.000356298 0.000283896 -0.000830408 0.000522535
internal_weight=157.939 156.461 154.116 151.021
internal_count=940 932 916 899
is_linear=0
shrinkage=0.1


Tree=49
num_leaves=12
num_cat=0
split_feature=3 6 6 6 2 3 3 0 3 3 0
split_gain=0.656357 1.28752 2.99328 2.82615 2.38354 1.5041 1.13695 2.16501 2.19089 1.74799 1.97549
threshold=26.920054886916784 19.115237640187846 20.438741517404829 18.166461672153677 74.360942326440082 35.207937486879025 21.097682737072855 63.133334804326303 17.082099874386923 23.007422618922583 61.306991523539189
decision_type=2 2 2 2 2 2 2 2 2 2 2
left_child=6 3 -3 4 -2 -5 7 -1 -9 -8 -11
right_child=1 2 -4 5 -6 -7 9 8 -10 10 -12
leaf_value=-0.056014931410038264 -0.00016542703336641393 0.095209648578197137 -0.021857590482625321 -0.10454396429440788 0.050297764143940299 -0.015367334141716031 -0.070248381764698734 -0.0067199648448837655 0.069105571935262164 0.061765233121406263 -0.021550294814944543
leaf_weight=4.0800636112689999 81.445840954780579 4.6947798505425435 4.0841847062110901 3.6148544996976844 10.575292147696016 3.9669199883937836 6.0321164354681995 8.8773072287440282 6.6764023080468169 3.3048987090587643 20.491948656737804
leaf_count=24 474 33 24 18 82 24 32 50 43 22 114
internal_value=-0.000321603 0.00403468 0.0407472 0.000798852 0.00563393 -0.0578852 -0.00986701 0.00882036 0.025828 -0.0221673 -0.00997946
internal_weight=157.845 108.382 8.77896 99.6029 92.0211 7.58177 49.4627 19.6338 15.5537 29.829 23.7968
internal_count=940 655 57 598 556 42 285 117 93 168 136
is_linear=0
shrinkage=0.1


Tree=50
num_leaves=10
num_cat=0
split_feature=2 0 3 2 5 3 6 2 6
split_gain=0.595057 1.96917 0.731448 1.89418 2.05443 1.81606 1.35632 3.27982 2.55797
threshold=53.172865543989282 72.248133091601218 39.922852717374823 61.176075045617125 0.66525794535353056 31.631332438050134 12.285812100079967 74.485912984665518 11.006835937500002
decision_type=2 2 2 2 2 2 2 2 2
left_child=1 -1 3 4 -2 -5 8 -8 -4
right_child=2 -3 6 5 -6 -7 7 -9 -10
leaf_value=-0.084919913971338412 0.056168015246639919 0.011879698190228771 -0.024770338183221483 -0.011090909442252382 -0.01192260688644137 0.018732474864675611 -0.034475015986916706 0.060170798604460556 0.084821103362118344
leaf_weight=3.4204577505588514 13.198493093252184 5.4500076845288277 4.7624497786164266 59.145420491695404 6.6707433089613906 31.18330604583025 25.397678166627887 4.2781439386308184 3.8528461381793022
leaf_count=19 82 33 27 343 40 196 139 34 27
internal_value=-0.000286521 -0.0254463 0.00121648 0.00535368 0.0333078 -0.000795273 -0.01069 -0.0208306 0.02424
internal_weight=157.36 8.87047 148.489 110.198 19.8692 90.3287 38.2911 29.6758 8.6153
internal_count=940 52 888 661 122 539 227 173 54
is_linear=0
shrinkage=0.1


Tree=51
num_leaves=12
num_cat=0
split_feature=2 2 0 0 5 2 3 2 5 0 5
split_gain=0.61466 1.96303 2.05707 3.37408 1.87864 1.41016 2.86992 3.15196 2.4093 2.05558 1.74826
threshold=65.889173338822999 65.464380356578715 69.242187500000014 75.257570441100185 0.70428508595587869 70.932368731287326 32.607007175570033 73.64868650980047 1.1363102863136163 60.504708212186749 0.86623686425189139
decision_type=2 2 2 2 2 2 2 2 2 2 2
left_child=1 2 4 -4 -1 8 7 -7 10 -8 -2
right_child=5 -3 3 -5 -6 6 9 -9 -10 -11 -12
leaf_value=-0.033459719634122989 0.019506571305194825 -0.070866948520095313 0.049118304315303923 -0.013218596999405953 0.017888776520536352 -0.076623910882040638 -0.033505170049879879 0.004271519788694193 -0.062305415313688689 0.037991083949087255 0.098938527787182873
leaf_weight=26.212466605007648 35.360148303210735 4.4909391179680815 15.637546405196188 19.523534551262856 9.7847648635506612 9.4477384611964244 5.527857024222615 9.8257065638899785 3.3826948255300513 14.755127117037771 3.0064592137932769
leaf_count=145 216 24 96 110 60 48 37 61 19 102 22
internal_value=-0.000257515 -0.00674517 -0.00269833 0.0145051 -0.0195022 0.0057788 -0.00775096 -0.035383 0.0185979 0.0185057 0.025731
internal_weight=156.955 75.6493 71.1583 35.1611 35.9972 81.3057 39.5564 19.2734 41.7493 20.283 38.3666
internal_count=940 435 411 206 205 505 248 109 257 139 238
is_linear=0
shrinkage=0.1


Tree=52
num_leaves=9
num_cat=0
split_feature=7 4 4 4 4 7 0 5
split_gain=0.578288 3.28741 3.54039 2.55952 2.26658 3.16947 1.96866 1.82021
threshold=15.256822551128961 1.3233751077832496 1.0258125147086619 1.2971210628893461 0.43916733586617057 15.947786334657888 71.212792485952392 0.70315686572980829
decision_type=2 2 2 2 2 2 2 2
left_child=1 2 7 4 5 -2 -6 -1
right_child=3 -3 -4 -5 6 -7 -8 -9
leaf_value=2.548082865004866e-06 0.092722775037211241 -0.09778584927287283 0.083855170551807925 0.082303257278369568 -0.038790650125938131 0.0071009052170003294 0.0080531178408068654 -0.042037844928033898
leaf_weight=65.141044616699219 5.2109739109873798 3.7133756875991812 4.5785601884126654 4.1863224580883971 17.937675200402737 25.38018212467432 17.948413521051407 12.232854448258875
leaf_count=385 36 20 35 29 104 157 108 66
internal_value=-0.000234017 -0.00575791 -0.001588 0.00646263 0.00168666 0.0216859 -0.0153618 -0.00664406
internal_weight=156.329 85.6658 81.9525 70.6636 66.4772 30.5912 35.8861 77.3739
internal_count=940 506 486 434 405 193 212 451
is_linear=0
shrinkage=0.1


Tree=53
num_leaves=12
num_cat=0
split_feature=4 4 2 1 1 7 5 0 2 5 4
split_gain=0.56395 2.39252 1.74609 1.6298 2.72402 2.02981 1.60359 1.72664 1.58834 1.38452 1.62979
threshold=0.21093750000000003 0.29464125633239752 57.160611361069662 74.037625656788961 69.207418777633123 14.319030396251057 0.41346529042246921 87.357020106881478 64.705580430831631 0.28431811507711163 0.26381540485466143
decision_type=2 2 2 2 2 2 2 2 2 2 2
left_child=2 9 -1 4 -4 -5 8 -8 -3 -2 -11
right_child=1 6 3 5 -6 -7 7 -9 -10 10 -12
leaf_value=-0.058268543691646503 0.0037207323124966657 0.00047655644794467213 -0.0071047598816382134 -0.1014566098816852 0.066808350232710034 -0.0026076273696592216 0.00046290088941626636 0.075307313436785261 -0.071570497832090102 0.034775285284804475 0.13173882712813342
leaf_weight=6.3755475208163253 4.7405321598052961 6.1358027234673482 20.823172383010391 3.2612866684794408 6.5560216233134261 5.7223484218120575 85.833523746579885 3.1971793994307509 6.1039665788412094 4.3705506324768066 2.8729267790913582
leaf_count=35 28 36 125 17 44 34 515 23 32 30 21
internal_value=-0.000208833 0.00348476 -0.00999667 -0.00153309 0.0105939 -0.0384923 -0.00151512 0.00315064 -0.0354533 0.0457361 0.0732332
internal_weight=155.993 113.254 42.7384 36.3628 27.3792 8.98364 101.27 89.0307 12.2398 11.984 7.24348
internal_count=940 685 255 220 169 51 606 538 68 79 51
is_linear=0
shrinkage=0.1


Tree=54
num_leaves=8
num_cat=0
split_feature=3 1 3 2 2 2 3
split_gain=0.5206 2.30277 1.0856 0.896689 1.56803 1.21069 1.03725
threshold=53.15305071883482 67.200670214926291 59.008331177731151 78.99366703083281 76.265588489819081 74.160563046763357 35.910954027144363
decision_type=2 2 2 2 2 2 2
left_child=3 -2 -3 4 5 -1 -5
right_child=1 2 -4 6 -6 -7 -8
leaf_value=-0.00024658977320529083 -0.074672254582388034 -0.020952616092304217 0.058438638976527547 0.0019097515820826983 -0.051511059936428683 0.043154793308176065 0.083110660746135628
leaf_weight=125.11670980229974 4.6877889931201917 3.6902712360024452 3.2298405095934868 3.5248139947652808 5.7170536592602721 6.7752918004989615 2.8411205522716045
leaf_count=740 24 22 23 25 33 47 26
internal_value=-0.000184595 -0.0205568 0.0161019 0.0014579 -0.000239502 0.00198294 0.0381498
internal_weight=155.583 11.6079 6.92011 143.975 137.609 131.892 6.36593
internal_count=940 69 45 871 820 787 51
is_linear=0
shrinkage=0.1


Tree=55
num_leaves=6
num_cat=0
split_feature=1 0 4 7 5
split_gain=0.524983 1.09031 0.759062 2.27837 2.27153
threshold=60.518289894833124 54.801673889160163 0.56329345703125011 11.584389851582985 0.57625769041767538
decision_type=2 2 2 2 2
left_child=-1 -2 3 -3 -4
right_child=1 2 4 -5 -6
leaf_value=0.033177505683834367 -0.047992762387164281 -0.033230558140397687 -0.047954164656634907 0.013406806710432449 0.0011416413862391911
leaf_weight=4.5836743228137484 4.8155766800045958 12.271758005023001 11.581222511827944 71.547021247446537 50.59018811583519
leaf_count=32 28 70 62 441 307
internal_value=-0.000162368 -0.00117572 0.000368571 0.00657871 -0.00800387
internal_weight=155.389 150.806 145.99 83.8188 62.1714
internal_count=940 908 880 511 369
is_linear=0
shrinkage=0.1


Tree=56
num_leaves=12
num_cat=0
split_feature=4 4 2 1 7 7 5 4 3 6 7
split_gain=0.538843 1.918 1.35124 1.42673 2.78329 1.7049 1.33514 1.5737 1.56215 1.30358 1.38995
threshold=0.21093750000000003 0.29464125633239752 57.160611361069662 74.037625656788961 17.873367072671964 14.319030396251057 0.41346529042246921 0.56329345703125011 42.701917748877925 16.000976562500004 14.688029012871477
decision_type=2 2 2 2 2 2 2 2 2 2 2
left_child=2 9 -1 4 -4 -5 8 -8 -3 10 -2
right_child=1 6 3 5 -6 -7 7 -9 -10 -11 -12
leaf_value=-0.052597218380791136 0.049234520803191212 -0.0075622178030641633 0.020882432859253043 -0.094892732593137491 -0.077300495732967323 -0.0040950636098991177 0.025320998311353701 -0.0047679899806580307 -0.084335961457226882 0.091331917829163695 -0.037572470316696416
leaf_weight=6.2722596749663344 5.3698202446103078 8.3306916803121549 23.970260646194223 3.2406381145119649 3.2826680168509474 5.7149422988295555 23.720893353223801 65.048798199743032 3.8868680074810973 3.6431573778390876 2.8096813932061195
leaf_count=35 35 48 152 17 17 34 148 390 20 26 18
internal_value=-0.000146694 0.00346808 -0.00974592 -0.00232295 0.00905611 -0.0369508 -0.000993359 0.00327234 -0.0319869 0.041577 0.0194161
internal_weight=155.291 112.81 42.4808 36.2085 27.2529 8.95558 100.987 88.7697 12.2176 11.8227 8.1795
internal_count=940 685 255 220 169 51 606 538 68 79 53
is_linear=0
shrinkage=0.1


Tree=57
num_leaves=11
num_cat=0
split_feature=3 0 3 2 7 2 4 1 1 3
split_gain=0.479807 1.7193 2.07552 1.84572 2.17097 1.50414 1.26122 1.34707 2.1648 1.53561
threshold=25.671938298261136 74.686988460471028 22.225394739805811 60.040482207442629 15.12975922787547 56.981137947566999 0.0078164637379813506 77.164453718463122 77.646627732971083 27.570508886789352
decision_type=2 2 2 2 2 2 2 2 2 2
left_child=1 3 -3 5 -5 -1 -2 9 -9 -8
right_child=6 2 -4 4 -6 -7 7 8 -10 -11
leaf_value=-0.017745714497863843 -0.046097293560866524 0.092837425436312113 -0.013352613403653631 -0.061071976784987415 -0.004711883347639334 0.075449831940326062 0.048980700575259162 -0.090740619015243454 0.0026841955951380616 0.0053492554082025696
leaf_weight=3.5705466270446768 4.9514198079705229 3.3410081937909117 4.0985308885574341 12.50206169486046 15.076496899127958 3.3628668189048767 8.8826006501913053 3.6295241490006429 7.8327744826674461 87.791132271289825
leaf_count=21 27 22 23 69 88 22 57 19 54 538
internal_value=-0.000133053 -0.00926675 0.0343361 -0.0186659 -0.0302613 0.0274563 0.00325523 0.00551502 -0.0268987 0.00935821
internal_weight=155.039 41.9515 7.43954 34.512 27.5786 6.93341 113.087 108.136 11.4623 96.6737
internal_count=940 245 45 200 157 43 695 668 73 595
is_linear=0
shrinkage=0.1


Tree=58
num_leaves=6
num_cat=0
split_feature=3 3 3 2 4
split_gain=0.518871 1.33692 1.22085 1.37576 1.07804
threshold=1.0000000180025095e-35 16.092974604289687 19.677458466177303 66.667332868081274 0.0040150793852262003
decision_type=2 2 2 2 2
left_child=-1 -2 3 -3 -4
right_child=1 2 4 -5 -6
leaf_value=0.040033276705723764 -0.047297503969283228 0.087203611610301004 -0.048256906420244175 -0.0066425890850765673 0.00063550924545749637
leaf_weight=3.1518001183867446 5.9808369874954215 3.3964235857129088 4.6661419346928588 2.8923760876059532 134.56680690124631
leaf_count=21 32 23 26 17 821
internal_value=-0.000125372 -0.000960817 0.000943587 0.0440414 -0.00100303
internal_weight=154.654 151.503 145.522 6.2888 139.233
internal_count=940 919 887 40 847
is_linear=0
shrinkage=0.1


Tree=59
num_leaves=6
num_cat=0
split_feature=4 4 3 4 5
split_gain=0.48786 1.33989 0.814262 1.59914 1.08289
threshold=1.0000000180025095e-35 0.0078164637379813506 16.092974604289687 0.74850762655842129 1.1671213354438776
decision_type=2 2 2 2 2
left_child=-1 -2 3 -3 -4
right_child=1 2 4 -5 -6
leaf_value=0.034960351381173087 -0.05408291297799276 -0.078032116714668184 0.0044589398495279093 0.016408105200507252 -0.0347446077637995
leaf_weight=3.8664147704839698 4.6120179966092101 3.6930747628211966 131.48068582639098 3.4848344773054123 7.444825440645217
leaf_count=25 25 19 805 21 45
internal_value=-0.000114257 -0.00101405 0.000661162 -0.0321819 0.00235808
internal_weight=154.582 150.715 146.103 7.17791 138.926
internal_count=940 915 890 40 850
is_linear=0
shrinkage=0.1


Tree=60
num_leaves=9
num_cat=0
split_feature=4 4 2 1 4 0 5 0
split_gain=0.476851 3.18451 1.71748 3.44518 3.02901 1.37194 3.07824 1.78285
threshold=1.0366656940901751 1.0016110334763797 74.160563046763357 71.536580659172657 1.2766770126847204 69.177764172647457 0.59214372527268766 67.921802938487204
decision_type=2 2 2 2 2 2 2 2
left_child=1 5 3 4 -2 7 -7 -1
right_child=2 -3 -4 -5 -6 6 -8 -9
leaf_value=-0.0034673393815370709 0.10015206414348497 -0.081867741995568497 0.086755554748363065 -0.060595461666523243 -0.0140932030783719 -0.00083145736771527562 0.050071065050740708 -0.054572932503544072
leaf_weight=56.658455908298492 4.3265375457704085 4.8288571238517752 2.8289660662412635 5.5548954084515563 5.0058009400963783 52.087036214768887 15.390546359121798 7.7612481564283362
leaf_count=346 36 25 22 31 31 309 97 43
internal_value=-0.000106395 -0.00210657 0.0153301 0.00175737 0.0388717 0.000813548 0.0107786 -0.00962451
internal_weight=154.442 136.726 17.7162 14.8872 9.33234 131.897 67.4776 64.4197
internal_count=940 820 120 98 67 795 406 389
is_linear=0
shrinkage=0.1


Tree=61
num_leaves=10
num_cat=0
split_feature=1 1 5 6 7 4 4 0 2
split_gain=0.486687 2.60211 1.37207 1.89776 1.7912 1.01033 2.16426 1.79134 0.176745
threshold=72.913416978116956 72.031972897320912 0.9976920950110274 13.342413526668681 13.853719285477144 0.8684722024322441 0.750174899614649 71.364749521017089 71.640497821370786
decision_type=2 2 2 2 2 2 2 2 2
left_child=1 5 3 -2 -5 6 -1 -7 -3
right_child=2 8 -4 4 -6 7 -8 -9 -10
leaf_value=0.00047902891512599516 0.05072766657866784 0.082069882300916427 -0.050605330074635885 -0.075478868885327496 -0.0021752940843116318 0.045161125103558908 -0.052977401771561711 -0.022231871110780774 0.046789709302009382
leaf_weight=80.127851232886314 5.8383411914110175 3.5421601980924597 6.7385657876729956 3.8284932598471668 25.779142677783966 11.368711665272714 8.364306226372717 6.0393032208085051 2.3701288551092148
leaf_count=480 39 23 39 22 159 81 44 36 17
internal_value=-9.00279e-05 0.003363 -0.00924247 -0.00137906 -0.011654 -0.000241519 -0.00457369 0.0217807 0.0679267
internal_weight=153.997 111.812 42.1845 35.446 29.6076 105.9 88.4922 17.408 5.91229
internal_count=940 681 259 220 181 641 524 117 40
is_linear=0
shrinkage=0.1


Tree=62
num_leaves=8
num_cat=0
split_feature=0 0 7 6 6 5 0
split_gain=0.536968 1.58342 1.37583 1.32482 1.87732 2.08817 0.54009
threshold=83.601104736328139 85.162193093448892 16.249187960733956 19.705950862378817 19.115237640187846 1.2783809432769739 88.787530066051602
decision_type=2 2 2 2 2 2 2
left_child=3 -2 6 4 5 -1 -3
right_child=1 2 -4 -5 -6 -7 -8
leaf_value=0.00047101910515411749 0.079495795644842993 -0.052166410451481016 0.059415207764574811 -0.045174740896983263 0.072532198591159724 -0.077818414548621206 0.0042717837110253778
leaf_weight=127.30639632791281 3.2764757871627799 3.5361019521951658 2.6880364865064621 6.7238104641437522 3.5053218156099311 3.5005843788385382 3.2576566115021706
leaf_count=776 21 20 19 38 25 20 21
internal_value=-8.00896e-05 0.0195659 -0.00114319 -0.00185728 0.000311234 -0.00162412 -0.0251039
internal_weight=153.794 12.7583 9.4818 141.036 134.312 130.807 6.79376
internal_count=940 81 60 859 821 796 41
is_linear=0
shrinkage=0.1


Tree=63
num_leaves=5
num_cat=0
split_feature=1 0 3 3
split_gain=0.462567 0.947655 0.789159 1.6986
threshold=60.518289894833124 54.801673889160163 59.008331177731151 49.232142278646585
decision_type=2 2 2 2
left_child=-1 -2 3 -3
right_child=1 2 -4 -5
leaf_value=0.03151783001216072 -0.04466278266708984 0.0023706232135071617 0.043258290044645174 -0.038532427914190787
leaf_weight=4.4994828887283793 4.815889060497283 129.09969821944833 4.1779348328709593 11.019242107868193
leaf_count=32 28 789 29 62
internal_value=-7.22479e-05 -0.00102548 0.00043091 -0.000846077
internal_weight=153.612 149.113 144.297 140.119
internal_count=940 908 880 851
is_linear=0
shrinkage=0.1


Tree=64
num_leaves=11
num_cat=0
split_feature=3 3 7 2 3 3 0 3 0 3
split_gain=0.482464 1.96643 2.69931 4.49838 1.44477 1.49027 1.00296 3.72769 2.21356 1.98856
threshold=30.588309420319948 33.189494820753957 17.480317700504276 70.932368731287326 34.022808843661906 34.911930982754534 61.306991523539189 25.671938298261136 62.78973896834578 21.470867589263751
decision_type=2 2 2 2 2 2 2 2 2 2
left_child=6 2 3 -2 -3 -6 7 -1 -8 -10
right_child=1 4 -4 -5 5 -7 8 -9 9 -11
leaf_value=-0.027547148510279385 0.10063452740737058 -0.050931306758497864 -0.04367000358371232 -0.044681620724373622 0.06638308180046619 -0.0011977077213502563 -0.083279097829683124 0.11144201321393164 0.024128065991922947 -0.017699672240277194
leaf_weight=4.9522919207811338 8.0816696807742101 5.520942158997058 3.0756070613861075 2.8927346318960181 3.4418063312768927 62.809740647673607 3.9421610385179511 3.1615231186151505 15.918851956725119 39.741272754967213
leaf_count=31 54 32 17 17 24 391 21 23 98 232
internal_value=-6.46004e-05 0.00491471 0.0391267 0.0623308 -0.00178256 0.00231315 -0.00637531 0.0266096 -0.0108656 -0.0057369
internal_weight=153.539 85.8225 14.05 10.9744 71.7725 66.2515 67.7161 8.11382 59.6023 55.6601
internal_count=940 535 88 71 447 415 405 54 351 330
is_linear=0
shrinkage=0.1


Tree=65
num_leaves=11
num_cat=0
split_feature=2 2 3 3 3 7 2 1 1 3
split_gain=0.496945 3.61229 2.6339 2.4075 2.8155 1.43808 1.22549 1.04485 2.14604 0.531996
threshold=68.341891563708984 69.57550505156992 42.31354321180789 43.567509796219959 53.15305071883482 19.260327269418116 67.762867282276261 76.123851911986932 74.105655957728757 29.539864885736133
decision_type=2 2 2 2 2 2 2 2 2 2
left_child=6 2 9 5 -5 -3 7 8 -1 -2
right_child=1 3 -4 4 -6 -7 -8 -9 -10 -11
leaf_value=-0.0027358163475864148 0.11498173092022278 -0.019683439119912653 -0.022848437663535816 0.10362701100973196 -0.023687458523217846 0.047101082133335304 -0.052617352982610568 -0.049285994705151534 0.075310721421429777 0.062112074080888195
leaf_weight=82.063822589814663 4.1498011127114278 36.983418699353933 2.7828201353549957 4.0682534202933303 3.0312321037054062 3.5322230830788603 5.0148496106266967 4.4119084104895583 3.6811902970075598 3.5156470611691475
leaf_count=487 30 227 16 33 20 24 28 25 24 26
internal_value=-5.52751e-05 0.00723557 0.060482 -0.00444839 0.0492682 -0.0138611 -0.00450335 -0.00182708 0.000614864 0.0907338
internal_weight=153.235 58.0634 10.4483 47.6151 7.09949 40.5156 95.1718 90.1569 85.745 7.66545
internal_count=940 376 72 304 53 251 564 536 511 56
is_linear=0
shrinkage=0.1


Tree=66
num_leaves=12
num_cat=0
split_feature=6 6 4 2 2 4 6 6 6 7 7
split_gain=0.455523 1.88294 2.24819 2.39859 1.85046 2.17011 1.56709 2.02986 3.03721 1.51606 0.25075
threshold=17.508205003327745 18.551409478743366 0.5840148930437864 69.460019081537567 71.059067554086894 0.38136793069272085 17.075444344431165 16.821405414379267 16.252536460757259 16.818892815248194 19.092111158558801
decision_type=2 2 2 2 2 2 2 2 2 2 2
left_child=6 2 3 -2 5 -3 7 8 -1 -8 -6
right_child=1 4 -4 -5 10 -7 9 -9 -10 -11 -12
leaf_value=-0.0022177031395004482 0.053918185467071091 -0.0048965986938490583 -0.077158793761434724 -0.057091191036581057 -0.050578031802519741 0.08450224832322259 0.0079217800671795395 -0.063890491238932465 0.058176334999225532 0.10375724381823276 -0.011536340879497124
leaf_weight=100.00052501633763 4.0447342544794065 5.7951152026653308 7.1438431367278099 3.7519340291619301 3.1377850323915473 5.1092252060770988 3.7822303846478453 4.7615331709384909 9.0833404213190061 2.928996853530407 3.4580383002758026
leaf_count=612 26 36 39 20 17 37 23 27 60 20 23
internal_value=-4.08209e-05 -0.0105596 -0.0366338 0.00049795 0.011701 0.0369912 0.00278968 2.14966e-05 0.00281127 0.0497475 -0.0301094
internal_weight=152.997 32.4407 14.9405 7.79667 17.5002 10.9043 120.557 113.845 109.084 6.71123 6.59582
internal_count=940 198 85 46 113 73 742 699 672 43 40
is_linear=0
shrinkage=0.1


Tree=67
num_leaves=15
num_cat=0
split_feature=2 2 5 5 3 3 5 2 2 1 4 1 2 0
split_gain=0.494645 2.8311 2.7199 2.9883 1.95026 2.37422 1.31525 1.18062 1.91267 2.19839 2.0562 1.31155 3.65145 2.52419
threshold=68.341891563708984 69.57550505156992 0.28941016941340808 0.66525794535353056 43.567509796219959 53.15305071883482 0.29234056215398457 62.532649311574367 63.940090225120194 65.676507764668102 0.54698001598915302 63.757557282934528 59.027860359392868 66.891956204024623
decision_type=2 2 2 2 2 2 2 2 2 2 2 2 2 2
left_child=7 2 -2 -4 6 -6 -3 11 10 -10 -9 12 -1 -13
right_child=1 4 3 -5 5 -7 -8 8 9 -11 -12 13 -14 -15
leaf_value=-0.0036642620855133778 -0.013938878170434999 0.021436440138496094 0.15545509865386653 0.020305709553107863 0.096703146881261623 -0.020653480660795663 -0.021332969521186854 -0.089205603182540352 0.029981163515857879 -0.022244643569405267 0.0030979099956586192 -0.078529037073985342 0.084964015104558865 0.0051618497462183792
leaf_weight=14.306960474699737 3.6844102665781957 9.3478319421410543 3.5603343173861504 3.0270346254110336 3.9629523530602446 3.0510986000299454 31.151671022176743 6.3294592052698118 12.001818984746931 24.540648519992828 3.9007351696491241 4.2820581942796734 6.8859403878450385 22.753448694944382
leaf_count=87 22 59 28 22 33 20 192 33 76 141 23 22 45 137
internal_value=-3.38348e-05 0.00726175 0.054867 0.0933511 -0.00302986 0.0456532 -0.0114612 -0.00447144 -0.0157915 -0.00509187 -0.0540106 0.00650688 0.0251326 -0.00809365
internal_weight=152.786 57.7853 10.2718 6.58737 47.5136 7.01405 40.4995 95.0011 46.7727 36.5425 10.2302 48.2284 21.1929 27.0355
internal_count=940 376 72 50 304 53 251 564 273 217 56 291 132 159
is_linear=0
shrinkage=0.1


Tree=68
num_leaves=9
num_cat=0
split_feature=4 4 2 1 4 0 0 7
split_gain=0.492538 2.75241 1.68144 2.49915 2.40061 1.41243 3.5232 1.44924
threshold=1.0366656940901751 1.0016110334763797 74.160563046763357 71.536580659172657 1.2133378904691769 64.958040180456024 64.149673928273856 17.96878647695014
decision_type=2 2 2 2 2 2 2 2
left_child=1 5 3 4 -2 6 -1 -7
right_child=2 -3 -4 -5 -6 7 -8 -9
leaf_value=-0.0031427047614102331 0.10528909198395411 -0.07682281348911088 0.086781868252684691 -0.052186685798434621 -0.0034277524062206336 0.011989118206185319 -0.089920983385302133 -0.027286781761922202
leaf_weight=33.309414450079203 3.1111721284687537 4.7496387585997573 2.8032755553722373 5.324376478791236 5.8505149930715561 81.088504172861576 5.4431321769952765 10.625934317708014
leaf_count=208 29 25 22 31 38 496 29 62
internal_value=-2.52889e-05 -0.00204695 0.0159708 0.00207593 0.0343148 0.000675256 -0.0153315 0.00743866
internal_weight=152.306 135.217 17.0893 14.2861 8.96169 130.467 38.7525 91.7144
internal_count=940 820 120 98 67 795 237 558
is_linear=0
shrinkage=0.1


Tree=69
num_leaves=7
num_cat=0
split_feature=0 1 2 1 6 6
split_gain=0.48823 1.65334 1.39582 1.44429 1.1618 1.92513
threshold=83.785790935158744 76.43327636061089 53.172865543989282 63.21711694483691 19.705950862378817 19.115237640187846
decision_type=2 2 2 2 2 2
left_child=2 -2 3 -1 5 -4
right_child=1 -3 4 -5 -6 -7
leaf_value=-0.00047993845631577928 0.057012034560973174 -0.017238547357856689 0.00090574804800951092 -0.08818663038384994 -0.039963521840894939 0.081300358579267901
leaf_weight=3.8179264254868022 5.9107646122574788 6.0874282345175743 122.68413704261184 3.694281131029129 6.6722417622804633 3.052678942680358
leaf_count=25 39 39 757 19 38 23
internal_value=-1.91796e-05 0.0193401 -0.00167923 -0.0436115 0.00069979 0.00285759
internal_weight=151.919 11.9982 139.921 7.51221 132.409 125.737
internal_count=940 78 862 44 818 780
is_linear=0
shrinkage=0.1


Tree=70
num_leaves=7
num_cat=0
split_feature=1 1 0 3 1 7
split_gain=0.464519 0.785957 1.22766 2.02698 0.944088 1.09916
threshold=79.019748010368843 76.876423182023203 77.358040319283305 40.630102331901959 76.239354615870681 18.550915269093544
decision_type=2 2 2 2 2 2
left_child=1 4 -3 -4 5 -1
right_child=-2 2 3 -5 -6 -7
leaf_value=-0.0022141712862500311 0.03716215939824543 -0.071821698042060386 0.029211240713239151 -0.071589918558325291 0.047115404947464856 0.039964202080468525
leaf_weight=124.75729598850012 3.2876127287745467 3.8406803905963889 6.0040824785828573 2.9875106886029243 4.3712610155344001 6.500409957021474
leaf_count=761 26 21 40 17 30 45
internal_value=-1.74956e-05 -0.000840824 -0.0244955 -0.00428055 0.00139722 -0.000125328
internal_weight=151.749 148.461 12.8323 8.99159 135.629 131.258
internal_count=940 914 78 57 836 806
is_linear=0
shrinkage=0.1


Tree=71
num_leaves=6
num_cat=0
split_feature=0 2 0 0 0
split_gain=0.477773 0.688425 1.25483 0.934144 1.13328
threshold=88.008623190224185 53.172865543989282 72.248133091601218 85.162193093448892 83.215552806854262
decision_type=2 2 2 2 2
left_child=1 2 -1 4 -3
right_child=-2 3 -4 -5 -6
leaf_value=-0.078114525315859995 0.031586495490279962 0.00050687153096579118 0.003406183299414685 -0.044873207341402509 0.055352450948761359
leaf_weight=3.1921165809035292 4.6377208828926078 130.88636041805148 4.6225169003009796 4.3737184777855864 3.8791573345661154
leaf_count=19 33 810 28 25 25
internal_value=-1.52747e-05 -0.0010126 -0.0298933 0.000609466 0.00208557
internal_weight=151.592 146.954 7.81463 139.139 134.766
internal_count=940 907 47 860 835
is_linear=0
shrinkage=0.1


Tree=72
num_leaves=9
num_cat=0
split_feature=0 0 0 1 3 3 3 5
split_gain=0.418185 4.67502 3.09181 1.5992 1.41936 2.49881 2.26115 2.08943
threshold=63.480276879613555 64.149673928273856 64.958040180456024 63.757557282934528 44.477671049364517 53.829899642560619 38.174163057742675 0.32127627405236764
decision_type=2 2 2 2 2 2 2 2
left_child=4 -2 -3 -4 6 -6 7 -1
right_child=1 2 3 -5 5 -7 -8 -9
leaf_value=-0.054815138975651802 0.11605952846091101 -0.072398868614056408 0.038031509895719108 -0.0011496935645998155 0.088545466256986047 -0.033467151015242828 -0.072728934946866025 0.01593998665204955
leaf_weight=5.826207682490355 3.5344425588846198 5.7158292904496184 11.67030058428645 97.009172234684229 3.5691138394176951 3.1687137335538864 6.272175431251525 14.714125193655489
leaf_count=35 24 32 75 595 27 19 36 97
internal_value=-1.52795e-05 0.00278721 -0.00071254 0.00305769 -0.00986604 0.0311645 -0.0201768 -0.00412951
internal_weight=151.48 117.93 114.395 108.679 33.5503 6.73783 26.8125 20.5403
internal_count=940 726 702 670 214 46 168 132
is_linear=0
shrinkage=0.1


Tree=73
num_leaves=15
num_cat=0
split_feature=3 3 5 4 6 6 7 7 7 7 3 0 4 0
split_gain=0.466599 1.6475 2.55241 2.38399 1.3293 2.23482 1.83575 0.887413 2.09171 2.6177 2.47115 1.90306 2.55771 2.27274
threshold=30.588309420319948 33.189494820753957 0.66693480555696705 0.50457006787473813 12.895079126785278 10.149072210555461 13.43190725778123 14.738855393887032 13.710162209981869 12.3559915075641 24.710227600541796 64.89865239684606 0.49565536262667848 71.212792485952392
decision_type=2 2 2 2 2 2 2 2 2 2 2 2 2 2
left_child=7 2 3 -2 5 -3 -6 8 9 -1 -10 12 -9 -13
right_child=1 4 -4 -5 6 -7 -8 11 10 -11 -12 13 -14 -15
leaf_value=-0.02624573255381224 0.05483271343074151 -0.04046122795907086 0.098331247848989348 -0.046221347542407178 -0.05132509484526733 0.042096928724739677 -0.0009897762750033577 0.10696218621274507 -0.0036692176793081499 0.057031582264887318 -0.10422301654274238 -0.036281838523480631 -0.0072648677680835234 0.017339709240207151
leaf_weight=11.641988880932336 4.8997548669576627 4.3167174682021168 4.5002011358737937 4.4590675979852676 8.6676434054970724 13.637600008398293 44.159951526671648 3.7548308074474326 4.6007267832756025 5.5854952707886687 5.2135541364550591 14.797663591802122 4.1015023589134216 16.968479290604591
leaf_count=69 32 26 32 24 50 90 281 28 28 36 26 86 27 105
internal_value=-1.4195e-05 0.00491415 0.0364436 0.00668489 -0.00125929 0.0222477 -0.0092485 -0.00627152 -0.0202374 0.00075444 -0.0570855 0.00326002 0.0473284 -0.00763889
internal_weight=151.305 84.6409 13.859 9.35882 70.7819 17.9543 52.8276 66.6642 27.0418 17.2275 9.81428 39.6225 7.85633 31.7661
internal_count=940 535 88 56 447 116 331 405 159 105 54 246 55 191
is_linear=0
shrinkage=0.1


Tree=74
num_leaves=6
num_cat=0
split_feature=5 4 3 4 7
split_gain=0.429486 1.18997 0.773393 1.27252 0.716095
threshold=1.0000000180025095e-35 0.0078164637379813506 16.092974604289687 0.74850762655842129 10.923598424259412
decision_type=2 2 2 2 2
left_child=-1 -2 3 -3 -4
right_child=1 2 4 -5 -6
leaf_value=0.033011103836776245 -0.0513204468517858 -0.07319991396865641 0.025847982395823168 0.011977131028905772 0.00015218927985493206
leaf_weight=3.8381367251276961 4.5319310501217833 3.5943055599927893 11.887963332235811 3.425564244389534 123.6702336743474
leaf_count=25 25 19 76 21 774
internal_value=-1.22749e-05 -0.000873863 0.000729612 -0.0316351 0.00240562
internal_weight=150.948 147.11 142.578 7.01987 135.558
internal_count=940 915 890 40 850
is_linear=0
shrinkage=0.1


Tree=75
num_leaves=9
num_cat=0
split_feature=1 1 5 4 1 3 6 2
split_gain=0.423729 2.97261 1.2666 3.92119 2.56173 0.878631 1.91487 1.35535
threshold=72.62681939724348 72.031972897320912 0.21572312287438897 0.28414998951588794 73.507844607298324 25.525107515087253 18.829357738077309 59.687204018266272
decision_type=2 2 2 2 2 2 2 2
left_child=1 5 -2 -4 -5 7 -7 -1
right_child=2 -3 3 4 -6 6 -8 -9
leaf_value=0.028780569027191966 -0.046611403745023781 0.08380446873996461 0.083024433110662876 -0.077181268078619109 -0.00068833151991598172 0.0020563121173612347 0.075852797191978419 -0.025046997409662278
leaf_weight=5.8077174127101925 7.2242057919502249 4.4020544886589041 4.8352333791553965 5.2886317223310497 25.430878661572933 70.137925215065479 3.7017256543040267 24.043587803840637
leaf_count=37 39 32 38 27 163 432 29 143
internal_value=-1.407e-05 0.00331986 -0.00843817 -0.000681925 -0.0138573 -9.70052e-05 0.00575587 -0.0145746
internal_weight=150.872 108.093 42.7789 35.5547 30.7195 103.691 73.8397 29.8513
internal_count=940 673 267 228 190 641 461 180
is_linear=0
shrinkage=0.1


Tree=76
num_leaves=9
num_cat=0
split_feature=6 4 2 7 6 6 6 7
split_gain=0.43145 1.53275 2.60771 2.03534 1.19229 1.59576 3.22513 1.30694
threshold=17.508205003327745 1.2133378904691769 77.07457584489039 16.902860151065493 17.075444344431165 16.747467854886064 16.252536460757259 16.818892815248194
decision_type=2 2 2 2 2 2 2 2
left_child=4 2 3 -2 5 6 -1 -6
right_child=1 -3 -4 -5 7 -7 -8 -9
leaf_value=-0.0016214921605741889 -0.054780561133089101 0.052614443586078266 -0.091706311616273503 0.011514223216768678 0.0051681986210199721 -0.049532705509940517 0.066482881498484275 0.0949278017171854
leaf_weight=98.519327558577061 6.23347382992507 3.4468297958374015 4.1058108918368807 18.014744773507118 3.7453341409564009 6.0706812441349021 7.4814244285225859 2.8615522831678391
leaf_count=612 35 26 23 114 23 35 52 20
internal_value=-8.53656e-06 -0.0103526 -0.0180072 -0.00552813 0.00276326 0.000329621 0.00318524 0.0440446
internal_weight=150.479 31.8009 28.354 24.2482 118.678 112.071 106.001 6.60689
internal_count=940 198 172 149 742 699 664 43
is_linear=0
shrinkage=0.1


Tree=77
num_leaves=5
num_cat=0
split_feature=2 5 4 0
split_gain=0.440194 1.01696 0.942959 0.795966
threshold=81.044544495322143 1.0000000180025095e-35 0.0078164637379813506 63.480276879613555
decision_type=2 2 2 2
left_child=1 -1 -3 -4
right_child=-2 2 3 -5
leaf_value=0.05579664625788127 0.035354485210710787 -0.04707889972593448 -0.015052819559131961 0.0033556084436799785
leaf_weight=3.1041114479303351 3.4401583373546591 4.5060342550277701 29.915603116154671 109.33661545813084
leaf_count=21 33 25 187 674
internal_value=-4.91279e-06 -0.000833184 -0.00205597 -0.000599081
internal_weight=150.303 146.862 143.758 139.252
internal_count=940 907 886 861
is_linear=0
shrinkage=0.1


Tree=78
num_leaves=6
num_cat=0
split_feature=0 0 4 0 7
split_gain=0.412265 0.965899 0.828675 2.16905 1.61944
threshold=53.216208629310138 54.801673889160163 0.56329345703125011 86.815265866250073 11.584389851582985
decision_type=2 2 2 2 2
left_child=-1 -2 4 -4 -3
right_child=1 2 3 -5 -6
leaf_value=0.037322483620980278 -0.060277393089067113 -0.026151086519028761 -0.013072145328444144 0.067682650603696423 0.012764820370686462
leaf_weight=2.9016630798578253 2.67545411735773 12.602771341800688 57.982224434614182 3.5284879580140105 70.577079113572836
leaf_count=20 16 74 355 26 449
internal_value=-5.18541e-06 -0.000740174 0.000360721 -0.00843974 0.00686858
internal_weight=150.268 147.366 144.691 61.5107 83.1799
internal_count=940 920 904 381 523
is_linear=0
shrinkage=0.1


Tree=79
num_leaves=14
num_cat=0
split_feature=6 6 4 2 2 1 5 3 3 7 5 5 0
split_gain=0.396485 1.36307 1.86821 1.93428 1.39313 2.05174 1.22438 2.89502 4.12034 2.64463 1.86224 0.616106 0.478267
threshold=17.508205003327745 18.551409478743366 0.5840148930437864 69.460019081537567 71.059067554086894 69.619575730344621 0.37222836303640972 46.634538148447263 34.022808843661906 16.956769003070871 1.1182933604655219 0.22203767023679688 78.254328534950631
decision_type=2 2 2 2 2 2 2 2 2 2 2 2 2
left_child=6 2 3 -2 5 -3 7 8 -1 10 -8 -9 -6
right_child=1 4 -4 -5 12 -7 9 11 -10 -11 -12 -13 -14
leaf_value=-0.023701124333206671 0.050598983084871076 -0.016958754465340814 -0.069603921697090287 -0.049761615072437593 -0.051490300790375747 0.07176540199499952 0.010796142138042593 -0.096895210872873047 0.044854990228746651 0.085518403091489101 -0.048961785396561139 -0.038825885455710765 0.003217917816006772
leaf_weight=24.51342636346817 3.9488837793469447 4.7441632114350814 7.0045593902468681 3.7385057955980301 3.5948504880070677 5.784126091748476 62.847848191857338 3.6572001725435248 13.64764231815934 4.4349656067788592 5.6867460906505576 3.6511926054954529 2.8766731768846512
leaf_count=147 26 31 39 20 23 42 394 19 92 34 35 21 17
internal_value=-3.81015e-06 -0.00993846 -0.0322469 0.00179195 0.0093414 0.0317853 0.00265449 -0.0102257 0.000816777 0.0106805 0.00583765 -0.0678844 -0.0271718
internal_weight=150.131 31.6918 14.6919 7.68739 16.9998 10.5283 118.439 45.4695 38.1611 72.9696 68.5346 7.30839 6.47152
internal_count=940 198 85 46 113 73 742 279 239 463 429 40 40
is_linear=0
shrinkage=0.1


Tree=80
num_leaves=15
num_cat=0
split_feature=2 2 5 3 4 0 1 1 6 6 3 6 3 1
split_gain=0.410895 1.64272 2.14741 2.72916 1.81858 1.0718 2.34064 2.09815 0.997069 1.94719 1.47775 1.74755 1.13955 0.686782
threshold=66.342705878987275 62.532649311574367 0.56810745111552008 36.793012015978164 0.81281662778928887 69.242187500000014 63.21711694483691 64.091143103875169 16.747467854886064 16.079838447971273 41.000945871838717 18.551409478743366 23.395718220399313 73.35820498027114
decision_type=2 2 2 2 2 2 2 2 2 2 2 2 2 2
left_child=1 5 3 -3 -4 7 -7 -1 9 12 11 -10 -2 -11
right_child=8 2 4 -5 -6 6 -8 -9 10 13 -12 -13 -14 -15
leaf_value=0.008201938382322263 -0.029275436488480907 -0.069885006280302336 0.058087876057602364 0.014501565824313592 -0.023158487131839961 0.091457163321436066 0.0074290318926023462 -0.061943395153294646 -0.022309498633315102 0.098085247826650124 -0.059280223800683797 0.036303251162795286 0.014266941891924524 0.028990256954740126
leaf_weight=17.390949904918674 7.3339890614151946 12.853483438491827 4.7186036705970746 5.4607082903385153 6.6204921156167984 3.9587559625506428 20.385946303606033 5.649434193968772 12.63014124333859 3.3136037774384013 4.9742800444364539 8.51703232526779 33.306436825543642 2.5422237142920494
leaf_count=108 43 70 30 33 40 27 125 31 76 27 30 59 225 16
internal_value=-2.45243e-06 -0.00508974 -0.023549 -0.0447236 0.010651 0.00646192 0.0210931 -0.00899749 0.00539453 0.0141773 -0.0102388 0.00129681 0.00640927 0.0680886
internal_weight=149.656 77.0384 29.6533 18.3142 11.3391 47.3851 24.3447 23.0404 72.6177 46.4963 26.1215 21.1472 40.6404 5.85583
internal_count=940 464 173 103 70 291 152 139 476 311 165 135 268 43
is_linear=0
shrinkage=0.1


Tree=81
num_leaves=7
num_cat=0
split_feature=1 0 0 6 7 0
split_gain=0.467367 0.731154 3.28392 1.44357 2.55261 1.38965
threshold=60.518289894833124 60.504708212186749 61.306991523539189 16.377532207407061 15.300229662674791 62.477235612634026
decision_type=2 2 2 2 2 2
left_child=-1 3 -3 4 -2 -4
right_child=1 2 5 -5 -6 -7
leaf_value=0.032349987364756951 -0.0034032345135271884 0.12358319624131811 -0.056181352743481711 0.043935170706227801 -0.090542200335674616 0.0015926136968189284
leaf_weight=4.3349191434681407 10.167616128921511 2.173294097185134 4.3127863444387904 2.977464184165 5.0221710167825213 120.13930404558778
leaf_count=32 64 17 26 22 29 750
internal_value=-4.36712e-06 -0.000973018 0.00171861 -0.0197336 -0.0322138 -0.000409496
internal_weight=149.128 144.793 126.625 18.1673 15.1898 124.452
internal_count=940 908 793 115 93 776
is_linear=0
shrinkage=0.1


Tree=82
num_leaves=5
num_cat=0
split_feature=3 3 0 5
split_gain=0.420195 1.09814 1.19053 0.615655
threshold=59.008331177731151 53.461297849198154 53.216208629310138 0.2670567938095057
decision_type=2 2 2 2
left_child=1 2 -1 -4
right_child=-2 -3 3 -5
leaf_value=0.073143312710724301 0.031078956460596292 -0.041691201206308287 0.011410984688472261 -0.0041195952440258856
leaf_weight=2.2472472488880149 4.2264090515673152 6.3146791309118262 34.023449067026377 102.18547081947327
leaf_count=17 30 36 214 643
internal_value=-1.77715e-06 -0.000909141 0.000950838 -0.000240232
internal_weight=148.997 144.771 138.456 136.209
internal_count=940 910 874 857
is_linear=0
shrinkage=0.1


Tree=83
num_leaves=5
num_cat=0
split_feature=2 5 4 1
split_gain=0.388136 0.914058 0.876136 0.711834
threshold=81.044544495322143 1.0000000180025095e-35 0.0078164637379813506 78.780930715224102
decision_type=2 2 2 2
left_child=1 -1 -3 -4
right_child=-2 2 3 -5
leaf_value=0.052994072837139174 0.033498422138904943 -0.045461754234607146 -0.0017000152338970996 0.043681328021868519
leaf_weight=3.0939863622188559 3.3802265226840964 4.4813369438052169 134.43307285010815 3.5476136282086363
leaf_count=21 33 25 835 26
internal_value=-7.25427e-07 -0.000778671 -0.00194651 -0.000533218
internal_weight=148.936 145.556 142.462 137.981
internal_count=940 907 886 861
is_linear=0
shrinkage=0.1


Tree=84
num_leaves=9
num_cat=0
split_feature=1 1 5 4 7 0 0 3
split_gain=0.415677 2.34342 1.15379 3.15613 2.28841 0.777395 4.69002 1.43645
threshold=72.62681939724348 72.031972897320912 0.21572312287438897 0.28414998951588794 18.083593641729781 75.526704113600147 73.730810943972799 43.024924983549575
decision_type=2 2 2 2 2 2 2 2
left_child=1 5 -2 -4 -5 6 -1 -7
right_child=2 -3 3 4 -6 7 -8 -9
leaf_value=-0.0022300562509788495 -0.044986907081457729 0.075685011327406834 0.07600413348586417 0.0027919192414192972 -0.061485234435060931 -0.054783757807933021 0.094271892116208636 0.013837435564033398
leaf_weight=84.809330813586712 7.15939638018608 4.2947696670889846 4.6273716278374186 23.04330970346928 7.2914874255657187 6.6515538245439512 5.3541322126984587 5.6346678212285042
leaf_count=532 39 32 38 149 41 37 37 35
internal_value=-8.52826e-07 0.00331855 -0.00841288 -0.000923409 -0.0126582 0.000284889 0.00350047 -0.0233129
internal_weight=148.866 106.744 42.1216 34.9622 30.3348 102.45 90.1635 12.2862
internal_count=940 673 267 228 190 641 569 72
is_linear=0
shrinkage=0.1


Tree=85
num_leaves=8
num_cat=0
split_feature=4 4 2 1 4 1 0
split_gain=0.395739 2.2045 1.42638 2.30449 2.0605 1.35763 1.2832
threshold=1.0366656940901751 1.0016110334763797 74.160563046763357 71.536580659172657 1.2766770126847204 60.518289894833124 64.958040180456024
decision_type=2 2 2 2 2 2 2
left_child=1 5 3 4 -2 -1 -7
right_child=2 -3 -4 -5 -6 6 -8
leaf_value=0.062480226640602377 0.088034658071659125 -0.069483253963483191 0.081561839992413177 -0.051090114991881347 -0.010043400658965716 -0.017323663155927104 0.0052970495392739708
leaf_weight=3.4544289745390406 3.8296846672892588 4.6459656655788413 2.6670655310153952 5.1795667931437483 4.8608669489622116 34.918821163475513 88.978156331926584
leaf_count=27 36 25 22 31 31 216 552
internal_value=4.36231e-06 -0.00182264 0.0145872 0.00170876 0.0331769 0.00064572 -0.00107832
internal_weight=148.535 131.997 16.5372 13.8701 8.69055 127.351 123.897
internal_count=940 820 120 98 67 795 768
is_linear=0
shrinkage=0.1


Tree=86
num_leaves=10
num_cat=0
split_feature=2 3 1 0 2 2 0 2 6
split_gain=0.406714 1.8786 0.829752 3.63964 1.90896 1.39391 2.1627 1.67023 0.686411
threshold=53.172865543989282 38.174163057742675 65.754982449719364 66.603485643863692 64.300750160761496 68.341891563708984 64.881895065307631 69.397591369108497 13.878999748786329
decision_type=2 2 2 2 2 2 2 2 2
left_child=1 -1 3 4 -2 6 -4 -7 -5
right_child=2 -3 5 8 -6 7 -8 -9 -10
leaf_value=-0.073445440580928986 -0.023593045629888038 0.022724076053885822 -0.09332964396899017 0.095845422804681113 0.022626679019105075 0.05355197757906615 -0.010568395930385791 0.00013182058865436312 0.042812262519772021
leaf_weight=3.7731829062104207 19.569883193820715 4.3997973166406155 3.4191603660583487 4.3216027468442899 16.445065017789602 6.7867030799388877 41.259240172803402 42.534209311008453 5.6070581004023552
leaf_count=23 117 29 18 28 111 50 245 282 37
internal_value=9.4132e-06 -0.0216741 0.00127578 0.0122899 -0.0024883 -0.00410753 -0.016902 0.00748259 0.0658958
internal_weight=148.116 8.17298 139.943 45.9436 36.0149 93.9993 44.6784 49.3209 9.92866
internal_count=940 52 888 293 228 595 263 332 65
is_linear=0
shrinkage=0.1


Tree=87
num_leaves=9
num_cat=0
split_feature=5 5 3 3 2 0 4 0
split_gain=0.368726 2.45324 1.68189 2.19954 1.75242 1.56932 1.76894 1.61617
threshold=0.42096572855464942 0.43604209077742678 44.744208672726863 40.059836639189115 70.043985028699879 57.602780082050238 0.50048482791366788 67.861286628787369
decision_type=2 2 2 2 2 2 2 2
left_child=5 -2 3 -3 -4 -1 7 -7
right_child=1 2 4 -5 -6 6 -8 -9
leaf_value=-0.055087216841378107 0.085701464308640146 0.0018490654587646649 0.012288756084885834 -0.050914034137352827 0.10123531783832947 0.027455221998871644 -0.068706558497135764 -0.009052053271917165
leaf_weight=5.8613585904240599 3.5467566549777976 61.621014319360256 7.9419062212109548 9.0628216415643674 3.0717610232532024 18.76537174358964 3.585936300456523 34.27482808381319
leaf_count=35 25 395 49 53 26 126 20 211
internal_value=4.9561e-06 0.00428235 0.000747677 -0.00491603 0.0370963 -0.00583018 -0.000731596 0.00386405
internal_weight=147.732 85.2443 81.6975 70.6838 11.0137 62.4875 56.6261 53.0402
internal_count=940 548 523 448 75 392 357 337
is_linear=0
shrinkage=0.1


Tree=88
num_leaves=9
num_cat=0
split_feature=6 0 0 2 2 2 0 2
split_gain=0.371065 1.75169 1.59238 1.8599 1.085 1.09879 3.99415 1.29231
threshold=11.006835937500002 74.556066262397238 61.505448370517122 62.91393920754934 50.299653927177935 56.477633591726367 72.134299196302905 58.846853204600741
decision_type=2 2 2 2 2 2 2 2
left_child=1 2 -1 -4 -2 6 -6 -7
right_child=4 -3 3 -5 5 7 -8 -9
leaf_value=-0.044041989936208004 0.061171969442072871 -0.078745068659075268 0.083457310014919905 -0.022335868042142493 -0.084190399673707464 0.044952154740179967 0.037507461387277202 0.00047176386327925596
leaf_weight=4.2180989384651166 2.9932743571698657 3.3361026197671881 3.5858786925673485 3.0970183722674847 6.0656737834215146 6.9345884807407847 4.8557944223284721 112.44099942594767
leaf_count=25 22 18 24 20 35 47 31 718
internal_value=6.4388e-06 -0.0153389 0.00406566 0.0344302 0.00164552 0.000278036 -0.0300823 0.00305565
internal_weight=147.527 14.2371 10.901 6.6829 133.29 130.297 10.9215 119.376
internal_count=940 87 69 44 853 831 66 765
is_linear=0
shrinkage=0.1


Tree=89
num_leaves=5
num_cat=0
split_feature=1 1 1 1
split_gain=0.501141 1.3752 0.974406 1.08595
threshold=60.339789676445264 60.841826272974629 61.443239767537044 61.791495198902631
decision_type=2 2 2 2
left_child=-1 -2 -3 -4
right_child=1 2 3 -5
leaf_value=0.040610877685785078 -0.063826521015526494 0.047083981172404483 -0.05637828889983898 0.00061692590306385866
leaf_weight=2.9773252680897704 3.3847247809171668 4.3835649937391272 3.4290387630462638 133.18088757246733
leaf_count=24 20 28 20 848
internal_value=7.5788e-07 -0.000836692 0.000675457 -0.000813708
internal_weight=147.356 144.378 140.993 136.61
internal_count=940 916 896 868
is_linear=0
shrinkage=0.1


Tree=90
num_leaves=10
num_cat=0
split_feature=2 3 1 0 3 7 7 6 5
split_gain=0.365984 1.56352 0.710787 2.97252 1.70553 1.19542 3.15009 2.43418 0.681987
threshold=53.172865543989282 38.174163057742675 65.754982449719364 66.603485643863692 38.174163057742675 15.274393928127127 15.964135478374454 15.530224284157159 0.4248691644053415
decision_type=2 2 2 2 2 2 2 2 2
left_child=1 -1 3 4 -2 7 -7 -4 -5
right_child=2 -3 5 8 -6 6 -8 -9 -10
leaf_value=-0.068797906745588014 0.011791050603747652 0.019852484471529916 -0.0067320069128740129 0.035379297009399603 -0.036634586700159226 0.060983044479216979 -0.0048735805255465982 -0.076851971697173393 0.088076689435136427
leaf_weight=3.6731361448764783 25.574912179261446 4.340387187898159 38.272845953702927 5.2501388788223249 10.163098398596047 8.8341424316167814 40.842504162341356 5.6862701401114455 4.6141772866249084
leaf_count=23 167 29 241 33 61 63 261 30 32
internal_value=-8.50376e-07 -0.0207819 0.00119516 0.0114332 -0.00198013 -0.00379097 0.00683789 -0.0158023 0.0600293
internal_weight=147.252 8.01352 139.238 45.6023 35.738 93.6358 49.6766 43.9591 9.86432
internal_count=940 52 888 293 228 595 324 271 65
is_linear=0
shrinkage=0.1


Tree=91
num_leaves=12
num_cat=0
split_feature=3 3 5 1 6 7 6 5 2 2 1
split_gain=0.381302 1.52086 2.13438 1.95018 1.12064 1.74637 1.52279 0.87841 1.0176 2.7178 1.7664
threshold=30.588309420319948 33.189494820753957 0.66693480555696705 67.023600630048293 13.050094604492189 13.43190725778123 10.149072210555461 1.0591682000587228 70.932368731287326 66.817276673978782 75.730284520393582
decision_type=2 2 2 2 2 2 2 2 2 2 2
left_child=7 2 3 -2 6 -6 -3 8 9 -1 -10
right_child=1 4 -4 -5 5 -7 -8 -9 10 -11 -12
leaf_value=-0.017947592904469258 0.059713120457459759 -0.034492788193499796 0.093223217957528401 -0.033453809922777113 -0.054531897968461709 -0.0015936667558488643 0.034259868216671513 0.034244075273851919 -0.057274043413635928 0.034847084330823667 0.022341484445253291
leaf_weight=32.567002639174461 4.0361901819705945 4.1209226623177555 4.3173229731619349 5.0675977990031242 7.3021435588598242 42.504035916179419 14.760713722556828 5.0670477449893943 9.3337659165263158 13.917783584445713 3.9728865809738627
leaf_count=197 26 26 32 30 44 278 99 37 52 93 26
internal_value=-1.58075e-06 0.00452544 0.0353143 0.00785201 -0.0014905 -0.009355 0.0192546 -0.00573265 -0.00912049 -0.0021406 -0.0335037
internal_weight=146.967 82.1089 13.4211 9.10379 68.6878 49.8062 18.8816 64.8585 59.7914 46.4848 13.3067
internal_count=940 535 88 56 447 322 125 405 368 290 78
is_linear=0
shrinkage=0.1


Tree=92
num_leaves=6
num_cat=0
split_feature=0 0 4 0 5
split_gain=0.370176 0.654056 0.675667 1.8872 1.55517
threshold=53.216208629310138 54.801673889160163 0.56329345703125011 86.815265866250073 0.66080744038158368
decision_type=2 2 2 2 2
left_child=-1 -2 4 -4 -3
right_child=1 2 3 -5 -6
leaf_value=0.035845129210725052 -0.050535056858917508 0.0088079888840777634 -0.012179493749165819 0.064550353687922724 -0.066094856889123046
leaf_weight=2.8254633098840705 2.5866815671324721 78.30430530756712 56.628330986946821 3.3977787792682639 2.8736524805426589
leaf_count=20 16 506 355 26 17
internal_value=-3.12262e-07 -0.000704669 0.000208161 -0.0078362 0.00615647
internal_weight=146.616 143.791 141.204 60.0261 81.178
internal_count=940 920 904 381 523
is_linear=0
shrinkage=0.1


Tree=93
num_leaves=5
num_cat=0
split_feature=1 1 1 1
split_gain=0.454545 1.12912 0.807249 0.887931
threshold=60.339789676445264 60.841826272974629 61.443239767537044 61.791495198902631
decision_type=2 2 2 2
left_child=-1 -2 -3 -4
right_child=1 2 3 -5
leaf_value=0.038767221702435982 -0.058275347439452313 0.042847291196678683 -0.051582994379941183 0.00049403942823743351
leaf_weight=2.9633890911936751 3.3385157734155646 4.3752439841628066 3.3570122048258773 132.49870572239161
leaf_count=24 20 28 20 848
internal_value=6.23692e-07 -0.00079955 0.000568792 -0.000792791
internal_weight=146.533 143.569 140.231 135.856
internal_count=940 916 896 868
is_linear=0
shrinkage=0.1


Tree=94
num_leaves=10
num_cat=0
split_feature=5 5 1 4 3 4 0 5 1
split_gain=0.382734 2.22266 2.22991 1.86304 1.46144 2.00991 1.17264 1.05346 0.955364
threshold=0.31580551745160818 0.2670567938095057 69.006833307930719 0.29464125633239752 49.375774227180699 0.13184154127163003 55.412479400634773 0.37960759718609927 60.841826272974629
decision_type=2 2 2 2 2 2 2 2 2
left_child=1 4 -3 7 5 -1 -5 -2 -8
right_child=3 2 -4 6 -6 -7 8 -9 -10
leaf_value=-0.0026382841127674025 0.092115176304324628 -0.099430536685974374 0.012812640076907795 0.05941029595362024 -0.053103732339245868 0.060345861074478584 -0.056120953136312247 0.016291767078664213 -0.00052593966633155559
leaf_weight=26.020904887467623 3.4486991465091696 4.7057758569717398 2.8370794206857681 3.1686019077897063 4.1963384412229052 6.2916065007448188 3.2026601806282988 3.9095972627401352 88.64700298383832
leaf_count=164 27 27 21 23 23 43 21 29 562
internal_value=-7.28446e-07 -0.00779463 -0.0572127 0.00335292 0.00241532 0.00962543 -0.000401099 0.0518288 -0.00246445
internal_weight=146.428 44.0517 7.54286 102.377 36.5088 32.3125 95.0183 7.3583 91.8497
internal_count=940 278 48 662 230 207 606 56 583
is_linear=0
shrinkage=0.1


Tree=95
num_leaves=10
num_cat=0
split_feature=1 5 5 2 0 0 1 6 0
split_gain=0.359253 1.13602 1.96614 1.58175 0.717195 1.62581 1.05183 0.872197 0.401269
threshold=76.876423182023203 0.41866243674264975 0.9976920950110274 76.265588489819081 83.785790935158744 80.189049998298302 75.656098823698059 16.252536460757259 81.237464179238273
decision_type=2 2 2 2 2 2 2 2 2
left_child=4 -2 3 -3 5 6 -1 -6 -7
right_child=1 2 -4 -5 7 8 -8 -9 -10
leaf_value=0.0010388758948873754 -0.050327875870950917 0.078461630475553282 -0.057628586244835481 -0.021452143412120379 -0.0028643380382080159 -0.069035619594416606 0.052143706271314608 0.0705213941828228 -0.022057275704197521
leaf_weight=112.79278035089374 5.6095843240618697 3.8745838180184347 3.2392839044332504 2.6807641535997391 3.2118746004998675 3.6857011169195166 4.1765104494988909 3.2667460814118385 3.588382363319397
leaf_count=722 34 29 21 20 21 19 31 22 21
internal_value=2.8496e-07 -0.0144438 0.0061077 0.0376026 0.00170237 1.0961e-05 0.00286363 0.0341393 -0.0458607
internal_weight=146.126 15.4042 9.79463 6.55535 130.722 124.243 116.969 6.47862 7.27408
internal_count=940 104 70 49 836 793 753 43 40
is_linear=0
shrinkage=0.1


Tree=96
num_leaves=5
num_cat=0
split_feature=2 4 4 5
split_gain=0.358613 0.724659 1.22891 0.936316
threshold=81.044544495322143 1.0000000180025095e-35 0.0040150793852262003 0.044920055818333006
decision_type=2 2 2 2
left_child=1 -1 -3 -4
right_child=-2 2 3 -5
leaf_value=0.047027147817558124 0.032767132538367695 -0.066872596614867469 0.06152664288400355 -0.0015638919239395342
leaf_weight=3.1056299582123748 3.2654972523450843 2.8441087156534186 2.3942528069019309 134.27322963997722
leaf_count=21 33 16 16 854
internal_value=1.22347e-06 -0.000749015 -0.00181255 -0.00045862
internal_weight=145.883 142.617 139.512 136.667
internal_count=940 907 886 870
is_linear=0
shrinkage=0.1


Tree=97
num_leaves=7
num_cat=0
split_feature=1 7 1 4 6 5
split_gain=0.356735 0.974965 0.926467 0.658612 2.34198 1.8009
threshold=61.230295382218003 14.340635610648203 61.487050302855842 0.073172032833099365 12.367187500000002 0.17526451316288233
decision_type=2 2 2 2 2 2
left_child=1 -1 -2 4 -4 -5
right_child=2 -3 3 5 -6 -7
leaf_value=-0.005561097695083555 -0.057550308542407669 0.065008537197227267 -0.078189303163656673 0.075322979320531322 0.0022673761395492842 0.00072415905227470696
leaf_weight=5.427611615508793 2.8598895892500868 3.062299408018589 4.7381590679287937 3.3332069888710967 15.302463732659815 111.11576800793409
leaf_count=35 16 25 28 22 96 718
internal_value=4.13153e-07 0.0198933 -0.00122921 -3.15589e-05 -0.0167548 0.00289677
internal_weight=145.839 8.48991 137.349 134.49 20.0406 114.449
internal_count=940 60 880 864 124 740
is_linear=0
shrinkage=0.1


Tree=98
num_leaves=11
num_cat=0
split_feature=1 1 2 0 3 3 2 4 7 4
split_gain=0.343079 1.70218 1.80143 1.18938 1.12717 2.68719 1.24136 0.934579 1.67323 1.55523
threshold=72.913416978116956 71.649724275702752 68.365626621240864 71.47649854421617 41.000945871838717 38.368540328098184 68.638923488548997 0.8684722024322441 14.319030396251057 0.750174899614649
decision_type=2 2 2 2 2 2 2 2 2 2
left_child=1 7 -3 -2 5 -5 -6 9 -9 -1
right_child=3 2 -4 4 6 -7 -8 8 -10 -11
leaf_value=-0.00050590317862885361 -0.049776673312126006 0.0012963360007565486 0.093477843164621086 -0.0021607238308680755 -0.061044046820543318 0.096166696090424164 0.009909949198826597 -0.013083647180752521 0.052749243974131138 -0.047021313326476549
leaf_weight=73.808177597820759 5.7977356091141692 4.3788702040910703 4.1095548421144485 20.928020600229505 5.4743710309267026 3.205045521259307 4.4865069389343262 7.2967129722237578 8.1987199895083887 7.9634097442030898
leaf_count=465 39 27 33 134 32 24 30 50 62 44
internal_value=-1.79911e-06 0.00297902 0.0459248 -0.00790415 -0.000783651 0.0108979 -0.0290855 -0.000768823 0.0217489 -0.00503585
internal_weight=145.647 105.755 8.48843 39.8917 34.0939 24.1331 9.96088 97.267 15.4954 81.7716
internal_count=940 681 60 259 220 158 62 621 112 509
is_linear=0
shrinkage=0.1


Tree=99
num_leaves=6
num_cat=0
split_feature=2 5 4 4 4
split_gain=0.379306 0.636895 0.663492 1.20493 0.972459
threshold=81.044544495322143 1.0000000180025095e-35 0.21093750000000003 0.14983562380075457 0.47226749547156327
decision_type=2 2 2 2 2
left_child=1 -1 3 -3 -4
right_child=-2 2 4 -5 -6
leaf_value=0.043940927452026955 0.033819472904352069 -0.0046966475881075141 0.018413993884085687 -0.051833328901939396 -0.0035448416888141606
leaf_weight=3.1164372563362113 3.2430866919457904 28.812056485563517 27.439957898110151 6.6804352402687064 76.095022018998861
leaf_count=21 33 182 182 39 483
internal_value=3.87768e-06 -0.000767643 -0.00176983 -0.0135688 0.00227493
internal_weight=145.387 142.144 139.027 35.4925 103.535
internal_count=940 907 886 221 665
is_linear=0
shrinkage=0.1


end of trees

feature_importances:
rushing_yards_L10=129
rushing_yards_std_L5=126
rush_tds_L3=122
rushing_yards_L3=115
rushing_yards_L5=105
rush_attempts_L3=77
rush_tds_L5=68
rush_attempts_L5=64

parameters:
[boosting: gbdt]
[objective: binary]
[metric: binary_logloss]
[tree_learner: serial]
[device_type: cpu]
[data_sample_strategy: bagging]
[data: ]
[valid: ]
[num_iterations: 100]
[learning_rate: 0.1]
[num_leaves: 31]
[num_threads: 2]
[seed: 42]
[deterministic: 0]
[force_col_wise: 0]
[force_row_wise: 0]
[histogram_pool_size: -1]
[max_depth: 4]
[min_data_in_leaf: 20]
[min_sum_hessian_in_leaf: 0.001]
[bagging_fraction: 1]
[pos_bagging_fraction: 1]
[neg_bagging_fraction: 1]
[bagging_freq: 0]
[bagging_seed: 400]
[bagging_by_query: 0]
[feature_fraction: 1]
[feature_fraction_bynode: 1]
[feature_fraction_seed: 30056]
[extra_trees: 0]
[extra_seed: 12879]
[early_stopping_round: 0]
[early_stopping_min_delta: 0]
[first_metric_only: 0]
[max_delta_step: 0]
[lambda_l1: 0]
[lambda_l2: 0]
[linear_lambda: 0]
[min_gain_to_split: 0]
[drop_rate: 0.1]
[max_drop: 50]
[skip_drop: 0.5]
[xgboost_dart_mode: 0]
[uniform_drop: 0]
[drop_seed: 17869]
[top_rate: 0.2]
[other_rate: 0.1]
[min_data_per_group: 100]
[max_cat_threshold: 32]
[cat_l2: 10]
[cat_smooth: 10]
[max_cat_to_onehot: 4]
[top_k: 20]
[monotone_constraints: ]
[monotone_constraints_method: basic]
[monotone_penalty: 0]
[feature_contri: ]
[forcedsplits_filename: ]
[refit_decay_rate: 0.9]
[cegb_tradeoff: 1]
[cegb_penalty_split: 0]
[cegb_penalty_feature_lazy: ]
[cegb_penalty_feature_coupled: ]
[path_smooth: 0]
[interaction_constraints: ]
[verbosity: -1]
[saved_feature_importance_type: 0]
[use_quantized_grad: 0]
[num_grad_quant_bins: 4]
[quant_train_renew_leaf: 0]
[stochastic_rounding: 1]
[linear_tree: 0]
[max_bin: 255]
[max_bin_by_feature: ]
[min_data_in_bin: 3]
[bin_construct_sample_cnt: 200000]
[data_random_seed: 175]
[is_enable_sparse: 1]
[enable_bundle: 1]
[use_missing: 1]
[zero_as_missing: 0]
[feature_pre_filter: 1]
[pre_partition: 0]
[two_round: 0]
[header: 0]
[label_column: ]
[weight_column: ]
[group_column: ]
[ignore_column: ]
[categorical_feature: ]
[forcedbins_filename: ]
[precise_float_parser: 0]
[parser_config_file: ]
[objective_seed: 16083]
[num_class: 1]
[is_unbalance: 0]
[scale_pos_weight: 0.582492]
[sigmoid: 1]
[boost_from_average: 1]
[reg_sqrt: 0]
[alpha: 0.9]
[fair_c: 1]
[poisson_max_delta_step: 0.7]
[tweedie_variance_power: 1.5]
[lambdarank_truncation_level: 30]
[lambdarank_norm: 1]
[label_gain: ]
[lambdarank_position_bias_regularization: 0]
[eval_at: ]
[multi_error_top_k: 1]
[auc_mu_weights: ]
[num_machines: 1]
[local_listen_port: 12400]
[time_out: 120]
[machine_list_filename: ]
[machines: ]
[gpu_platform_id: -1]
[gpu_device_id: -1]
[gpu_use_dp: 0]
[num_gpu: 1]

end of parameters

pandas_categorical:[]
