tree
version=v4
num_class=1
num_tree_per_iteration=1
label_index=0
max_feature_idx=7
objective=binary sigmoid:1
feature_names=rushing_yards_L3 rushing_yards_L5 rushing_yards_L10 rushing_yards_std_L5 rush_tds_L3 rush_tds_L5 rush_attempts_L3 rush_attempts_L5
feature_infos=[-11.375:56.1875] [-11:39.983800577981313] [-11:58.392254627416143] [0:77.074639149333677] [0:2.0792654155281038] [0:2] [1:17] [1:17]
tree_sizes=1778 1798 1808 1805 1814 1801 1804 1812 1810 1806 1802 1718 1806 1810 1705 1704 1495 1714 1502 1700 1804 1501 1685 1500 1811 1394 1481 1502 1489 1395 1502 1708 1374 1686 1194 1173 1492 1283 1498 1070 1716 1385 1073 1506 1489 1389 1496 1599 981 1607 1185 1388 1395 1617 1401 1395 1390 1179 1402 1505 980 1184 1387 1296 1506 1602 1408 1292 1288 1288 881 1827 1511 1292 1708 1505 1299 883 1406 1720 1505 1513 1610 1709 1395 880 1391 1286 1199 1505 1609 1516 1507 1407 1394 1611 1495 1196 1497 1399

Tree=0
num_leaves=16
num_cat=0
split_feature=7 7 1 1 7 1 2 6 0 0 7 2 2 2 0
split_gain=2080.72 343.141 286.757 126.879 72.8188 37.3452 29.6208 26.4788 23.1707 23.0194 20.7087 19.2719 14.8136 14.1485 7.97367
threshold=3.7114778642703325 2.3329843653940885 23.734618706497994 7.9181212896564199 7.9273556476188958 12.750805207298201 17.953258066128132 5.6345923750276867 5.2189941406250009 2.5039062500000004 1.5420074853088115 12.739720313636125 15.668568586155287 38.401090878182345 1.8880820870399477
decision_type=2 2 2 2 2 2 2 2 2 2 2 2 2 2 2
left_child=1 9 5 8 7 12 -5 -4 -3 14 -11 -7 -2 -6 -1
right_child=2 3 4 6 13 11 -8 -9 -10 10 -12 -13 -14 -15 -16
leaf_value=-1.1305539148579067 -1.004487890873069 -1.1176367228816042 -0.87690275151052521 -0.97839921031296662 -0.794445878538098 -0.81715302914621435 -0.91058448268011261 -0.82256268001047839 -1.0227246734340876 -1.1157462615275144 -1.0702515707290015 -0.91001442906142438 -0.89192929276864963 -0.74826889661669949 -1.1874294561830567
leaf_weight=108.06685125827789 58.785902589559555 72.579320698976517 146.44260093569756 264.02771815657616 167.49728229641914 23.70599552989006 85.191768616437912 231.31445917487144 39.84060662984848 237.32895550131798 172.97650587558746 390.37694337964058 14.595353066921232 109.88217103481293 31.933256268501282
leaf_count=511 229 337 447 983 420 63 279 623 160 1099 749 1277 46 242 163
internal_value=-0.950756 -1.05518 -0.858273 -0.991601 -0.81506 -0.91635 -0.961856 -0.843628 -1.084 -1.10851 -1.09657 -0.904698 -0.9821 -0.776153 -1.14353
internal_weight=2154.55 1011.94 1142.6 461.639 655.137 487.464 349.219 377.757 112.42 550.306 410.305 414.083 73.3813 277.379 140
internal_count=7628 4281 3347 1759 1732 1615 1262 1070 497 2522 1848 1340 275 662 674
is_linear=0
shrinkage=1


Tree=1
num_leaves=16
num_cat=0
split_feature=7 6 1 7 1 1 7 2 6 0 0 7 5 0 3
split_gain=1409.2 309.17 98.9025 87.4755 64.3682 43.4856 33.3679 29.5565 18.3985 16.8504 16.4638 14.5784 10.2836 7.41507 6.82017
threshold=2.9229490000561555 5.0007449718918711 8.6815652604498545 2.287507716508085 20.004587193338676 5.333434943860186 8.2407914311418917 18.045440047677463 8.5637281157831833 2.5039062500000004 5.1085142344236383 1.590693792655866 0.0041938646306393006 1.8880820870399477 8.3328858426951875
decision_type=2 2 2 2 2 2 2 2 2 2 2 2 2 2 2
left_child=3 2 10 9 8 14 -6 -4 -3 13 -2 -11 -7 -1 -5
right_child=1 4 7 5 6 12 -8 -9 -10 11 -12 -13 -14 -15 -16
leaf_value=-0.044043900899226711 -0.043362009490520409 0.11882822699957772 0.10534164019568366 -0.022043129518275389 0.19874627215795404 0.10654368305898049 0.24268201538756015 0.1479814720261117 0.2989139100060535 -0.030881532203191078 0.052406689880137414 0.0083702441611653682 0.054579080520472757 -0.10072209671563302 -0.13330285676863737
leaf_weight=103.57417580485344 35.876721933484077 93.327388420701027 303.28369000554085 34.54821366071701 451.97356237471104 64.130918338894844 279.91321612894535 350.35833936929703 6.0403300374746314 242.92444261908531 35.926439896225929 154.99383240938187 93.76006481051445 29.701863810420036 6.5549356639385215
leaf_count=501 169 297 1021 160 1129 222 579 1037 12 1142 139 669 356 160 35
internal_value=0.109901 0.163664 0.115959 -0.00471556 0.205296 0.0518344 0.21555 0.128197 0.129775 -0.0259001 0.0045555 -0.0155925 0.0756857 -0.0566752 -0.0397863
internal_weight=2286.89 1556.7 725.445 730.188 831.254 198.994 731.887 653.642 99.3677 531.194 71.8032 397.918 157.891 133.276 41.1031
internal_count=7628 4383 2366 3245 2017 773 1708 2058 309 2472 308 1811 578 661 195
is_linear=0
shrinkage=0.1


Tree=2
num_leaves=16
num_cat=0
split_feature=7 2 7 1 6 1 2 6 2 3 3 2 5 1 4
split_gain=1026.8 216.192 70.2466 67.2722 61.3566 47.5002 20.9415 18.1026 17.2096 14.5946 13.0624 11.7727 11.7159 11.4332 4.68344
threshold=2.9229490000561555 20.685241480765384 1.9981058963674083 8.6815652604498545 6.0634765625000009 4.6903076725391184 -1.9090909090909087 4.2319679260253915 38.001616088861752 0.66364022706629511 39.092797051927754 1.844903167319669 0.62929958169214628 9.3952542517698436 1.2025702744722369e-07
decision_type=2 2 2 2 2 2 2 2 2 2 2 2 2 2 2
left_child=2 3 11 9 10 6 -4 -5 -6 -2 -3 14 -7 -13 -1
right_child=1 4 5 7 8 12 -8 -9 -10 -11 -12 13 -14 -15 -16
leaf_value=-0.057317637175098135 0.10206456958783749 0.14106938209176342 0.18103905490835026 0.08836391852851283 0.17732752311495356 0.049825050341656386 -0.062391448991911062 0.12465918810423889 0.21555209668524034 -0.016779776164747229 0.0078061977818621106 -0.012643208815454152 0.18777242376171666 -0.053244093081195924 -0.13081241288324461
leaf_weight=56.098983585834503 12.399299144744871 436.46833808720112 3.7754991501569739 314.10580286383629 410.09481610357761 228.75902763009071 55.229626938700676 244.29166013002396 165.24313315749168 62.012090057134628 7.4813891202211371 274.34564928710461 6.3270061463117591 92.825146600604057 10.255780741572378
leaf_count=284 45 1148 13 1008 895 862 277 689 299 273 26 1282 18 452 57
internal_value=0.0946583 0.138251 -0.00432153 0.0923404 0.166754 0.0334033 -0.0468153 0.104243 0.188306 0.00302346 0.138824 -0.029913 0.0535377 -0.0229076 -0.068677
internal_weight=2379.71 1652.1 727.617 632.809 1019.29 294.091 59.0051 558.397 575.338 74.4114 443.95 433.526 235.086 367.171 66.3548
internal_count=7628 4383 3245 2015 2368 1170 290 1697 1194 318 1174 2075 880 1734 341
is_linear=0
shrinkage=0.1


Tree=3
num_leaves=16
num_cat=0
split_feature=6 2 0 1 7 2 4 6 6 2 6 2 0 0 0
split_gain=781.194 179.138 73.3635 55.7388 49.7488 30.8865 24.6425 21.265 17.6443 12.9085 12.5766 11.7891 10.5433 17.0583 6.86787
threshold=2.6563189131596077 18.045440047677463 5.2189941406250009 28.610619564032756 1.9981058963674083 6.8791049413469745 0.00012505533413785001 6.5586890280246744 7.5245463251735822 -1.9090909090909087 2.7700488418340687 39.263339829389558 2.8697180438321088 3.0009231567382817 1.8880820870399477
decision_type=2 2 2 2 2 2 2 2 2 2 2 2 2 2 2
left_child=4 2 10 7 12 9 -7 -3 -4 -6 -2 -5 14 -14 -1
right_child=1 3 8 11 5 6 -8 -9 -10 -11 -12 -13 13 -15 -16
leaf_value=-0.037901551811510392 0.051577328547835456 0.11018485526864481 0.077893399706099764 0.15389662986110694 0.13668009609884466 0.086805791312201244 0.017333037897395178 0.15549332604171839 0.18049183387630796 -0.042112195089814841 -0.076833407455997468 0.18639074373571091 0.086822740555271893 -0.02301979756052654 -0.092001455647997027
leaf_weight=83.722573906183243 9.6273594349622709 504.77291978895664 461.1996735483408 425.59804132580757 4.3051197230815879 86.665884852409363 124.26386217772961 130.33354422450066 17.394104138016701 65.110436707735062 36.710816606879234 151.36195300519466 14.848363310098646 295.61602135002613 32.603435456752777
leaf_count=426 41 1324 1442 892 14 292 473 275 36 315 184 265 60 1406 183
internal_value=0.0827162 0.118788 0.0699897 0.139922 -0.0058902 0.0268364 0.0458777 0.119483 0.0816223 -0.0310236 -0.0501544 0.162421 -0.0273873 -0.0177664 -0.0530645
internal_weight=2444.13 1737 524.932 1212.07 707.136 280.345 210.93 635.106 478.594 69.4156 46.3382 576.96 426.79 310.464 116.326
internal_count=7628 4459 1703 2756 3169 1094 765 1599 1478 329 225 1157 2075 1466 609
is_linear=0
shrinkage=0.1


Tree=4
num_leaves=16
num_cat=0
split_feature=6 2 0 6 7 2 5 0 1 2 1 6 1 3 4
split_gain=603.321 138.843 57.4205 45.5236 41.2725 19.246 20.1783 13.6502 13.5033 12.2905 10.9679 10.6164 10.0741 7.66098 7.00542
threshold=2.6563189131596077 18.045440047677463 5.2189941406250009 6.1741490364074716 2.287507716508085 7.2294956256092791 0.0033069205106269002 4.128605099924159 12.505776376102956 1.844903167319669 20.223340155722429 2.7700488418340687 28.843848227611939 1.0000000180025095e-35 1.2025702744722369e-07
decision_type=2 2 2 2 2 2 2 2 2 2 2 2 2 2 2
left_child=4 2 11 12 9 7 -7 -6 -4 14 -5 -2 -3 -11 -1
right_child=1 3 8 10 5 6 -8 -9 -10 13 -12 -13 -14 -15 -16
leaf_value=-0.044173101345906705 0.045159208089601395 0.096741584518126353 0.050153321636377479 0.038970959891565959 0.015025615715092143 0.09605739059673396 0.02165154124467026 -0.11390137976445297 0.084311162470669526 0.019161102304780946 0.14310212715661555 -0.07211435974655471 0.12837950927828468 -0.019181497890742791 -0.12643540111100129
leaf_weight=59.224278882145882 9.8815164864063245 496.25603374838829 186.31530052423477 10.284476742148398 22.322590291500092 58.063508674502373 97.904930129647255 12.991338297724722 305.50046694278717 60.385907202959061 613.33273696899414 35.277953431010246 126.24900922179222 380.22617121040821 12.545014113187788
leaf_count=310 41 1265 612 30 105 173 357 65 866 271 1184 184 277 1812 76
internal_value=0.0730285 0.103971 0.0614621 0.122288 -0.00537984 0.0342577 0.0493511 -0.0324042 0.0713711 -0.0201774 0.141385 -0.0464533 0.103158 -0.0139266 -0.0585523
internal_weight=2486.76 1783.1 536.975 1246.12 703.664 191.282 155.968 35.3139 491.816 512.381 623.617 45.1595 622.505 440.612 71.7693
internal_count=7628 4459 1703 2756 3169 700 530 170 1478 2469 1214 225 1542 2083 386
is_linear=0
shrinkage=0.1


Tree=5
num_leaves=16
num_cat=0
split_feature=6 6 0 7 2 7 0 2 7 2 1 2 0 6 6
split_gain=473.731 115.83 51.3431 34.8126 31.4774 29.5871 14.9504 13.3176 12.8906 12.3504 11.2027 14.7123 13.0171 8.82609 5.07383
threshold=2.6563189131596077 4.942530505732976 5.2189941406250009 1.8900734621285322 6.3370797626213511 7.9273556476188958 18.255218505859379 26.40776524206618 1.9407217746703 -1.9090909090909087 9.0002286236854179 1.844903167319669 13.940429687500002 2.7700488418340687 10.633368955472932
decision_type=2 2 2 2 2 2 2 2 2 2 2 2 2 2 2
left_child=3 2 13 10 9 6 -3 -4 -6 -5 11 -1 -12 -2 -7
right_child=1 5 7 4 8 14 -8 -9 -10 -11 12 -13 -14 -15 -16
leaf_value=-0.060508514110043043 0.039709726779518624 0.066610911544574644 0.06437353862120794 0.11854696416510664 0.16197646676829627 0.13042194882388217 0.10816704840742797 0.10168135900856086 0.033011645760848897 -0.052610408617259422 -0.083897309893984973 -0.004596189276993054 -0.0052912681456433099 -0.067051662110604024 0.15815610044747608
leaf_weight=58.176683112978935 10.101303324103354 104.0194898545742 655.82615005970001 4.5279572010040274 8.0194951295852643 296.85565266013145 516.17241896688938 112.0252820700407 231.08996360003948 61.170870900154114 57.845596790313721 246.31524704396725 33.13431341946125 33.175488963723183 84.809152230620384
leaf_count=328 41 284 1875 14 28 551 1125 263 830 318 310 1181 160 179 141
internal_value=0.0649522 0.0919349 0.0638436 -0.00490451 0.0204922 0.114678 0.101197 0.0698165 0.037337 -0.0408143 -0.0244789 -0.0152789 -0.0552695 -0.0421323 0.136585
internal_weight=2513.27 1812.98 811.128 700.28 304.808 1001.86 620.192 767.851 239.109 65.6988 395.472 304.492 90.9799 43.2768 381.665
internal_count=7628 4459 2358 3169 1190 2101 1409 2138 858 332 1979 1509 470 220 692
is_linear=0
shrinkage=0.1


Tree=6
num_leaves=16
num_cat=0
split_feature=6 6 0 7 7 2 2 2 1 6 3 0 0 0 2
split_gain=376.567 95.5585 40.6534 28.9515 25.9466 19.8469 14.5719 12.4537 12.2265 9.50253 8.60818 7.73185 13.0024 7.39483 5.12591
threshold=2.6563189131596077 4.942530505732976 5.2189941406250009 1.9981058963674083 7.9273556476188958 3.8753991536277899 -1.9090909090909087 15.18888737108121 18.405041459126071 1.875144958496094 12.025513681009324 2.8697180438321088 3.0009231567382817 1.8880820870399477 39.263339829389558
decision_type=2 2 2 2 2 2 2 2 2 2 2 2 2 2 2
left_child=3 2 10 11 8 6 -5 -4 -3 -7 -2 13 -13 -1 -6
right_child=1 4 7 5 14 9 -8 -9 -10 -11 -12 12 -14 -15 -16
leaf_value=-0.028109222365092473 -0.05630911773541402 0.056041003524573953 0.044192709044258156 0.10166647535427487 0.11499529107829165 0.076132705647143931 -0.090118119934811419 0.070847807792874459 0.095756325973503073 0.020966372168512586 0.078477702033222463 0.076170944497605531 -0.01808192434471281 -0.086247197092829339 0.13969265192350644
leaf_weight=78.12022203207016 36.802252620458603 90.606878712773323 265.84091152250767 4.739295661449435 256.01691733300686 36.365191578865051 24.147828206419945 514.55177421867847 536.47537581622601 220.8663736730814 5.438424050807952 15.423245161771773 286.89190317690372 30.38851036131382 125.10108256340027
leaf_count=426 199 249 813 14 484 124 140 1325 1160 816 21 60 1406 183 208
internal_value=0.058074 0.0818876 0.0565958 -0.00448324 0.102524 0.0199393 -0.0586534 0.0617677 0.0900179 0.0287653 -0.0389555 -0.0214924 -0.0132734 -0.0443911 0.123102
internal_weight=2527.78 1830.83 822.633 696.943 1008.2 286.119 28.8871 780.393 627.082 257.232 42.2407 410.824 302.315 108.509 381.118
internal_count=7628 4459 2358 3169 2101 1094 154 2138 1409 940 220 2075 1466 609 692
is_linear=0
shrinkage=0.1


Tree=7
num_leaves=16
num_cat=0
split_feature=6 1 0 7 1 6 0 2 1 2 6 2 4 7 7
split_gain=302.037 82.8327 36.9526 24.4213 15.9074 14.0041 12.2217 12.0632 11.9376 9.26046 8.46578 7.61242 6.98564 5.84313 4.58115
threshold=2.6563189131596077 26.578380462313973 5.2189941406250009 2.3128843025002745 12.505776376102956 2.3360323124035749 2.5039062500000004 39.263339829389558 15.466265305085608 1.844903167319669 9.8850214728589929 3.4546139800265827 1.2025702744722369e-07 1.2984469775938983 6.7038238173820508
decision_type=2 2 2 2 2 2 2 2 2 2 2 2 2 2 2
left_child=3 2 11 9 -4 8 -7 10 -5 12 -3 -2 -1 -11 -9
right_child=1 7 4 5 -6 6 -8 14 -10 13 -12 -13 -14 -15 -16
leaf_value=-0.035529352464175934 -0.10202348127891808 0.0878284426307573 0.034737018434509381 0.065115961122717822 0.065867926515463165 -0.1289372472755396 0.0098823764913447739 0.065946683448290508 -0.069448011144287641 -0.023784065151453357 0.1219632966909991 -0.0082486215189611269 -0.1211686755119066 -0.0003835444905257217 0.12947844171017692
leaf_weight=55.407760307192802 11.95987983047962 471.76538251340389 201.78804497420788 84.435883149504662 879.76963636279106 6.8150257617235175 91.385095968842506 12.317977413535116 7.1509821712970725 185.20857313275337 85.882492810487747 31.34283472597599 11.50216695666313 251.75619581341743 144.42095875740051
leaf_count=312 71 987 623 277 2196 40 330 28 28 944 152 157 80 1158 245
internal_value=0.0521385 0.0733453 0.0564331 -0.00409131 0.0600598 0.0264818 0.000248383 0.0999748 0.0546094 -0.0156068 0.0930855 -0.0341485 -0.0502512 -0.0103019 0.124486
internal_weight=2532.91 1839.25 1124.86 693.662 1081.56 189.787 98.2001 714.387 91.5869 503.875 557.648 43.3027 66.9099 436.965 156.739
internal_count=7628 4459 3047 3169 2819 675 370 1412 305 2494 1139 228 392 2102 273
is_linear=0
shrinkage=0.1


Tree=8
num_leaves=16
num_cat=0
split_feature=6 7 1 1 3 0 1 6 6 2 6 2 4 0 5
split_gain=246.068 77.2063 30.8905 22.6845 18.7706 15.9065 19.922 10.2109 9.64578 8.9001 8.62166 8.53259 6.90942 6.677 1.95588
threshold=4.1885863751522274 2.3329843653940885 28.374714220393244 8.2958127527239558 1.3535488357565082 14.127876679304819 16.733100394617811 6.5586890280246744 3.9076919555664067 40.398987202275684 9.8850214728589929 1.844903167319669 1.2025702744722369e-07 8.9612381183937959 0.24519367140149909
decision_type=2 2 2 2 2 2 2 2 2 2 2 2 2 2 2
left_child=1 11 5 4 -3 6 -2 -7 -5 10 -4 12 -1 -13 -11
right_child=2 3 9 8 -6 7 -8 -9 -10 14 -12 13 -14 -15 -16
leaf_value=-0.032993049380011734 0.048152130071712429 0.12030239386645686 0.082451313187101083 0.048484807014157708 -0.014543608215673898 0.061763695484912777 -0.067845781715979478 0.091781198597005897 0.014043860186084389 0.10613806537618375 0.11685031924545551 -0.0010794335368302745 -0.11910668856166909 -0.028013156528914607 0.13167864586236258
leaf_weight=54.415314227342606 79.483574420213699 11.328217670321463 376.60639017820358 561.37540890276432 116.31968739628792 398.79254734516144 18.195142522454262 158.30630296468735 95.092802658677101 56.844816207885742 90.339562878012657 309.29679982364178 11.242500089108942 131.0374960899353 63.451658815145493
leaf_count=313 223 41 774 1572 516 958 60 322 272 104 159 1482 84 643 105
internal_value=0.0469311 0.0163442 0.0787023 0.0359956 -0.00257659 0.0637671 0.0265446 0.0702935 0.0434959 0.095355 0.0891065 -0.014109 -0.0477382 -0.00909454 0.11961
internal_weight=2532.13 1290.11 1242.02 784.116 127.648 654.778 97.6787 557.099 656.468 587.242 466.946 505.992 65.6578 440.334 120.296
internal_count=7628 4923 2705 2401 557 1563 283 1280 1844 1142 933 2522 397 2125 209
is_linear=0
shrinkage=0.1


Tree=9
num_leaves=16
num_cat=0
split_feature=7 7 1 2 3 6 6 0 3 3 0 2 6 0 7
split_gain=203.05 44.8005 42.0506 19.8726 17.2879 15.785 15.5517 14.3829 8.52606 11.4268 9.1124 7.27599 7.24799 6.24454 5.19841
threshold=3.7114778642703325 2.3128843025002745 28.610619564032756 14.937204198224912 12.597339805595945 6.5586890280246744 6.3518795036270612 1.8880820870399477 1.0000000180025095e-35 3.1734343777163092 10.978258414549542 38.835586915160185 11.759475916624071 20.489194512025282 6.4446728590547027
decision_type=2 2 2 2 2 2 2 2 2 2 2 2 2 2 2
left_child=1 8 5 7 -5 6 -2 -3 10 -10 -1 12 -4 -7 -13
right_child=2 3 11 4 -6 13 -8 -9 9 -11 -12 14 -14 -15 -16
leaf_value=0.03211672827234438 0.048630616228982904 -0.06903599309828852 0.077282054401523262 0.093976295612640551 0.032728386477757124 0.042262085967873897 -0.043627143600346419 0.018477272799156008 -0.059883429150255074 -0.012117694130561286 -0.061515214948886322 0.037653915485965875 0.13653607580111976 0.089641820775716752 0.11028187826684346
leaf_weight=65.549476101994514 707.2369409352541 19.940547555685043 397.89282874763012 67.824962928891182 143.77721436321735 34.938228502869606 18.75591342151165 322.7231428027153 58.176359139382839 360.00190337747335 12.352801501750944 10.555075660347937 21.773066371679306 136.48340907692909 148.61803667247295
leaf_count=312 1793 115 817 163 407 85 56 1098 343 1781 62 25 35 271 265
internal_value=0.0423342 0.00872581 0.0662463 0.0282643 0.0523602 0.0526917 0.0462472 0.0133846 -0.0131044 -0.0187628 0.0172697 0.0872611 0.0803563 0.0799851 0.105466
internal_weight=2526.6 1050.35 1476.25 554.266 211.602 897.414 725.993 342.664 496.081 418.178 77.9023 578.839 419.666 171.422 159.173
internal_count=7628 4281 3347 1783 570 2205 1849 1213 2498 2124 374 1142 852 356 290
is_linear=0
shrinkage=0.1


Tree=10
num_leaves=16
num_cat=0
split_feature=2 7 6 0 6 0 2 7 6 7 2 7 0 1 4
split_gain=170.072 41.1206 28.805 18.7827 11.758 12.2629 11.7125 11.4386 9.69514 9.26827 12.7296 11.1175 6.74095 3.24577 1.81941
threshold=18.045440047677463 2.287507716508085 5.0461054156365899 3.3762996196746831 1.4995927142865215 9.3256374469775096 39.263339829389558 2.3769150416794487 7.859963413627157 2.1880978892684078 13.389279762037548 1.9981058963674083 14.317368745803833 19.263750842630333 0.017709016822209354
decision_type=2 2 2 2 2 2 2 2 2 2 2 2 2 2 2
left_child=1 9 4 7 13 -6 12 -3 -5 11 -11 -1 -4 -2 -8
right_child=2 3 6 8 5 -7 14 -9 -10 10 -12 -13 -14 -15 -16
leaf_value=-0.015491969020711038 -0.010662331749536947 0.077358344618361996 0.0015373293302359012 0.027975666581005094 0.10909333195254318 0.041471803009598796 0.1219822302793334 -0.061868910877711382 0.10591783428812838 -0.11564099908955268 0.083232817735536604 0.028970146531376084 0.070514580061503976 -0.12623596929211375 0.094670019442030767
leaf_weight=381.47217707335949 5.1411444097757322 7.080685466527938 14.467038735747336 683.95931109786034 28.604505464434624 429.34962545335293 31.55597148835659 35.418682262301445 16.340406686067581 16.723573133349422 3.9855853766202918 65.961593590676785 685.49633663892746 4.6078998297452927 107.40966399013996
leaf_count=2002 28 32 41 2046 63 1083 54 199 31 91 14 274 1439 28 203
internal_value=0.0382463 0.0112477 0.0632676 0.025877 0.0433821 0.0456955 0.0743537 -0.0386727 0.0297943 -0.0119644 -0.0773667 -0.00893727 0.0690889 -0.0652884 0.100872
internal_weight=2517.57 1210.94 1306.63 742.799 467.703 457.954 838.929 42.4994 700.3 468.143 20.7092 447.434 699.963 9.74904 138.966
internal_count=7628 4689 2939 2308 1202 1146 1737 231 2077 2381 105 2276 1480 56 257
is_linear=0
shrinkage=0.1


Tree=11
num_leaves=15
num_cat=0
split_feature=6 7 7 0 7 1 5 0 1 0 0 3 6 2
split_gain=142.431 39.3342 23.6784 14.1352 17.1505 12.8102 17.4295 9.6036 8.17101 7.74435 8.40909 8.34894 4.21117 3.84753
threshold=4.1885863751522274 2.3329843653940885 7.9273556476188958 14.127876679304819 6.0924926546670086 8.0053841126679597 0.061620597273612507 18.500671386718754 38.470761570898766 2.5039062500000004 1.532542331365079 1.0000000180025095e-35 7.0678405761718759 38.401090878182345
decision_type=2 2 2 2 2 2 2 2 2 2 2 2 2 2
left_child=1 9 3 4 -2 6 -3 -7 -5 10 -1 -11 -4 -14
right_child=2 5 12 8 -6 7 -8 -9 -10 11 -12 -13 13 -15
leaf_value=-0.016317235967554928 0.029560635617470243 0.021447831079815377 0.031661764999791668 0.05619497450330109 -0.10160958282009279 0.036935031413588643 -0.059840132083731845 0.0082308911213412241 -0.022497805317416578 0.032861991478760323 -0.076826503023006157 -0.0098388625904370103 0.075626574331180849 0.098107219267009049
leaf_weight=79.261490106582642 84.820355892181396 81.724926635622978 16.387238457798958 755.56249378621578 11.295392379164694 526.54016803205013 38.948332667350769 149.69675576686859 13.429415702819822 53.159188628196716 32.337137296795845 330.24651385098696 214.98010249435902 117.87498858571053
leaf_count=464 236 338 38 1701 40 1453 196 414 36 230 210 1618 432 222
internal_value=0.0345853 0.0114729 0.0591738 0.0503016 0.0141457 0.025225 -0.00478856 0.0305809 0.0548207 -0.0106666 -0.0338506 -0.00391839 0.0811512 0.0835877
internal_weight=2506.26 1291.91 1214.35 865.108 96.1157 796.91 120.673 676.237 768.992 495.004 111.599 383.406 349.242 332.855
internal_count=7628 4923 2705 2013 276 2401 534 1867 1737 2522 674 1848 692 654
is_linear=0
shrinkage=0.1


Tree=12
num_leaves=16
num_cat=0
split_feature=2 2 6 7 1 1 3 2 6 2 7 6 2 2 0
split_gain=120.489 27.0924 22.012 20.4829 15.8544 10.9215 14.6795 10.1847 9.61397 9.43874 9.10614 11.1785 10.6405 8.92174 8.76774
threshold=18.045440047677463 3.7509604499752585 5.2811938673257837 1.8660913221071882 9.0002286236854179 20.004587193338676 19.802682876188822 4.3250781112314014 2.4965914823114876 27.802142739118292 1.5613906341437718 1.4995927142865215 -1.9090909090909087 39.263339829389558 9.085400588644589
decision_type=2 2 2 2 2 2 2 2 2 2 2 2 2 2 2
left_child=1 10 8 4 -3 6 -4 -5 9 -2 11 -1 -12 -7 -10
right_child=2 3 5 7 -6 13 -8 -9 14 -11 12 -13 -14 -15 -16
leaf_value=-0.022462187935634585 0.0081406786363449214 0.0048693420213043632 -0.036808225161802231 0.10847829430025563 -0.052098440504445648 0.06077910437441017 0.12447833789985147 0.020503761211937522 0.10867237226322556 -0.13735451585671912 0.049427820392785413 0.091870659520010722 -0.076188414851966813 0.089752957709725786 0.037956617870351234
leaf_weight=83.536546461284161 33.011974573135376 172.67497557401657 22.235948905348781 13.378966033458708 68.127742305397987 603.27245636284351 7.5622045993804923 801.44122751057148 18.219558611512184 5.1550590842962256 7.713377133011817 9.526732534170149 53.615749709308147 129.00234080851078 465.2499758452177
leaf_count=484 125 858 66 53 387 1282 15 2496 36 29 30 48 333 253 1133
internal_value=0.0312938 0.00865321 0.0526346 0.0143757 -0.0112479 0.0634684 0.00412324 0.0219483 0.0368071 -0.0115107 -0.0304732 -0.0107581 -0.0603896 0.0658833 0.0406215
internal_weight=2493.72 1210.02 1283.71 1055.62 240.803 762.073 29.7982 814.82 521.637 38.167 154.392 93.0633 61.3291 732.275 483.47
internal_count=7628 4689 2939 3794 1245 1616 81 2549 1323 154 895 532 363 1535 1169
is_linear=0
shrinkage=0.1


Tree=13
num_leaves=16
num_cat=0
split_feature=6 7 7 0 6 2 0 6 4 7 2 7 6 2 4
split_gain=100.136 25.6954 19.6174 11.1884 12.3872 10.9527 15.0329 8.30951 6.93759 6.18155 15.5991 7.43146 4.06625 4.00452 1.57861
threshold=4.1885863751522274 2.3128843025002745 7.9273556476188958 13.226203918457033 6.0000384300947198 14.937204198224912 18.500671386718754 3.4853515625000004 0.00045776367187500005 2.1880978892684078 13.95931805072844 1.9981058963674083 11.759475916624071 38.835586915160185 0.11360701241289917
decision_type=2 2 2 2 2 2 2 2 2 2 2 2 2 2 2
left_child=1 9 3 4 -2 7 -7 -3 -5 11 -11 -1 13 -4 -14
right_child=2 5 12 8 -6 6 -8 -9 -10 10 -12 -13 14 -15 -16
leaf_value=-0.011964988008244328 0.016690371735092264 -0.00085663666671846367 0.05811731032191271 0.027900054150931875 -0.12600756810065808 0.044178779876975188 0.0036954180371088097 0.032525822284689657 0.04993100389251931 -0.0917677627674231 0.1105085845291703 0.02321291479870765 0.073232822756695945 0.082617391934436513 0.11994762618321358
leaf_weight=385.6963207423687 63.594123229384422 286.72767679393291 200.56271617114544 187.74487827718258 6.7267688214778891 284.70339165627956 135.32386349141598 100.77219840884209 598.88993345201015 21.737264268100265 4.623406082391738 71.127496421337128 11.061690226197245 99.965622946619987 20.90376141667366
leaf_count=2075 181 1028 427 457 26 721 371 305 1349 119 14 290 23 205 37
internal_value=0.0283247 0.00903562 0.049256 0.0412566 0.00304015 0.0199498 0.0311359 0.00782472 0.0446729 -0.00920483 -0.0562905 -0.00648779 0.0698735 0.0662668 0.103782
internal_weight=2480.16 1290.71 1189.45 856.956 70.3209 807.527 420.027 387.5 786.635 483.184 26.3607 456.824 332.494 300.528 31.9655
internal_count=7628 4923 2705 2013 207 2425 1092 1333 1806 2498 133 2365 692 632 60
is_linear=0
shrinkage=0.1


Tree=14
num_leaves=15
num_cat=0
split_feature=2 2 6 7 2 2 1 3 3 4 1 3 1 4
split_gain=83.7105 20.1897 17.1688 13.4859 12.013 9.30069 7.91898 7.69946 10.9803 7.14921 6.96367 6.8516 6.17859 2.3239
threshold=18.045440047677463 3.989692885287941 5.2811938673257837 1.590693792655866 4.1602691073014135 38.835586915160185 5.2236948010715354 23.238413476896135 24.026521268987228 0.44988428464172098 20.004587193338676 14.244099142507176 5.333434943860186 0.00032046437263485002
decision_type=2 2 2 2 2 2 2 2 2 2 2 2 2 2
left_child=1 11 7 6 -5 10 -3 9 -9 -2 -4 12 -1 -7
right_child=2 3 5 4 -6 13 -8 8 -10 -11 -12 -13 -14 -15
leaf_value=-0.025229883090680822 0.041731550525498748 0.022363938735367201 0.0011346131225510494 0.14446600634606496 0.016069243667451532 0.0056179802290910949 -0.025227374058848395 -0.092828392444899349 0.016979328926137002 0.00012836655101491852 0.05074672482386558 0.11216092098390835 -0.13294076439108715 0.08014527256037858
leaf_weight=153.65343776345253 345.53565430641174 47.284733235836029 29.753082603216171 7.3494470566511145 856.74535220861435 4.3267395198345175 134.17697919905186 9.8670076280832273 118.14089654386044 46.913231462240219 576.09757813811302 3.5162462145090094 5.5168328881263724 126.77937652170658
leaf_count=911 855 237 81 25 2743 11 729 33 307 128 1259 13 31 265
internal_value=0.0256546 0.00685777 0.0437165 0.0119568 0.0171613 0.0535362 -0.0128262 0.0298118 0.00851521 0.0367583 0.0483103 -0.0259129 -0.0289631 0.0776857
internal_weight=2465.66 1208.24 1257.41 1045.56 864.095 736.957 181.462 520.457 128.008 392.449 605.851 162.687 159.17 131.106
internal_count=7628 4689 2939 3734 2768 1616 966 1323 340 983 1340 955 942 276
is_linear=0
shrinkage=0.1


Tree=15
num_leaves=15
num_cat=0
split_feature=6 0 7 7 2 2 0 1 4 3 5 2 6 2
split_gain=71.0945 17.7502 16.0626 13.4264 16.8586 14.9185 8.61035 13.9211 6.59602 19.1762 15.3453 5.6056 5.12323 4.02274
threshold=4.1885863751522274 2.5039062500000004 8.2407914311418917 1.5420074853088115 3.8753991536277899 3.0050042135178638 14.127876679304819 16.733100394617811 0.03125110268592831 4.3436617525807515 0.0022203538334319502 30.674765041311939 7.125096360061435 23.072095174820401
decision_type=2 2 2 2 2 2 2 2 2 2 2 2 2 2
left_child=1 8 6 5 -5 -3 7 -2 10 -10 -1 -8 -4 -14
right_child=2 3 12 4 -6 -7 11 -9 9 -11 -12 -13 13 -15
leaf_value=-0.021362463922255829 0.024582605875838597 0.060481930167797071 -0.0065787352081916597 -0.072981828453347872 0.018032342716371337 -0.022089338469211902 0.033125444090610336 -0.07282177164397946 -0.087127752876299355 0.09985568011481169 -0.12305038884071724 0.052187391846558434 0.12561420247863508 0.062725950557252289
leaf_weight=92.412855692207813 80.041160270571709 24.88652104139328 10.3107433617115 20.807347819209099 929.60328204929829 181.18146992474794 586.56219033896923 17.966410577297211 9.4254255592823046 13.118540719151495 17.679027855396271 209.32739843428135 10.605514779686926 248.51352599263191
leaf_count=567 220 115 27 117 2880 984 1382 59 73 65 122 456 18 543
internal_value=0.0232229 0.00704867 0.041146 0.0110226 0.0160398 -0.0121173 0.0346949 0.00672677 -0.0276006 0.0216796 -0.0376919 0.0381389 0.0625492 0.0652999
internal_weight=2452.44 1289.11 1163.33 1156.48 950.411 206.068 893.897 98.0076 132.636 22.544 110.092 795.89 269.43 259.119
internal_count=7628 4923 2705 4096 2997 1099 2117 279 827 138 689 1838 588 561
is_linear=0
shrinkage=0.1


Tree=16
num_leaves=13
num_cat=0
split_feature=2 0 1 6 2 7 7 6 6 0 4 3
split_gain=60.0937 17.373 12.5703 16.1192 16.1885 11.6518 9.96285 11.9603 6.78742 8.06118 6.93908 6.55518
threshold=20.685241480765384 3.3762996196746831 13.898065267270885 4.69553800020367 21.593347192411283 5.3370214746490436 1.2984469775938983 1.1250002682209017 2.7502899169921879 -1.9876317381858821 0.015655547380447353 30.368397167190789
decision_type=2 2 2 2 2 2 2 2 2 2 2 2
left_child=1 8 -2 5 -5 -4 7 -3 10 -10 -1 -8
right_child=2 6 3 4 -6 -7 11 -9 9 -11 -12 -13
leaf_value=-0.025239699331167688 0.14203389697642718 -0.0041257545645746576 0.023127589084231945 0.11053995629882774 0.042050139842199373 -0.050594554932848958 0.013807881235539608 -0.10330402598807241 0.055199467347934975 -0.12246110446887258 0.02728161056706789 0.072496927533215752
leaf_weight=135.55721995979548 11.755050987005232 111.28825053572655 233.93952427059412 36.209061786532402 735.83796007931232 23.601412668824196 1070.6024673506618 13.650801748037336 3.2365202233195314 12.110522560775276 30.887108989059925 19.375829264521599
leaf_count=804 21 595 606 66 1683 70 3382 84 16 84 175 42
internal_value=0.0210273 0.00747108 0.0392096 0.0380356 0.0452623 0.0163716 0.0117853 -0.0149619 -0.0213607 -0.0849945 -0.0154933 0.0148512
internal_weight=2438.05 1396.71 1041.34 1029.59 772.047 257.541 1214.92 124.939 181.791 15.347 166.444 1089.98
internal_count=7628 5182 2446 2425 1749 676 4103 679 1079 100 979 3424
is_linear=0
shrinkage=0.1


Tree=17
num_leaves=15
num_cat=0
split_feature=1 6 6 3 6 7 1 3 2 0 0 6 0 4
split_gain=50.2265 19.1345 12.4742 12.3582 15.2276 13.6303 12.0325 9.61529 7.93129 7.2986 6.18837 6.12884 2.8574 2.30679
threshold=12.750805207298201 6.0634765625000009 2.2008891791847423 1.0000000180025095e-35 5.5477372568561956 1.0806060001643336 13.898065267270885 22.272176788582041 38.001616088861752 2.9977650367566189 10.978258414549542 10.417115330696108 1.8880820870399477 0.00032046437263485002
decision_type=2 2 2 2 2 2 2 2 2 2 2 2 2 2
left_child=3 2 7 9 5 -5 -4 -2 11 12 -11 -3 -1 -10
right_child=1 8 6 4 -6 -7 -8 -9 13 10 -12 -13 -14 -15
leaf_value=0.0078583214341107835 -0.009056861001430461 0.033673946168624153 0.059310530186804503 -0.040686418849097274 -0.17082701420379626 0.0011145246857210435 0.020212246363030786 -0.13452157824207542 -0.0014978342585406385 0.06344020443056457 -0.036627823151609666 0.072367730408378225 -0.070474768108763103 0.068087083610323146
leaf_weight=20.123517215251926 50.272738441824913 411.08784525096416 86.594112515449524 88.714826047420502 5.5078320652246466 646.2762761041522 864.73183143138885 6.9531045183539382 4.951453670859336 56.47326086461544 6.9393397122621527 45.462100878357887 6.0587590038776389 125.88866885006428
leaf_count=118 237 952 211 533 23 2661 2179 40 13 207 28 97 43 286
internal_value=0.0190228 0.0293998 0.0210435 -0.000928129 -0.0051723 -0.00393093 0.0237712 -0.0243012 0.0437476 0.0341498 0.0524896 0.037527 -0.0102685 0.0654537
internal_weight=2426.04 1595.94 1008.55 830.094 740.499 734.991 951.326 57.2258 587.39 89.5949 63.4126 456.55 26.1823 130.84
internal_count=7628 4015 2667 3613 3217 3194 2390 277 1348 396 235 1049 161 299
is_linear=0
shrinkage=0.1


Tree=18
num_leaves=13
num_cat=0
split_feature=2 0 1 7 6 6 7 5 6 0 3 4
split_gain=43.2119 12.7142 10.3358 12.5535 10.2973 7.2987 14.4867 7.32064 6.10992 7.20302 6.29277 3.30281
threshold=20.685241480765384 3.3762996196746831 13.898065267270885 2.5465170687440257 9.0165085740023532 2.6563189131596077 2.5465170687440257 0.0025693381308480004 2.7502899169921879 -1.9876317381858821 10.124845356886414 0.11360701241289917
decision_type=2 2 2 2 2 2 2 2 2 2 2 2
left_child=1 8 -2 11 -5 7 -7 -3 10 -10 -1 -4
right_child=2 5 3 4 -6 6 -8 -9 9 -11 -12 -13
leaf_value=-0.0079990418220364148 0.12675786069978395 0.011214849062589929 -0.13112834599036668 0.028592513812106542 0.056709496262494087 0.12336627327198478 0.01391444096773891 -0.013426533343360126 0.04731266614160682 -0.11984260947860961 -0.081710794674576953 -0.019391143329752013
leaf_weight=151.64007990807295 11.591467589139937 263.48239172250032 5.4139506965875608 842.80530670285225 154.06308890879154 12.300019942224024 717.5319482460618 222.27130197733641 3.3508089259266862 11.176958627998825 12.539299458265303 5.1730557531118393
leaf_count=906 21 1162 33 2010 356 30 1961 950 16 84 73 26
internal_value=0.0172157 0.00577607 0.0328678 0.0317875 0.0329379 0.00943746 0.0157591 -6.05611e-05 -0.0191291 -0.0812885 -0.0136288 -0.076531
internal_weight=2413.34 1394.29 1019.05 1007.46 996.868 1215.59 729.832 485.754 178.707 14.5278 164.179 10.587
internal_count=7628 5182 2446 2425 2366 4103 1991 2112 1079 100 979 59
is_linear=0
shrinkage=0.1


Tree=19
num_leaves=15
num_cat=0
split_feature=6 7 2 2 7 2 7 3 2 0 1 0 6 2
split_gain=37.2208 10.7741 9.85517 7.48034 9.62743 8.56157 6.63787 14.0607 8.90174 5.42529 7.86721 7.42228 4.41814 3.90433
threshold=4.1885863751522274 8.2407914311418917 3.989692885287941 4.3250781112314014 2.0418688482167573 4.4521533554682797 1.5613906341437718 6.3660134123135768 -1.9090909090909087 13.226203918457033 14.001268316511185 12.493721257895233 7.125096360061435 23.072095174820401
decision_type=2 2 2 2 2 2 2 2 2 2 2 2 2 2
left_child=2 9 6 4 -4 -5 7 -1 -8 11 -11 -2 -3 -14
right_child=1 12 3 5 -6 -7 8 -9 -10 10 -12 -13 13 -15
leaf_value=-0.021860241850282978 0.010927961103702746 -0.01810219386435627 0.01534795071953882 -0.12726936674419498 0.15335163395445978 0.0066142857702538626 0.056518381265796717 0.077623592693226773 -0.060479793711408242 0.083607921366145421 0.024356169583353633 -0.078941805754608338 0.11231293981044117 0.047500818349412548
leaf_weight=75.75215495377779 60.649748124182224 9.8769834637641889 14.053122766315939 4.7971290275454512 7.8950403630733481 1104.0874808356166 7.4276698976755133 17.486491501331329 52.240122154355049 23.073756083846092 777.56113356351852 10.831055924296377 9.6933873146772367 225.97094109654427
leaf_count=474 173 27 66 29 23 3857 28 89 357 50 1858 36 18 543
internal_value=0.015574 0.0289168 0.00395747 0.00717933 0.0649897 0.00603509 -0.0198701 -0.00320249 -0.0459154 0.0237071 0.0260638 -0.00268946 0.0474205 0.0501667
internal_weight=2401.4 1117.66 1283.74 1130.83 21.9482 1108.88 152.906 93.2386 59.6678 872.116 800.635 71.4808 245.541 235.664
internal_count=7628 2705 4923 3975 89 3886 948 563 385 2117 1908 209 588 561
is_linear=0
shrinkage=0.1


Tree=20
num_leaves=16
num_cat=0
split_feature=2 1 2 7 3 2 3 1 7 3 3 6 0 2 0
split_gain=32.4582 11.9157 12.205 9.94483 15.2133 10.4352 7.9493 11.4399 24.4684 7.21994 7.18828 7.18666 6.51361 5.15693 5.0225
threshold=26.40776524206618 7.9181212896564199 10.227879189199538 1.8900734621285322 3.5362396698207808 25.340221268015004 25.206041346795061 27.313024410644285 5.3715725348242502 1.0000000180025095e-35 3.5328121692100258 9.5056664943695086 31.867231369018558 41.636911699193384 4.9983768862439328
decision_type=2 2 2 2 2 2 2 2 2 2 2 2 2 2 2
left_child=1 2 9 4 -3 -5 10 8 -8 -1 12 -12 -2 -9 -4
right_child=6 3 14 5 -6 -7 7 13 -10 -11 11 -13 -14 -15 -16
leaf_value=0.026533380217546532 0.029876009553516811 0.060018354238348663 -0.1346205454857726 0.016336348952411647 -0.035832772962994551 -0.030075571294757564 0.045464012847642538 0.017665467973349457 -0.12895027799067654 -0.009422357612874183 0.038309352087676177 0.074387440604204255 -0.09837475555946186 0.057034360468677374 -0.026769632529238824
leaf_weight=66.325714848935604 9.5153889060020465 20.496486455202103 10.123834602534773 1171.5671208798885 86.192550010979176 50.533739700913429 16.998568966984749 129.97247841209173 15.268024727702139 353.47431273758411 335.49903007596731 66.089069843292236 6.7829501777887335 44.720777742564678 7.5291307419538489
leaf_count=309 24 99 56 3131 497 141 42 323 53 1853 784 152 23 110 31
internal_value=0.0140783 0.00714839 -0.00716681 0.0118611 -0.0174184 0.0144172 0.0336669 0.0176394 -0.037066 -0.00374158 0.0416045 0.0442467 -0.0234987 0.0277437 -0.0886213
internal_weight=2391.09 1766.24 437.453 1328.79 106.689 1222.1 624.846 206.96 32.2666 419.8 417.886 401.588 16.2983 174.693 17.653
internal_count=7628 6117 2249 3868 596 3272 1511 528 95 2162 983 936 47 433 87
is_linear=0
shrinkage=0.1


Tree=21
num_leaves=13
num_cat=0
split_feature=2 0 0 3 1 2 1 7 2 2 6 5
split_gain=27.3892 8.41943 11.3979 12.8851 9.47013 8.97245 7.53814 8.07542 7.20929 6.73368 6.55978 6.51525
threshold=18.045440047677463 12.934699058532717 10.001331475941699 16.389397051107391 13.003429355281213 6.9797750383390609 28.610619564032756 3.8825586321042205 22.667949343829051 18.184681227440876 2.4965914823114876 0.33333334747585858
decision_type=2 2 2 2 2 2 2 2 2 2 2 2
left_child=1 2 4 -4 -1 -3 9 -8 -9 -2 -11 -7
right_child=6 5 3 -5 -6 11 7 8 -10 10 -12 -13
leaf_value=0.0011485056359672181 0.087484675082691921 0.11879441169511447 -0.018282721182772362 -0.11639794504665571 0.12146872659000829 0.017419025972231095 -0.054289161987501458 0.11172602091462383 0.033140490124639675 -0.027737952652068815 0.017785704298324889 -0.023686018858225931
leaf_weight=663.85570126026869 13.275146648287771 8.1029394865035993 149.10680516064167 14.704927340149878 6.6066240668296805 314.79379004240036 10.317760959267614 11.979560673236845 457.17657524347305 33.266210928559303 652.72902901470661 43.943092718720436
leaf_count=3028 29 20 530 59 13 905 38 22 1115 133 1602 134
internal_value=0.0127359 0.00210837 -0.00344343 -0.0270903 0.00233412 0.0147344 0.0235651 0.0332225 0.0351471 0.0169432 0.0155781 0.0123839
internal_weight=2379.86 1201.11 834.274 163.812 670.462 366.84 1178.74 479.474 469.156 699.27 685.995 358.737
internal_count=7628 4689 3630 589 3041 1059 2939 1175 1137 1764 1735 1039
is_linear=0
shrinkage=0.1


Tree=22
num_leaves=15
num_cat=0
split_feature=2 0 2 0 3 3 1 7 1 6 3 3 0 7
split_gain=23.3474 9.77512 8.43666 13.278 9.12466 6.81871 8.94326 19.6397 7.03922 7.1321 5.35477 9.14195 5.12703 1.95451
threshold=26.40776524206618 2.5039062500000004 25.93760503513202 29.600488846355518 34.18343622479356 25.206041346795061 27.313024410644285 5.3715725348242502 19.002248707863263 9.5056664943695086 10.052690005184699 9.6035055720058597 29.002689553890381 2.4315154457409203
decision_type=2 2 2 2 2 2 2 2 2 2 2 2 2 2
left_child=1 10 4 -4 -3 8 7 -7 -2 -10 11 -1 -8 -12
right_child=5 2 3 -5 -6 6 12 -9 9 -11 13 -13 -14 -15
leaf_value=-0.019923503943242143 0.11935101650081884 0.0075321603071451309 -0.13103771579597215 0.037820200825786465 0.06561284365578525 0.03974866768376055 0.041461367118631715 -0.1161651064797663 0.02786337096069081 0.064158662146935649 -0.1210916938726113 0.1519991199764571 0.0066306832940538412 -0.022092535192974647
leaf_weight=112.95273029059172 9.8515059500932676 1588.4305992275476 10.840148881077768 8.1639671772718412 27.517726629972458 16.902622736990452 77.873449005186558 15.476712629199026 332.21283616870642 64.680690765380859 6.9081390276551229 3.1800259202718726 92.412925362586975 2.8035483956336975
leaf_count=754 19 5165 39 19 61 42 188 53 805 159 49 14 245 16
internal_value=0.0115139 0.00567505 0.0077422 -0.0584981 0.00852121 0.0283843 0.0133989 -0.0347752 0.0358509 0.0337783 -0.021181 -0.0152158 0.0225591 -0.0925128
internal_weight=2370.21 1760.8 1634.95 19.0041 1615.95 609.411 202.666 32.3793 406.745 396.894 125.844 116.133 170.286 9.71169
internal_count=7628 6117 5284 58 5226 1511 528 95 983 964 833 768 433 65
is_linear=0
shrinkage=0.1


Tree=23
num_leaves=13
num_cat=0
split_feature=2 1 7 7 2 7 4 6 7 0 0 4
split_gain=20.065 9.58918 8.55481 7.50926 7.02131 6.8317 8.40851 8.26594 4.64095 11.7094 6.20395 3.14041
threshold=20.685241480765384 13.898065267270885 2.5465170687440257 3.1207445420171003 3.7509604499752585 1.5613906341437718 0.49243164062500006 1.4995927142865215 1.590693792655866 0.7584586656825395 2.5039062500000004 0.11360701241289917
decision_type=2 2 2 2 2 2 2 2 2 2 2 2
left_child=4 -2 11 -4 5 7 -7 -1 9 -6 -10 -3
right_child=1 2 3 -5 8 6 -8 -9 10 -11 -12 -13
leaf_value=-0.012187406035242952 0.11283066085931433 -0.12737874840483021 0.086793826077945696 0.020102129825109429 0.13075143488892177 -0.058321531300421163 0.089202849339358375 0.085629308487350564 -0.045071142322446432 -0.014036089247711546 0.0087226250361811686 -0.015764235152270656
leaf_weight=77.250441320240498 11.340760946273802 5.0161532238125783 17.193814992904663 934.39712592959404 5.7649604529142371 49.107050955295563 4.1935272365808478 9.7268157824873906 21.889429993927479 179.56189219653606 1041.8446275219321 5.0674601495265961
leaf_count=484 21 33 37 2329 27 337 26 48 129 991 3140 26
internal_value=0.0104017 0.0214143 0.0203362 0.0213071 0.00268902 -0.018524 -0.0467148 -0.0012484 0.00507138 -0.00953219 0.00761566 -0.0712875
internal_weight=2362.35 973.015 961.675 951.591 1389.34 140.278 53.3006 86.9773 1249.06 185.327 1063.73 10.0836
internal_count=7628 2446 2425 2366 5182 895 363 532 4287 1018 3269 59
is_linear=0
shrinkage=0.1


Tree=24
num_leaves=16
num_cat=0
split_feature=7 2 1 5 1 0 1 2 2 3 1 6 4 5 4
split_gain=17.8634 7.75431 9.36779 11.9788 10.7327 8.15627 13.1635 8.04446 5.88376 7.97536 10.9669 6.41236 2.98637 6.51617 2.85711
threshold=6.5810183843047474 14.937204198224912 14.952064564924109 0.2921251337023329 15.344109267494881 13.353091031778606 11.126200274348424 6.9797750383390609 39.263339829389558 21.214028006024147 37.563322174992166 6.5000761712435642 0.017709016822209354 0.24519367140149909 0.0083022904582321019
decision_type=2 2 2 2 2 2 2 2 2 2 2 2 2 2 2
left_child=1 5 3 -3 -4 6 -1 -7 9 11 -11 -2 14 -14 -10
right_child=8 2 4 -5 -6 7 -8 -9 12 10 -12 -13 13 -15 -16
leaf_value=-0.0010288940881855628 -0.029794515586264305 0.022691101318899804 -0.069615868502953412 0.10292543521102022 0.0089318987625581405 0.11714882801276486 -0.041804881167366144 0.013583818789129447 0.049515976265194196 0.013851177696338311 -0.07080973249837301 0.039699580716244916 -0.00067065347416916227 0.062004292208619388 0.1261992850799474
leaf_weight=670.72325717657804 14.29217207431793 123.9553012996912 17.783451974391937 21.894312024116516 797.89762234687805 7.862937629222869 89.765672013163567 162.56327137351036 10.741671085357668 149.54970428347588 17.044878393411636 187.05538609623909 25.397975042462349 47.824327126145363 8.8716303110122663
leaf_count=3112 40 342 58 47 2066 18 322 494 29 380 54 446 76 125 19
internal_value=0.0093939 0.00509474 0.0113932 0.0347355 0.0072194 -0.00141085 -0.00584196 0.018362 0.0270509 0.0213748 0.00518922 0.0347667 0.0495473 0.0402648 0.0842019
internal_weight=2353.22 1892.45 961.531 145.85 815.681 930.915 760.489 170.426 460.778 367.942 166.595 201.348 92.8356 73.2223 19.6133
internal_count=7628 6459 2513 389 2124 3946 3434 512 1169 920 434 486 249 201 48
is_linear=0
shrinkage=0.1


Tree=25
num_leaves=12
num_cat=0
split_feature=6 0 1 4 4 6 2 2 5 1 7
split_gain=15.308 8.17585 13.2489 6.54133 11.7725 9.87824 8.43986 7.12829 6.80237 6.4091 5.67573
threshold=4.942530505732976 10.127441406250002 12.868862282485708 0.50000786781316831 0.50239753909409057 4.4996948242187509 14.708797213305102 3.7509604499752585 0.51857176330352528 14.001268316511185 1.5613906341437718
decision_type=2 2 2 2 2 2 2 2 2 2 2
left_child=3 -2 -3 7 6 -6 -5 10 -9 -4 -1
right_child=1 2 9 4 5 -7 -8 8 -10 -11 -12
leaf_value=-0.0021150787436273848 0.093532119389541674 -0.09701617897693722 0.095022951077532558 -0.03987432508933339 0.0035114731688541869 -0.10344685429892496 -0.20363244275470638 0.0057157369769806291 0.073193094531235209 0.018430920437824943 -0.044826098942311272
leaf_weight=85.213257625699043 14.615549847483633 9.8814862519502622 11.077428415417669 7.128466844558714 73.562206037342548 9.7831075489521009 5.6351935565471649 1269.2140757367015 15.117735430598257 795.05995224416256 49.006107248365879
leaf_count=523 34 35 22 27 233 33 23 4303 39 2010 346
internal_value=0.00849071 0.0194004 0.0180727 0.00250786 -0.0227395 -0.00904334 -0.112174 0.0042184 0.00651001 0.0194834 -0.0177097
internal_weight=2345.29 830.634 816.019 1514.66 96.109 83.3453 12.7637 1418.55 1284.33 806.137 134.219
internal_count=7628 2101 2067 5527 316 266 50 5211 4342 2032 869
is_linear=0
shrinkage=0.1


Tree=26
num_leaves=13
num_cat=0
split_feature=2 7 2 6 2 7 7 3 3 7 6 4
split_gain=13.7359 7.66823 9.6618 8.79913 6.18268 8.59292 7.59091 5.88967 5.32265 4.43087 2.22135 7.62575
threshold=26.40776524206618 8.2019182313066512 25.93760503513202 5.5002906210193236 26.882967836000848 5.1256763632037883 4.1893390904268903 34.18343622479356 10.402239562624349 3.7593451478504556 9.783637294971415 0.24621582031250003
decision_type=2 2 2 2 2 2 2 2 2 2 2 2
left_child=1 2 7 -4 5 -2 9 -1 -8 -6 -3 -12
right_child=4 10 3 -5 6 -7 8 -9 -10 -11 11 -13
leaf_value=0.0023862896937942978 0.12727990615246651 0.08517399582683588 -0.14579306969775524 0.0011984187735944061 -0.013281904809830603 0.015036368139109713 -0.028764696764738848 0.051467616292567513 0.022798925530378392 -0.12036726345081342 -0.054582334109242285 0.086720580215217391
leaf_weight=1681.7302654385567 12.754916265606882 12.93320654332638 8.367662727832796 7.9336747080087653 13.853464215993883 14.659516438841818 20.820073828101158 24.809522360563278 520.26417380571365 5.3584747314453116 6.4327436983585349 9.4006530791521055
leaf_count=5940 22 27 32 20 50 36 58 57 1327 18 20 21
internal_value=0.0076615 0.00322289 0.00236792 -0.074254 0.0208903 0.0672591 0.0186216 0.00309983 0.0208148 -0.0431495 0.0544273 0.0293125
internal_weight=2339.32 1751.61 1722.84 16.3013 587.711 27.4144 560.296 1706.54 541.084 19.2119 28.7666 15.8334
internal_count=7628 6117 6049 52 1511 58 1453 5997 1385 68 68 41
is_linear=0
shrinkage=0.1


Tree=27
num_leaves=13
num_cat=0
split_feature=7 7 2 2 2 2 3 1 2 4 5 4
split_gain=11.3192 5.88242 6.03715 8.4111 7.08097 5.22763 6.98064 9.08194 6.03397 2.78814 5.82481 2.79981
threshold=6.5810183843047474 6.5189246448940734 14.937204198224912 15.324776492151486 14.857577203191665 39.263339829389558 21.214028006024147 35.525174008027243 37.570172164735673 0.017709016822209354 0.22862777300814138 0.0083022904582321019
decision_type=2 2 2 2 2 2 2 2 2 2 2 2
left_child=1 2 4 -4 -1 6 8 -8 -2 11 -11 -7
right_child=5 -3 3 -5 -6 9 7 -9 -10 10 -12 -13
leaf_value=-0.0010468024282915172 0.023342439559022377 -0.081903652166783053 0.058749892601371194 0.0077093889779297001 -0.099494065106624827 0.043148392561411918 0.012716066783046868 -0.045396800116485288 0.086830142792131457 -0.0075353202857119939 0.054148303715239016 0.1222466453835829
leaf_weight=923.2610862031579 178.56487607955933 8.0245873779058439 33.466818943619728 915.57715245336294 7.3643740415573111 10.151141777634622 129.38791525363922 33.948749229311943 16.339940130710602 22.726522341370583 46.903695568442345 8.0031072795391065
leaf_count=3918 449 25 85 2403 28 29 332 102 37 70 131 19
internal_value=0.00691781 0.0035325 0.00389724 0.00950927 -0.00182585 0.0212453 0.0158862 0.000637584 0.028665 0.0431154 0.0340155 0.078018
internal_weight=2333.72 1887.69 1879.67 949.044 930.625 446.026 358.241 163.337 194.905 87.7845 69.6302 18.1542
internal_count=7628 6459 6434 2488 3946 1169 920 434 486 249 201 48
is_linear=0
shrinkage=0.1


Tree=28
num_leaves=13
num_cat=0
split_feature=2 7 2 7 5 2 7 7 3 3 3 1
split_gain=9.87098 6.18325 8.25352 14.1409 5.82143 5.29971 7.25585 6.11505 6.35176 5.72251 2.06462 2.95728
threshold=26.40776524206618 8.2019182313066512 25.340221268015004 6.8403714592480753 0.93773926236137084 26.882967836000848 5.1256763632037883 4.4454097444495266 3.5328121692100258 20.916867227128261 13.621240095474318 27.506280790126471
decision_type=2 2 2 2 2 2 2 2 2 2 2 2
left_child=1 2 4 -4 -1 6 -2 9 -9 -7 -3 -12
right_child=5 10 3 -5 -6 7 -8 8 -10 -11 11 -13
leaf_value=0.0033202225434977302 0.11698924607884489 0.10166380576960272 -0.017426304570738082 -0.17807126917028773 -0.072388194105157455 -0.080557255237447292 0.012948837340085806 -0.057177877337083155 0.019600105825447463 0.0084024534630126584 -0.01792974048379389 0.060620161799528664
leaf_weight=1668.7964458316565 12.423328012228014 5.9252867549657848 36.542232863605022 6.4461216777563086 10.218620240688322 12.387520372867586 14.558580771088598 11.007565438747404 510.17899111658335 17.371210217475891 7.0977171212434795 14.760046541690825
leaf_count=5880 22 12 103 24 42 44 36 33 1325 51 20 36
internal_value=0.00624923 0.00250676 0.00175168 -0.0415151 0.00285946 0.0175803 0.0608523 0.0154611 0.0179785 -0.0286284 0.0493064 0.0351132
internal_weight=2327.71 1749.79 1722 42.9884 1679.02 577.927 26.9819 550.945 521.187 29.7587 27.7831 21.8578
internal_count=7628 6117 6049 127 5922 1511 58 1453 1358 95 68 56
is_linear=0
shrinkage=0.1


Tree=29
num_leaves=12
num_cat=0
split_feature=0 5 4 0 3 0 3 1 3 7 6
split_gain=9.07488 9.56748 15.1081 11.9881 8.15274 5.87302 5.59404 5.44848 8.69962 6.60911 5.20057
threshold=25.751976013183597 0.0086104398403182517 6.3010370264832799e-09 44.283203125000007 35.62290030467689 35.007812500000007 39.092797051927754 28.843848227611939 25.665007305730665 5.9797901562948486 8.2959884172305483
decision_type=2 2 2 2 2 2 2 2 2 2 2
left_child=6 2 5 4 -3 -2 7 8 -1 -9 -4
right_child=1 3 10 -5 -6 -7 -8 9 -10 -11 -12
leaf_value=0.0031625606333272327 -0.011791344586296959 0.021883180857699695 -0.1180310448838956 -0.083010774608761884 0.077436154048440342 0.042886164511917596 -0.082592468524389395 0.11957185618187571 -0.032999354526180455 0.016611238659795632 -0.0098526658960655447
leaf_weight=1649.1262948065996 52.854890637099743 420.52865415066481 14.92863477766514 10.4427243322134 28.188074067234993 31.264923088252544 7.7645840793848029 8.3619946092367154 69.323440589010715 24.504079416394234 6.3275376707315436
leaf_count=5835 144 1097 50 34 63 75 26 15 203 68 18
internal_value=0.00563995 0.0166715 -0.0105032 0.022908 0.025373 0.00853072 0.00209964 0.00247513 0.00170376 0.0428071 -0.0858285
internal_weight=2323.62 564.535 105.376 459.159 448.717 84.1198 1759.08 1751.32 1718.45 32.8661 21.2562
internal_count=7628 1481 287 1194 1160 219 6147 6121 6038 83 68
is_linear=0
shrinkage=0.1


Tree=30
num_leaves=13
num_cat=0
split_feature=1 3 6 7 4 6 2 5 0 0 4 0
split_gain=8.29082 9.26583 11.9717 9.08761 6.12622 6.07987 6.4236 4.06645 3.7388 4.59835 3.34449 2.39078
threshold=12.505776376102956 1.0000000180025095e-35 5.5477372568561956 1.0806060001643336 1.0061801676221513 11.759475916624071 13.123633687936634 0.98806831624428759 2.9977650367566189 10.978258414549542 0.11360701241289917 1.8880820870399477
decision_type=2 2 2 2 2 2 2 2 2 2 2 2
left_child=1 8 3 -3 5 6 -2 -6 11 -10 -7 -1
right_child=4 2 -4 -5 7 10 -8 -9 9 -11 -12 -13
leaf_value=0.010592025043340843 0.033832457668753056 -0.036425665155352324 -0.16022966348452936 -0.001648109515589853 0.090952074128407515 0.010376518460234479 0.0062330987484023126 0.00518325323775561 0.04860760048729653 -0.037837984087000835 0.096647562711338286 -0.063712489965618943
leaf_weight=19.771631434559826 89.816395863890648 85.403713002800941 5.057530239224433 624.99786680936813 15.176984027028086 7.1601979136467007 1380.4603896662593 8.6946859285235387 58.767124623060226 6.8730923682451239 12.066376872360705 5.544518716633319
leaf_count=118 268 531 22 2606 34 22 3694 24 207 28 31 43
internal_value=0.00509119 -0.00309851 -0.00692048 -0.00582903 0.00945515 0.00864969 0.00791909 0.0597128 0.0269649 0.039556 0.0645192 -0.00568149
internal_weight=2319.79 806.415 715.459 710.402 1513.38 1489.5 1470.28 23.8717 90.9564 65.6402 19.2266 25.3162
internal_count=7628 3555 3159 3137 4073 4015 3962 58 396 235 53 161
is_linear=0
shrinkage=0.1


Tree=31
num_leaves=15
num_cat=0
split_feature=6 7 7 6 3 3 2 7 2 0 0 6 0 0
split_gain=7.32075 8.38782 7.61185 12.648 6.74894 6.29512 8.18733 10.4551 10.4418 3.97964 7.78662 3.85498 6.83159 1.4696
threshold=3.4343707856362902 3.3333333333333339 3.7114778642703325 3.6678833136705742 12.025513681009324 1.0000000180025095e-35 6.8791049413469745 2.9996529893943786 7.6516580535571395 21.125776290893558 13.353091031778606 2.9989429461945565 10.978258414549542 11.952574994384589
decision_type=2 2 2 2 2 2 2 2 2 2 2 2 2 2
left_child=5 9 4 -4 -3 11 7 -7 -8 10 -2 12 -1 -13
right_child=1 2 3 -5 -6 6 8 -9 -10 -11 -12 13 -14 -15
leaf_value=0.023440312266164484 0.023692881586866669 0.0063565954615445036 0.059667595955900037 0.0080580662906769383 -0.051259893702819116 -0.016919572197003085 0.045337021381636415 -0.13852142876578402 -0.0025489270722067179 -0.0098358729686797829 0.13537159355133696 0.030651275450044282 -0.059006197842054277 0.081417586780312079
leaf_weight=67.012840017676353 12.717012442648416 42.154625587165356 49.487693667411804 1173.705119356513 39.26850289106369 227.20031706988811 49.321042008697987 7.2975806370377532 593.42459037154913 6.4046690613031378 12.264057561755179 10.710259035229685 11.823480755090712 12.195160135626791
leaf_count=313 44 127 115 3082 121 1315 205 43 2097 18 22 38 62 26
internal_value=0.00459051 0.00940431 0.00817533 0.0101461 -0.0214305 -0.00197879 -0.00470967 -0.0207038 0.0011256 0.0604896 0.0785198 0.0215676 0.0110754 0.05768
internal_weight=2314.99 1336 1304.62 1223.19 81.4231 978.985 877.244 234.498 642.746 31.3857 24.9811 101.742 78.8363 22.9054
internal_count=7628 3529 3445 3197 248 4099 3660 1358 2302 84 66 439 375 64
is_linear=0
shrinkage=0.1


Tree=32
num_leaves=12
num_cat=0
split_feature=6 4 2 1 1 3 0 7 1 1 3
split_gain=7.09681 5.5035 5.89535 5.0921 4.9679 4.02666 5.13253 6.64093 4.78069 4.03669 2.03819
threshold=9.8850214728589929 1.0834693908691408 40.398987202275684 32.762334336685022 0.73754000914494777 19.802682876188822 39.003819293634287 10.99531097081889 29.870991485789421 37.936311443064419 17.186442080141703
decision_type=2 2 2 2 2 2 2 2 2 2 2
left_child=1 2 4 -4 -1 8 7 -7 -2 -8 -10
right_child=5 -3 3 -5 -6 6 9 -9 10 -11 -12
leaf_value=-0.030832758095343984 -0.016768586219449686 0.066337314993356628 -0.037490674736682682 0.046155267613274022 0.0025594669781248678 -0.07985607569243211 0.084968129749655938 0.02949769312231908 0.055889820751852365 -0.0053125032111856641 0.11090856495782231
leaf_weight=45.512826696038246 6.830964282155036 13.675789609551428 8.5152538269758207 50.086087353527546 2113.883083447814 10.163111910223963 12.429828472435476 12.243813320994375 18.187689475715164 8.2330710068345052 10.691195815801619
leaf_count=322 20 32 28 143 6876 36 30 39 51 24 27
internal_value=0.00413621 0.00309491 0.00270497 0.0340008 0.00185567 0.0336341 0.0130481 -0.0201019 0.058463 0.0489961 0.0762582
internal_weight=2310.45 2231.67 2218 58.6013 2159.4 78.7797 43.0698 22.4069 35.7098 20.6629 28.8789
internal_count=7628 7401 7369 171 7198 227 129 75 98 54 78
is_linear=0
shrinkage=0.1


Tree=33
num_leaves=15
num_cat=0
split_feature=6 7 7 2 6 7 2 4 3 0 7 1 1 3
split_gain=5.96753 4.5895 9.37163 11.1838 5.08008 7.64544 4.98284 4.31059 3.50703 4.27054 5.15321 4.2058 3.55532 1.97186
threshold=9.8850214728589929 2.287507716508085 2.1880978892684078 13.95931805072844 1.875144958496094 2.5799928872631219 13.272945185322181 1.0834693908691408 19.802682876188822 39.003819293634287 10.99531097081889 29.870991485789421 37.936311443064419 17.186442080141703
decision_type=2 2 2 2 2 2 2 2 2 2 2 2 2 2
left_child=1 2 6 -4 5 -3 -1 -6 11 10 -10 -2 -11 -13
right_child=8 4 3 -5 7 -7 -8 -9 9 12 -12 13 -14 -15
leaf_value=0.00029400778445952402 -0.014947435769149931 0.0066597735244877379 -0.11121524289189202 0.080022994376706014 0.004117953356716191 0.1379425987059 -0.036317049408160711 0.061096081505466505 -0.068474975617487874 0.080782339929832511 0.027117601889938881 0.052268979059413002 -0.0047662382351776967 0.10806352092329774
leaf_weight=401.56190095096827 6.8934009969234458 11.607079870998861 15.692282393574716 3.7981850504875174 1735.1105329915881 7.1799553781747809 40.967741139233112 13.380025707185267 10.639313802123072 11.799689561128618 11.999884776771067 17.537670932710174 8.2576375529170019 9.9154225885868055
leaf_count=2141 20 36 96 11 4847 14 224 32 36 30 39 51 24 27
internal_value=0.0037354 0.00278978 -0.00608425 -0.0739479 0.00510972 0.0568329 -0.00309531 0.00455397 0.0310977 0.0119619 -0.0178062 0.0548857 0.0455618 0.0724207
internal_weight=2306.34 2229.3 462.02 19.4905 1767.28 18.787 442.53 1748.49 77.043 42.6965 22.6392 34.3465 20.0573 27.4531
internal_count=7628 7401 2472 107 4929 50 2365 4879 227 129 75 98 54 78
is_linear=0
shrinkage=0.1


Tree=34
num_leaves=10
num_cat=0
split_feature=2 2 6 6 7 6 5 0 5
split_gain=5.36048 5.41487 5.09906 8.26956 6.40746 4.90144 4.77382 7.60618 4.70002
threshold=18.045440047677463 18.184681227440876 2.4965914823114876 1.875144958496094 3.0633287608596258 8.8024798631668109 0.33834489078803748 17.840668665870229 0.32011042076831603
decision_type=2 2 2 2 2 2 2 2 2
left_child=5 -2 3 -3 -4 6 8 -8 -1
right_child=1 2 4 -5 -6 -7 7 -9 -10
leaf_value=-0.0014317661105848613 0.072564377328372801 0.020223228209946851 0.06375389406806567 -0.076424522934096531 0.0077724929902918769 0.078349927033885103 -0.0095393001733392966 -0.082606987847885782 0.029258892273348137
leaf_weight=1045.8794264160097 12.993265643715857 17.146165996789932 20.85698476433754 18.30437383055687 1036.3854333758354 7.6821853071451178 72.529323928058147 17.729269772768021 52.398390643298626
leaf_count=4172 29 82 46 67 2715 16 263 59 179
internal_value=0.00336974 0.0083891 0.00762599 -0.0296794 0.00887688 -0.00126973 -0.00178436 -0.0238918 3.24728e-05
internal_weight=2301.9 1105.69 1092.69 35.4505 1057.24 1196.22 1188.54 90.2586 1098.28
internal_count=7628 2939 2910 149 2761 4689 4673 322 4351
is_linear=0
shrinkage=0.1


Tree=35
num_leaves=10
num_cat=0
split_feature=6 2 3 0 4 0 0 1 4
split_gain=4.8453 4.39885 5.26873 6.15172 4.12285 5.58084 4.4994 3.21363 2.16779
threshold=11.759475916624071 1.844903167319669 2.5968608893759 4.3896484375000009 1.0061801676221513 44.283203125000007 33.32064632716984 1.0000000000000007 0.11360701241289917
decision_type=2 2 2 2 2 2 2 2 2
left_child=1 2 7 -4 5 -3 -6 -1 -2
right_child=8 4 3 -5 6 -7 -8 -9 -10
leaf_value=0.013490808218920798 0.0086963058424678365 0.0033338873353607537 -0.07844956644605322 0.042538068162494731 0.0033398551115454188 -0.061537534685225159 0.093276881669947825 -0.06626624110807891 0.077913544045742675
leaf_weight=32.633689422160387 7.1258948892354992 2176.7100875079632 22.613953005522493 5.1618448346853247 11.685212299227716 13.342800199985502 10.61641827970743 5.9772660359740248 12.395152524113653
leaf_count=217 23 6987 187 26 33 41 25 52 37
internal_value=0.00303817 0.0026132 -0.0227503 -0.0559653 0.00337429 0.00293866 0.0461533 0.00114382 0.0526467
internal_weight=2298.26 2278.74 66.3868 27.7758 2212.35 2190.05 22.3016 38.611 19.521
internal_count=7628 7568 482 213 7086 7028 58 269 60
is_linear=0
shrinkage=0.1


Tree=36
num_leaves=13
num_cat=0
split_feature=6 6 0 3 1 7 0 6 7 0 6 0
split_gain=4.5139 8.05116 15.3403 25.2438 6.71597 4.22491 9.49524 7.10811 9.87917 5.89518 5.61234 3.89886
threshold=4.1885863751522274 4.0012187398970136 11.695899088251087 24.198358611551892 32.094494553873112 4.4454097444495266 11.127434100955726 4.69553800020367 5.0345591026504355 10.127441406250002 4.7896841764450082 33.641824789345272
decision_type=2 2 2 2 2 2 2 2 2 2 2 2
left_child=1 4 -3 -4 11 6 -2 8 -7 -9 -8 -1
right_child=5 2 3 -5 -6 7 10 9 -10 -11 -12 -13
leaf_value=0.00056138346465043861 -0.062972612890716123 0.0485086378923286 -0.12318205141206875 0.056106351353731654 -0.10975264314586093 0.0045715748298370378 0.04764830189170205 0.06993353309406046 -0.063900293030807451 0.0071660099964741351 -0.0084832134551712686 0.089836613863620282
leaf_weight=1210.4853182770312 10.892441481351851 14.455778032541273 27.64837259054184 10.96888157725334 5.5077611505985251 55.6958027780056 80.305506482720375 15.247357279062269 33.895204663276672 803.18221064656973 22.890032768249512 4.9117272943258277
leaf_count=4732 39 38 96 24 22 141 183 37 102 2143 60 11
internal_value=0.00273688 -0.00123457 -0.0393633 -0.0722568 0.00042289 0.00768698 0.0258249 0.00540805 -0.0213336 0.00833537 0.0351976 0.000922167
internal_weight=2296.09 1273.98 53.073 38.6173 1220.9 1022.11 114.088 908.021 89.591 818.43 103.196 1215.4
internal_count=7628 4923 158 120 4765 2705 282 2423 243 2180 243 4743
is_linear=0
shrinkage=0.1


Tree=37
num_leaves=11
num_cat=0
split_feature=6 2 4 1 1 4 4 1 6 4
split_gain=4.2218 4.00518 5.14007 4.86373 3.901 3.10181 4.67647 6.83453 2.93056 2.58249
threshold=9.8850214728589929 40.398987202275684 1.0834693908691408 37.285933002427292 32.762334336685022 0.65258789062500011 0.39501953125000006 30.864289850180295 9.1376953125000018 0.50049495697115309
decision_type=2 2 2 2 2 2 2 2 2 2
left_child=1 2 3 -1 -3 6 7 -2 -6 -8
right_child=5 4 -4 -5 8 -7 9 -9 -10 -11
leaf_value=0.0012233960341898754 -0.061210578150985365 -0.034414390340065604 0.066284515194182755 -0.037417237466789204 0.048988079621376746 -0.030375582993771168 0.12505294460419722 0.035642934494850224 -0.019579893243435419 0.044977817850162943
leaf_weight=2117.3697599433362 8.9179677814245206 8.5837515741586667 11.990576177835463 33.083748035132885 41.486243344843388 8.617675766348837 7.1023723483085659 39.809155359864235 7.3352586627006522 9.3031787499785406
leaf_count=7100 29 28 28 98 120 31 17 121 27 29
internal_value=0.00246706 0.00168506 0.000992982 0.000628927 0.0277554 0.0260051 0.0334648 0.0179169 0.038686 0.0796443
internal_weight=2293.6 2219.85 2162.44 2150.45 57.4053 73.7504 65.1327 48.7271 48.8215 16.4056
internal_count=7628 7401 7226 7198 175 227 196 150 147 46
is_linear=0
shrinkage=0.1


Tree=38
num_leaves=13
num_cat=0
split_feature=7 5 5 6 4 0 4 0 3 5 0 1
split_gain=3.97078 10.3046 17.838 9.54217 8.43858 6.65007 6.81317 6.17134 5.79743 5.75736 3.8137 0.00201111
threshold=1.2984469775938983 0.14834288007164306 0.14288534114960677 1.2271368431975136 0.78586115038073323 3.3762996196746831 0.070312514901161166 5.4919568191871813 7.6082111574180029 0.085312700124127963 3.5005683565977965 9.0002286236854179
decision_type=2 2 2 2 2 2 2 2 2 2 2 2
left_child=1 2 9 7 11 6 -5 8 -2 -1 -7 -3
right_child=3 4 -4 5 -6 10 -8 -9 -10 -11 -12 -13
leaf_value=-0.0066496294409381651 -0.052779059103367533 -0.12276838218406504 0.18779859188233236 -0.037725121514676649 0.06117003819413748 0.077858967423131975 0.029437343946164454 0.1604776432775572 0.12085043563481268 -0.12245125986750359 0.0039088864840012135 -0.12026648493441797
leaf_weight=174.37358466535807 4.2097456157207471 7.9043695628643054 4.7029637694358817 71.468272760510445 3.1111299693584433 6.9984506219625464 19.151648350059986 6.1853695437312126 3.5402540042996407 4.4017059057950965 1980.2208750024438 5.4132207557559013
leaf_count=1011 27 54 20 476 16 29 116 27 15 30 5768 39
internal_value=0.00222754 -0.0112374 -0.0044436 0.00351436 -0.0871113 0.00296124 -0.023531 0.0859876 0.0265361 -0.00950083 0.00416932 -0.121751
internal_weight=2291.68 199.907 183.478 2091.77 16.4287 2077.84 90.6199 13.9354 7.75 178.775 1987.22 13.3176
internal_count=7628 1170 1061 6458 109 6389 592 69 42 1041 5797 93
is_linear=0
shrinkage=0.1


Tree=39
num_leaves=9
num_cat=0
split_feature=5 4 4 7 2 7 7 3
split_gain=3.98383 5.75649 3.94964 7.45841 3.7647 5.19043 2.56829 1.08124
threshold=0.98806831624428759 1.0061801676221513 1.2517098526653874 5.2835949804399744 43.610138004859714 10.99531097081889 7.3959291230622961 17.989919397759557
decision_type=2 2 2 2 2 2 2 2
left_child=1 4 3 -2 5 -1 -6 -3
right_child=2 7 -4 -5 6 -7 -8 -9
leaf_value=0.001022359619282416 -0.01691068982193962 0.037545667564550772 0.024704790502235029 -0.16783775418918007 -0.019182962508745079 0.054032357606271501 0.048601013811849191 0.090672068772067835
leaf_weight=2200.2036775946617 9.1466108262538928 7.8543128967285138 6.195207677781581 5.0998797342181197 7.0208419710397711 18.627269901335239 27.422103591263294 7.478453204035759
leaf_count=7348 35 22 17 21 21 59 87 18
internal_value=0.00199618 0.00239218 -0.0419523 -0.0709387 0.00197665 0.00146738 0.0347839 0.0634577
internal_weight=2289.05 2268.61 20.4417 14.2465 2253.27 2218.83 34.4429 15.3328
internal_count=7628 7555 73 56 7515 7407 108 40
is_linear=0
shrinkage=0.1


Tree=40
num_leaves=15
num_cat=0
split_feature=1 0 4 3 6 3 3 2 3 6 6 7 6 4
split_gain=3.40466 9.11198 13.2988 7.4489 7.30562 6.59692 8.85134 5.01858 15.8416 11.8412 7.33634 11.0762 7.46392 4.88223
threshold=12.505776376102956 10.001331475941699 1.0000000180025095e-35 13.098718279563025 1.1723629911439277 16.164742148804425 15.195311755092801 12.614216612664473 8.7766196707251698 3.6678833136705742 2.2008891791847423 2.5465170687440257 2.0353779792785649 0.0023042736886526504
decision_type=2 2 2 2 2 2 2 2 2 2 2 2 2 2
left_child=1 5 4 -4 -3 6 -1 8 -2 -10 12 -12 -9 -7
right_child=7 2 3 -5 -6 13 -8 10 9 -11 11 -13 -14 -15
leaf_value=0.00093076872219394896 0.14977478656773699 -0.082992505352347298 -0.07271166129705707 0.0037492850133852423 0.020654455177556496 0.087085520973101488 -0.082508013523468871 -0.018146389985988064 -0.038285469260962129 0.049919330991223379 0.091945279248488415 0.0037385767840843521 -0.1269053568951268 0.004330472832621622
leaf_weight=625.75359342619777 9.6309750378131849 7.7983460575342169 57.381291717290878 16.377933204174042 53.150319963693619 15.211939983069898 12.977402523159979 39.741877496242523 26.733336180448532 35.339691564440727 14.387512937188147 1351.8381939977407 7.5011179596185675 13.416676446795462
leaf_count=2912 21 53 226 55 177 40 51 203 109 80 36 3594 30 41
internal_value=0.00180176 -0.00344829 -0.0271721 -0.0557338 0.00739289 0.00134041 -0.000764497 0.00463705 0.0304462 0.0119317 0.00332778 0.00466747 -0.0354149 0.0483027
internal_weight=2287.24 802.068 134.708 73.7592 60.9487 667.36 638.731 1485.17 71.704 62.073 1413.47 1366.23 47.243 28.6286
internal_count=7628 3555 511 281 230 3044 2963 4073 210 189 3863 3630 233 81
is_linear=0
shrinkage=0.1


Tree=41
num_leaves=12
num_cat=0
split_feature=1 1 6 3 2 3 3 2 7 6 6
split_gain=3.30414 11.2946 7.28871 9.16618 6.71768 9.21414 4.48617 3.85563 4.70529 3.10357 2.78439
threshold=0.73754000914494777 1.0000000000000007 1.2271368431975136 1.4276834733094399 2.0209047275256116 6.8855420108334222 6.5954011610881738 -1.9090909090909087 2.0013711205061733 11.759475916624071 1.9983309363855426
decision_type=2 2 2 2 2 2 2 2 2 2 2
left_child=6 2 3 -2 5 -3 7 10 -9 -6 -1
right_child=1 4 -4 -5 9 -7 -8 8 -10 -11 -12
leaf_value=-0.020113789755258467 0.044595909475547882 -0.084945150084928117 -0.023320170659918094 0.26736941607917131 0.0019128252541461437 0.053270236657438325 -0.11746888016062754 -0.012852607814859768 -0.11289225607128715 0.043912576420211707 0.073417479092181215
leaf_weight=5.8879592046141607 3.5783253535628301 18.836119756102566 3.0887355841696262 3.8172990158200264 2186.9607922509313 6.4834605157375327 4.7429409101605406 19.825712718069557 6.1631046533584586 17.736822336912155 6.9278349578380585
leaf_count=39 22 161 24 20 6986 33 39 153 65 60 26
internal_value=0.00161911 0.00214937 0.105698 0.159582 0.00166254 -0.049553 -0.0256623 -0.0144412 -0.0365765 0.00225071 0.0304464
internal_weight=2284.05 2240.5 10.4844 7.39562 2230.02 25.3196 43.5476 38.8046 25.9888 2204.7 12.8158
internal_count=7628 7306 66 42 7240 194 322 283 218 7046 65
is_linear=0
shrinkage=0.1


Tree=42
num_leaves=9
num_cat=0
split_feature=5 4 2 7 4 7 7 6
split_gain=3.21925 4.72947 3.08974 4.05425 3.04973 5.54524 2.16427 1.09454
threshold=0.98806831624428759 1.0061801676221513 43.610138004859714 10.99531097081889 1.2517098526653874 5.2835949804399744 7.3959291230622961 7.5245463251735822
decision_type=2 2 2 2 2 2 2 2
left_child=1 2 3 -1 5 -2 -4 -3
right_child=4 7 6 -5 -6 -7 -8 -9
leaf_value=0.00059791156229987074 -0.015351219023961239 0.029624531984684933 -0.017587674638874989 0.048810038849891026 0.021508972386295261 -0.14342198210014001 0.044799680030311866 0.084054693338296779
leaf_weight=2195.9139743708074 9.1088176667690295 7.0543744713067991 7.048527054488658 17.581716537475586 6.0787547603249541 5.3762394934892646 26.340371996164322 7.7568383514881134
leaf_count=7348 35 19 21 59 17 21 87 21
internal_value=0.00144945 0.00180757 0.0014363 0.000980859 -0.0379382 -0.0628857 0.0316295 0.0581304
internal_weight=2282.26 2261.7 2246.88 2213.5 20.5638 14.4851 33.3889 14.8112
internal_count=7628 7555 7515 7407 73 56 108 40
is_linear=0
shrinkage=0.1


Tree=43
num_leaves=13
num_cat=0
split_feature=2 2 0 2 6 5 0 4 3 5 4 0
split_gain=2.86858 4.62388 4.09844 7.63516 6.37765 3.96269 6.88996 14.3557 7.64628 5.17946 7.79459 7.0604
threshold=18.045440047677463 18.184681227440876 11.816341400146486 18.997354875163769 2.687536327627416 0.33834489078803748 17.840668665870229 0.70654296875000011 3.5328121692100258 0.32011042076831603 0.25054288096725946 8.1065480709075945
decision_type=2 2 2 2 2 2 2 2 2 2 2 2
left_child=5 -2 3 -3 -4 9 8 -8 -7 10 -1 -11
right_child=1 2 4 -5 -6 6 7 -9 -10 11 -12 -13
leaf_value=-0.00082116121350419831 0.064803986383073761 0.087691760563076579 -0.041725670245482391 0.0099165410977425268 0.0040772730625942858 -0.083901411320976199 -0.14601087332271168 0.042392297259424852 0.0053281656496399921 0.091058776684136686 -0.065796242584090212 0.008463231959219936
leaf_weight=1029.3317345529795 12.785779893398283 16.218799024820328 31.382867366075516 56.919879600405693 970.68422505259514 11.38578264787793 11.270181313157083 6.3080119043588629 61.35301598906517 13.94007685780525 18.800100058317184 40.179698884487152
leaf_count=4110 29 34 132 152 2592 60 44 15 204 57 74 125
internal_value=0.00130854 0.00502168 0.00431078 0.0271635 0.00264281 -0.002079 -0.0222167 -0.0784016 -0.00863891 -0.000428946 -0.0019866 0.029738
internal_weight=2280.56 1087.99 1075.21 73.1387 1002.07 1192.57 90.317 17.5782 72.7388 1102.25 1048.13 54.1198
internal_count=7628 2939 2910 186 2724 4689 323 59 264 4366 4184 182
is_linear=0
shrinkage=0.1


Tree=44
num_leaves=13
num_cat=0
split_feature=2 2 0 3 3 3 0 3 4 3 4 1
split_gain=2.77723 4.67328 9.98946 10.1675 4.03726 2.43729 10.8542 7.12651 7.08186 4.12112 0.972359 0.0538969
threshold=1.844903167319669 1.0009562188375114 4.0007934570312509 4.3436617525807515 2.5968608893759 41.877801461427545 32.450473785400398 35.62290030467689 0.057475312687927209 33.152129849222398 8.0729208387642092e-07 3.3333333333333339
decision_type=2 2 2 2 2 2 2 2 2 2 2 2
left_child=1 2 3 -1 10 7 -7 9 -9 -2 -3 -6
right_child=5 4 -4 -5 11 6 -8 8 -10 -11 -12 -13
leaf_value=0.0045771177206390358 0.0016572782823087821 -0.035746263870501352 0.17647865282492994 -0.11745325605850845 -0.11332956951815826 -0.13078026358543524 0.032385295593192497 -0.0052477813688897564 0.078482498632349434 -0.048207021405757285 0.05440870728791334 -0.13126851982473256
leaf_weight=39.761776864528656 2139.152702242136 3.7354387715458852 2.8449780941009513 8.2433005571365339 5.2471634261310101 7.0374820008873966 9.6915306150913221 17.475913494825363 23.938109129667282 16.703749969601631 1.7599713988602159 2.4600399509072304
leaf_count=282 6938 33 10 70 54 27 25 48 56 52 18 15
internal_value=0.00117687 -0.019351 -0.00558761 -0.0163776 -0.072361 0.00177075 -0.0362544 0.00206026 0.0431499 0.00127093 -0.00687305 -0.119055
internal_weight=2278.05 64.0527 50.8501 48.0051 13.2026 2214 16.729 2197.27 41.414 2155.86 5.49541 7.7072
internal_count=7628 482 362 352 120 7146 52 7094 104 6990 51 69
is_linear=0
shrinkage=0.1


Tree=45
num_leaves=12
num_cat=0
split_feature=6 5 6 0 7 1 7 6 6 1 1
split_gain=2.53236 8.95684 7.71867 6.35754 5.26404 7.67201 4.19898 9.79943 7.19357 2.26286 0.00668202
threshold=1.062500134110451 0.14834288007164306 1.0512743741273882 7.6401769772637644 1.1794436173973242 5.333434943860186 1.2984469775938983 1.1194277965987569 1.2271368431975136 3.6138692305971474 9.0002286236854179
decision_type=2 2 2 2 2 2 2 2 2 2 2
left_child=1 2 3 -1 5 -2 7 -6 -8 -3 -11
right_child=4 9 -4 -5 6 -7 8 -9 -10 10 -12
leaf_value=-0.012919739825837271 0.13957241475533191 -0.018096735977710828 -0.12438001081836117 0.034458976252861241 0.073047290115216976 -0.019118153303859679 0.071781220522204606 -0.074809551806184649 0.0015853100794580744 -0.12330934976023 -0.11772782727542784
leaf_weight=105.0286258533597 6.6849734857678396 2.8343395777046672 5.1810315772891036 38.779014430940151 5.8914762437343624 5.5974807590246201 14.702885657548903 18.74263746291399 2064.5589579083025 4.9843129962682706 3.7650959268212318
leaf_count=623 32 21 34 211 29 32 69 125 6389 33 30
internal_value=0.00105781 -0.0110494 -0.00446392 -0.000143646 0.00197649 0.0672524 0.00159541 -0.0394482 0.00208168 -0.0957515 -0.120907
internal_weight=2276.75 160.572 148.989 143.808 2116.18 12.2825 2103.9 24.6341 2079.26 11.5837 8.74941
internal_count=7628 952 868 834 6676 64 6612 154 6458 84 63
is_linear=0
shrinkage=0.1


Tree=46
num_leaves=13
num_cat=0
split_feature=2 2 0 3 4 3 3 3 1 7 6 0
split_gain=2.48217 5.98418 8.85592 5.39142 7.83046 6.3832 5.34118 7.92254 6.50829 6.65749 5.60798 4.78863
threshold=26.40776524206618 25.93760503513202 29.600488846355518 34.18343622479356 0.49243164062500006 18.801156950132434 25.206041346795061 23.812655577899637 21.546655075075297 5.3715725348242502 4.6672889559686181 15.105965629220011
decision_type=2 2 2 2 2 2 2 2 2 2 2 2
left_child=1 3 -3 5 -5 -1 7 11 -8 -10 -9 -2
right_child=6 2 -4 4 -6 -7 8 10 9 -11 -12 -13
leaf_value=0.0015109619993029001 0.06748321830486699 -0.11633778725840432 0.025548126470643046 0.0037655996983579454 0.11945732435112329 -0.016113419915890988 -0.088722976984381807 0.11897495337247228 0.037578233838274841 -0.012258707080781563 0.034277477327305926 0.0056612648638925418
leaf_weight=1449.6501756981015 13.072476923465727 10.697795741260054 7.4712352752685538 16.239803656935695 9.1447348296642286 239.44219579547644 9.2714023739099485 9.9843033626675588 33.143466889858246 140.14773460477591 36.020867198705673 301.52952501177788
leaf_count=5320 28 39 19 43 18 678 32 18 81 415 96 841
internal_value=0.000944129 -0.000904968 -0.0579933 -0.00029998 0.0454433 -0.000987433 0.00684253 0.0138982 -0.00709424 -0.00272695 0.052659 0.00823012
internal_weight=2275.82 1732.65 18.169 1714.48 25.3845 1689.09 543.17 360.607 182.563 173.291 46.0052 314.602
internal_count=7628 6117 58 6059 61 5998 1511 983 528 496 114 869
is_linear=0
shrinkage=0.1


Tree=47
num_leaves=14
num_cat=0
split_feature=2 2 6 3 3 6 3 3 2 0 5 0 7
split_gain=2.35887 11.0875 9.0833 7.06004 6.84879 7.98322 4.84966 3.70522 3.43355 3.71141 8.89389 6.38034 1.91774
threshold=20.685241480765384 22.003440158983263 4.6336746215820321 17.30555856598696 41.877801461427545 7.859963413627157 3.5328121692100258 13.458745729628403 20.352686816607655 29.002689553890381 0.043895749461841459 27.088211059570316 5.4073252228202167
decision_type=2 2 2 2 2 2 2 2 2 2 2 2 2
left_child=8 2 3 -2 6 -6 -3 -4 9 11 -11 -1 -10
right_child=1 4 7 -5 5 -7 -8 -9 12 10 -12 -13 -14
leaf_value=-0.0013834416411222118 -0.02356060604669058 -0.043392805084886917 0.10788212805473268 0.051034973143836954 -0.14949269832632031 0.015039828470442638 0.003417349818504313 0.048367487445160187 -0.069534839157467235 -0.026913627837471706 0.077159071431388018 -0.083596388316413611 -0.0067862591176704847
leaf_weight=1313.3614212870598 30.340276271104813 22.791917614638805 15.704758659005163 21.80673436820507 6.4625833556056005 5.4241374433040619 765.0201523527503 31.328589722514153 11.49110881984234 14.559540048241614 18.8330347687006 9.5081467032432538 8.4538402408361417
leaf_count=5010 87 71 29 50 25 16 2097 71 36 41 41 32 22
internal_value=0.000853377 0.00483761 0.0363743 0.00763363 0.000926355 -0.0744134 0.0020631 0.0682398 -0.00174895 -0.00114323 0.0317822 -0.00197435 -0.0429383
internal_weight=2275.09 898.879 99.1804 52.147 799.699 11.8867 787.812 47.0333 1376.21 1356.26 33.3926 1322.87 19.9449
internal_count=7628 2446 237 137 2209 41 2168 100 5182 5124 82 5042 58
is_linear=0
shrinkage=0.1


Tree=48
num_leaves=8
num_cat=0
split_feature=6 0 0 7 2 5 4
split_gain=2.33794 3.21664 6.60419 3.47821 3.22823 2.71439 2.28627
threshold=11.759475916624071 44.283203125000007 42.574252802027189 6.3773979257496078 29.896174111622805 0.98806831624428759 0.11360701241289917
decision_type=2 2 2 2 2 2 2
left_child=1 2 5 -4 -3 -1 -2
right_child=6 4 3 -5 -6 -7 -8
leaf_value=0.00063452520651604888 -0.0094804751875294142 -0.093907948196206306 0.1113892193153268 0.022814655317953535 0.00085519622300053949 -0.037363540350895473 0.066940772669812923
leaf_weight=2204.7059312425554 6.2880216762423542 7.2082660943269712 7.7929077297449139 10.284007027745245 7.171407163143158 18.961313650012016 10.371849045157431
leaf_count=7413 23 24 15 28 19 69 37
internal_value=0.000773086 0.000497478 0.000799891 0.0609989 -0.0466478 0.000310514 0.0380967
internal_weight=2272.78 2256.12 2241.74 18.0769 14.3797 2223.67 16.6599
internal_count=7628 7568 7525 43 43 7482 60
is_linear=0
shrinkage=0.1


Tree=49
num_leaves=14
num_cat=0
split_feature=5 4 7 3 4 4 0 5 4 3 3 0 0
split_gain=2.31805 9.2659 15.1822 8.79852 11.4936 6.73388 5.39229 3.58269 9.65325 5.94563 2.88338 2.84365 2.8625
threshold=0.39494633018618547 0.50024890899658214 3.9290548961776088 3.5328121692100258 0.26611722285451839 0.50195312802691305 35.007812500000007 0.32521211319314974 0.25488424537310267 41.877801461427545 8.6437210225033088 6.9994412591891555 19.938626825809482
decision_type=2 2 2 2 2 2 2 2 2 2 2 2 2
left_child=1 7 10 11 -5 -4 -6 9 -9 -1 -3 -2 -13
right_child=3 2 5 4 6 -7 -8 8 -10 -11 -12 12 -14
leaf_value=-4.5862030966631415e-05 0.0036422674932592536 -0.072080550836973997 -0.085163874747873264 0.10037896997804506 0.015956946924467981 0.016562315803653842 -0.02818401011283941 0.097475380663036681 0.0074303220980013965 -0.074441392969256101 -0.17526191271644859 -0.13792721354331561 -0.034972202391008393
leaf_weight=1850.6152376793325 4.509398140013217 4.0738663226366034 8.8331950753927213 14.742831557989119 176.16016709059477 24.712909735739231 32.833321206271648 13.313683599233626 112.57522222399712 10.80519989132881 8.0797417238354665 5.8998958170413953 4.9800453037023544
leaf_count=6355 28 21 30 37 492 64 106 29 353 36 36 26 15
internal_value=0.000698152 -0.000397285 -0.0449168 0.0100114 0.0150421 -0.0102237 0.00902231 0.000626475 0.0169533 -0.000477714 -0.140676 -0.0631278 -0.0908019
internal_weight=2272.13 2033.01 45.6997 239.126 223.736 33.5461 208.993 1987.31 125.889 1861.42 12.1536 15.3893 10.8799
internal_count=7628 6924 151 704 635 94 598 6773 382 6391 57 69 41
is_linear=0
shrinkage=0.1


Tree=50
num_leaves=10
num_cat=0
split_feature=2 1 7 3 4 7 1 6 0
split_gain=2.21622 3.45033 3.63702 3.66232 2.77679 3.47393 3.42094 1.82199 1.25223
threshold=40.398987202275684 32.762334336685022 10.357795136791283 25.206041346795061 1.0834693908691408 10.99531097081889 37.563322174992166 8.6250931214864845 33.000497817993171
decision_type=2 2 2 2 2 2 2 2 2
left_child=4 -2 7 -4 5 6 -1 -3 -7
right_child=1 2 3 -5 -6 8 -8 -9 -10
leaf_value=-1.4781810958138687e-06 -0.036379820180799757 0.029667664603168442 0.029294257664226893 -0.070980465524536338 0.044902657972719501 0.016640740761316632 -0.031012555626501792 0.075439565829529834 0.075882171526793787
leaf_weight=2140.5405713804066 9.7273981496691686 29.472803547978401 8.339482828974722 6.4665460735559455 13.739900216460226 6.5728302523493749 36.173457324504852 12.336842536926268 7.8049745112657547
leaf_count=7211 33 91 33 28 36 21 109 39 27
internal_value=0.000629671 0.0186379 0.0280907 -0.0145008 8.78061e-05 -0.000193219 -0.000516832 0.0431737 0.0487999
internal_weight=2271.17 66.3431 56.6157 14.806 2204.83 2191.09 2176.71 41.8096 14.3778
internal_count=7628 224 191 61 7404 7368 7320 130 48
is_linear=0
shrinkage=0.1


Tree=51
num_leaves=12
num_cat=0
split_feature=1 1 2 3 2 3 2 7 1 6 3
split_gain=2.2047 9.28848 5.23641 7.3159 4.96046 3.87635 3.13798 4.41966 2.86407 2.08424 0.111482
threshold=0.73754000914494777 1.0000000000000007 2.0209047275256116 6.8855420108334222 1.1889959280761293 6.5954011610881738 -1.9090909090909087 2.0013711205061733 3.0020576131687253 1.9983309363855426 1.4276834733094399
decision_type=2 2 2 2 2 2 2 2 2 2 2
left_child=5 4 3 -3 10 6 9 -8 -4 -1 -2
right_child=1 2 8 -5 -6 -7 7 -9 -10 -11 -12
leaf_value=-0.016933821080149038 0.032121174318170964 -0.080370282646465965 0.025662533886303684 0.042561577246174667 0.18459038225719623 -0.1145900953995681 -0.010300507926817736 -0.11136242526489169 0.0005205758465470239 0.063979960144665948 0.057049423188568441
leaf_weight=5.7408436164259893 3.8630726709961873 17.272307157516483 46.28591588139534 6.7262673601508132 3.8236223086714745 4.0926786810159674 19.424640342593197 5.5675700008869162 2146.781254850328 7.1463956832885742 3.3494991958141327
leaf_count=39 24 161 257 33 19 39 153 65 6789 26 23
internal_value=0.000570635 0.000998363 0.000542824 -0.0459152 0.0925117 -0.0221354 -0.0121462 -0.0328143 0.00105121 0.0279355 0.0436978
internal_weight=2270.07 2228.1 2217.07 23.9986 11.0362 41.9721 37.8794 24.9922 2193.07 12.8872 7.21257
internal_count=7628 7306 7240 194 66 322 283 218 7046 65 47
is_linear=0
shrinkage=0.1


Tree=52
num_leaves=12
num_cat=0
split_feature=3 4 3 6 0 3 0 4 2 3 7
split_gain=2.06455 6.49433 4.65833 6.54334 4.02819 3.36252 2.92602 2.73914 2.42597 6.39838 5.88687
threshold=35.62290030467689 0.066410601604729877 39.092797051927754 7.3860695994870929 26.847043156623844 33.152129849222398 33.000497817993171 0.20622348785400393 26.40776524206618 18.801156950132434 5.3715725348242502
decision_type=2 2 2 2 2 2 2 2 2 2 2
left_child=5 4 -3 -4 -2 8 -6 -7 9 -1 -10
right_child=1 2 3 -5 6 7 -8 -9 10 -11 -12
leaf_value=0.0011004502454336367 -0.072262552504892191 0.086604914485334292 -0.057513020418939333 0.069360546549112653 0.054125830902840545 -0.085755355455552212 -0.031421472354753281 -0.0051443480268681136 0.028654620203842796 -0.016302267520036086 0.0011325577246416479
leaf_weight=1456.4547907784581 9.0809485390782374 16.220572873950005 7.529367700219157 8.8346190452575666 7.9553461521863928 8.2270228862762469 8.0379013717174512 8.6444139033555967 96.768312841653824 247.11487068235874 394.78259472548962
leaf_count=5345 29 38 24 23 19 27 23 25 240 703 1132
internal_value=0.000506928 0.0191876 0.0486279 0.0109837 -0.0190708 1.9989e-05 0.0111314 -0.0444527 0.000361801 -0.00142394 0.00655064
internal_weight=2269.65 57.6588 32.5846 16.364 25.0742 2211.99 15.9932 16.8714 2195.12 1703.57 491.551
internal_count=7628 156 85 47 71 7472 42 52 7420 6048 1372
is_linear=0
shrinkage=0.1


Tree=53
num_leaves=14
num_cat=0
split_feature=7 5 2 1 3 6 5 0 2 5 3 5 3
split_gain=2.04809 7.48611 4.33206 11.0131 4.99765 3.86672 4.17654 3.10213 7.58954 3.90348 2.31888 4.88789 2.46336
threshold=1.0806060001643336 0.0074619767119922511 0.33001355096642809 1.0000000000000007 0.72091235214868654 1.0512743741273882 0.013914857863593503 -1.0000000180025095e-35 0.56873144503450856 0.16218128934415238 6.3080576939710467 0.15165797186294433 0.72091235214868654
decision_type=2 2 2 2 2 2 2 2 2 2 2 2 2
left_child=1 2 4 -4 -1 6 -2 9 -9 -7 12 -12 -3
right_child=5 10 3 -5 -6 7 -8 8 -10 -11 11 -13 -14
leaf_value=-0.0052308815464389329 -0.00048536233267600077 -0.0091943379391090721 0.12584807777152174 -0.002770490370975202 -0.11685268861961369 -0.047570877984774565 0.13338946472184804 0.099182559398075631 0.001015194750271609 0.073955824564208322 0.028245417677014523 -0.11755764094931967 -0.12025024551234881
leaf_weight=10.298379555344583 4.7276927232742292 2.5596961528062847 7.1343417093157759 99.576932743191719 6.5701713040471068 22.820407401770357 4.5955304428935051 7.9054749943315974 2081.1287809312344 2.9892922043800345 5.8057280480861646 3.8069267570972443 9.0906850323080999
leaf_count=67 26 17 39 555 57 173 23 52 6468 20 32 31 68
internal_value=0.000459734 -0.0110457 -0.00161552 0.0058285 -0.0487067 0.00124426 0.0655032 0.000960981 0.00138669 -0.0334956 -0.0658532 -0.0294974 -0.0958502
internal_weight=2269.01 144.843 123.58 106.711 16.8686 2124.17 9.32322 2114.84 2089.03 25.8097 21.263 9.61265 11.6504
internal_count=7628 866 718 594 124 6762 49 6713 6520 193 148 63 85
is_linear=0
shrinkage=0.1


Tree=54
num_leaves=12
num_cat=0
split_feature=0 0 6 7 3 1 2 1 1 4 0
split_gain=1.91834 6.75744 17.6342 14.0295 6.5628 13.7589 5.84498 5.7722 14.6588 10.9917 5.43675
threshold=13.226203918457033 10.001331475941699 2.2008891791847423 2.5218477752321742 25.665007305730665 13.003429355281213 6.9797750383390609 12.505776376102956 13.003429355281213 1.0000000180025095e-35 12.012638807296755
decision_type=2 2 2 2 2 2 2 2 2 2 2
left_child=1 4 10 -4 5 -1 -2 9 -9 -8 -3
right_child=6 2 3 -5 -6 -7 7 8 -10 -11 -12
leaf_value=0.0002307854133712855 0.087326454314405846 -0.053567816737915754 0.091852059126807342 -0.012208800028016838 -0.10784282266037584 0.079304998099830715 0.031140400834354761 0.11009279304186281 0.0020959980635215153 -0.11942776118268128 -0.13320355118212751
leaf_weight=671.71317295730114 8.1425332576036435 30.405451655387878 13.910655692219732 188.77274724841118 5.4005877301096907 22.749830685555935 8.8286593705415743 12.692636787891386 1282.8136286512017 10.754217393696306 11.939012095332144
leaf_count=3065 19 171 38 541 20 48 31 31 3547 44 73
internal_value=0.000404969 -0.0030366 -0.0173288 -0.00506685 0.00196722 0.00282117 0.00286252 0.00233955 0.00315409 -0.0515463 -0.0760211
internal_weight=2268.12 944.891 245.028 202.683 699.864 694.463 1323.23 1315.09 1295.51 19.5829 42.3445
internal_count=7628 3956 823 579 3133 3113 3672 3653 3578 75 244
is_linear=0
shrinkage=0.1


Tree=55
num_leaves=12
num_cat=0
split_feature=2 2 0 3 3 1 0 4 2 4 0
split_gain=1.88457 3.93043 7.52921 8.50631 3.88538 2.22931 2.08337 7.98094 3.89242 0.9354 0.0435889
threshold=1.844903167319669 1.0009562188375114 4.3896484375000009 4.3436617525807515 2.5968608893759 0.96667821953659938 2.5039062500000004 0.03125110268592831 3.0050042135178638 1.2218952185659786e-06 4.7110387831926355
decision_type=2 2 2 2 2 2 2 2 2 2 2
left_child=1 2 3 -1 9 -2 7 -7 -8 -3 -6
right_child=5 4 -4 -5 10 6 8 -9 -10 -11 -12
leaf_value=0.0038537703256276454 0.05969596049573081 -0.032406723469373538 0.149370637758303 -0.11475492595744813 -0.11118159413662099 -0.041261348096971601 0.039981899908749778 0.042952782081576976 0.0007051722433161899 0.057194129801409525 -0.12780210934603684
leaf_weight=39.771759700030088 6.4178649671375743 3.5911215171217901 2.9945507049560538 7.1306383572518817 4.4783875532448292 41.187268264591694 25.536493390798569 15.484041951596735 2114.8250949308276 1.7246995270252226 2.4363583847880363
leaf_count=283 39 34 9 70 53 292 115 81 6619 17 16
internal_value=0.000360327 -0.0168158 -0.00436313 -0.0141785 -0.0676191 0.000844618 0.000672705 -0.0182519 0.00117378 -0.00333604 -0.117038
internal_weight=2265.58 62.1275 49.8969 46.9024 12.2306 2203.45 2197.03 56.6713 2140.36 5.31582 6.91475
internal_count=7628 482 362 353 120 7146 7107 373 6734 51 69
is_linear=0
shrinkage=0.1


Tree=56
num_leaves=12
num_cat=0
split_feature=6 3 3 5 7 1 0 2 1 4 1
split_gain=1.87909 2.408 3.16176 2.83855 2.35482 6.00122 3.47477 2.89412 4.56651 4.05563 1.89287
threshold=10.633368955472932 19.923371772366576 17.186442080141703 0.35538112384858439 10.357795136791283 37.038970914926082 27.752075195312504 40.398987202275684 32.762334336685022 1.0834693908691408 37.285933002427292
decision_type=2 2 2 2 2 2 2 2 2 2 2
left_child=4 2 -2 10 7 6 -6 9 -9 -1 -3
right_child=1 3 -4 -5 5 -7 -8 8 -10 -11 -12
leaf_value=-0.0006556345080682885 0.014669704890394123 -0.0068890353758741547 0.10095030960246248 -0.056969198136072034 -0.028405315601678607 0.044244803211251779 -0.14498488551617952 -0.044973744953547209 0.038407068625331664 0.057346949118869506 0.061985832908070283
leaf_weight=2148.6688912920654 10.552917130291464 9.4896674156189018 7.1078839898109427 6.2883107885718337 5.3563563227653486 5.6594804003834716 4.8915483802556992 7.870866820216178 39.688925847411156 12.122923240065573 6.8854508996009818
leaf_count=7243 37 34 23 26 19 20 21 26 128 30 21
internal_value=0.000318564 0.0217124 0.0493948 0.000140567 -6.92918e-05 -0.0384065 -0.0840513 0.000206862 0.024608 -0.000330216 0.0220716
internal_weight=2264.58 40.3242 17.6608 22.6634 2224.26 15.9074 10.2479 2208.35 47.5598 2160.79 16.3751
internal_count=7628 141 60 81 7487 60 40 7427 154 7273 55
is_linear=0
shrinkage=0.1


Tree=57
num_leaves=10
num_cat=0
split_feature=5 5 5 7 5 4 4 2 0
split_gain=1.89916 3.33745 3.44394 8.70691 3.47769 2.89486 3.06685 1.97641 1.61411
threshold=0.98806831624428759 0.77785764495528764 0.67639148695855178 6.226923447791866 0.51857176330352528 0.8832971967251606 1.0834693908691408 27.329554854795781 11.952574994384589
decision_type=2 2 2 2 2 2 2 2 2
left_child=1 2 4 -4 -1 -3 -7 8 -2
right_child=7 5 3 -5 -6 6 -8 -9 -10
leaf_value=-0.00023568321597655547 -0.01698821979604254 0.090648043850375712 -0.12595013945844416 0.018475005025310878 0.0213699986182967 -0.027010008684339906 0.062779227318656552 0.0034221854498502216 -0.095048027738499491
leaf_weight=2126.4775163307786 4.8397064730525035 7.292324528098109 7.4209433346986797 9.541045814752577 77.204508978873491 8.307329595088957 7.0173603519797316 9.2458323165774328 5.852093867957592
leaf_count=7219 24 16 27 28 219 27 19 27 22
internal_value=0.000291922 0.000565019 0.000175754 -0.0447116 0.000521257 0.0387849 0.0141056 -0.0304353 -0.0597138
internal_weight=2263.2 2243.26 2220.64 16.962 2203.68 22.617 15.3247 19.9376 10.6918
internal_count=7628 7555 7493 55 7438 62 46 73 46
is_linear=0
shrinkage=0.1


Tree=58
num_leaves=12
num_cat=0
split_feature=3 3 4 0 0 2 2 2 6 0 3
split_gain=1.70688 7.04472 14.2496 6.87844 5.78436 4.31472 7.40763 3.81288 2.8091 4.13675 2.34255
threshold=1.0000000180025095e-35 3.1734343777163092 1.2025702744722369e-07 31.867231369018558 1.7578125000000002 1.844903167319669 2.1822986801047555 1.0009562188375114 7.859963413627157 10.978258414549542 1.4276834733094399
decision_type=2 2 2 2 2 2 2 2 2 2 2
left_child=3 2 4 8 -2 7 -7 -3 9 -1 -4
right_child=1 5 10 -5 -6 6 -8 -9 -10 -11 -12
leaf_value=0.025301873078542609 0.044696207160582153 -0.0182079319618173 -0.021995471762829968 -0.090451123296326263 -0.028870937512000462 0.098415227350913653 0.00065649650640844427 -0.11592398143040024 0.074169097519975774 -0.011969221924198872 -0.1241924192693902
leaf_weight=83.661519981920719 16.032218143343925 13.949304893612863 2.6321696974337128 6.4110140874981871 32.06110668182373 7.780962996184825 2025.2462489753962 5.5947948545217505 7.7080514132976523 46.237688697874546 15.166611079126595
leaf_count=365 114 117 19 22 163 38 6430 59 17 154 130
internal_value=0.000264057 -0.000452099 -0.0326371 0.0107985 -0.00434686 0.000581112 0.00103065 -0.0461806 0.0155156 0.0120352 -0.109079
internal_weight=2262.48 2118.46 65.8921 144.018 48.0933 2052.57 2033.03 19.5441 137.607 129.899 17.7988
internal_count=7628 7070 426 558 277 6644 6468 176 536 519 149
is_linear=0
shrinkage=0.1


Tree=59
num_leaves=13
num_cat=0
split_feature=1 2 0 1 3 0 0 7 5 1 6 7
split_gain=1.67411 11.3645 5.32114 9.4387 15.6183 6.10724 4.48572 4.35166 10.5468 3.76807 3.55113 0.0297695
threshold=7.9181212896564199 10.227879189199538 6.4379882812500009 10.888888888888893 12.797031750562718 6.7507324218750009 4.9983768862439328 3.0012822969665192 0.0041938646306393006 8.4450336636536871 2.4513221425087557 1.8900734621285322
decision_type=2 2 2 2 2 2 2 2 2 2 2 2
left_child=1 7 3 4 -2 -4 11 10 -9 -7 -1 -3
right_child=2 6 5 -5 -6 9 -8 8 -10 -11 -12 -13
leaf_value=-0.0027042018034775413 0.087230998474273833 -0.12261415065592239 -0.081128700518947092 0.13721946035959784 -0.04417000940032248 0.036099138574274957 -0.028033967265680543 0.015904841912907274 -0.08515398472045102 0.00050887467369387638 0.025067226507364194 -0.13499213419348119
leaf_weight=313.30917926505208 16.399746924638748 2.732870966196062 9.0754153057932836 7.6015918105840674 20.171485483646393 30.261535681784153 7.5473503768444052 21.411138970404863 19.94836663454771 1752.6898542940617 53.975875753909349 6.7224815338850021
leaf_count=1735 45 19 36 14 71 113 31 82 101 5100 244 37
internal_value=0.000231755 -0.00541886 0.00154162 0.0358292 0.0147545 0.000696439 -0.0855248 -0.00208584 -0.0328375 0.00111294 0.00137706 -0.131415
internal_weight=2261.85 425.647 1836.2 44.1728 36.5712 1792.03 17.0027 408.645 41.3595 1782.95 367.285 9.45535
internal_count=7628 2249 5379 130 116 5249 87 2162 183 5213 1979 56
is_linear=0
shrinkage=0.1


Tree=60
num_leaves=8
num_cat=0
split_feature=6 0 0 2 4 5 2
split_gain=1.643 2.22961 5.60826 2.37801 2.18775 1.95477 1.93582
threshold=11.759475916624071 44.283203125000007 42.574252802027189 29.896174111622805 0.11360701241289917 0.98806831624428759 29.496597383844151
decision_type=2 2 2 2 2 2 2
left_child=1 2 5 -3 -2 -1 -4
right_child=4 3 6 -5 -6 -7 -8
leaf_value=5.9841367580861655e-05 -0.014521704214662937 -0.078259922441262383 0.092095398758607686 0.002231469984529643 0.062102191710257881 -0.032510755249223776 0.025661586794582265
leaf_weight=2194.1512568667531 6.0803305730223647 7.4974887371063215 8.1609248667955416 7.1905644088983536 9.6243887022137624 18.582578212022781 9.4828870147466642
leaf_count=7413 23 24 18 19 37 69 25
internal_value=0.000203819 -2.16521e-05 0.000234085 -0.0388552 0.032436 -0.000213687 0.0563897
internal_weight=2260.77 2245.07 2230.38 14.6881 15.7047 2212.73 17.6438
internal_count=7628 7568 7525 43 60 7482 43
is_linear=0
shrinkage=0.1


Tree=61
num_leaves=10
num_cat=0
split_feature=3 7 3 0 5 3 4 0 0
split_gain=1.64562 5.45043 6.28964 6.76833 5.55856 2.72797 2.17716 1.9012 4.75976
threshold=35.62290030467689 8.9941485572187201 41.877801461427545 32.450473785400398 0.052566718161887203 33.152129849222398 0.20622348785400393 44.283203125000007 42.574252802027189
decision_type=2 2 2 2 2 2 2 2 2
left_child=5 2 4 -4 -2 7 -7 8 -1
right_child=1 -3 3 -5 -6 6 -8 -9 -10
leaf_value=-0.00014700876480688895 -0.02996765257913353 0.093187176008390493 -0.12678354925671767 0.011510880738563638 0.055880951256500611 -0.076418219332346438 -0.004874399648090836 -0.048013550441869932 0.056069763403890728
leaf_weight=2163.2276042252779 11.236815907061098 8.058500260114668 6.4910992830991727 7.7812505513429642 22.938467562198639 8.3859297037124652 8.6315914839506132 8.1944520696997625 15.166585452854632
leaf_count=7356 32 24 24 21 55 27 25 25 39
internal_value=0.000185235 0.017036 0.00436939 -0.0513858 0.027654 -0.00024686 -0.0401299 6.35367e-05 0.000244388
internal_weight=2260.11 56.5061 48.4476 14.2723 34.1753 2203.61 17.0175 2186.59 2178.39
internal_count=7628 156 132 45 87 7472 52 7420 7395
is_linear=0
shrinkage=0.1


Tree=62
num_leaves=12
num_cat=0
split_feature=1 1 0 1 4 3 0 2 7 6 3
split_gain=1.59116 5.61992 7.62055 4.15976 9.71671 3.37635 3.30821 2.54199 4.02252 1.6099 1.38843
threshold=0.73754000914494777 1.0000000000000007 0.27119565085740766 1.6666666666666672 0.15625000008787993 6.5954011610881738 1.0011367131955924 -1.9090909090909087 2.0013711205061733 1.9983309363855426 1.7695901373713028
decision_type=2 2 2 2 2 2 2 2 2 2 2
left_child=5 2 -2 4 -3 7 -5 9 -9 -1 -4
right_child=1 3 10 6 -6 -7 -8 8 -10 -11 -12
leaf_value=-0.015030435272135568 0.1893180953351554 -0.091057496127257928 0.049535093176654124 0.05422228203234028 0.13483513953255483 -0.11288219323708566 0.00022149355577360397 -0.0090098591274728156 -0.11021469642816384 0.0560183469626288 -0.033068129143618383
leaf_weight=5.6422386169433576 3.646292805671691 11.687580540776251 5.0754816904664022 11.404020600020884 2.2748411893844596 3.5312361121177664 2181.0364454984665 19.143653936684135 4.9409487769007674 7.3356388509273529 3.396580908447504
leaf_count=39 13 108 27 60 14 39 7058 153 65 26 26
internal_value=0.000169887 0.000528879 0.0684421 0.000155876 -0.0542537 -0.0194497 0.00050238 -0.0105476 -0.029772 0.0251293 0.0164182
internal_weight=2259.11 2218.52 12.1184 2206.4 13.9624 40.5937 2192.44 37.0625 24.0846 12.9779 8.47206
internal_count=7628 7306 66 7240 122 322 7118 283 218 65 53
is_linear=0
shrinkage=0.1


Tree=63
num_leaves=11
num_cat=0
split_feature=6 6 5 4 7 1 7 6 6 4
split_gain=1.58392 6.88816 7.02943 5.79128 4.24054 5.65292 3.19117 7.92715 5.62459 2.3867
threshold=1.062500134110451 1.0512743741273882 0.14834288007164306 0.035157538950443205 1.1794436173973242 5.333434943860186 1.2984469775938983 1.1194277965987569 1.2271368431975136 0.95448229673709772
decision_type=2 2 2 2 2 2 2 2 2 2
left_child=1 2 3 -1 5 -2 7 -6 -8 -4
right_child=4 -3 9 -5 6 -7 8 -9 -10 -11
leaf_value=-0.0032315722158520379 0.11696451100128216 -0.12266354483892555 -0.11569515402045438 0.12724260495980452 0.061821999444558587 -0.017534264953847488 0.061422922587882289 -0.070101788814351584 0.0004904816667075497 -0.00025973344544603379
leaf_weight=139.29532225430012 7.1826885119080526 5.2030515372753134 7.3994719572365266 3.4870950728654853 6.146633297204974 5.5313845872879028 15.262171223759649 17.587934236973524 2049.0943756662309 2.3631104901432991
leaf_count=818 32 37 66 16 29 32 69 125 6389 15
internal_value=0.000146694 -0.00951744 -0.00565822 -4.50744e-05 0.000872367 0.0584495 0.000521788 -0.035937 0.000940967 -0.0877531
internal_weight=2258.55 157.748 152.545 142.782 2100.81 12.7141 2088.09 23.7346 2064.36 9.76258
internal_count=7628 952 915 834 6676 64 6612 154 6458 81
is_linear=0
shrinkage=0.1


Tree=64
num_leaves=13
num_cat=0
split_feature=0 0 0 6 2 0 0 1 0 2 3 2
split_gain=1.55105 5.41077 3.51362 5.09564 2.89554 7.05734 4.98554 2.54088 5.43259 2.99774 1.98019 0.00730165
threshold=-1.0000000180025095e-35 -0.68334960937499989 0.27119565085740766 1.0158691406250002 2.8014792439357969 1.0011367131955924 0.99523740261793148 -0.5732989281548635 -1.5501723648529435 -0.95478450925483227 7.4343908054847763 2.0209047275256116
decision_type=2 2 2 2 2 2 2 2 2 2 2 2
left_child=1 7 3 -2 6 -6 -4 9 -9 -1 11 -3
right_child=2 10 4 -5 5 -7 -8 8 -10 -11 -12 -13
leaf_value=-0.001398278335106016 -0.013954482189973586 -0.11256435669947618 -0.11473104575041092 0.11968279043255781 0.095278370652776723 0.0003865337131873218 -0.01267417006243432 0.15121917450608649 -0.013505106824510863 -0.11019812389442643 -0.011116259631071984 -0.11922929506214792
leaf_weight=15.986272133886816 5.4700895622372609 3.6149744614958745 5.348115596920251 5.9643786400556564 7.866275079548358 2150.7534303739667 45.590055637061596 3.1587576307356358 5.4678049199283141 3.0091110281646243 2.4974740073084831 3.0143369138240814
leaf_count=93 36 42 55 32 38 6856 335 16 46 40 15 24
internal_value=0.000125217 -0.0202512 0.000462368 0.0557526 0.00017624 0.000732331 -0.0233894 0.00180544 0.0468114 -0.0186336 -0.0870051 -0.115595
internal_weight=2257.74 36.7487 2220.99 11.4345 2209.56 2158.62 50.9382 27.6219 8.62656 18.9954 9.12679 6.62931
internal_count=7628 276 7352 68 7284 6894 390 195 62 133 81 66
is_linear=0
shrinkage=0.1


Tree=65
num_leaves=14
num_cat=0
split_feature=5 4 7 4 3 0 6 2 5 2 5 0 3
split_gain=1.5256 7.86137 12.6122 6.35352 6.24292 6.64839 5.54055 3.791 2.92903 9.61402 8.34999 2.84362 2.49129
threshold=0.39494633018618547 0.50024890899658214 3.9290548961776088 0.32812503912282415 6.994898922966148 9.5004800260067004 5.6345923750276867 6.3370797626213511 0.34807200764963081 31.942938822462747 0.33609162562580003 17.103607305325571 8.6437210225033088
decision_type=2 2 2 2 2 2 2 2 2 2 2 2 2
left_child=1 8 12 11 7 -6 -4 -5 10 -10 -1 -2 -3
right_child=3 2 6 4 5 -7 -8 -9 9 -11 -12 -13 -14
leaf_value=4.0229066941448223e-06 0.0072232857810008684 -0.066328658173654728 0.033841466803773639 0.015707628492046644 0.075783469360147904 0.0028466326711666197 -0.047974564266061066 -0.078343739290875958 0.0016187635862612263 -0.13699619095662988 0.070994631064515881 0.082657366280963221 -0.16440015565234409
leaf_weight=1932.7649737782776 7.4241751655936268 3.8873044699430448 15.158025205135344 6.1163636930286911 13.435305833816527 179.03984951227903 18.233480267226696 14.319038294255732 20.265058644115928 6.6441228762269011 16.711793422698975 15.28753115236759 7.7628471702337265
leaf_count=6644 28 21 36 35 36 513 58 56 60 27 42 36 36
internal_value=0.000106483 -0.00078114 -0.0420905 0.00772149 0.00235827 0.00793783 -0.0108343 -0.0501939 0.000160297 -0.0326065 0.000612586 0.0579989 -0.131677
internal_weight=2257.05 2021.43 45.0417 235.622 212.911 192.475 33.3915 20.4354 1976.39 26.9092 1949.48 22.7117 11.6502
internal_count=7628 6924 151 704 640 549 94 91 6773 87 6686 64 57
is_linear=0
shrinkage=0.1


Tree=66
num_leaves=12
num_cat=0
split_feature=4 3 5 3 6 0 0 3 2 6 0
split_gain=1.51438 13.9011 11.3938 10.002 8.82668 8.35167 3.8393 6.39621 4.51764 2.20456 0.288732
threshold=1.0000000180025095e-35 3.3837023645002309 0.00080843172277800018 0.72091235214868654 1.7652740478515627 44.283203125000007 43.278869628906257 37.714439445940165 34.890425553419675 2.4965914823114876 9.2312573929730899
decision_type=2 2 2 2 2 2 2 2 2 2 2
left_child=6 3 4 9 -3 -4 7 8 -1 -2 -5
right_child=1 2 5 10 -6 -7 -8 -9 -10 -11 -12
leaf_value=0.0051917740107251904 0.049043236797154471 0.043757396221944946 0.0020293427144311431 -0.11607585987495748 -0.059604398000327789 -0.088525390385716135 0.070217570828154094 -0.10227384395598385 -0.062437300514431394 -0.036891102032407773 -0.15409322835194758
leaf_weight=641.72291264310479 4.959321469068529 9.8665068708360177 1490.5891335979104 14.131507493555548 50.799241937696934 10.25483552366495 8.6683232039213163 5.6966222152113906 10.031849414110182 7.5000056475400925 2.3266038745641699
leaf_count=2528 27 44 4559 144 183 35 20 20 33 24 11
internal_value=9.75145e-05 -0.00157903 -0.000306769 -0.0702795 -0.0427939 0.00141061 0.00410042 0.00322868 0.00415082 -0.00268572 -0.12145
internal_weight=2256.55 1590.43 1561.51 28.9174 60.6657 1500.84 666.12 657.451 651.755 12.4593 16.4581
internal_count=7628 5027 4821 206 227 4594 2601 2581 2561 51 155
is_linear=0
shrinkage=0.1


Tree=67
num_leaves=11
num_cat=0
split_feature=3 7 2 4 3 1 3 0 4 0
split_gain=1.54677 4.78464 5.21846 5.20855 4.56351 2.26888 2.99667 2.57464 1.84598 1.67277
threshold=35.62290030467689 8.9941485572187201 27.329554854795781 0.49243164062500006 41.877801461427545 39.255066628744139 33.152129849222398 44.283203125000007 0.20622348785400393 41.381225585937507
decision_type=2 2 2 2 2 2 2 2 2 2
left_child=5 2 3 -2 -4 6 7 -1 -8 -7
right_child=1 -3 4 -5 -6 9 8 -9 -10 -11
leaf_value=-7.6954800244549847e-05 0.0060855330681568618 0.090241253404153371 -0.0017101163764796684 0.10609151051583002 -0.10003952819901155 0.0048123040532766538 -0.076880412643463028 -0.063640735972129645 -0.0098263363386127938 0.07452096704322074
leaf_weight=2163.7975891698152 16.378271281719211 7.6058869808912268 17.670900084078315 7.6360049843788138 6.4400226548314086 6.794445686042307 8.1596750766038912 6.391125723719596 8.2633940279483777 6.9776279330253601
leaf_count=7362 43 24 50 16 23 23 26 20 24 17
internal_value=8.53602e-05 0.0165379 0.00488953 0.0378852 -0.0279739 -0.000331348 -0.000586189 -0.000264148 -0.0431416 0.0401302
internal_weight=2256.11 55.7311 48.1252 24.0143 24.1109 2200.38 2186.61 2170.19 16.4231 13.7721
internal_count=7628 156 132 59 73 7472 7432 7382 50 40
is_linear=0
shrinkage=0.1


Tree=68
num_leaves=11
num_cat=0
split_feature=3 7 0 0 0 6 0 3 6 6
split_gain=1.41958 4.95256 7.85557 15.7937 6.40683 4.85816 4.71965 4.00975 2.50106 3.38544
threshold=1.0000000180025095e-35 1.0806060001643336 7.2526149749755868 8.001991271972658 5.0020113289356241 1.0312500670552256 31.867231369018558 1.9554984386016983 7.859963413627157 3.9995727539062504
decision_type=2 2 2 2 2 2 2 2 2 2
left_child=6 2 4 -4 -2 -3 8 -7 9 -1
right_child=1 5 3 -5 -6 7 -8 -9 -10 -11
leaf_value=0.019059492522501036 -0.025813215681270485 0.0962433024725972 0.14016591549353039 -0.028620497309806953 -0.1026696342444829 -0.051091268196761089 -0.072512198794025082 0.00055027281914974292 0.070005872957235496 -0.019454205256073411
leaf_weight=101.54593890160322 43.473254576325417 5.276377245783805 7.8133583962917355 19.085681401193142 14.452035069465635 15.149131201207636 6.6704099625349036 2005.1484276801348 7.440206751227378 29.440776333212852
leaf_count=436 316 25 37 128 95 92 22 6377 17 83
internal_value=7.98054e-05 -0.000578013 -0.0242506 0.0204069 -0.0449885 0.000413318 0.00964759 0.000163041 0.0136066 0.0104031
internal_weight=2255.5 2110.4 84.8243 26.899 57.9253 2025.57 145.097 2020.3 138.427 130.987
internal_count=7628 7070 576 165 411 6494 558 6469 536 519
is_linear=0
shrinkage=0.1


Tree=69
num_leaves=11
num_cat=0
split_feature=2 7 7 0 4 6 6 7 1 2
split_gain=1.40576 2.27056 5.1817 13.2784 2.44447 2.17133 2.01563 2.48535 1.21812 0.0937123
threshold=43.610138004859714 10.99531097081889 10.357795136791283 36.454725696303449 0.035157538950443205 9.8850214728589929 9.1376953125000018 7.3959291230622961 36.768632830361234 38.001616088861752
decision_type=2 2 2 2 2 2 2 2 2 2
left_child=1 2 5 -4 -3 -1 7 -2 -9 -6
right_child=6 4 3 -5 9 -7 -8 8 -10 -11
leaf_value=-0.00051877514675333796 -0.014441682104017887 0.07294992682762462 -0.13127291890002207 0.063859899680734841 -0.010501388584151389 0.024847730608464416 -0.021902215945222184 0.02862758604613851 0.082905505184631856 0.0093743086020999841
leaf_weight=2155.5495710000396 6.927928298711783 8.7692024409770983 9.4363311976194364 5.5314311683177939 4.6094165891408903 34.281341135501862 8.1346259564161283 7.9418815448880222 8.6251523271203023 4.8875388726592064
leaf_count=7289 21 27 38 18 18 104 35 28 28 22
internal_value=6.62648e-05 -0.000231575 -0.000522465 -0.0591604 0.0348801 -0.000121668 0.0209997 0.0358536 0.0568858 -0.000272506
internal_weight=2254.69 2223.06 2204.8 14.9678 18.2662 2189.83 31.6296 23.495 16.567 9.49696
internal_count=7628 7516 7449 56 67 7393 112 77 56 40
is_linear=0
shrinkage=0.1


Tree=70
num_leaves=7
num_cat=0
split_feature=5 4 0 5 6 5
split_gain=1.33976 3.86923 2.23553 1.87444 6.00076 3.49069
threshold=1.0006667677816081 1.0061801676221513 33.973039754590907 0.66678646743293124 4.942530505732976 0.51857176330352528
decision_type=2 2 2 2 2 2
left_child=1 3 -3 5 -5 -1
right_child=-2 2 -4 4 -6 -7
leaf_value=-0.00045396140419843569 -0.040018282205536757 0.01452423049341897 0.09342603923118864 -0.069399263378654596 0.0088756092641185998 0.022065793166389094
leaf_weight=2118.5189138967544 8.3082535192370397 7.5858892351388914 6.8186901062726974 15.906091682612894 25.488044291734695 71.14245992526412
leaf_count=7219 27 22 19 64 72 205
internal_value=6.44167e-05 0.000212724 0.0518739 -0.000120822 -0.0212023 0.000277709
internal_weight=2253.77 2245.46 14.4046 2231.06 41.3941 2189.66
internal_count=7628 7601 41 7560 136 7424
is_linear=0
shrinkage=0.1


Tree=71
num_leaves=16
num_cat=0
split_feature=4 3 3 4 0 4 2 6 2 7 3 7 6 6 1
split_gain=1.31302 11.0674 9.83972 9.32091 12.5438 8.00045 3.2926 10.6165 10.2511 6.96543 6.3764 4.68126 4.20256 1.86287 0.201264
threshold=1.0000000180025095e-35 3.3837023645002309 0.72091235214868654 3.0296271775927257e-06 14.687118530273439 3.9832958407366127e-06 5.7395480807913701 1.5000010728836062 3.7509604499752585 2.557564722012597 4.0807224118441798 3.0012822969665192 2.7502899169921879 2.4965914823114876 9.3152401782240322
decision_type=2 2 2 2 2 2 2 2 2 2 2 2 2 2 2
left_child=6 2 13 4 -3 -5 8 10 9 -1 -8 -9 -10 -2 -4
right_child=1 3 14 5 -6 -7 7 11 12 -11 -12 -13 -14 -15 -16
leaf_value=0.0039553800623566655 0.048778437306764684 -0.091432374078877235 -0.11435886727124152 0.11757458169923862 0.027009059959677575 0.00038752141482383998 0.0040418612597102653 0.0215600236686459 0.035727485119129071 -0.092651688738799254 -0.05308914003694009 -0.0010146749099603516 0.10373722822338216 -0.030213840438928941 -0.14818828787497265
leaf_weight=90.869111798703671 4.9662429690361041 24.836702555418015 12.979158667847512 5.8482908010482779 13.971872821450232 1514.5271636173129 30.549796596169472 136.07064595073462 52.696752384305 8.1311190500855428 54.187055505812168 282.70948711037636 10.978988148272036 7.4852468073368073 2.034283995628356
leaf_count=589 27 117 145 14 35 4655 151 433 243 56 336 763 30 24 10
internal_value=5.88738e-05 -0.00150546 -0.0644331 -0.000396996 -0.0487911 0.000838294 0.0037846 -0.000211389 0.016153 -0.00397918 -0.032492 0.00632033 0.0474537 0.00129202 -0.118943
internal_weight=2252.84 1586.65 27.4649 1559.18 38.8086 1520.38 666.193 503.517 162.676 99.0002 84.7369 418.78 63.6757 12.4515 15.0134
internal_count=7628 5027 206 4821 152 4669 2601 1683 918 645 487 1196 273 51 155
is_linear=0
shrinkage=0.1


Tree=72
num_leaves=13
num_cat=0
split_feature=1 1 0 1 4 3 2 5 4 2 3 1
split_gain=1.2213 5.72893 5.98718 5.62642 9.77739 19.7746 8.80289 8.44894 7.98118 6.37531 3.60679 3.13246
threshold=12.750805207298201 12.868862282485708 10.503363355994226 11.971455877234208 0.00024414064762365008 11.654755451042325 16.067784910333845 0.10049579661406775 0.0019570654549169501 15.18888737108121 16.500494807856075 15.987544870142377
decision_type=2 2 2 2 2 2 2 2 2 2 2 2
left_child=3 -2 11 6 5 -5 9 -6 -8 -1 -4 -3
right_child=1 2 10 4 7 -7 8 -9 -10 -11 -12 -13
leaf_value=-0.0015695927422747042 0.070615097353940268 0.023741219817127956 0.0058940893514334777 0.075122712958546181 -0.13378350302745451 -0.090556160408515801 0.12164515097614251 -0.025900722349005756 0.0076481998088651819 -0.078476158342718927 -0.0043943838587847525 0.089220452238916947
leaf_weight=714.67456959187984 11.993395686149595 33.11323969066143 602.82553445547819 17.679140910506252 13.018345855176451 12.15837539732456 10.948271319270136 16.409961678087711 13.988799460232256 10.943959280848501 783.72462809830904 9.3742789030075055
leaf_count=3305 29 84 1661 51 54 45 25 55 41 37 2220 21
internal_value=4.31776e-05 0.00178939 0.00121176 -0.0030641 -0.0327268 0.00761086 -0.000721858 -0.0736254 0.057697 -0.00272952 7.86994e-05 0.0381883
internal_weight=2250.85 1441.03 1429.04 809.821 59.2658 29.8375 750.556 29.4283 24.9371 725.619 1386.55 42.4875
internal_count=7628 4015 3986 3613 205 96 3408 109 66 3342 3881 105
is_linear=0
shrinkage=0.1


Tree=73
num_leaves=11
num_cat=0
split_feature=3 4 3 6 3 7 3 2 3 3
split_gain=1.27069 4.21089 3.39605 4.41323 2.9982 2.45673 1.8215 1.84593 5.82909 5.77031
threshold=35.62290030467689 0.066410601604729877 39.092797051927754 7.3860695994870929 37.714439445940165 6.5810183843047474 34.18343622479356 30.674765041311939 12.496452570143541 21.057341653033344
decision_type=2 2 2 2 2 2 2 2 2 2
left_child=6 4 -3 -4 -2 -6 7 9 -9 -1
right_child=1 2 3 -5 5 -7 -8 8 -10 -11
leaf_value=0.00075276643610007032 0.027774461934155836 0.07449728849694337 -0.046971709910646392 0.059955389602041012 -0.0097363156378684271 -0.091818919334094973 -0.047827328118301253 -0.054657608883894843 0.0099271958365465315 -0.015973492025888741
leaf_weight=1636.6301456931978 9.7401886284351367 14.730340406298639 7.5934073403477651 7.8506540060043335 8.8875174224376661 6.1830816119909278 8.0473947376012784 14.656950280070303 300.18734761327505 235.99421954154968
leaf_count=5865 24 38 24 23 25 22 26 47 868 666
internal_value=3.73361e-05 0.0150524 0.0401461 0.00738236 -0.0154661 -0.0434127 -0.000338705 -0.000164001 0.00692058 -0.00135513
internal_weight=2250.5 54.9852 30.1744 15.4441 24.8108 15.0706 2195.52 2187.47 314.844 1872.62
internal_count=7628 156 85 47 71 47 7472 7446 915 6531
is_linear=0
shrinkage=0.1


Tree=74
num_leaves=15
num_cat=0
split_feature=0 0 6 7 3 2 3 1 7 7 2 3 6 3
split_gain=1.24219 5.70741 14.923 10.9945 5.59447 11.114 5.00084 4.84642 8.3113 9.21803 8.15102 7.04511 6.87482 1.7083
threshold=13.226203918457033 10.001331475941699 2.2008891791847423 2.5218477752321742 25.665007305730665 21.42892521212935 12.286864801194204 14.952064564924109 1.5420074853088115 3.0633287608596258 14.372186106831618 12.945430422451132 3.4062309265136723 2.1214379061614537
decision_type=2 2 2 2 2 2 2 2 2 2 2 2 2 2
left_child=1 4 6 -4 5 -1 -3 10 13 -10 12 -12 -2 -9
right_child=7 2 3 -5 -6 -7 -8 8 9 -11 11 -13 -14 -15
leaf_value=0.00076905232302602823 -0.021422396390265993 -0.095466324231771982 0.079977642931836845 -0.011275784298913374 -0.099926573598569324 0.087832890346716264 -0.019850823069437529 -0.031231934484913872 0.034390436907643498 -0.0014170327359946883 0.030988192399513739 0.14200024821041943 0.033588176365789701 -0.1193360797869326
leaf_weight=672.10115361772478 42.656735375523567 27.552183791995049 14.200162798166273 188.03959745913744 5.3564821556210509 14.989022381603716 12.813909806311129 3.266292028129099 76.86178132891655 1112.2730544134974 15.085027292370798 9.2051931321620923 48.602344527840614 6.7462247461080551
leaf_count=3082 172 175 38 541 20 31 69 22 222 3030 40 16 117 53
internal_value=3.65546e-05 -0.0027497 -0.0159488 -0.00486847 0.00187474 0.00266837 -0.0714628 0.00201823 0.000133513 0.000897445 0.0215774 0.0730581 0.00787488 -0.0905947
internal_weight=2249.75 935.053 242.606 202.24 692.447 687.09 40.3661 1314.7 1199.15 1189.13 115.549 24.2902 91.2591 10.0125
internal_count=7628 3956 823 579 3133 3113 244 3672 3327 3252 345 56 289 75
is_linear=0
shrinkage=0.1


Tree=75
num_leaves=13
num_cat=0
split_feature=6 6 4 4 0 0 0 5 6 3 0 1
split_gain=1.21264 5.42535 5.17263 11.7957 4.18711 4.09943 7.80461 4.04674 3.88884 14.2124 6.13973 3.21602
threshold=6.1741490364074716 6.3518795036270612 0.50024890899658214 0.50195312802691305 33.973039754590907 40.129013061523445 38.029785156250007 0.018985442283444454 6.5000761712435642 17.989919397759557 30.603625179843764 28.103868957694786
decision_type=2 2 2 2 2 2 2 2 2 2 2 2
left_child=2 7 5 -4 -5 6 -1 -2 9 -3 -10 -9
right_child=1 8 3 4 -6 -7 -8 11 10 -11 -12 -13
leaf_value=0.00026955066621941836 -0.018819599364225933 -0.13574889570328882 -0.14323703032795659 -0.0075042376528586105 -0.078251896857195927 0.055068637290028637 -0.11508331103643976 0.10004999473021653 0.015948396581221155 0.016234597277998447 -0.0088632098776636279 0.024303473526054553
leaf_weight=1648.2685693297535 7.3505707085132626 9.238573722541334 7.4168547838926306 105.55858074873686 9.0854847878217679 13.55938173830509 5.8863053247332564 12.670183420181276 211.36575032770634 18.421097293496132 188.83530387282372 10.052331164479254
leaf_count=5863 20 33 34 330 29 32 21 24 578 47 591 26
internal_value=2.84405e-05 0.00462035 -0.00114645 -0.0210179 -0.013111 0.00030795 -0.000140932 0.0456762 0.00173466 -0.0345292 0.00424101 0.0665401
internal_weight=2247.71 457.934 1789.78 122.061 114.644 1667.71 1654.15 30.0731 427.861 27.6597 400.201 22.7225
internal_count=7628 1319 6309 393 359 5916 5884 70 1249 80 1169 50
is_linear=0
shrinkage=0.1


Tree=76
num_leaves=11
num_cat=0
split_feature=5 5 4 2 1 7 4 7 5 7
split_gain=1.24007 6.6505 5.82424 5.22418 8.71723 7.01496 3.24274 10.855 3.64194 1.06922
threshold=0.39494633018618547 0.38227334657619322 0.26611722285451839 12.739720313636125 14.952064564924109 3.999214822136699 0.50024890899658214 3.9290548961776088 0.32521211319314974 5.5199746660429803
decision_type=2 2 2 2 2 2 2 2 2 2
left_child=1 6 9 5 -5 -4 8 -8 -1 -2
right_child=2 -3 3 4 -6 -7 7 -9 -10 -11
leaf_value=-0.00091023008710914329 0.044349660468169454 -0.089327013271110589 -0.013047240233334399 0.071728418625504373 0.0015207185808130041 -0.13805965228914138 -0.11940405143053263 0.00090112307164272234 0.017155498753951653 0.097979786613794945
leaf_weight=1845.6406435053796 8.9992228001356107 8.4447711482644063 24.229030422866348 19.761821165680885 168.29537882655859 5.5093516558408728 9.9039981104433519 30.899077594280243 118.7699193879962 6.3339923024177542
leaf_count=6391 31 30 101 47 486 24 52 84 367 15
internal_value=2.88894e-05 -0.000770478 0.00693346 0.0027396 0.00889843 -0.0362071 -0.000397531 -0.0283002 0.000182039 0.0665037
internal_weight=2246.79 2013.66 233.129 217.796 188.057 29.7384 2005.21 40.8031 1964.41 15.3332
internal_count=7628 6924 704 658 533 125 6894 136 6758 46
is_linear=0
shrinkage=0.1


Tree=77
num_leaves=7
num_cat=0
split_feature=6 4 0 1 2 2
split_gain=1.19288 2.15957 1.61501 1.75478 3.62334 2.33866
threshold=11.759475916624071 0.11360701241289917 45.900609970092781 39.255066628744139 39.263339829389558 48.033047423735376
decision_type=2 2 2 2 2 2
left_child=2 -2 3 5 -5 -1
right_child=1 -3 -4 4 -6 -7
leaf_value=-0.00040782903542003091 -0.019048383086160664 0.058592163868235285 -0.048621639200554762 0.085700606562845394 -0.017931450251585067 0.060551324860502534
leaf_weight=2203.8358422461897 5.8982180729508391 9.1249259412288648 6.8565171957015982 7.0218764096498472 6.4939883574843407 6.3114785924553862
leaf_count=7485 23 37 21 17 24 21
internal_value=2.56665e-05 0.0281098 -0.000163488 -1.40702e-05 0.0359084 -0.000233749
internal_weight=2245.54 15.0231 2230.52 2223.66 13.5159 2210.15
internal_count=7628 60 7568 7547 41 7506
is_linear=0
shrinkage=0.1


Tree=78
num_leaves=12
num_cat=0
split_feature=4 3 7 6 5 0 5 1 2 3 2
split_gain=1.18592 9.17183 8.14439 11.48 7.39595 6.07331 6.3315 3.67633 6.62019 6.44701 1.87554
threshold=1.0000000180025095e-35 6.1034323412024039 2.4799262759177414 1.875144958496094 0.22137382210131104 44.283203125000007 0.0086715161916120515 35.525174008027243 31.942938822462747 36.55180593016415 34.600672867581231
decision_type=2 2 2 2 2 2 2 2 2 2 2
left_child=7 2 3 -2 -4 6 -3 8 9 -1 -9
right_child=1 5 4 -5 -6 -7 -8 10 -10 -11 -12
leaf_value=0.0045893971365609902 -0.040967632564671362 -0.016362146133647722 -0.12476738029690249 0.051001762590901202 -0.031671228930414019 -0.074521915511354564 0.003482214267003049 0.074178419563964759 -0.077792719447120712 -0.096857336799058058 0.010088416921415606
leaf_weight=629.78198266401887 39.159289758652449 183.66826928406954 14.405341191217301 20.771788885816932 20.935558050870895 10.723116822540758 1290.2056025080383 10.860141813755037 10.157564885914324 6.3273825198411933 7.8786342702805987
leaf_count=2497 279 604 84 116 84 36 3824 25 35 21 23
internal_value=2.47558e-05 -0.00146644 -0.0315438 -0.00909154 -0.0696182 0.000463734 0.00100929 0.00356742 0.00230134 0.00358031 0.0472321
internal_weight=2244.87 1579.87 95.272 59.9311 35.3409 1484.6 1473.87 665.006 646.267 636.109 18.7388
internal_count=7628 5027 563 395 168 4464 4428 2601 2553 2518 48
is_linear=0
shrinkage=0.1


Tree=79
num_leaves=15
num_cat=0
split_feature=3 3 4 3 7 1 1 2 0 2 2 2 5 6
split_gain=1.32591 8.96358 7.64757 7.02544 13.9926 9.31079 10.3814 8.83758 6.68052 5.62996 12.4901 10.4313 2.90083 2.80731
threshold=9.9181447968097967 9.6882549374971827 3.8146972677705067e-05 10.267979800271812 3.639261931239782 8.2958127527239558 7.3337905807041635 20.685241480765384 7.3917236328125009 6.9797750383390609 6.0005143396505378 8.7828956742102751 0.14834288007164306 2.9878477476077028
decision_type=2 2 2 2 2 2 2 2 2 2 2 2 2 2
left_child=1 9 -3 4 13 6 -5 -6 -7 10 -1 -11 -4 -2
right_child=3 2 12 5 7 8 -8 -9 -10 11 -12 -13 -14 -15
leaf_value=-0.00045542163914474935 -0.021660966234523099 -0.0161348473821789 0.12677901604044384 -0.012709638890780559 -0.20587848595221617 0.034345426767476532 -0.10981434370704375 -0.041548313961167226 -0.00044558032589969905 0.03563642320825796 -0.058329800667637155 -0.00062510961823350605 0.047765737182129564 0.051862464376357248
leaf_weight=230.08620204590261 17.919756032526497 9.25955578684807 11.368353545665743 36.460689168423414 6.876531854271887 57.502113707363605 15.772402279078959 6.244490921497345 1373.8303743638098 106.37008261308074 44.502731554210186 312.09093089774251 7.8583084493875495 7.3124430850148192
leaf_count=1380 74 35 28 190 28 163 75 18 3924 417 223 1032 21 20
internal_value=2.02412e-05 0.00355098 0.0585274 -0.00165367 -0.0439102 -0.000561253 -0.0420316 -0.127671 0.000952108 0.0012913 -0.00983514 0.00859234 0.0944848 -0.000353434
internal_weight=2243.45 721.536 28.4862 1521.92 38.3532 1483.57 52.2331 13.121 1431.33 693.05 274.589 418.461 19.2267 25.2322
internal_count=7628 3136 84 4492 140 4352 265 46 4087 3052 1603 1449 49 94
is_linear=0
shrinkage=0.1


Tree=80
num_leaves=13
num_cat=0
split_feature=3 1 2 3 1 3 3 6 0 2 2 2
split_gain=1.24224 3.71357 3.40746 3.0541 2.08382 1.7984 9.11555 10.2437 5.46031 4.2643 6.71484 3.9226
threshold=35.62290030467689 26.578380462313973 27.557495338190492 41.877801461427545 30.652914579695423 18.801156950132434 19.923371772366576 5.4256541896947121 6.7507324218750009 23.86106183694125 25.340221268015004 23.672575061165766
decision_type=2 2 2 2 2 2 2 2 2 2 2 2
left_child=5 -2 4 -4 -3 9 7 -7 -8 11 -11 -1
right_child=1 2 3 -5 -6 6 8 -9 -10 10 -12 -13
leaf_value=-0.00041692186527744366 -0.041463745113292948 0.090322099464983097 0.026208559469898359 -0.048129381700501635 0.022809458307607531 -0.078543825281778931 0.085909233480072678 -0.0030391531949244218 -0.0016573936345967918 0.04435657820757944 0.0044772705615358345 -0.083528767574483131
leaf_weight=1357.6961276102811 9.6125455349683744 10.165677413344385 18.449958637356762 7.8901113644242278 8.3083324134349805 33.772828884422779 7.2217785120010367 38.397039785981178 510.19312065839767 55.110957413911819 180.53730860352516 5.7025421708822241
leaf_count=5135 29 22 55 27 23 113 16 111 1439 130 510 18
internal_value=1.28734e-05 0.0149361 0.0270338 0.00394079 0.0599596 -0.000358236 -0.00507902 -0.0383725 -0.000435189 0.00138237 0.0138038 -0.000764545
internal_weight=2243.06 54.4266 44.8141 26.3401 18.474 2188.63 589.585 72.1699 517.415 1599.05 235.648 1363.4
internal_count=7628 156 127 82 45 7472 1679 224 1455 5793 640 5153
is_linear=0
shrinkage=0.1


Tree=81
num_leaves=13
num_cat=0
split_feature=5 5 3 4 4 4 7 2 2 2 5 0
split_gain=1.16689 6.72452 6.63047 6.52888 10.9515 5.40676 7.73002 8.88279 6.19485 5.1168 4.80804 2.16294
threshold=0.10049579661406775 0.10615322484457922 15.776294786648018 0.034195560059856654 0.046877457210948506 0.017578765749931304 7.0715122098643057 6.9797750383390609 39.263339829389558 34.600672867581231 0.068378071734169973 30.33693841681816
decision_type=2 2 2 2 2 2 2 2 2 2 2 2
left_child=5 2 -2 -3 -5 8 7 -7 10 -8 -1 -10
right_child=1 3 -4 4 -6 6 9 -9 11 -11 -12 -13
leaf_value=-0.00094135293190973851 -0.014979511123201681 0.074147781779309016 -0.1354131485541957 -0.11865034928935535 -0.0014221040746734233 -0.055945019189834334 -0.084766248409487654 0.034066751993486549 0.022487092183407449 0.008510462684672232 -0.077714114967754003 0.08859207384094217
leaf_weight=1177.9619076028466 11.91625513136387 11.247274611145256 7.4165947362780562 8.0468493364751321 825.07406103797257 11.919757414609192 10.957878246903421 136.66584937274456 10.088821403682234 12.693523630499838 8.2143189758062345 9.7168634980916959
leaf_count=4305 39 31 27 34 2581 72 36 371 31 39 33 29
internal_value=1.40918e-05 -0.00286783 -0.0611811 -0.00153268 -0.00255437 0.00182013 0.0183937 0.0268459 -0.000546891 -0.0347054 -0.00147301 0.0549188
internal_weight=2241.92 863.701 19.3328 844.368 833.121 1378.22 172.237 148.586 1205.98 23.6514 1186.18 19.8057
internal_count=7628 2712 66 2646 2615 4916 518 443 4398 75 4338 60
is_linear=0
shrinkage=0.1


Tree=82
num_leaves=14
num_cat=0
split_feature=3 3 7 7 3 7 2 0 2 3 2 2 6
split_gain=1.12836 7.1651 6.21398 7.03815 5.7725 11.7157 10.666 8.51956 4.30574 11.6671 8.68256 3.81998 1.98332
threshold=9.9181447968097967 9.6882549374971827 2.9610618974153611 1.8900734621285322 10.267979800271812 4.8890986958100733 16.812454654250235 3.0009231567382817 6.9797750383390609 7.5312459454383545 7.6516580535571395 6.9797750383390609 2.0941896438598637
decision_type=2 2 2 2 2 2 2 2 2 2 2 2 2
left_child=1 8 3 -3 5 6 -2 12 9 -1 -10 -9 -6
right_child=4 2 -4 -5 7 -7 -8 11 10 -11 -12 -13 -14
leaf_value=-8.2494203998356198e-05 -0.042474085475242229 0.082295428408328819 0.09165080250318873 -0.072124066042172252 -0.12101642076627278 -0.15761325058061815 0.10514235759559276 0.038037580045013716 0.047133467389235267 -0.059140788636953968 0.0023694985020426048 -0.00060299701415609955 -0.020840806804890491
leaf_weight=233.66228170506656 25.259992115199569 5.3540902584791201 16.708164192736149 6.5777058452367783 7.1193400323390943 6.9230041950941077 6.071189507842063 26.045111693441868 49.065490499138832 39.038962207734585 370.68887550756335 1446.0068077668548 2.7358569279313087
leaf_count=1387 102 22 36 26 56 26 12 94 179 216 1270 4185 17
internal_value=1.55686e-05 0.00327339 0.0522879 -0.00283224 -0.00152979 -0.0398836 -0.0138698 -0.000539723 0.00124615 -0.00853707 0.007602 8.06733e-05 -0.0932071
internal_weight=2241.26 721.096 28.64 11.9318 1520.16 38.2542 31.3312 1481.91 692.456 272.701 419.754 1472.05 9.8552
internal_count=7628 3136 84 48 4492 140 114 4352 3052 1603 1449 4279 73
is_linear=0
shrinkage=0.1


Tree=83
num_leaves=15
num_cat=0
split_feature=0 0 2 7 2 1 5 1 2 4 6 4 0 4
split_gain=1.08008 5.83958 8.33133 7.4552 4.48195 11.8809 5.96809 4.3283 12.4407 7.44348 6.26489 7.2821 4.29409 3.79012
threshold=25.751976013183597 28.741607666015629 19.342942586135198 9.2569821873960176 19.638163169898011 26.315459023587007 0.043895749461841459 24.265774386678284 31.324035491347107 0.16055106047429032 8.5637281157831833 0.32812503912282415 19.002776931027856 0.24621582031250003
decision_type=2 2 2 2 2 2 2 2 2 2 2 2 2 2
left_child=7 2 13 -4 6 -6 -3 10 9 -9 11 -1 -10 -2
right_child=1 4 3 -5 5 -7 -8 8 12 -11 -12 -13 -14 -15
leaf_value=0.0020717797463980091 -0.0835266885896086 -0.0133021064237377 0.036422226295647168 -0.04892087276282437 -0.11699471964207796 -0.0028364550324268094 0.076649549123858851 -0.078790085249539288 -0.059001231454388819 -0.0059048362937335558 0.078843174865774662 -0.019965143336377313 0.019097696540125379 0.011369816798007512
leaf_weight=1413.0511832870543 10.217723079025747 13.85836021602154 121.18533746898174 11.18012975156307 9.3744752407073957 331.4306696690619 15.768514283001421 38.116125680506229 7.9532130882143965 22.157068833708763 10.074183627963064 167.755116391927 61.321858055889606 7.1565863043069831
leaf_count=5172 34 38 299 43 32 981 35 119 25 59 22 583 167 19
internal_value=1.01192e-05 0.00400304 0.020668 0.0292138 -0.00273343 -0.00597659 0.0345735 -0.00119714 -0.0187741 -0.0519967 0.000234183 -0.000266778 0.0101314 -0.0444382
internal_weight=2240.6 520.172 149.74 132.365 370.432 340.805 29.6269 1720.43 129.548 60.2732 1590.88 1580.81 69.2751 17.3743
internal_count=7628 1481 395 342 1086 1013 73 6147 370 178 5777 5755 192 53
is_linear=0
shrinkage=0.1


Tree=84
num_leaves=12
num_cat=0
split_feature=5 0 3 4 7 6 3 5 0 3 1
split_gain=1.17448 5.32444 9.59699 7.84526 6.45062 5.6779 5.35531 5.31673 2.62836 4.91539 4.69689
threshold=0.39494633018618547 35.007812500000007 20.510688784424683 0.28186753392493996 6.144777010918637 8.6948839094863306 19.923371772366576 0.38227334657619322 35.353341102600105 41.877801461427545 37.038970914926082
decision_type=2 2 2 2 2 2 2 2 2 2 2
left_child=7 2 3 -2 -3 -4 -6 8 9 -1 -10
right_child=1 4 5 -5 6 -7 -8 -9 10 -11 -12
leaf_value=-0.0010245251090776326 0.070870496110752509 -0.1183203399868855 0.0570461604899428 -0.010018460953570519 0.048323572339214291 -0.030616196777095719 -0.043378525123595302 -0.079294591319710409 0.02829021270806626 -0.083755147361616808 -0.013329604889685915
leaf_weight=1872.3909359890968 13.300355747342108 6.6425452381372443 54.588235251605511 121.72862121835351 10.31271603703499 8.5451940521597844 16.650269627571106 8.5841225236654264 78.559196054935455 7.2093162536621085 41.406723756343126
leaf_count=6530 38 23 134 389 32 32 56 30 205 26 133
internal_value=1.48889e-05 0.00675517 0.0129969 -0.0020509 -0.0300506 0.0451809 -0.0083046 -0.000763032 -0.000425896 -0.00134184 0.013925
internal_weight=2239.92 231.768 198.162 135.029 33.6055 63.1334 26.963 2008.15 1999.57 1879.6 119.966
internal_count=7628 704 593 427 111 166 88 6924 6894 6556 338
is_linear=0
shrinkage=0.1


Tree=85
num_leaves=7
num_cat=0
split_feature=4 0 2 5 6 5
split_gain=1.13963 4.63038 1.63852 1.48299 5.38638 3.17898
threshold=1.0061801676221513 33.32064632716984 48.033047423735376 0.66678646743293124 4.942530505732976 0.51857176330352528
decision_type=2 2 2 2 2 2
left_child=2 -2 3 5 -5 -1
right_child=1 -3 -4 4 -6 -7
leaf_value=-0.00070311933047373192 -0.02058142409592004 0.073172262011532138 0.045713775047512922 -0.064572367283300416 0.0092630925885759646 0.020962664592441841
leaf_weight=2097.9524364881217 11.304001681506636 9.8654671609401685 7.7445726171135894 16.014120236039162 25.794890873134136 69.982511661946774
leaf_count=7194 35 29 27 66 73 204
internal_value=1.78855e-05 0.02311 -0.000202565 -0.00036349 -0.0190181 -3.73212e-06
internal_weight=2238.66 21.1695 2217.49 2209.74 41.809 2167.93
internal_count=7628 64 7564 7537 139 7398
is_linear=0
shrinkage=0.1


Tree=86
num_leaves=12
num_cat=0
split_feature=3 3 0 0 7 3 2 2 4 5 4
split_gain=1.0312 3.34064 4.61068 4.92548 3.0276 1.71171 6.89353 12.8904 5.76876 2.27668 3.25574
threshold=35.62290030467689 36.55180593016415 26.847043156623844 31.867231369018558 5.8924243416102637 31.242739386368772 33.981893028746583 30.353586752022654 0.14697274566810847 1.0006667677816081 1.0834693908691408
decision_type=2 2 2 2 2 2 2 2 2 2 2
left_child=5 -2 4 -4 -3 9 7 -7 -8 10 -1
right_child=1 2 3 -5 -6 6 8 -9 -10 -11 -12
leaf_value=4.6980480039825985e-05 0.064360732754839778 0.0028508084071751979 0.088553563115798956 -0.0029070099877538985 -0.082952253424477304 -0.04797155574926612 -0.14776772353532985 0.088212275756895261 -0.02376465164541389 -0.054932896789363431 0.066940031306652659
leaf_weight=2124.8183294869959 10.479392886161802 8.1897333338856715 8.7567621022462863 17.974501609802246 8.2600638717412931 16.475461632013324 6.2313292250037184 12.022362381219862 9.4274945110082609 7.4956294000148764 7.3009217530488959
leaf_count=7297 26 24 24 52 30 50 24 25 31 25 20
internal_value=1.69554e-05 0.0137123 0.00142069 0.0270541 -0.0402341 -0.000319572 -0.0198082 0.00948025 -0.0731109 8.26281e-05 0.000276039
internal_weight=2237.43 53.6605 43.1811 26.7313 16.4498 2183.77 44.1566 28.4978 15.6588 2139.61 2132.12
internal_count=7628 156 130 76 54 7472 130 75 55 7342 7317
is_linear=0
shrinkage=0.1


Tree=87
num_leaves=11
num_cat=0
split_feature=2 0 3 4 7 7 0 4 4 7
split_gain=1.02575 2.02375 3.70467 2.5334 1.77808 4.20531 8.97428 2.25556 2.25392 2.11388
threshold=43.610138004859714 31.642180747337182 27.563021962016858 0.16055106047429032 10.99531097081889 10.357795136791283 36.092482691507023 1.0834693908691408 0.015068293320481952 11.751326514465351
decision_type=2 2 2 2 2 2 2 2 2 2
left_child=4 2 -2 -4 5 7 -7 -1 -6 -10
right_child=1 -3 3 -5 8 6 -8 -9 9 -11
leaf_value=-0.00036412578953533043 -0.06469242730702994 0.058795578041394764 -0.0083601580830877566 0.072119650903049684 0.075728079727203898 -0.11124334591427823 0.047119441431550967 0.042212603247141017 -0.045139605466554024 0.044053348098673561
leaf_weight=2161.0740456711501 6.0426938906312051 8.7635762467980367 8.81954677402973 7.028406858444213 6.9488130807876614 9.6704944521188718 5.6803927347064009 12.514639362692831 4.9688836932182294 5.7114183828234673
leaf_count=7359 26 31 31 24 21 36 20 34 23 23
internal_value=1.97932e-05 0.0181866 0.00192945 0.0273318 -0.000232585 -0.000487336 -0.0526433 -0.000118986 0.0313988 0.00255739
internal_weight=2237.22 30.6542 21.8906 15.848 2206.57 2188.94 15.3509 2173.59 17.6291 10.6803
internal_count=7628 112 81 55 7516 7449 56 7393 67 46
is_linear=0
shrinkage=0.1


Tree=88
num_leaves=10
num_cat=0
split_feature=5 4 4 5 0 1 1 6 3
split_gain=0.99604 7.44531 5.67585 7.6979 16.0143 5.13368 3.9036 4.37988 3.71824
threshold=0.098988165150512869 0.062500000000012421 0.033203192171640604 0.13174020850507992 8.2829117774963397 3.0020576131687253 34.242433444162323 5.7734806463122377 18.237651111515238
decision_type=2 2 2 2 2 2 2 2 2
left_child=1 6 -2 4 -4 -5 8 -8 -1
right_child=2 -3 3 5 -6 -7 7 -9 -10
leaf_value=0.0027399177877891387 0.059698062992018769 0.10787484299687405 -0.14748722638272785 0.059403736714728608 -0.014482890787012655 -0.0020372042011485817 -0.034770568118453575 0.036512289407609914 -0.010429284405382017
leaf_weight=1028.9171097222716 14.36660188436508 6.5727345570921889 10.879475038498638 13.842774158343671 53.912654131650925 772.8576083034277 10.246696490794418 54.285987034440041 270.83039693534374
leaf_count=3940 39 15 59 94 156 2380 30 155 760
internal_value=2.21501e-05 0.00169926 -0.0026331 -0.00368477 -0.0368161 -0.00095609 0.00118773 0.0251938 -4.16923e-06
internal_weight=2236.71 1370.85 865.859 851.493 64.7921 786.7 1364.28 64.5327 1299.75
internal_count=7628 4900 2728 2689 215 2474 4885 185 4700
is_linear=0
shrinkage=0.1


Tree=89
num_leaves=13
num_cat=0
split_feature=0 1 2 4 0 0 1 1 2 4 7 7
split_gain=0.937331 6.2726 11.5332 7.15158 5.70054 2.52088 5.64024 7.12199 6.55876 5.34798 6.88557 0.00399079
threshold=2.5039062500000004 3.1470869673010839 6.6474885964720061 0.032172694980553161 2.1176757812500004 3.0009231567382817 4.3578678409235723 5.000685871056243 4.7265640955115895 0.0090339192286771012 1.6667090043861881 2.0981444051722433
decision_type=2 2 2 2 2 2 2 2 2 2 2 2
left_child=1 2 4 11 -1 9 8 -8 -7 10 -2 -3
right_child=5 3 -4 -5 -6 6 7 -9 -10 -11 -12 -13
leaf_value=-0.00046639797199414258 0.03882356805816356 -0.11717857493130333 0.17195117257392609 0.019344426751950836 -0.11348220109254062 -0.019056675570813215 0.041813408003698455 -2.7084044526810648e-05 -0.12706404278630073 0.10172502510341178 -0.08324105517830914 -0.12125734285330717
leaf_weight=86.765883982181549 16.669626258313663 5.9573350846767408 3.7807126864790908 6.0001871660351744 4.7051350735127917 36.136348653584719 41.522620670497417 2010.7836020290852 6.6582389250397673 7.5965634062886229 6.3937844708561888 4.0159271880984306
leaf_count=660 73 50 13 32 49 201 182 6226 41 35 37 29
internal_value=1.85559e-05 -0.00893036 0.000794542 -0.0669212 -0.00627977 0.000486786 7.02022e-05 0.00081944 -0.0358611 0.0289534 0.00498404 -0.118821
internal_weight=2236.99 111.225 95.2517 15.9734 91.471 2125.76 2095.1 2052.31 42.7946 30.66 23.0634 9.97326
internal_count=7628 833 722 111 709 6795 6650 6408 242 145 110 79
is_linear=0
shrinkage=0.1


Tree=90
num_leaves=14
num_cat=0
split_feature=0 0 0 1 3 1 2 3 1 0 2 0 2
split_gain=1.05458 4.58271 2.71718 4.30422 7.22702 2.7498 3.35743 2.03488 1.92131 3.46934 2.71028 1.64225 0.00620892
threshold=-1.0000000180025095e-35 -0.68334960937499989 0.27119565085740766 0.96667821953659938 1.3535488357565082 0.96667821953659938 -0.30393252052850545 7.4343908054847763 -0.5732989281548635 -1.5501723648529435 -1.9090909090909087 1.0011367131955924 2.0209047275256116
decision_type=2 2 2 2 2 2 2 2 2 2 2 2 2
left_child=1 8 3 4 -2 6 -4 12 10 -10 -1 -7 -3
right_child=2 7 5 -5 -6 11 -8 -9 9 -11 -12 -13 -14
leaf_value=0.012312782244629164 0.0054535631817007688 -0.11083209674453814 0.046144935048760431 -0.044380743107062234 0.19400689725088918 0.033934174013055429 -0.11403817963976477 -0.004484522724132761 0.11932256026606076 -0.0094770333382107122 -0.068121836542401504 -7.1282504168844766e-06 -0.11734204690777024
leaf_weight=12.087457373738291 4.6658074557781202 3.1210572216659767 1.8653887473046777 3.5241558998823157 3.6021560877561569 14.349807493388651 4.3830178976058951 2.3912127241492271 3.45195122808218 5.3056342378258723 6.4110668469220391 2168.6082244291902 2.7612649574875832
leaf_count=63 29 42 19 21 18 81 49 15 16 46 70 7135 24
internal_value=8.35331e-06 -0.0170826 0.000284244 0.0481579 0.0876018 2.63736e-05 -0.0662174 -0.0822683 0.00270437 0.0412915 -0.0155636 0.000215987 -0.113888
internal_weight=2236.53 35.5296 2201 11.7921 8.26796 2189.21 6.24841 8.27353 27.2561 8.75759 18.4985 2182.96 5.88232
internal_count=7628 276 7352 68 47 7284 68 81 195 62 133 7216 66
is_linear=0
shrinkage=0.1


Tree=91
num_leaves=13
num_cat=0
split_feature=7 5 2 1 3 6 5 4 3 3 3 7
split_gain=0.972189 4.45055 3.26379 6.92364 3.99613 3.03439 3.19121 2.1026 3.52151 2.03644 11.1937 8.0024
threshold=1.0806060001643336 0.0074619767119922511 0.33001355096642809 1.0000000000000007 0.72091235214868654 1.0512743741273882 0.013914857863593503 0.0070938166663836013 6.3080576939710467 5.0803686959689633 5.5193912837088552 3.0012822969665192
decision_type=2 2 2 2 2 2 2 2 2 2 2 2
left_child=1 2 4 -4 -1 6 -2 -3 -9 11 -11 -7
right_child=5 7 3 -5 -6 9 -8 8 -10 10 -12 -13
leaf_value=-0.0075328643066857881 -0.0019577742530561054 -0.11962281312007719 0.09529416645452693 -0.0020998590685927538 -0.11364237079764111 0.024211911685756225 0.11310908373934939 -0.080983105081919443 0.01887666737589316 -0.083342315299107392 -3.1349221506001124e-05 -0.017061419247539109
leaf_weight=10.463983669877051 4.7436736673116666 3.8703213296830681 7.8862960264086714 98.031585648655891 5.3709416575729838 133.7641319911927 4.899686761200428 7.9343341775238496 6.3638173714280128 16.268255136907101 1864.2114911265671 72.404156954959035
leaf_count=67 26 31 39 555 57 671 23 70 47 90 5722 230
internal_value=2.27223e-06 -0.00806827 -0.00117882 0.00515178 -0.0435234 0.000540957 0.0565064 -0.0542367 -0.0365375 0.000282315 -0.000752082 0.00971715
internal_weight=2236.21 139.921 121.753 105.918 15.8349 2096.29 9.64336 18.1685 14.2982 2086.65 1880.48 206.168
internal_count=7628 866 718 594 124 6762 49 148 117 6713 5812 901
is_linear=0
shrinkage=0.1


Tree=92
num_leaves=13
num_cat=0
split_feature=6 7 3 3 3 3 6 6 7 1 4 6
split_gain=0.954467 7.70391 6.01663 17.6685 7.41474 5.77346 5.75326 5.13883 9.27803 7.95959 4.25382 4.01944
threshold=3.4343707856362902 3.351136805096234 23.073766449985193 21.822250746511276 20.510688784424683 24.603052529983241 2.687536327627416 3.5790748596191411 3.5896800079458195 9.5316174417315764 0.00079587487302390004 3.6678833136705742
decision_type=2 2 2 2 2 2 2 2 2 2 2 2
left_child=2 10 3 4 -1 -4 -7 8 -3 -9 11 -2
right_child=1 7 5 -5 -6 6 -8 9 -10 -11 -12 -13
leaf_value=-0.0014021102441130148 0.038936781276623957 -0.054211290172823612 -0.12400258987523947 0.11755101436490084 -0.082702223719683401 -0.075932708826558448 0.012761996531415062 -0.05247233243928795 0.050261793301746842 0.00042442113373647954 -0.0019801835329691839 0.12498890059840639
leaf_weight=894.35925221815705 13.295312713831665 10.500857546925543 6.9450811296701422 12.443975083529947 11.36044669896364 12.242693036794664 18.163961142301559 29.159851158037782 44.624557189643383 1163.225311756134 10.934607243165372 9.1731073446571809
leaf_count=3899 37 35 28 27 42 57 46 117 106 3179 35 20
internal_value=-4.43791e-06 0.00177984 -0.00239634 -0.000795852 -0.00242186 -0.0417389 -0.0229493 0.000510823 0.0303607 -0.000869172 0.049174 0.074069
internal_weight=2236.43 1280.91 955.515 918.164 905.72 37.3517 30.4067 1247.51 55.1254 1192.39 33.403 22.4684
internal_count=7628 3529 4099 3968 3941 131 103 3437 141 3296 92 57
is_linear=0
shrinkage=0.1


Tree=93
num_leaves=12
num_cat=0
split_feature=0 0 0 6 1 2 3 1 1 6 2
split_gain=0.927982 3.9943 2.09151 3.34558 2.34852 3.15056 1.93892 1.73597 1.48256 2.03236 0.00480123
threshold=-1.0000000180025095e-35 -0.68334960937499989 0.27119565085740766 1.0158691406250002 0.96667821953659938 -0.30393252052850545 7.4343908054847763 1.0000000000000007 0.73754000914494777 2.2502441406250004 2.0209047275256116
decision_type=2 2 2 2 2 2 2 2 2 2 2
left_child=1 8 3 -2 5 -4 10 -6 9 -1 -3
right_child=2 6 4 -5 7 -7 -8 -9 -10 -11 -12
leaf_value=0.0074475965842660703 -0.015771407525383148 -0.10960539029578453 0.043605654359802778 0.089954728054390712 0.05147041012496302 -0.11286902639720019 -0.0042601450002170416 3.8484013996924672e-05 0.054410467096003071 -0.064810685106296298 -0.11557513103622033
leaf_weight=17.67834400758148 5.4992430470883829 2.8559687454253426 1.8907798416912553 6.5672893412411213 6.5824572518467894 4.0280384831130496 2.3900656029582024 2175.3879865594208 4.493941716849803 4.9915054794400922 2.5502371788024902
leaf_count=131 36 42 19 32 34 49 15 7182 19 45 24
internal_value=-4.88813e-06 -0.0161693 0.000251985 0.0417707 2.30027e-05 -0.0628828 -0.079263 0.000193641 0.00193919 -0.00846242 -0.112421
internal_weight=2234.92 34.9601 2199.96 12.0665 2187.89 5.91882 7.79627 2181.97 27.1638 22.6698 5.40621
internal_count=7628 276 7352 68 7284 68 81 7216 195 176 66
is_linear=0
shrinkage=0.1


Tree=94
num_leaves=12
num_cat=0
split_feature=0 2 2 2 0 2 3 0 1 0 4
split_gain=0.907281 5.76645 6.08716 7.55137 2.11909 4.69586 15.1805 4.61273 13.4455 3.78332 3.03751
threshold=2.5039062500000004 8.4027277798466589 6.6474885964720061 4.5960483831889016 3.0009231567382817 5.2893347079175408 6.1034323412024039 3.3762996196746831 5.333434943860186 3.5005683565977965 0.0070938166663836013
decision_type=2 2 2 2 2 2 2 2 2 2 2
left_child=1 2 3 -1 5 6 -2 8 -6 -9 -7
right_child=4 -3 -4 -5 7 10 -8 9 -10 -11 -12
leaf_value=-9.4596483476020788e-05 0.011125466196866617 -0.12200713706457295 0.079208692183695265 -0.081267758693080228 -0.10066944731986652 -0.079724495190490213 0.22322922506505072 0.059737669826866818 0.121132245779209 0.00017385646829538301 0.040285711470713637
leaf_weight=84.211541544646025 17.796103850007064 4.3274860531091681 8.0745512247085554 13.265775837004183 12.733850575983526 5.5955171361565572 4.1638500690460196 10.719006590545176 3.479931913316249 2066.8415488675237 3.3848049938678741
leaf_count=673 83 34 35 91 86 31 15 49 15 6500 16
internal_value=-7.79942e-06 -0.00886841 -0.00422988 -0.0111415 0.000450426 0.0264297 0.0513427 6.65232e-05 -0.0530646 0.000481171 -0.034491
internal_weight=2234.59 109.879 105.552 97.4773 2124.71 30.9403 21.96 2093.77 16.2138 2077.56 8.98032
internal_count=7628 833 799 764 6795 145 98 6650 101 6549 47
is_linear=0
shrinkage=0.1


Tree=95
num_leaves=14
num_cat=0
split_feature=3 3 4 2 2 3 3 4 2 2 2 2 5
split_gain=0.929021 5.75372 6.38997 4.85058 22.1001 9.70437 8.4808 5.62057 6.79975 3.38089 9.74428 7.06998 2.31113
threshold=9.9181447968097967 9.6882549374971827 3.8146972677705067e-05 6.9797750383390609 8.2953926798353894 10.267979800271812 16.846691878589301 0.11360701241289917 6.2341091006700617 6.9797750383390609 6.0005143396505378 8.7828956742102751 0.14834288007164306
decision_type=2 2 2 2 2 2 2 2 2 2 2 2 2
left_child=1 9 -3 7 6 -6 -5 8 -2 10 -1 -11 -4
right_child=3 2 12 4 5 -7 -8 -9 -10 11 -12 -13 -14
leaf_value=0.00060784836332819633 -0.022891759561632252 -0.02139245331483329 0.10814121780023758 -0.14315754356806648 -0.054752148814293827 0.00037197836568891456 0.011396475287002775 0.10846089291531669 0.084215301403461784 0.02868151097222283 -0.05156673517863878 -0.00093168571706963254 0.037537913678310018
leaf_weight=227.2754001878202 17.54160596057773 9.2449724823236483 11.522208929061891 15.216736353933813 32.66656519472599 1428.4734748378396 4.630874626338481 8.1055784747004491 8.9522594660520536 108.7893511466682 42.487546190619469 311.36638283357024 7.7580216825008383
leaf_count=1380 93 35 28 84 118 4131 16 22 28 417 223 1032 21
internal_value=-1.5441e-05 0.0029464 0.0469575 -0.00141946 -0.00228416 -0.000860426 -0.107097 0.035593 0.0132996 0.00112673 -0.00760963 0.00673595 0.0797317
internal_weight=2234.03 718.444 28.5252 1515.59 1480.99 1461.14 19.8476 34.5994 26.4939 689.919 269.763 420.156 19.2802
internal_count=7628 3136 84 4492 4349 4249 100 143 121 3052 1603 1449 49
is_linear=0
shrinkage=0.1


Tree=96
num_leaves=13
num_cat=0
split_feature=6 3 3 1 3 5 5 7 3 7 2 2
split_gain=0.899377 5.77416 10.2071 5.1443 9.58682 4.90542 4.78863 4.52533 4.47248 3.04154 7.23999 4.06374
threshold=9.0165085740023532 19.256033495349509 20.743432541247 38.470761570898766 24.026521268987228 0.26611901069455418 0.011905391083518202 9.366458311076105 25.206041346795061 9.157416320270638 41.048003006277625 30.674765041311939
decision_type=2 2 2 2 2 2 2 2 2 2 2 2
left_child=3 6 -3 9 -5 -6 -2 -8 -4 11 -11 -1
right_child=1 2 8 4 5 -7 7 -9 -10 10 -12 -13
leaf_value=-0.0012079617669545394 -0.031420055579012611 -0.13617139077473739 0.034180799752516637 0.026512436162446681 -0.054706145915897113 -0.18957064046345917 0.093030363131365187 0.023174803035314884 -0.02144186390172266 -0.087334657520586084 0.037046564953229798 0.012793498499822913
leaf_weight=1846.5644716508687 8.8661875575780851 5.8982224464416495 24.792092576622963 8.7908892296254653 6.1683953553438169 4.7923615649342537 15.038539379835127 24.19129728525877 34.673361375927925 12.068312533199789 7.6439558416604987 233.50251475721598
leaf_count=6482 29 28 78 26 20 20 36 87 118 42 28 634
internal_value=-2.01797e-05 0.00865396 -0.0106973 -0.000484512 -0.0512804 -0.113673 0.0349529 0.0499535 0.00174811 -6.69825e-06 -0.0391025 0.000363803
internal_weight=2232.99 113.46 65.3637 2119.53 19.7516 10.9608 48.096 39.2298 59.4655 2099.78 19.7123 2080.07
internal_count=7628 376 224 7252 66 40 152 123 196 7186 70 7116
is_linear=0
shrinkage=0.1


Tree=97
num_leaves=10
num_cat=0
split_feature=6 1 3 3 5 6 7 6 6
split_gain=0.938337 2.31838 1.25777 5.2836 16.1192 6.99852 4.40224 5.85893 3.41882
threshold=11.759475916624071 37.038970914926082 16.500494807856075 16.846691878589301 0.049901984639885912 1.7818918228149416 6.7038238173820508 6.3518795036270612 8.2449072891740816
decision_type=2 2 2 2 2 2 2 2 2
left_child=2 -2 6 4 -4 -5 7 -1 -8
right_child=1 -3 3 5 -6 -7 8 -9 -10
leaf_value=0.0012335125113279715 0.053515889547471378 -0.030941814693820187 0.031895715990171054 -0.073806869415488627 -0.12569733406467698 -0.00061398051309555354 0.041497355824779016 -0.044826314351612571 0.00098895581419259737
leaf_weight=1270.4475117176771 9.7145565152168256 4.8842809349298468 12.858917288482191 13.282149605453013 13.10490435361862 794.57799912244081 47.60312607139349 28.230506330728531 37.050805650651455
leaf_count=4887 37 23 34 87 49 2197 116 84 114
internal_value=-1.0231e-05 0.0252592 -0.000176617 -0.00324442 -0.0476473 -0.00181736 0.00167255 0.00023227 0.0237679
internal_weight=2231.75 14.5988 2217.16 833.824 25.9638 807.86 1383.33 1298.68 84.6539
internal_count=7628 60 7568 2367 83 2284 5201 4971 230
is_linear=0
shrinkage=0.1


Tree=98
num_leaves=13
num_cat=0
split_feature=7 7 7 0 7 4 1 2 1 2 3 3
split_gain=0.928578 13.6314 10.7635 15.1325 7.59356 6.65311 6.55809 8.15474 3.71382 3.14236 4.79604 1.56819
threshold=3.0012822969665192 2.9229490000561555 3.0633287608596258 13.5014725625515 2.9050195600264197 0.65258789062500011 4.5947151235979176 5.7395480807913701 7.9181212896564199 19.984728893996735 14.053764467891201 7.2076171857857778
decision_type=2 2 2 2 2 2 2 2 2 2 2 2
left_child=1 4 3 8 5 -1 11 -8 -2 10 -3 -4
right_child=2 9 6 -5 -6 -7 7 -9 -10 -11 -12 -13
leaf_value=-0.0017677816147452755 -0.05624531197933267 0.049611317090915145 -0.12409905727651532 0.031959666670754915 -0.11317152313399913 0.071880489811451828 0.080049643386432265 -0.000640554315430145 -0.1769833631423656 0.094445951137670819 -0.029757059419819921 -0.027000558448111146
leaf_weight=645.35968772321939 3.5673242099583176 45.659294415265322 5.1779176276177159 8.2690192162990552 6.0222313553094855 12.503553733229635 12.633095495402811 1460.244819842279 8.9124350696802122 11.228475376963614 9.137155666947363 2.4504748284816742
leaf_count=3172 21 135 44 20 26 47 35 4028 37 22 28 13
internal_value=-7.34358e-06 0.0029184 -0.00142984 -0.0729548 -0.00139126 -0.000368 -0.000427442 5.15377e-05 -0.142471 0.0462523 0.0363769 -0.092908
internal_weight=2231.17 729.91 1501.26 20.7488 663.885 657.863 1480.51 1472.88 12.4798 66.0249 54.7965 7.62839
internal_count=7628 3430 4198 78 3245 3219 4120 4063 58 185 163 57
is_linear=0
shrinkage=0.1


Tree=99
num_leaves=12
num_cat=0
split_feature=3 4 2 1 4 1 0 7 0 2 2
split_gain=0.92964 3.44759 2.50932 8.69669 2.13018 1.58094 2.69586 8.06286 3.43989 1.87065 0.824676
threshold=35.62290030467689 0.066410601604729877 26.160528180616897 34.76886145404665 0.0081448705323339012 39.255066628744139 38.029785156250007 6.7787509529471501 37.35848722234369 38.401090878182345 25.760069797711186
decision_type=2 2 2 2 2 2 2 2 2 2 2
left_child=5 4 -3 -4 10 6 8 -8 -1 -7 -2
right_child=1 2 3 -5 -6 9 7 -9 -10 -11 -12
leaf_value=-0.00027540959539134073 -0.013266038469781687 0.072936883301786992 -0.076811205983095515 0.068597766653080358 -0.055505933481637348 0.070797927138659053 0.016684956938678015 -0.053300885332323092 0.045176187558159824 -0.0050344893159257175 0.032504882318576053
leaf_weight=2081.3388898130506 8.9951100796461123 11.406354561448099 6.6918798387050655 10.673562325537203 8.3675408512353879 6.7765194699168187 31.045199230313301 35.042452767491341 16.785515584051609 6.2562171891331673 6.9996208623051634
leaf_count=7183 25 28 25 32 27 18 81 124 44 22 19
internal_value=-1.01306e-05 0.0130587 0.0364981 0.0125635 -0.0146233 -0.000329065 -0.000538173 -0.0204245 8.82145e-05 0.0343954 0.00676425
internal_weight=2230.38 53.1341 28.7718 17.3654 24.3623 2177.24 2164.21 66.0877 2098.12 13.0327 15.9947
internal_count=7628 156 85 57 71 7472 7432 205 7227 40 44
is_linear=0
shrinkage=0.1


end of trees

feature_importances:
rushing_yards_L10=203
rushing_yards_L3=184
rushing_yards_std_L5=173
rush_attempts_L3=156
rush_attempts_L5=152
rushing_yards_L5=133
rush_tds_L3=112
rush_tds_L5=74

parameters:
[boosting: gbdt]
[objective: binary]
[metric: binary_logloss]
[tree_learner: serial]
[device_type: cpu]
[data_sample_strategy: bagging]
[data: ]
[valid: ]
[num_iterations: 100]
[learning_rate: 0.1]
[num_leaves: 31]
[num_threads: 2]
[seed: 42]
[deterministic: 0]
[force_col_wise: 0]
[force_row_wise: 0]
[histogram_pool_size: -1]
[max_depth: 4]
[min_data_in_leaf: 20]
[min_sum_hessian_in_leaf: 0.001]
[bagging_fraction: 1]
[pos_bagging_fraction: 1]
[neg_bagging_fraction: 1]
[bagging_freq: 0]
[bagging_seed: 400]
[bagging_by_query: 0]
[feature_fraction: 1]
[feature_fraction_bynode: 1]
[feature_fraction_seed: 30056]
[extra_trees: 0]
[extra_seed: 12879]
[early_stopping_round: 0]
[early_stopping_min_delta: 0]
[first_metric_only: 0]
[max_delta_step: 0]
[lambda_l1: 0]
[lambda_l2: 0]
[linear_lambda: 0]
[min_gain_to_split: 0]
[drop_rate: 0.1]
[max_drop: 50]
[skip_drop: 0.5]
[xgboost_dart_mode: 0]
[uniform_drop: 0]
[drop_seed: 17869]
[top_rate: 0.2]
[other_rate: 0.1]
[min_data_per_group: 100]
[max_cat_threshold: 32]
[cat_l2: 10]
[cat_smooth: 10]
[max_cat_to_onehot: 4]
[top_k: 20]
[monotone_constraints: ]
[monotone_constraints_method: basic]
[monotone_penalty: 0]
[feature_contri: ]
[forcedsplits_filename: ]
[refit_decay_rate: 0.9]
[cegb_tradeoff: 1]
[cegb_penalty_split: 0]
[cegb_penalty_feature_lazy: ]
[cegb_penalty_feature_coupled: ]
[path_smooth: 0]
[interaction_constraints: ]
[verbosity: -1]
[saved_feature_importance_type: 0]
[use_quantized_grad: 0]
[num_grad_quant_bins: 4]
[quant_train_renew_leaf: 0]
[stochastic_rounding: 1]
[linear_tree: 0]
[max_bin: 255]
[max_bin_by_feature: ]
[min_data_in_bin: 3]
[bin_construct_sample_cnt: 200000]
[data_random_seed: 175]
[is_enable_sparse: 1]
[enable_bundle: 1]
[use_missing: 1]
[zero_as_missing: 0]
[feature_pre_filter: 1]
[pre_partition: 0]
[two_round: 0]
[header: 0]
[label_column: ]
[weight_column: ]
[group_column: ]
[ignore_column: ]
[categorical_feature: ]
[forcedbins_filename: ]
[precise_float_parser: 0]
[parser_config_file: ]
[objective_seed: 16083]
[num_class: 1]
[is_unbalance: 0]
[scale_pos_weight: 2.94824]
[sigmoid: 1]
[boost_from_average: 1]
[reg_sqrt: 0]
[alpha: 0.9]
[fair_c: 1]
[poisson_max_delta_step: 0.7]
[tweedie_variance_power: 1.5]
[lambdarank_truncation_level: 30]
[lambdarank_norm: 1]
[label_gain: ]
[lambdarank_position_bias_regularization: 0]
[eval_at: ]
[multi_error_top_k: 1]
[auc_mu_weights: ]
[num_machines: 1]
[local_listen_port: 12400]
[time_out: 120]
[machine_list_filename: ]
[machines: ]
[gpu_platform_id: -1]
[gpu_device_id: -1]
[gpu_use_dp: 0]
[num_gpu: 1]

end of parameters

pandas_categorical:[]
