tree
version=v4
num_class=1
num_tree_per_iteration=1
label_index=0
max_feature_idx=6
objective=binary sigmoid:1
feature_names=rush_tds_L3 rush_tds_L5 rush_tds_L10 rush_tds_std_L5 rush_attempts_L3 rush_attempts_L5 rush_attempts_L10
feature_infos=[0.1952333450317382:1.007843017578125] [0.40061336817939958:0.69948543428739529] [0.28140154361040909:1.1433797650772393] [0.51259825950456106:1.6706338094743951] [1:27.2158203125] [1:28] [1:29.198347107438011]
tree_sizes=1574 1480 1583 1684 1586 1478 1271 1584 1167 1586 1483 1279 1583 1484 1375 1385 1479 1382 1576 1276 971 1485 1387 870 1377 974 974 1394 1067 981 979 1080 870 1704 1178 880 976 1082 776 1495 1395 978 1085 977 1195 1387 1188 985 1080 972 1291 881 1081 1492 1185 1495 1195 1079 1391 1385 980 986 1498 778 1713 1201 1185 985 780 782 783 779 982 782 1504 779 781 979 779 784 783 985 883 1293 780 783 783 1082 1089 883 779 979 781 1697 1192 1500 1077 786 883 1083

Tree=0
num_leaves=14
num_cat=0
split_feature=5 4 0 5 2 6 3 6 0 6 6 0 1
split_gain=123.611 26.7535 29.9447 22.0266 17.6205 11.9129 11.901 8.69134 6.49934 7.56853 5.25123 5.08002 2.64167
threshold=9.5273466654470127 14.388916015625002 0.42290785931982106 2.2662777456619145 0.32923072532636616 6.2646361583025305 0.70645731343262386 11.535754551595414 0.60939080582465988 13.71087554339587 14.690832381425873 0.56250011920928966 0.48085150220871536
decision_type=2 2 2 2 2 2 2 2 2 2 2 2 2
left_child=3 2 7 12 11 -6 -4 -2 9 -3 -10 -5 -1
right_child=1 8 6 4 5 -7 -8 -9 10 -11 -12 -13 -14
leaf_value=-0.92730519910008646 -0.79059323049772467 -0.60349434122193424 -0.76878335412706589 -1.0209889498111786 -0.79950021855059783 -0.86408796966647206 -0.69342695445096347 -0.90166389026185523 -0.77986060740604524 -0.69965573888314958 -0.71038687030403669 -0.89743685323312505 -1.0209889498111786
leaf_weight=5.1442627310752851 11.504710495471956 9.2347794175147992 62.103496730327606 5.8035131692886335 60.924757152795792 53.75264048576355 31.632415950298309 18.174742430448532 16.988618969917297 71.990142703056335 30.256428569555283 7.8013055324554443 7.2543914616107941
leaf_count=22 40 22 208 28 215 210 92 75 58 212 91 32 35
internal_value=-0.779756 -0.73782 -0.771071 -0.854841 -0.84254 -0.829774 -0.743353 -0.858609 -0.705877 -0.688723 -0.735369 -0.950141 -0.982119
internal_weight=392.566 251.885 123.415 140.681 128.282 114.677 93.7359 29.6795 128.47 81.2249 47.245 13.6048 12.3987
internal_count=1340 798 415 542 485 425 300 115 383 234 149 60 57
is_linear=0
shrinkage=1


Tree=1
num_leaves=13
num_cat=0
split_feature=5 4 4 0 2 4 6 3 6 5 6 2
split_gain=89.8236 18.7209 18.3169 21.7623 18.1519 10.9129 10.6559 8.11661 6.98769 5.62282 10.2041 0.835593
threshold=9.5273466654470127 1.8979176927162984 14.388916015625002 0.42290785931982106 0.37138169667529064 7.8912007199274976 7.0610749693791037 0.70645731343262386 11.001808717007247 14.215234779203433 14.627052235125241 0.66920636508541809
decision_type=2 2 2 2 2 2 2 2 2 2 2 2
left_child=1 11 3 8 6 -6 -3 -5 -2 -4 -11 -1
right_child=2 4 9 7 5 -7 -8 -9 -10 10 -12 -13
leaf_value=-0.078237143006467294 0.091305028925610821 -0.0026470274778633211 0.20523805987800894 0.095186755351629654 0.071562137129477538 -0.0088579212647179727 -0.14083577947001311 0.15556201354226798 -0.013535368490886086 0.080607695593848672 0.15315702311667873 -0.13791450866624413
leaf_weight=4.0529205650091154 9.1636883318424243 27.689455613493919 14.265194192528723 64.844588965177536 76.044058531522751 21.685753390192986 6.9884632527828208 33.911453634500504 20.759002029895782 24.124131396412849 98.727212980389595 5.5717966109514236
leaf_count=19 30 111 35 208 263 87 34 92 85 77 271 28
internal_value=0.0860737 0.0218735 0.12038 0.0932818 0.0316618 0.0537173 -0.0304955 0.115919 0.0185715 0.145811 0.138911 -0.112785
internal_weight=407.828 142.032 265.795 128.679 132.408 97.7298 34.6779 98.756 29.9227 137.117 122.851 9.62472
internal_count=1340 542 798 415 495 350 145 300 115 383 348 47
is_linear=0
shrinkage=0.1


Tree=2
num_leaves=14
num_cat=0
split_feature=5 4 2 4 0 6 4 0 2 5 5 3 3
split_gain=67.4768 15.6829 14.4102 13.3006 16.3013 9.39294 8.43852 6.99298 6.57319 4.98361 16.4231 4.40436 0.804832
threshold=9.5273466654470127 1.8979176927162984 0.37138169667529064 14.388916015625002 0.42290785931982106 7.0610749693791037 7.8912007199274976 0.76119333505630504 0.66920636508541809 20.160802425217195 18.330056860787789 0.70799752773955393 0.58818910489183274
decision_type=2 2 2 2 2 2 2 2 2 2 2 2 2
left_child=1 12 5 4 8 -3 -4 -6 -2 10 -5 -11 -1
right_child=3 2 6 9 7 -7 -8 -9 -10 11 -12 -13 -14
leaf_value=-0.073048759129702476 -0.0059472656199799946 -0.0023850610481174076 0.062606968386191605 0.13245314472955602 0.10870855906431692 -0.13547730604213365 -0.0080026199336390002 0.019598607482537597 0.11355211407592876 0.12228554483736549 0.026720952431843605 0.22093224818242752 -0.13308063667100969
leaf_weight=3.9021688252687436 24.436756774783138 27.659350991249084 78.109955117106438 108.18121591210365 92.806077897548676 6.5604072958230963 21.607458516955376 9.7299328148365003 5.6713231056928626 8.6065895557403582 16.999094381928444 9.5461680889129621 5.2217731475830078
leaf_count=19 96 111 263 285 267 34 87 33 19 23 55 20 28
internal_value=0.0751851 0.0194504 0.0280919 0.104077 0.0812563 -0.0279007 0.0473068 0.100253 0.0165623 0.125196 0.118095 0.174162 -0.107406
internal_weight=419.038 143.061 133.937 275.977 132.644 34.2198 99.7174 102.536 30.1081 143.333 125.18 18.1528 9.12394
internal_count=1340 542 495 798 415 145 350 300 115 383 340 43 47
is_linear=0
shrinkage=0.1


Tree=3
num_leaves=15
num_cat=0
split_feature=5 4 3 1 5 2 4 0 2 6 2 3 1 4
split_gain=51.7763 13.441 15.0582 16.9209 13.097 20.3478 10.1304 13.2817 7.07581 6.08621 5.84088 4.14143 6.04919 3.71533
threshold=9.5273466654470127 3.8647633608799898 0.56461423542918787 0.50287848944046998 5.9352356878769816 0.51273395813426126 14.426083770580592 0.42290785931982106 0.36841356629842109 11.535754551595414 0.49855168076369089 0.97158490566749578 0.5669754497677072 2.7230443954467778
decision_type=2 2 2 2 2 2 2 2 2 2 2 2 2 2
left_child=1 2 3 -1 8 -6 7 9 -3 -2 -9 12 -8 -4
right_child=6 4 13 -5 5 -7 11 10 -10 -11 -12 -13 -14 -15
leaf_value=-0.057010281905689797 0.068052765235270249 0.0070751922482389859 -0.059511664886369067 0.12357993694692503 -0.036799515129377472 0.079454990093707031 0.12122957628930382 0.068090464181181379 0.10537636975225942 -0.023059221324862947 0.11533861503533456 0.16464791477781107 0.077548365547680173 -0.14859904835947568
leaf_weight=11.04291243851185 12.221918299794199 9.6745134741067869 12.056818783283235 9.7865817397832853 38.818632140755653 24.594371736049652 81.55438543856144 61.615372985601425 30.119326934218407 18.322877928614616 45.474530041217804 12.408278629183767 51.866028323769569 7.6525071263313285
leaf_count=47 40 38 56 30 164 82 205 183 90 76 121 28 145 35
internal_value=0.0662315 0.0173441 -0.0314467 0.0278387 0.0365088 0.00828913 0.0910225 0.0715634 0.0814778 0.0133975 0.0881539 0.109388 0.104249 -0.0941015
internal_weight=427.209 143.746 40.5388 20.8295 103.207 63.413 283.463 137.635 39.7938 30.5448 107.09 145.829 133.42 19.7093
internal_count=1340 542 168 77 374 246 798 420 128 116 304 378 350 91
is_linear=0
shrinkage=0.1


Tree=4
num_leaves=14
num_cat=0
split_feature=4 4 0 5 2 1 4 1 2 2 5 0 2
split_gain=40.6445 12.1512 8.8787 12.3475 11.5763 8.55609 19.9829 8.6339 8.15464 7.16311 6.78802 2.67112 0.746218
threshold=9.5485963938517688 1.8979176927162984 0.62598336851806391 6.7454088209401917 0.38103169663737296 0.50420460596754879 10.875770568847658 0.59241949527927817 0.52205568765912291 0.43034595536193593 16.078402196022829 0.43515342126077233 0.66920636508541809
decision_type=2 2 2 2 2 2 2 2 2 2 2 2 2
left_child=1 12 4 -4 -3 6 11 10 -9 -8 -7 -2 -1
right_child=5 2 3 -5 -6 7 9 8 -10 -11 -12 -13 -14
leaf_value=-0.067669827994203888 -0.016222153440247918 -0.056040876085913217 0.097141275012215478 -0.019289520728006694 0.025546481980186997 0.097325079010242524 0.097440239912964549 0.026579612556374255 0.091998418266840382 0.043479013133174364 0.15693437948876787 -0.11291398747804447 -0.12746518960476741
leaf_weight=3.741280868649481 5.4778044521808607 23.155682146549225 28.957370936870575 13.288147181272505 69.856030210852623 61.558594778180122 54.035758897662163 27.528610020875931 61.900483012199402 45.159259170293808 27.699710562825203 5.9715717136859894 4.7201160937547684
leaf_count=19 21 105 87 52 244 166 145 85 163 139 60 26 28
internal_value=0.0586976 0.0152292 0.0225019 0.0605185 0.00523494 0.0802894 0.0584359 0.0938213 0.0718608 0.072874 0.115824 -0.066653 -0.101026
internal_weight=433.05 143.719 135.257 42.2455 93.0117 289.332 110.644 178.687 89.4291 99.195 89.2583 11.4494 8.4614
internal_count=1340 535 488 139 349 805 331 474 248 284 226 47 47
is_linear=0
shrinkage=0.1


Tree=5
num_leaves=13
num_cat=0
split_feature=4 5 1 6 3 4 1 4 4 5 6 1
split_gain=32.0386 10.4841 8.99257 9.89492 9.14472 7.12336 8.67009 10.9706 10.842 3.84762 6.19236 3.18239
threshold=9.5485963938517688 2.2662777456619145 0.46395117048729934 6.2646361583025305 0.57102894981248686 14.388916015625002 0.50287848944046998 10.515380859375002 10.846236476209016 14.010109906766756 14.627052235125241 0.48085150220871536
decision_type=2 2 2 2 2 2 2 2 2 2 2 2
left_child=1 11 4 -4 -3 6 7 -2 -8 -7 -11 -1
right_child=5 2 3 -5 -6 9 8 -9 -10 10 -12 -13
leaf_value=-0.0177039779920279 -0.085423031851379089 -0.080231259486926096 0.063162054108170787 -0.00052115840782843354 0.024283489421718877 0.13722828453294525 0.13312862847175747 0.042344300376740335 0.053027317613460107 0.04029716998445982 0.092120977603278448 -0.13029937554265747
leaf_weight=4.2996431589126569 7.785703942179679 15.430271059274672 57.60278657078743 42.326383605599403 18.300978794693947 13.465098723769186 23.460009604692459 49.111180946230888 60.409188583493233 29.181209698319435 109.85785900056362 6.0315883904695511
leaf_count=22 34 70 182 158 68 29 59 157 172 83 271 35
internal_value=0.052247 0.0136163 0.0211182 0.0361881 -0.0235265 0.071214 0.0549922 0.0248608 0.0754334 0.0861873 0.0812443 -0.0834395
internal_weight=437.262 143.992 133.66 99.9292 33.7312 293.27 140.766 56.8969 83.8692 152.504 139.039 10.3312
internal_count=1340 535 478 340 138 805 422 191 231 383 354 57
is_linear=0
shrinkage=0.1


Tree=6
num_leaves=11
num_cat=0
split_feature=6 2 1 2 6 4 6 3 1 4
split_gain=26.2717 9.78118 13.4111 9.83925 8.82764 10.7301 15.4854 5.90516 4.35966 1.52551
threshold=8.926439095171272 0.73921685996660014 0.61451371229365559 0.51273395813426126 9.1784802915824937 12.495163261927702 12.353364438837566 0.70799752773955393 0.56732612925659509 3.4951136608984386
decision_type=2 2 2 2 2 2 2 2 2 2
left_child=1 2 8 -4 -2 6 -6 -7 -1 -3
right_child=4 9 3 -5 5 7 -8 -9 -10 -11
leaf_value=0.010758118674228405 0.16637467578929563 -0.039572871299665857 0.031019678443238032 0.16469327975143355 0.052249127287791852 0.059437287766788575 -0.054384632254876192 0.094015954985546379 -0.053702997485716601 -0.11556866603320302
leaf_weight=94.604845613241196 8.0882321596145612 4.8192064166069013 12.769522875547411 9.6810915321111661 64.37410931289196 131.85435914993286 17.272673085331917 78.964026615023613 11.800691679120062 5.8451189249753952
leaf_count=356 20 24 42 24 194 355 63 193 45 24
internal_value=0.0466719 0.0108108 0.018428 0.088662 0.063319 0.060469 0.0296904 0.0723891 0.00360919 -0.0812262
internal_weight=440.074 139.52 128.856 22.4506 300.553 292.465 81.6468 210.818 106.406 10.6643
internal_count=1340 515 467 66 825 805 257 548 401 48
is_linear=0
shrinkage=0.1


Tree=7
num_leaves=14
num_cat=0
split_feature=4 3 4 1 1 1 2 4 4 4 3 3 6
split_gain=22.9934 11.8672 11.0277 10.9338 6.94878 6.57348 9.92768 9.08517 3.93533 4.92531 3.80654 7.86615 4.41773
threshold=3.8647633608799898 0.56461423542918787 13.137186252977699 0.50287848944046998 0.46456550587469531 0.54814841341654919 0.74527241656893783 4.500519573688508 2.7230443954467778 1.8979176927162984 0.70799752773955393 0.66700486468279463 13.323585810539194
decision_type=2 2 2 2 2 2 2 2 2 2 2 2 2
left_child=1 3 5 4 -1 7 -7 -2 9 -3 11 -4 -12
right_child=2 8 10 -5 -6 6 -8 -9 -10 -11 12 -13 -14
leaf_value=-0.13811303034157879 0.10924844222457118 -0.12353144431264729 0.06400110540514968 0.093398417091116209 0.024230347008161977 0.066949699914074665 -0.03370949945240842 0.009859145633764544 -0.14561524007317306 0.009419374519655202 0.023559077848668286 -0.018979255289879718 0.094368103026807246
leaf_weight=4.9066803455352801 10.01859427988529 5.1574202626943606 108.68711292743683 10.406764209270476 5.6987523585557938 75.901104882359505 11.250386476516722 112.17367340624332 7.4082781374454489 6.0611947774887085 10.274456918239592 12.765585482120512 61.85563813149929
leaf_count=25 29 34 281 30 22 218 40 391 35 22 29 39 145
internal_value=0.0417327 -0.0309388 0.0488819 0.0205776 -0.050879 0.0329733 0.0539556 0.0180081 -0.0890524 -0.0517008 0.0660858 0.0552792 0.0842818
internal_weight=442.566 39.6391 402.927 21.0122 10.6054 209.344 87.1515 122.192 18.6269 11.2186 193.583 121.453 72.1301
internal_count=1340 168 1172 77 47 678 258 420 91 56 494 320 174
is_linear=0
shrinkage=0.1


Tree=8
num_leaves=10
num_cat=0
split_feature=5 4 2 6 2 6 6 5 2
split_gain=18.6924 7.44891 7.43894 7.43699 6.14881 5.7948 10.2941 4.75521 0.898628
threshold=9.5273466654470127 1.8979176927162984 0.37138169667529064 7.0610749693791037 0.38970883525510253 8.1611751889017103 8.5151307493415729 20.160802425217195 0.54861414504811201
decision_type=2 2 2 2 2 2 2 2 2
left_child=1 8 3 -3 -4 -2 -7 -8 -1
right_child=5 2 4 -5 -6 6 7 -9 -10
leaf_value=-0.049649662502277044 0.18502309969287858 -0.005945924721775935 0.089325015731030744 -0.12954888102269949 0.017093580059649012 -0.16794543158785946 0.048534707814231713 0.09968814959045097 -0.12077620334269744
leaf_weight=3.0885635465383521 3.2296148240566245 27.732718005776405 13.525801435112951 5.9042361527681342 91.583134844899178 2.1446914821863166 272.8459489941597 19.469487130641937 4.1807375550270081
leaf_count=17 6 111 39 34 311 9 740 43 30
internal_value=0.0374266 0.00811979 0.0132897 -0.0276417 0.0263886 0.0518014 0.0503402 0.0519418 -0.0905561
internal_weight=443.705 146.015 138.746 33.637 105.109 297.69 294.46 292.315 7.2693
internal_count=1340 542 495 145 350 798 792 783 47
is_linear=0
shrinkage=0.1


Tree=9
num_leaves=14
num_cat=0
split_feature=4 3 1 4 2 2 0 3 4 6 4 1 5
split_gain=16.4371 9.75959 8.70885 7.79602 5.17697 14.7088 13.5991 4.7478 4.13223 9.9079 9.37676 4.05227 1.53679
threshold=3.8647633608799898 0.56461423542918787 0.50287848944046998 14.426083770580592 0.50146759054831114 0.4429901610722462 0.54689706862154719 0.55871919086931832 16.772800913168457 17.169742328769182 17.686955651026711 0.45240065568157212 2.3412830326989709
decision_type=2 2 2 2 2 2 2 2 2 2 2 2 2
left_child=1 2 7 4 5 -2 -6 -1 9 -5 -10 -3 -13
right_child=3 11 -4 8 6 -7 -8 -9 10 -11 -12 12 -14
leaf_value=-0.10193050120397705 0.03458764141336184 -0.018886132379340677 0.080865005398146284 0.057662519367905035 0.012455141496661364 -0.039387213934965734 0.083636660901231286 0.037086025066941343 -0.028445574330759955 0.15515637567764176 0.058408823960645312 -0.070244634340411671 -0.14689111171589386
leaf_weight=6.3351932764053362 109.79758280515671 6.2219648063182857 10.626119866967199 58.854316622018814 58.016771644353867 35.591642454266548 49.945273622870445 4.012925922870636 15.339629352092741 12.667369589209555 65.52949957549572 4.0876851826906186 7.2657823413610458
leaf_count=31 353 31 30 146 188 125 128 16 46 24 162 26 34
internal_value=0.0336183 -0.0287829 0.0172762 0.0395471 0.0287966 0.0164784 0.0453851 -0.0480209 0.0574199 0.0749299 0.0419339 -0.083749 -0.119295
internal_weight=444.292 38.5497 20.9742 405.742 253.351 145.389 107.962 10.3481 152.391 71.5217 80.8691 17.5754 11.3535
internal_count=1340 168 77 1172 794 478 316 47 378 170 208 91 60
is_linear=0
shrinkage=0.1


Tree=10
num_leaves=13
num_cat=0
split_feature=4 3 2 4 1 6 5 0 1 0 4 4
split_gain=13.3371 8.25018 7.13727 6.58051 7.16666 6.16407 5.41157 3.77776 4.4356 3.71779 3.67654 4.4345
threshold=3.8647633608799898 0.56461423542918787 0.43958884667217163 13.137186252977699 0.41655432599347059 12.353364438837566 3.1897122145592567 0.60939080582465988 0.50420460596754879 0.69007072696695115 2.7230443954467778 1.8979176927162984
decision_type=2 2 2 2 2 2 2 2 2 2 2 2
left_child=1 2 6 4 -2 -6 -1 8 -5 -9 11 -3
right_child=3 10 -4 7 5 -7 -8 9 -10 -11 -12 -13
leaf_value=0.023603693567554943 -0.068940982482016161 -0.11811398311992832 0.095631168179792725 0.041597669051768253 0.034089438427162291 -0.015652806364083293 -0.10530460465052252 0.0038418257822265263 0.079876777336662208 0.049851671134805445 -0.13601272446610521 0.015202006774865877
leaf_weight=8.2770545333623904 8.0892497152090055 4.2987619638443011 7.2560476064681998 64.281163066625595 175.47317352890968 29.034615948796272 5.3689932823181143 30.018679976463318 57.214530184864998 42.323936328291893 6.6978195756673804 5.9464486390352249
leaf_count=32 32 34 20 169 550 96 25 84 133 108 35 22
internal_value=0.0302388 -0.0265408 0.0154958 0.0355258 0.0233758 0.0270274 -0.0271149 0.0488516 0.059624 0.0307598 -0.0784001 -0.0407357
internal_weight=444.28 37.8451 20.9021 406.435 212.597 204.508 13.646 193.838 121.496 72.3426 16.943 10.2452
internal_count=1340 168 77 1172 678 646 57 494 302 192 91 56
is_linear=0
shrinkage=0.1


Tree=11
num_leaves=11
num_cat=0
split_feature=6 6 2 1 2 3 3 1 1 5
split_gain=11.6082 7.19051 5.9759 8.49581 9.21617 5.83585 5.64109 4.9644 3.84428 1.80811
threshold=8.926439095171272 9.1784802915824937 0.70474595369579363 0.61451371229365559 0.51273395813426126 0.70799752773955393 0.64220313014098129 0.68363784391497939 0.56732612925659509 4.8072282058133693
decision_type=2 2 2 2 2 2 2 2 2 2
left_child=2 -2 3 8 -5 6 -3 -7 -1 -4
right_child=1 5 9 4 -6 7 -8 -9 -10 -11
leaf_value=0.0045153311586348761 0.12890638323902343 0.033288225478925473 -0.030372458052716905 0.013674753898270593 0.1461895659854664 0.046670669624198753 -0.011029228828624331 0.11571072558433711 -0.056691425845074153 -0.10999727864918776
leaf_weight=94.907995656132698 8.4909365773200971 153.12697125971317 6.4719068780541402 13.226861327886583 8.7007390558719617 95.490542650222778 35.353091135621071 11.690180033445357 11.505648985505102 5.0985408276319504
leaf_count=356 20 420 34 42 19 251 109 25 43 21
internal_value=0.0272099 0.0381758 0.00337147 0.00957682 0.0662558 0.0355701 0.0249756 0.0542009 -0.00210246 -0.0654593
internal_weight=444.063 304.152 139.912 128.341 21.9276 295.661 188.48 107.181 106.414 11.5704
internal_count=1340 825 515 460 61 805 529 276 399 55
is_linear=0
shrinkage=0.1


Tree=12
num_leaves=14
num_cat=0
split_feature=5 0 6 5 2 3 4 4 5 4 5 3 1
split_gain=10.1039 9.59512 5.55785 10.0006 13.62 4.88824 4.53337 4.60475 3.67183 3.69945 2.65025 5.72695 0.651623
threshold=4.3440028963809754 0.57776117324829113 5.5373913282844809 9.5273466654470127 0.51273395813426126 0.54989117459921799 3.2956083007145485 1.8979176927162984 5.4660201277181129 4.7774477960190405 3.6751403685989708 0.55658702098170598 0.44621561873873106
decision_type=2 2 2 2 2 2 2 2 2 2 2 2 2
left_child=1 6 8 4 -4 -5 7 -1 9 -2 11 -3 -8
right_child=2 10 3 5 -6 -7 12 -9 -10 -11 -12 -13 -14
leaf_value=-0.11782737814684288 0.10114833020565282 0.068370628830107305 -0.042478672884143462 -0.013307918957786541 0.043305232890239929 0.038343268225176995 -0.094132463593147891 0.0032721861373432985 0.13129026418764989 0.0036540760293025778 0.074493525917249878 -0.057522163018626588 -0.14855454770683924
leaf_weight=4.3489743471145657 7.1844623982906368 6.9039755463600176 43.270609155297279 19.615385934710503 32.34200257062912 278.05032059550285 4.6205114573240262 11.294502332806585 8.0879613161087018 8.4929656237363798 7.896191030740737 7.581514909863472 4.2000131160020828
leaf_count=36 20 19 177 58 99 740 22 45 20 28 22 34 20
internal_value=0.0244931 -0.0194298 0.0296754 0.0266901 -0.00578607 0.0349396 -0.0627183 -0.0303942 0.0765652 0.0483326 0.0278862 0.00248 -0.120046
internal_weight=443.889 46.8457 397.044 373.278 75.6126 297.666 24.464 15.6435 23.7654 15.6774 22.3817 14.4855 8.82052
internal_count=1340 198 1142 1074 276 798 123 81 68 48 75 53 42
is_linear=0
shrinkage=0.1


Tree=13
num_leaves=13
num_cat=0
split_feature=4 5 2 5 0 2 2 5 2 2 6 5
split_gain=8.32444 7.56553 6.21224 4.4557 4.42454 4.16279 9.26246 11.3192 5.46354 3.49538 4.25853 2.87526
threshold=10.399505615234377 10.808533778914315 0.32923072532636616 2.2662777456619145 0.56250011920928966 0.42972357476097273 0.4923079952680724 16.133053804284895 0.50546574688565327 0.36307659230850448 10.975846669897249 12.476887821649852
decision_type=2 2 2 2 2 2 2 2 2 2 2 2
left_child=1 2 4 -4 -1 9 7 -7 -8 11 -11 -2
right_child=5 -3 3 -5 -6 6 8 -9 -10 10 -12 -13
leaf_value=-0.12984204684178036 0.058517196589926601 -0.12039731491540756 -0.061602609567835691 0.017748644079000248 -0.010127061571711973 -0.055981225634351053 0.091920250430836903 0.051215348999701316 0.029712020455777907 0.021929517236159619 0.081591198835764212 -0.0074723774786249163
leaf_weight=5.1946635693311674 11.673098251223566 4.7069714665412894 7.4423423856496802 143.8881574422121 7.6098934710025787 26.835778117179871 15.837760165333746 15.562886834144591 130.03026139736176 16.686583951115608 42.270619377493858 15.201199665665625
leaf_count=31 31 19 51 474 35 89 36 38 346 47 100 43
internal_value=0.0220695 0.00460249 0.00818716 0.0138462 -0.0586941 0.032829 0.024508 -0.0166336 0.0364663 0.0510806 0.0647052 0.0211908
internal_weight=442.94 168.842 164.135 151.33 12.8046 274.098 188.267 42.3987 145.868 85.8315 58.9572 26.8743
internal_count=1340 610 591 525 66 730 509 127 382 221 147 74
is_linear=0
shrinkage=0.1


Tree=14
num_leaves=12
num_cat=0
split_feature=5 0 3 5 6 5 4 4 5 3 1
split_gain=7.22768 7.84552 5.07827 4.69951 8.79306 5.26966 4.0575 3.94573 1.97778 4.55427 0.638307
threshold=4.3440028963809754 0.57776117324829113 1.1057423752172093 5.7437268002507578 8.926439095171272 5.4660201277181129 3.2956083007145485 1.8979176927162984 3.6751403685989708 0.55658702098170598 0.44621561873873106
decision_type=2 2 2 2 2 2 2 2 2 2 2
left_child=1 6 3 5 -5 -2 7 -1 9 -3 -8
right_child=2 8 -4 4 -6 -7 10 -9 -10 -11 -12
leaf_value=-0.1149730781039212 0.035591826820438953 0.060515574229580982 0.10684662649959605 -0.014673497314161461 0.026706013071277325 0.13182601843019076 -0.087534311092839989 0.0025971080790496504 0.064521806389521957 -0.052374463681756689 -0.14281418755167938
leaf_weight=3.8201088532805469 21.180204540491108 6.9495177417993563 7.3052201867103568 62.048780977725983 297.92407360672951 7.7803808897733679 4.3795033097267133 11.293202131986616 8.0117392688989622 7.3565243035554886 3.9934689253568649
leaf_count=36 66 19 17 227 814 18 22 45 22 34 20
internal_value=0.0198953 -0.0177139 0.0242428 0.0226913 0.0195734 0.0614455 -0.0580578 -0.0271205 0.0247422 0.0024647 -0.1139
internal_weight=442.043 45.8041 396.239 388.933 359.973 28.9606 23.4863 15.1133 22.3178 14.306 8.37297
internal_count=1340 198 1142 1125 1041 84 123 81 75 53 42
is_linear=0
shrinkage=0.1


Tree=15
num_leaves=12
num_cat=0
split_feature=4 6 1 5 2 0 3 2 3 2 3
split_gain=6.15676 10.3534 5.91178 6.49672 4.93564 4.54797 4.4993 3.38208 5.27204 3.56382 2.19616
threshold=12.495163261927702 12.605742769162116 0.42215563032594833 9.5273466654470127 0.55491870748999361 0.51733419718226525 0.54989117459921799 0.43338975174768479 0.5583082239120517 0.32923072532636616 0.53674965546793685
decision_type=2 2 2 2 2 2 2 2 2 2 2
left_child=1 2 5 -4 -3 -1 10 9 -9 -8 -2
right_child=6 4 3 -5 -6 -7 7 8 -10 -11 -12
leaf_value=-0.11750449517428548 0.013217212497160786 -0.13690327352679632 0.0040323696351377419 0.042930834483071639 -0.019364905399507026 0.0063966413320290299 -0.018892160080486404 -0.03476918185582098 0.031608250266115981 0.060902997898788794 -0.064671576086044791
leaf_weight=6.0288481637835485 7.6536511182785016 6.8788691312074643 138.94847074151039 62.138247728347778 7.4329660534858704 5.824895367026329 6.2039589732885352 13.259967714548109 122.58884891867638 57.218501344323158 6.8689162880182266
leaf_count=26 21 28 514 166 24 23 18 40 319 139 22
internal_value=0.0179333 0.00647344 0.012007 0.0160525 -0.0758588 -0.0566198 0.0301145 0.0340308 0.0251293 0.0530975 -0.0236228
internal_weight=441.046 227.252 212.94 201.087 14.3118 11.8537 213.794 199.271 135.849 63.4225 14.5226
internal_count=1340 781 729 680 52 49 559 516 359 157 43
is_linear=0
shrinkage=0.1


Tree=16
num_leaves=13
num_cat=0
split_feature=4 3 1 1 5 6 1 5 5 2 5 3
split_gain=5.52703 6.06347 7.25162 4.39997 6.67665 5.36507 4.27312 4.16232 9.51178 2.33324 1.57867 1.10576
threshold=3.7578125000000004 0.56461423542918787 0.50287848944046998 0.42129329312791686 11.466149581985588 14.813415929176617 0.45240065568157212 20.160802425217195 18.262541878775064 0.61577488697922689 2.3412830326989709 0.55864248135163963
decision_type=2 2 2 2 2 2 2 2 2 2 2 2
left_child=1 2 11 4 -2 -6 -3 8 -5 -9 -8 -1
right_child=3 6 -4 7 5 -7 10 9 -10 -11 -12 -13
leaf_value=-0.084354073017153419 -0.09427056997244819 0.0017332219543540646 0.071512202199367117 0.023414446680560311 0.065782416174813382 -0.051136668849896053 -0.05291915080127179 0.10307405103966777 -0.051046265081947789 0.031262329176659658 -0.1380805009270501 -0.011848226042250956
leaf_weight=4.8463036715984362 8.3507172688841838 5.3821182772517195 10.350814059376715 345.46461755037308 9.213682100176813 6.8369782865047446 3.2872393354773504 9.481048136949541 18.052112370729446 8.65455114841461 6.4434555619955063 3.7162648662924767
leaf_count=26 37 31 28 999 24 21 26 20 55 22 34 17
internal_value=0.0161731 -0.0225406 0.0151942 0.0194172 -0.0217508 0.0159793 -0.069765 0.0220493 0.0197168 0.0688045 -0.109311 -0.0528856
internal_weight=440.08 34.0262 18.9134 406.054 24.4014 16.0507 15.1128 381.652 363.517 18.1356 9.73069 8.56257
internal_count=1340 162 71 1178 82 45 91 1096 1054 42 60 43
is_linear=0
shrinkage=0.1


Tree=17
num_leaves=12
num_cat=0
split_feature=4 0 0 0 0 2 5 6 0 4 2
split_gain=5.27141 5.15962 9.60378 9.90965 6.2764 6.97425 3.99915 5.29798 11.3324 8.46841 1.70441
threshold=14.388916015625002 0.36964988799656301 0.31182970171721541 0.28585195541381841 0.38258361956923187 0.50146759054831114 14.215234779203433 14.627052235125241 0.50833999367211036 16.289836883544925 0.55341223054467648
decision_type=2 2 2 2 2 2 2 2 2 2 2
left_child=1 2 3 -1 -3 -6 -2 8 -8 -9 -4
right_child=6 4 10 -5 5 -7 7 9 -10 -11 -12
leaf_value=-0.033011813627986851 0.078010437537647304 0.08864099710889424 -0.15218018928563506 0.11670483740727222 -0.0046149858766927655 0.03021647724236819 0.072394256935883403 0.074892924831824331 -0.063294491217651364 0.014809205221150829 -0.069628871925927954
leaf_weight=17.505312576889995 15.440382629632948 10.135640278458593 5.1652950197458249 5.9147457331418982 154.50071308761835 91.546570420265198 9.5158183723688143 34.661083281040192 17.427772104740143 72.575043007731438 4.8490030616521835
leaf_count=71 35 28 24 15 529 272 22 79 55 192 18
internal_value=0.0145737 0.00669967 -0.030247 0.00479919 0.0115216 0.00834472 0.0298153 0.0242694 -0.0153725 0.0342296 -0.112208
internal_weight=439.237 289.617 33.4344 23.4201 256.183 246.047 149.62 134.18 26.9436 107.236 10.0143
internal_count=1340 957 128 86 829 801 383 348 77 271 42
is_linear=0
shrinkage=0.1


Tree=18
num_leaves=14
num_cat=0
split_feature=6 4 4 2 4 2 2 0 2 2 1 3 1
split_gain=4.45906 5.95641 5.39349 5.06341 8.65403 4.34144 5.94062 5.3497 3.83652 3.42327 6.31265 3.05607 2.08182
threshold=15.159422250378858 16.289836883544925 15.393182778121721 0.47404379070968389 18.5736481891945 0.32923072532636616 0.30402322268916387 0.56254151498439353 0.63865707479869671 0.71537168501975179 0.62900353126823594 0.53170869090808093 0.50420460596754879
decision_type=2 2 2 2 2 2 2 2 2 2 2 2 2
left_child=5 2 8 12 -5 6 7 -1 -2 11 -11 -7 -3
right_child=1 3 -4 4 -6 9 -8 -9 -10 10 -12 -13 -14
leaf_value=-0.064746724491951901 -0.0031101856938297238 0.022424463632950618 0.1099801585520232 -0.051806673972316669 0.03270120177329968 0.075088291508357927 -0.1139426665592152 0.051963591721463157 0.084388307612625391 -0.10918591216790306 0.0059088225794068014 0.01188909803585389 0.091267054511784088
leaf_weight=7.2463360205292728 12.694558933377268 8.103948041796686 14.98741641640663 20.780127003788948 29.06953302025795 7.8661521524190894 6.6818779855966559 8.5750697106122953 8.2794103622436506 6.5762227028608349 17.306339636445045 280.23827970027924 9.591845363378523
leaf_count=34 36 21 31 63 74 19 34 29 19 25 67 867 21
internal_value=0.0131518 0.03129 0.0641666 0.0137864 -0.00252641 0.00753902 -0.034881 -0.00149071 0.0314296 0.0105987 -0.0257833 0.0136146 0.05974
internal_weight=437.997 103.507 35.9614 67.5455 49.8497 334.49 22.5033 15.8214 20.974 311.987 23.8826 288.104 17.6958
internal_count=1340 265 86 179 137 1075 97 63 55 978 92 886 42
is_linear=0
shrinkage=0.1


Tree=19
num_leaves=11
num_cat=0
split_feature=6 1 5 6 6 1 6 6 5 1
split_gain=4.24987 3.5749 5.63468 4.71637 3.94155 3.85352 4.35245 2.62775 4.19051 4.91258
threshold=2.9352232657516359 0.42129329312791686 11.466149581985588 14.813415929176617 7.5758849327671536 0.42905429471662954 15.159422250378858 2.6363636363636367 2.2662777456619145 0.48085150220871536
decision_type=2 2 2 2 2 2 2 2 2 2
left_child=7 2 4 -4 -2 -3 -7 8 9 -1
right_child=1 5 3 -5 -6 6 -8 -9 -10 -11
leaf_value=0.036544942935257611 -0.015796422343504323 0.067272875475762897 0.058606170736772593 -0.051219220727412335 -0.15242281438385386 0.0081741652605796713 0.032997255284823328 -0.098172668774400507 0.054422515304557252 -0.12810339532609383
leaf_weight=3.0653849393129367 3.9397671520710009 14.240911304950712 9.1711892783641797 6.8165261447429648 4.5502591729164124 286.72143494337797 93.72501140832901 4.913008213043212 5.4528995901346207 4.4324974343180656
leaf_count=22 20 37 24 21 21 881 239 23 18 34
internal_value=0.0118656 0.0139013 -0.0231821 0.011781 -0.0890218 0.0162012 0.0142895 -0.0359026 -0.0122798 -0.0607897
internal_weight=437.029 419.165 24.4777 15.9877 8.49003 394.687 380.446 17.8638 12.9508 7.49788
internal_count=1340 1243 86 45 41 1157 1120 97 74 56
is_linear=0
shrinkage=0.1


Tree=20
num_leaves=8
num_cat=0
split_feature=3 6 2 4 5 6 5
split_gain=3.68097 3.32396 3.40024 14.0796 5.41018 2.24357 3.47282
threshold=1.1057423752172093 2.9352232657516359 0.52042168371461861 2.9983708571460856 18.156003695050746 2.6363636363636367 2.2662777456619145
decision_type=2 2 2 2 2 2 2
left_child=1 5 3 -3 -4 6 -1
right_child=-2 2 4 -5 -6 -7 -8
leaf_value=-0.056946112565891521 0.081400463400228246 0.16053402936723632 0.029067173432286455 -3.1177122118842755e-06 -0.02422842943056043 -0.092062550132680623 0.048332516504492683
leaf_weight=7.2432167232036608 7.2408031523227683 5.5924074277281752 147.4825436770916 236.29267159104347 21.871805012226105 4.7250993549823752 5.5220340341329575
leaf_count=56 18 13 410 739 63 23 18
internal_value=0.0106953 0.00950116 0.011317 0.00370852 0.0221841 -0.0331945 -0.0114043
internal_weight=435.971 428.73 411.239 241.885 169.354 17.4904 12.7653
internal_count=1340 1322 1225 752 473 97 74
is_linear=0
shrinkage=0.1


Tree=21
num_leaves=13
num_cat=0
split_feature=4 3 5 6 6 3 3 0 2 5 6 5
split_gain=3.5632 5.31761 4.77674 9.54139 4.21753 3.1751 6.57632 7.33895 6.33208 4.71981 4.27492 1.6665
threshold=3.7578125000000004 0.64351102098430057 3.1897122145592567 2.9352232657516359 4.230814976883587 0.70799752773955393 0.6502649671344336 0.44163352251052862 0.52799450794907699 20.160802425217195 17.337344746323332 2.3412830326989709
decision_type=2 2 2 2 2 2 2 2 2 2 2 2
left_child=1 2 3 -1 -4 6 8 -8 -2 10 -7 -3
right_child=5 11 4 -5 -6 9 7 -9 -10 -11 -12 -13
leaf_value=-0.018153246691246697 0.0012810638689502937 -0.033325269314166038 -0.11443105297579566 0.14902279448548156 0.021333163376950307 0.024301150519589577 0.029503552736957823 -0.065997315145542287 0.038089352991862412 0.094199782737924856 -0.048463687135664547 -0.13509060992803254
leaf_weight=11.441486358642583 159.99196874350309 2.4898036792874327 5.4803850352764112 4.865937426686286 3.9283111840486526 123.0307258144021 12.112802147865294 23.971101924777031 66.022782519459724 9.0457126796245557 8.6409915238618833 4.5497062876820564
leaf_count=62 492 21 28 11 15 350 34 81 175 20 26 25
internal_value=0.00963034 -0.0220873 -0.00100666 0.0317301 -0.0577469 0.0122095 0.00570422 -0.0339392 0.0120334 0.0243262 0.0195259 -0.0990972
internal_weight=435.572 32.7556 25.7161 16.3074 9.4087 402.816 262.099 36.0839 226.015 140.717 131.672 7.03951
internal_count=1340 162 116 73 43 1178 782 115 667 396 376 46
is_linear=0
shrinkage=0.1


Tree=22
num_leaves=12
num_cat=0
split_feature=4 0 0 0 0 0 5 6 6 4 2
split_gain=3.05087 4.48879 8.04214 8.11117 4.86675 6.19547 3.82679 3.43083 9.1558 5.8681 1.65641
threshold=14.388916015625002 0.36964988799656301 0.31182970171721541 0.28585195541381841 0.38258361956923187 0.42290785931982106 14.094949119747346 14.627052235125241 13.849281860140689 16.772800913168457 0.56373669179408081
decision_type=2 2 2 2 2 2 2 2 2 2 2
left_child=1 2 3 -1 -3 -6 -2 8 -8 -9 -4
right_child=6 4 10 -5 5 -7 7 9 -10 -11 -12
leaf_value=-0.034830066840446865 0.071343882387196175 0.074689545234847013 -0.14779780194144038 0.099515446927010476 -0.055711740156014482 0.0086053191318106095 0.036872745910249992 0.053440243990709971 -0.077102147344517785 0.0047839738797493302 -0.064982451941658748
leaf_weight=17.477637700736526 13.421241194009779 10.261877894401549 5.0956261307001096 6.049577832221984 16.02605214715004 228.77266302332282 15.333082646131517 40.548961669206619 13.044293373823164 63.764957323670387 4.5912861451506615
leaf_count=71 31 28 25 15 62 739 39 98 42 173 17
internal_value=0.00868633 0.00271991 -0.0318598 -0.000285663 0.0072229 0.00439472 0.0204579 0.0153109 -0.0155184 0.0236977 -0.108546
internal_weight=434.387 288.275 33.2141 23.5272 255.061 244.799 146.113 132.691 28.3774 104.314 9.68691
internal_count=1340 957 128 86 829 801 383 352 81 271 42
is_linear=0
shrinkage=0.1


Tree=23
num_leaves=7
num_cat=0
split_feature=5 5 4 1 6 3
split_gain=2.84174 6.11895 8.7722 6.2581 4.25378 2.81825
threshold=20.160802425217195 18.330056860787789 19.064073000889042 0.60491010063349726 17.972941443028017 0.70799752773955393
decision_type=2 2 2 2 2 2
left_child=1 2 4 -3 -1 -2
right_child=5 3 -4 -5 -6 -7
leaf_value=0.005207685956337302 0.0068285692129133151 -0.0099386863755532833 0.11394953098530443 -0.13578123128724237 0.081159811706801366 0.087551428095322015
leaf_weight=382.43530783802271 8.5737171918153781 12.167966037988664 7.7743689417839041 5.8523828387260428 7.5188388228416434 8.7276577949523908
leaf_count=1209 23 34 16 21 17 20
internal_value=0.00783928 0.00618676 0.00876909 -0.050808 0.00667214 0.0475491
internal_weight=433.05 415.749 397.729 18.0203 389.954 17.3014
internal_count=1340 1297 1242 55 1226 43
is_linear=0
shrinkage=0.1


Tree=24
num_leaves=12
num_cat=0
split_feature=6 3 6 6 6 0 2 5 1 0 5
split_gain=2.77921 7.11325 5.59057 5.01349 4.21996 5.38324 5.40674 4.99816 3.34881 3.43282 1.393
threshold=4.048756797416992 0.64351102098430057 3.5278129878137179 2.9352232657516359 5.5373913282844809 0.76815061273078566 0.54227410157198774 7.3643687634187076 0.65488443746195379 0.56139391660690319 2.4145695905618467
decision_type=2 2 2 2 2 2 2 2 2 2 2
left_child=1 2 3 -1 8 7 -7 -6 9 -2 -3
right_child=4 10 -4 -5 5 6 -8 -9 -10 -11 -12
leaf_value=-0.01520752996970459 0.062607934538406323 -0.056237621140451666 -0.06998924237129743 0.077334967467476798 -0.028783890215638215 -0.014694037551711253 -0.12957109900743266 0.013896062355129014 0.1015595277517078 -0.020123477620799635 -0.14333616890102233
leaf_weight=12.875562995672231 11.084864661097532 3.2175306752324095 7.9711289629340163 10.734794363379477 30.115351669490337 21.253601700067524 5.0754099190235129 308.70518089830875 8.0107417702674848 9.1599738597869855 4.2772835269570351
leaf_count=68 34 25 35 30 110 64 18 883 19 31 23
internal_value=0.00707244 -0.018363 0.00242155 0.0268683 0.00959891 0.00671786 -0.0368387 0.0101025 0.046831 0.0251753 -0.105945
internal_weight=432.481 39.0763 31.5815 23.6104 393.405 365.15 26.329 338.821 28.2556 20.2448 7.49481
internal_count=1340 181 133 98 1159 1075 82 993 84 65 48
is_linear=0
shrinkage=0.1


Tree=25
num_leaves=8
num_cat=0
split_feature=3 2 1 6 5 4 5
split_gain=2.80219 2.481 6.99224 4.67203 2.64788 7.44916 6.78695
threshold=1.1057423752172093 0.32923072532636616 0.4332753891958977 6.2069611288699642 18.156003695050746 18.930524214537524 20.160802425217195
decision_type=2 2 2 2 2 2 2
left_child=1 2 -1 -4 5 -3 -6
right_child=-2 4 3 -5 6 -7 -8
leaf_value=-0.11886727439195599 0.069288050405624788 0.0076170806422303956 -0.061943813059121049 0.045692050797349476 -0.057340965960320303 0.10751284475377297 0.031545453666084786
leaf_weight=6.0516082271933582 6.9645411074161521 358.57477799803019 6.3889368027448681 10.934374973177908 19.955672696232796 7.6234154701232901 15.08283396065235
leaf_count=33 18 1105 33 34 62 16 39
internal_value=0.00637085 0.00533887 -0.0263308 0.00599533 0.00718385 0.00969668 -0.0190785
internal_weight=431.576 424.612 23.3749 17.3233 401.237 366.198 35.0385
internal_count=1340 1322 100 67 1222 1121 101
is_linear=0
shrinkage=0.1


Tree=26
num_leaves=8
num_cat=0
split_feature=6 6 6 6 0 3 6
split_gain=2.40786 8.95079 6.21784 4.22879 6.01448 3.87689 2.89096
threshold=18.535431454142721 17.618735760894094 19.336529165892429 15.159422250378858 0.40638053795646562 0.70799752773955393 14.184129873008995
decision_type=2 2 2 2 2 2 2
left_child=1 3 -2 6 -5 -4 -1
right_child=2 -3 5 4 -6 -7 -8
leaf_value=0.0048290794936106385 0.1017230353016664 -0.086308266665324318 -0.050372963546431337 -0.026168205009728246 0.047494155532273957 0.043347346177341435 -0.026929112400090761
leaf_weight=299.63510654866695 9.141522020101549 10.727787449955938 8.1749467700719851 14.466830819845198 47.406045258045197 9.5936664193868619 31.695667237043381
leaf_count=980 20 35 25 43 117 25 95
internal_value=0.00574326 0.00381369 0.0347069 0.00627249 0.0302708 0.0002287 0.00179104
internal_weight=430.842 403.931 26.9101 393.204 61.8729 17.7686 331.331
internal_count=1340 1270 70 1235 160 50 1075
is_linear=0
shrinkage=0.1


Tree=27
num_leaves=12
num_cat=0
split_feature=5 5 6 2 2 1 2 1 4 5 2
split_gain=2.3301 5.69406 5.78662 2.36341 6.28993 7.44285 3.88513 5.0925 5.07037 3.85402 2.07599
threshold=3.6751403685989708 3.1897122145592567 2.9352232657516359 0.52042168371461861 0.43773433726486399 0.47426724855261188 0.61127109199362339 0.51904216919203805 16.951001063837115 5.7437268002507578 0.40262207060129634
decision_type=2 2 2 2 2 2 2 2 2 2 2
left_child=1 2 10 4 9 -6 7 -5 -8 -2 -1
right_child=3 -3 -4 6 5 -7 8 -9 -10 -11 -12
leaf_value=-0.067488100522375902 0.050459021626609583 -0.096380788204675813 0.091756698706282502 -0.0047135639689756701 -0.079147644158627017 -0.0060761535374986931 0.014571678122860069 0.050296335919290204 -0.042898592314513415 0.0062720649279372114 0.0072982544426649539
leaf_weight=6.9725468754768425 23.531668573617935 7.631048470735549 5.573121264576911 24.76931069791317 17.337396129965782 71.121446400880814 70.914926066994667 52.493492528796196 19.593067422509193 122.47158723324537 7.9368526227772236
leaf_count=41 75 39 15 76 64 212 203 131 60 375 49
internal_value=0.00518358 -0.0226493 0.00482033 0.00712893 0.000644777 -0.0203977 0.0161906 0.032661 0.00213058 0.0133938 -0.0276764
internal_weight=430.346 28.1136 20.4825 402.233 234.462 88.4588 167.771 77.2628 90.508 146.003 14.9094
internal_count=1340 144 105 1196 726 276 470 207 263 450 90
is_linear=0
shrinkage=0.1


Tree=28
num_leaves=9
num_cat=0
split_feature=6 6 6 3 4 6 5 1
split_gain=2.30895 5.64266 4.61226 6.0476 3.86654 5.82709 3.50599 1.05018
threshold=18.790175619176797 17.618735760894094 19.439053402362546 0.70799752773955393 17.686955651026711 17.035597918957453 17.208865443301317 0.56732612925659509
decision_type=2 2 2 2 2 2 2 2
left_child=1 4 -2 -4 5 -1 -6 -3
right_child=2 7 3 -5 6 -7 -8 -9
leaf_value=0.00019311294394261196 0.091978105388647258 -0.03811134881032309 -0.06827228617642149 0.05594538021569017 0.0827302076458096 0.089530652537520058 0.01339531377970473 -0.09629541264488703
leaf_weight=353.12476297467947 8.8903804570436495 7.3332163840532285 6.9181234091520301 9.0419752001762372 11.44487100839615 7.4551676064729682 20.103597283363342 5.3764772564172745
leaf_count=1138 20 22 22 23 26 17 54 18
internal_value=0.00466813 0.00285196 0.0342553 0.00210153 0.00497742 0.00204021 0.038548 -0.0627245
internal_weight=429.689 404.838 24.8505 15.9601 392.128 360.58 31.5485 12.7097
internal_count=1340 1275 65 45 1235 1155 80 40
is_linear=0
shrinkage=0.1


Tree=29
num_leaves=8
num_cat=0
split_feature=1 0 1 2 6 4 3
split_gain=2.26786 5.29625 4.77634 4.55249 2.84002 4.42817 2.50547
threshold=0.42129329312791686 0.31494389872962009 0.42436351729119859 0.38103169663737296 15.159422250378858 16.289836883544925 0.53170869090808093
decision_type=2 2 2 2 2 2 2
left_child=1 -1 -2 -3 6 -6 -4
right_child=2 3 4 -5 5 -7 -8
leaf_value=-0.10836953809243591 0.081863057131104811 -0.063473713402076762 0.056188397376794791 0.039560536583571712 0.051179193241972211 0.004288757878317933 -0.0016083228349827274
leaf_weight=5.8509620726108578 8.1311669796705228 6.8605212941765812 7.6936260014772406 11.437589541077612 30.30759009718895 60.031699150800705 298.61413644999266
leaf_count=24 20 31 19 33 76 166 971
internal_value=0.00421795 -0.0255518 0.00599401 0.000929846 0.00443872 0.0200199 -0.000156625
internal_weight=428.927 24.1491 404.778 18.2981 396.647 90.3393 306.308
internal_count=1340 88 1252 64 1232 242 990
is_linear=0
shrinkage=0.1


Tree=30
num_leaves=8
num_cat=0
split_feature=3 0 2 2 4 5 4
split_gain=2.17077 2.18642 6.40551 6.90761 2.78618 5.84697 4.30098
threshold=1.1057423752172093 0.76815061273078566 0.54227410157198774 0.4923079952680724 9.5485963938517688 10.313163417111017 7.8912007199274976
decision_type=2 2 2 2 2 2 2
left_child=1 4 3 -3 6 -6 -1
right_child=-2 2 -4 -5 5 -7 -8
leaf_value=0.0029270897369889776 0.060084863084103338 -0.039204645984743387 -0.12527498873312648 0.067364838060928231 0.060331210017003881 0.0063711739958524126 -0.040556153924611621
leaf_weight=98.670714590698481 6.7453310638666144 17.820690110325817 5.0738514214754096 9.2336894124746305 21.922331139445305 239.08457046747208 29.562035076320171
leaf_count=382 18 57 18 23 61 670 111
internal_value=0.00380456 0.00290362 -0.0221691 -0.00283236 0.00497315 0.0109034 -0.00709729
internal_weight=428.113 421.368 32.1282 27.0544 389.24 261.007 128.233
internal_count=1340 1322 98 80 1224 731 493
is_linear=0
shrinkage=0.1


Tree=31
num_leaves=9
num_cat=0
split_feature=2 1 3 2 2 0 2 4
split_gain=2.03675 5.5377 4.12769 2.52397 3.50543 6.73296 2.48009 0.577249
threshold=0.32923072532636616 0.4332753891958977 0.55867577259988266 0.33064668822823562 0.36307659230850448 0.5918751433491708 0.40461674181003376 11.092529296875002
decision_type=2 2 2 2 2 2 2 2
left_child=1 -1 -3 -2 5 -5 -6 -4
right_child=3 2 7 4 6 -7 -8 -9
leaf_value=-0.11054159500913185 0.048193784135080568 0.069108238332332136 -0.055253579634973751 0.00052653838100593959 0.023544675707526559 -0.13336531118006664 0.001975323227233186 -0.0094917614920230296
leaf_weight=5.7471312135458019 13.131217606365679 6.0758609175682095 5.7982615381479246 12.525833658874037 64.409383282065392 5.3641579374670973 309.28925079107285 5.2544670253992081
leaf_count=33 38 22 30 44 194 23 941 15
internal_value=0.00342809 -0.0256015 0.00289826 0.00506891 0.0036228 -0.0396198 0.00569294 -0.0334984
internal_weight=427.596 22.8757 17.1286 404.72 391.589 17.89 373.699 11.0527
internal_count=1340 100 67 1240 1202 67 1135 45
is_linear=0
shrinkage=0.1


Tree=32
num_leaves=7
num_cat=0
split_feature=5 5 4 1 6 1
split_gain=1.89442 3.22447 5.83017 5.55507 3.46149 2.07842
threshold=20.160802425217195 18.330056860787789 19.064073000889042 0.60491010063349726 17.972941443028017 0.57990080987883685
decision_type=2 2 2 2 2 2
left_child=1 2 4 -3 -1 -2
right_child=5 3 -4 -5 -6 -7
leaf_value=0.000696777076980629 0.068619403576549873 -0.001372026735783876 0.093295466488424794 -0.120146653267201 0.070925213890708869 -0.003265264315600066
leaf_weight=378.5818243548274 9.0131531357765216 12.242470756173136 7.1239020675420752 5.8047452867031089 7.1509557068347922 7.2635806500911704
leaf_count=1209 22 34 16 21 17 21
internal_value=0.00308099 0.00175559 0.00365425 -0.039575 0.00199872 0.0365405
internal_weight=427.181 410.904 392.857 18.0472 385.733 16.2767
internal_count=1340 1297 1242 55 1226 43
is_linear=0
shrinkage=0.1


Tree=33
num_leaves=15
num_cat=0
split_feature=3 3 5 4 2 3 3 1 1 5 4 0 6 0
split_gain=1.84105 6.27955 9.19208 8.71747 4.19201 11.014 5.648 3.75582 8.46075 7.27555 3.65991 6.59052 5.78226 2.07417
threshold=0.55892364053245702 0.55639876959785717 15.522818290314039 13.04522608255502 0.48306486252620578 0.54794521850099964 0.54554910899150733 0.56732612925659509 0.55097646072089113 13.413191994344938 16.481712524735901 0.74218750000000011 14.690832381425873 0.64844560623168956
decision_type=2 2 2 2 2 2 2 2 2 2 2 2 2 2
left_child=1 4 3 -3 5 -1 -6 8 9 -2 12 -12 -9 -10
right_child=7 2 -4 -5 6 -7 -8 10 13 -11 11 -13 -14 -15
leaf_value=-0.1448714743706524 -0.0090502505366545812 -0.061602457507605062 -0.16698072920086657 0.045903552889785176 0.00047478549627917235 0.0064654747232360706 0.087870496991683186 -0.010298264810877486 0.095791347780203928 0.03283332173522735 -0.075462025566668617 0.042270137441543905 0.057978255957647024 0.037170626753723422
leaf_weight=5.391913414001464 106.19357317686081 20.518118150532246 5.0610209405422202 11.927232563495634 17.576061084866527 44.481605865061283 12.765138640999792 71.328270684927702 13.7501387745142 68.052254095673561 17.128914177417759 6.5817865282297126 15.014842391014097 10.758623562753199
leaf_count=21 371 83 19 30 50 151 30 233 31 179 56 17 37 32
internal_value=0.00278266 -0.00785817 -0.0416344 -0.0220822 0.00793476 -0.00989583 0.0372439 0.00683906 0.0150454 0.00730751 -0.00798148 -0.0427811 0.00157484 0.0700586
internal_weight=426.529 117.721 37.5064 32.4454 80.2147 49.8735 30.3412 308.808 198.755 174.246 110.054 23.7107 86.3431 24.5088
internal_count=1340 384 132 113 252 172 80 956 613 550 343 73 270 63
is_linear=0
shrinkage=0.1


Tree=34
num_leaves=10
num_cat=0
split_feature=1 2 2 1 5 6 6 6 2
split_gain=1.9171 4.90866 11.4811 3.41088 2.81612 2.52903 6.40176 5.53365 1.71154
threshold=0.42129329312791686 0.40461674181003376 0.37138169667529064 0.42905429471662954 14.964259917639041 8.926439095171272 7.32983021407499 9.1784802915824937 0.42119579076329849
decision_type=2 2 2 2 2 2 2 2 2
left_child=1 2 -1 8 -3 6 -5 -7 -2
right_child=3 4 -4 5 -6 7 -8 -9 -10
leaf_value=-0.080266188572902061 0.077478241462790406 -0.1235061272498037 0.10872522792399414 0.0038381282665188757 -0.021505810926830512 0.091979229203704466 -0.047976800128648425 0.0054418193982500229 0.0078088218896875464
leaf_weight=6.2670760750770587 9.2772247940301877 5.6521956324577314 6.5991220325231552 94.167199891060591 5.1941445171833038 7.6119444817304602 31.929671034216881 252.63620263338089 5.688170686364173
leaf_count=32 23 25 16 359 15 18 119 716 17
internal_value=0.00252306 -0.0251061 0.0166682 0.0041556 -0.0746598 0.00234113 -0.00928221 0.00797293 0.0509977
internal_weight=425.023 23.7125 12.8662 401.31 10.8463 386.345 126.097 260.248 14.9654
internal_count=1340 88 48 1252 40 1212 478 734 40
is_linear=0
shrinkage=0.1


Tree=35
num_leaves=7
num_cat=0
split_feature=3 1 1 0 4 5
split_gain=1.77767 1.70796 4.61252 5.32498 2.79719 6.18799
threshold=1.1057423752172093 0.66459011820227765 0.65488443746195379 0.76815061273078566 16.090026855468754 14.094949119747346
decision_type=2 2 2 2 2 2
left_child=1 2 3 -1 5 -3
right_child=-2 4 -4 -5 -6 -7
leaf_value=0.0037955891766550116 0.053737818619246938 -0.020669820058245251 0.076066674966821776 -0.087532786384104513 -0.057866542425404802 0.083065883571913246
leaf_weight=349.96912405267358 6.6066329926252356 33.470223553478718 8.642033249139784 6.5028256028890601 11.979657113552092 6.943210005760192
leaf_count=1105 18 120 20 23 38 16
internal_value=0.00227115 0.00145674 0.00387961 0.00212956 -0.0154276 -0.00284756
internal_weight=424.114 417.507 365.114 356.472 52.3931 40.4134
internal_count=1340 1322 1148 1128 174 136
is_linear=0
shrinkage=0.1


Tree=36
num_leaves=8
num_cat=0
split_feature=6 6 6 4 6 2 3
split_gain=1.79024 6.18859 4.90576 2.79908 4.42854 2.80593 2.50464
threshold=18.535431454142721 17.618735760894094 19.336529165892429 17.686955651026711 17.035597918957453 0.57933411695539461 0.70799752773955393
decision_type=2 2 2 2 2 2 2
left_child=1 3 -2 4 -1 -5 -4
right_child=2 -3 6 5 -6 -7 -8
leaf_value=-0.0015913652674804154 0.089853512486926246 -0.074366814413505913 -0.043398583722879774 0.047537240512599936 0.078610615920288118 -0.025661047065676554 0.033053010437153224
leaf_weight=349.64908789470792 8.4862846732139605 10.77142848074436 8.1228580325841921 23.901639729738239 7.0230730324983588 6.7062629312276831 9.0701695382595044
leaf_count=1138 20 35 25 60 17 20 25
internal_value=0.00204979 0.000398843 0.0276409 0.0024783 -1.21437e-05 0.0314993 -0.0030666
internal_weight=423.731 398.051 25.6793 387.28 356.672 30.6079 17.193
internal_count=1340 1270 70 1235 1155 80 50
is_linear=0
shrinkage=0.1


Tree=37
num_leaves=9
num_cat=0
split_feature=1 0 6 5 1 4 1 3
split_gain=1.67151 4.26368 3.63919 8.61687 3.26997 2.24002 4.07049 1.92208
threshold=0.42129329312791686 0.31494389872962009 14.268628196432529 11.466149581985588 0.42436351729119859 2.4981451034545903 0.47671704059379666 0.55892364053245702
decision_type=2 2 2 2 2 2 2 2
left_child=1 -1 3 -3 -2 6 -6 -7
right_child=4 2 -4 -5 5 7 -8 -9
leaf_value=-0.1000950402817391 0.066687048255144904 -0.058624757356935633 -0.067813231210242617 0.10970377477466463 0.028002036141869181 -0.0085792793325396681 -0.098907264349147331 0.0075564847333706294
leaf_weight=5.6154116317629841 7.9940424412488928 5.7555710636079329 5.4745703488588324 6.4482377469539642 4.457654267549513 100.08176492899656 5.8362457938492298 281.36547985672951
leaf_count=24 20 31 18 15 28 319 42 843
internal_value=0.00185527 -0.0241844 -7.19093e-05 0.0303165 0.00337268 0.00208066 -0.0439507 0.00332288
internal_weight=423.029 23.2938 17.6784 12.2038 399.735 391.741 10.2939 381.447
internal_count=1340 88 64 46 1252 1232 70 1162
is_linear=0
shrinkage=0.1


Tree=38
num_leaves=6
num_cat=0
split_feature=5 4 4 0 2
split_gain=1.62362 2.64633 6.54053 3.17789 1.94842
threshold=20.160802425217195 19.404574985054413 19.064073000889042 0.42290785931982106 0.61577488697922689
decision_type=2 2 2 2 2
left_child=1 2 3 -1 -2
right_child=4 -3 -4 -5 -6
leaf_value=-0.017167760061910241 0.065839623756250423 -0.045927995755203038 0.10264656739078573 0.0049155624334868081 -0.0045322643212392811
leaf_weight=82.836280889809132 8.4578914791345579 11.944331124424933 6.3340698033571234 305.45531297102571 7.3566056489944449
leaf_count=286 21 38 14 959 22
internal_value=0.00166788 0.000445096 0.00184869 0.000204411 0.0331039
internal_weight=422.384 406.57 394.626 388.292 15.8145
internal_count=1340 1297 1259 1245 43
is_linear=0
shrinkage=0.1


Tree=39
num_leaves=13
num_cat=0
split_feature=2 4 6 3 2 1 1 1 3 3 6 4
split_gain=1.44314 3.57362 5.04293 3.79601 2.81013 5.10192 7.6414 4.52103 4.33594 6.45772 3.83546 2.71552
threshold=0.73921685996660014 7.2307186470425231 13.849281860140689 0.82945551113562532 0.52042168371461861 0.58812352900890874 0.60667650789335015 0.54814841341654919 0.82945551113562532 0.92738133456684957 19.439053402362546 3.7063989639282231
decision_type=2 2 2 2 2 2 2 2 2 2 2 2
left_child=4 11 -3 -4 5 7 -7 -1 10 -10 -6 -2
right_child=1 2 3 -5 8 6 -8 -9 9 -11 -12 -13
leaf_value=-0.0036906406168803474 -0.0019938685046061522 0.064901936990867201 -0.085216981528641197 0.024285450505035909 0.027195623612967446 -0.12044686770482056 -0.01418595733257863 0.034430593460617623 -0.089193830874273503 0.014121248676769817 -0.050833165915557366 -0.1150026751366174
leaf_weight=166.21604276821017 3.4226570054888743 8.0840619206428546 7.0425734072923643 5.750916987657547 109.12790072709322 8.2898372858762723 36.851034358143806 38.273911327123642 9.3157967925071734 17.257396519184113 6.6854517906904212 5.6139973253011703
leaf_count=561 25 21 24 16 313 32 113 108 33 49 21 24
internal_value=0.00150636 -0.0196649 0.0030745 -0.0359936 0.0031219 -0.00327244 -0.0337001 0.00344442 0.0143324 -0.022098 0.0226913 -0.0722003
internal_weight=421.932 29.9142 20.8776 12.7935 392.017 249.631 45.1409 204.49 142.387 26.5732 115.813 9.03665
internal_count=1340 110 61 40 1230 814 145 669 416 82 334 49
is_linear=0
shrinkage=0.1


Tree=40
num_leaves=12
num_cat=0
split_feature=3 0 0 5 1 3 0 1 0 5 2
split_gain=1.68653 7.3257 8.03635 6.04867 5.51172 4.98092 4.77115 6.08778 4.67107 5.46476 3.657
threshold=0.70799752773955393 0.28585195541381841 0.50739093124866497 8.3517008651720221 0.54288183674454837 0.6502649671344336 0.42290785931982106 0.44621561873873106 0.44163352251052862 11.25325953398402 0.52799450794907699
decision_type=2 2 2 2 2 2 2 2 2 2 2
left_child=5 -2 3 -3 -4 6 7 -1 -7 -10 -8
right_child=1 2 4 -5 -6 8 10 -9 9 -11 -12
leaf_value=-0.0017287102697498974 -0.075637871877136317 -0.0300836881174214 -0.070282318581740569 0.05996798888748997 0.0064117792535237847 0.014664380999927049 0.00093392470187538359 -0.082658187595496591 -0.019230287746266114 -0.11129230302937353 0.032306432643082347
leaf_weight=28.086087748408318 9.2404389679431898 8.892849460244177 10.996417075395582 46.258504882454872 63.375179439783096 12.104697242379187 153.41774843633175 13.892573922872542 14.381023723632099 11.68825641274452 49.030270647257566
leaf_count=104 34 38 39 122 183 36 496 52 61 42 133
internal_value=0.00135654 0.0103851 0.0165221 0.0454477 -0.00492804 -0.00307667 0.00216992 -0.0285118 -0.0366704 -0.0605066 0.00853194
internal_weight=421.364 138.763 129.523 55.1514 74.3716 282.601 244.427 41.9787 38.174 26.0693 202.448
internal_count=1340 416 382 160 222 924 785 156 139 103 629
is_linear=0
shrinkage=0.1


Tree=41
num_leaves=8
num_cat=0
split_feature=6 6 6 4 2 4 3
split_gain=1.63543 4.15373 3.3303 2.72187 2.49274 2.53055 2.48523
threshold=18.790175619176797 17.618735760894094 19.439053402362546 19.301884296550778 0.2976420800341259 17.686955651026711 0.71683142040641756
decision_type=2 2 2 2 2 2 2
left_child=1 4 -2 -3 -1 -6 -4
right_child=2 3 6 -5 5 -7 -8
leaf_value=-0.058127849429749502 0.078565056262040744 -0.097802810511971761 -0.0424395536382784 -0.0039517381280017019 0.00024600641296605475 0.030550773123057623 0.038344323464581144
leaf_weight=6.8716222867369643 8.1410227119922656 7.0844977349042875 7.3609609603881818 5.4809816181659698 347.77826790139079 29.925531998276711 7.8901000022888184
leaf_count=35 20 24 23 16 1121 79 22
internal_value=0.001226 -0.000287485 0.0269213 -0.0568656 0.00156113 0.00264706 -0.000646208
internal_weight=420.533 397.141 23.3921 12.5655 384.575 377.704 15.2511
internal_count=1340 1275 65 40 1235 1200 45
is_linear=0
shrinkage=0.1


Tree=42
num_leaves=9
num_cat=0
split_feature=4 3 2 6 3 1 1 4
split_gain=1.45094 1.62401 4.63674 7.80561 4.4514 3.34989 8.23778 4.37336
threshold=23.153556835143899 0.55892364053245702 0.52042168371461861 15.386631564914309 0.55140593413119066 0.56318740545644264 0.55097646072089113 16.481712524735901
decision_type=2 2 2 2 2 2 2 2
left_child=1 2 3 -1 -4 6 -3 -7
right_child=-2 5 4 -5 -6 7 -8 -9
leaf_value=-0.01152981784356364 0.049375899360628868 0.0049526139920888501 -0.010016791385766442 -0.12484123716820986 0.080516625918408025 -0.00012873131008438011 0.071558287383629099 -0.051608223959121881
leaf_weight=85.787228897213936 6.1369429975748053 171.03506197407842 11.798500493168833 6.5430661439895621 10.063199415802954 87.367392435669899 20.830496765673161 20.345306620001793
leaf_count=298 16 548 34 24 24 277 54 65
internal_value=0.00110874 0.000392849 -0.00975448 -0.0195597 0.0316568 0.00426077 0.0121839 -0.00985243
internal_weight=419.907 413.77 114.192 92.3303 21.8617 299.578 191.866 107.713
internal_count=1340 1324 380 322 58 944 602 342
is_linear=0
shrinkage=0.1


Tree=43
num_leaves=8
num_cat=0
split_feature=6 6 6 4 6 5 1
split_gain=1.38097 4.00541 3.67984 2.21317 3.64611 2.5048 1.76289
threshold=18.535431454142721 17.618735760894094 19.336529165892429 17.686955651026711 17.035597918957453 17.208865443301317 0.58041934933324757
decision_type=2 2 2 2 2 2 2
left_child=1 3 -2 4 -1 -5 -4
right_child=2 -3 6 5 -6 -7 -8
leaf_value=-0.002365296988965114 0.07990384578948638 -0.060543447469308287 0.026008612489321271 0.066002120076368673 0.072000113698966056 0.0057218399204286702 -0.039261081062095138
leaf_weight=347.32344263419509 7.9630859941244152 10.782526612281798 9.433106794953348 10.750786468386652 6.7206551879644385 19.211056649684906 7.3720957189798346
leaf_count=1138 20 35 26 26 17 54 24
internal_value=0.00100401 -0.000433015 0.0239091 0.00125483 -0.000953653 0.0273514 -0.00262386
internal_weight=419.557 394.788 24.7683 384.006 354.044 29.9618 16.8052
internal_count=1340 1270 70 1235 1155 80 50
is_linear=0
shrinkage=0.1


Tree=44
num_leaves=10
num_cat=0
split_feature=3 0 0 5 1 1 2 5 0
split_gain=1.36064 6.27304 6.4966 4.8121 4.60074 4.26075 3.48133 6.92393 5.7016
threshold=0.70799752773955393 0.28585195541381841 0.50739093124866497 8.3517008651720221 0.54288183674454837 0.66731541526705385 0.53087718015929164 6.8332367137992227 0.50183556985575717
decision_type=2 2 2 2 2 2 2 2 2
left_child=5 -2 3 -3 -4 6 7 -1 -8
right_child=1 2 4 -5 -6 -7 8 -9 -10
leaf_value=0.024728038442382423 -0.071043339493645691 -0.026838506630177852 -0.064339319243529522 0.053991377115101061 0.0058470870627156885 -0.062231402490002509 -0.0052731977939834349 -0.019405761102515184 0.048076131258135937
leaf_weight=47.796703442931175 9.1307557225227338 8.7808709666132909 10.957335971295832 45.687860384583473 63.253365814685822 11.671615377068518 49.005750235170126 138.70851850509644 33.883743025362492
leaf_count=177 34 38 39 122 183 38 179 442 88
internal_value=0.000911203 0.00905061 0.0147339 0.0409608 -0.00451605 -0.00307964 -0.000516875 -0.00809535 0.0165351
internal_weight=418.877 137.81 128.679 54.4687 74.2107 281.066 269.395 186.505 82.8895
internal_count=1340 416 382 160 222 924 886 619 267
is_linear=0
shrinkage=0.1


Tree=45
num_leaves=12
num_cat=0
split_feature=6 6 3 6 6 6 0 2 5 1 4
split_gain=1.26463 5.62776 3.91156 3.82353 3.57043 3.49234 3.43102 4.46381 2.95048 2.77226 3.52199
threshold=4.048756797416992 3.5278129878137179 0.64351102098430057 5.5373913282844809 2.9352232657516359 3.8416774810463763 0.76815061273078566 0.54227410157198774 7.3643687634187076 0.65488443746195379 4.500519573688508
decision_type=2 2 2 2 2 2 2 2 2 2 2
left_child=1 2 4 9 -1 -3 8 -8 -5 10 -2
right_child=3 5 -4 6 -6 -7 7 -9 -10 -11 -12
leaf_value=-0.013128032888366248 0.066184783732379557 -0.14915946486611079 -0.077265347368425774 -0.027686756778985234 0.065724375806598109 -0.028840145632619048 -0.015023490035940768 -0.12051758210777355 0.0054750979760214737 0.088419363077926125 -0.018160161435767385
leaf_weight=12.483649488538509 8.7465595528483444 4.3150392286479455 4.6622419916093341 29.486303232610226 10.633844345808027 5.4710394963622093 20.6687575429678 4.9767602831125251 297.78031665086746 7.8733266294002524 11.407787784934042
leaf_count=68 28 24 35 110 30 24 64 18 883 19 37
internal_value=0.000824222 -0.0166808 0.0062919 0.00255045 0.0231434 -0.0818933 -0.000272894 -0.0354956 0.00248726 0.0381008 0.0184438
internal_weight=418.506 37.5658 27.7797 380.94 23.1175 9.78608 352.912 25.6455 327.267 28.0277 20.1543
internal_count=1340 181 133 1159 98 48 1075 82 993 84 65
is_linear=0
shrinkage=0.1


Tree=46
num_leaves=10
num_cat=0
split_feature=0 3 2 1 0 0 1 4 4
split_gain=1.25328 7.30234 8.78723 4.69067 4.44698 5.15278 4.41956 3.85505 3.1922
threshold=0.42290785931982106 0.58472052102374739 0.42856720229922823 0.4515044014883996 0.43772331299988659 0.46880454384154296 0.54339991037030566 19.064073000889042 2.4981451034545903
decision_type=2 2 2 2 2 2 2 2 2
left_child=1 2 -1 -4 -2 -6 7 -3 -7
right_child=4 6 3 -5 5 8 -8 -9 -10
leaf_value=0.0080022078169068641 0.068349293262661356 0.0064220784536879851 -0.055211241895062026 -0.18150522907376326 -0.067243335603805438 -0.064751888278777273 -0.067527425255724957 0.088105963612665567 0.0054290673070040707
leaf_weight=10.215188145637514 10.28522504866123 55.952831707894802 5.8433234170079213 5.9204963445663452 10.530272372066973 6.6249778904020777 7.2703853398561469 6.4430379271507254 298.53717351332307
leaf_count=35 26 183 25 27 35 49 26 16 918
internal_value=0.000735771 -0.00959592 -0.0598514 -0.118772 0.00364042 0.00153221 0.00625917 0.0148568 0.00390546
internal_weight=417.623 91.6453 21.979 11.7638 325.978 315.692 69.6663 62.3959 305.162
internal_count=1340 312 87 52 1028 1002 225 199 967
is_linear=0
shrinkage=0.1


Tree=47
num_leaves=8
num_cat=0
split_feature=3 2 2 0 3 3 0
split_gain=1.27214 1.3808 3.10595 2.34832 2.23435 3.76525 0.783285
threshold=1.1057423752172093 0.37138169667529064 0.38145252212856356 0.81410505614422857 0.93101136103263638 0.7417904595832947 0.59375012113409309
decision_type=2 2 2 2 2 2 2
left_child=1 4 6 -4 5 -1 -3
right_child=-2 2 3 -5 -6 -7 -8
leaf_value=-0.01560260848229543 0.045322466105103092 0.026329796587215078 0.0019449770540917487 -0.048888549433421462 -0.066255385041947043 0.068343330966179103 0.073163806518123972
leaf_weight=51.50466600060463 6.2816465795040122 7.7143579795956594 322.26285253465176 9.3514797389507276 7.1271918453276148 5.9615764096379271 6.6489088237285614
leaf_count=200 18 23 1003 31 28 20 17
internal_value=0.00066091 -2.24016e-05 0.00248337 0.000511478 -0.0134439 -0.00689402 0.0480098
internal_weight=416.853 410.571 345.978 331.614 64.5934 57.4662 14.3633
internal_count=1340 1322 1074 1034 248 220 40
is_linear=0
shrinkage=0.1


Tree=48
num_leaves=9
num_cat=0
split_feature=1 0 6 5 1 4 1 5
split_gain=1.20284 3.71093 3.12508 6.94273 2.74334 1.55831 3.33684 1.97828
threshold=0.42129329312791686 0.31494389872962009 14.268628196432529 11.466149581985588 0.42436351729119859 2.4981451034545903 0.47671704059379666 3.0138969559073332
decision_type=2 2 2 2 2 2 2 2
left_child=1 -1 3 -3 -2 6 -6 -7
right_child=4 2 -4 -5 5 7 -8 -9
leaf_value=-0.093682566450220162 0.060154153172544501 -0.052383744580111503 -0.062366977988648126 0.10101676990055751 0.02511207128595085 0.052339287373493582 -0.092276776457125925 0.00067402470403307875
leaf_weight=5.454433128237727 7.9172652810811988 5.5193794481456298 5.3645035475492469 6.3387089967727661 4.4506353884935361 7.5632714405655852 5.3111698664724827 368.66326643526554
leaf_count=24 20 31 18 15 28 26 42 1136
internal_value=0.000595092 -0.0218002 0.000965143 0.0296161 0.00188438 0.00068917 -0.0387565 0.00171265
internal_weight=416.583 22.677 17.2226 11.8581 393.906 385.988 9.76181 376.227
internal_count=1340 88 64 46 1252 1232 70 1162
is_linear=0
shrinkage=0.1


Tree=49
num_leaves=8
num_cat=0
split_feature=6 6 6 0 0 3 5
split_gain=1.09817 2.85326 2.81058 3.85531 3.18553 2.14306 0.69955
threshold=18.790175619176797 19.808670329584061 17.618735760894094 0.23318691978761308 0.24885177612304688 0.7625836214551398 18.685119547428787
decision_type=2 2 2 2 2 2 2
left_child=2 -2 3 -1 -5 -3 -4
right_child=1 5 6 4 -6 -7 -8
leaf_value=-0.16340519405668652 0.063280893684672476 -0.046970100937325066 -0.070552558950412 0.1062394007376057 0.00064640352657452469 0.034526677043618122 -0.023170885850170502
leaf_weight=1.423951357603072 9.607657194137575 6.8605382442474347 6.3804910778999311 2.8788393288850775 376.73107814416289 6.0917223691940308 6.0902801156044006
leaf_count=7 25 22 21 7 1221 18 19
internal_value=0.000532312 0.0219889 -0.000697811 0.000831121 0.00144719 -0.00864044 -0.047413
internal_weight=416.065 22.5599 393.505 381.034 379.61 12.9523 12.4708
internal_count=1340 65 1275 1235 1228 40 40
is_linear=0
shrinkage=0.1


Tree=50
num_leaves=11
num_cat=0
split_feature=2 1 3 0 3 2 4 1 5 3
split_gain=1.09834 4.09875 3.81689 1.37615 6.13086 7.18734 3.9109 2.81261 2.3649 0.287185
threshold=0.32923072532636616 0.4332753891958977 0.55867577259988266 0.42290785931982106 0.58472052102374739 0.42856720229922823 15.166025400161745 0.42711926475199397 19.337122340919507 0.58472052102374739
decision_type=2 2 2 2 2 2 2 2 2 2
left_child=1 -1 -3 4 5 -2 -6 -5 -9 -4
right_child=3 2 9 7 6 -7 -8 8 -10 -11
leaf_value=-0.099033904712578086 0.0056541313469437113 0.065722962210846905 -0.018736053750662833 0.052484026065890643 -0.011169302587053604 -0.10996827027992043 0.039488004268795611 0.0050127833663741739 -0.03693747770353966 -0.051834703944293618
leaf_weight=5.1806709244847324 10.141760498285295 6.1104414910078075 5.8795447871088964 11.946737401187418 46.588887460529804 11.441776521503924 22.649341508746147 276.94012762606144 14.123597860336302 4.7306459695100784
leaf_count=33 35 22 24 34 164 52 61 848 46 21
internal_value=0.000480715 -0.0213155 0.00276456 0.00169282 -0.0091044 -0.0556391 0.00540181 0.00492908 0.00297719 -0.0334934
internal_weight=415.734 21.9013 16.7206 393.832 90.8218 21.5835 69.2382 303.01 291.064 10.6102
internal_count=1340 100 67 1240 312 87 225 928 894 45
is_linear=0
shrinkage=0.1


Tree=51
num_leaves=7
num_cat=0
split_feature=5 5 4 1 6 2
split_gain=1.12932 2.33069 4.12358 3.64792 3.4236 2.17392
threshold=20.160802425217195 18.330056860787789 19.064073000889042 0.60491010063349726 17.972941443028017 0.63270291009935253
decision_type=2 2 2 2 2 2
left_child=1 2 4 -3 -1 -2
right_child=5 3 -4 -5 -6 -7
leaf_value=-0.0015985944967612542 0.058162705615746879 -0.0055272483529084987 0.080550462204464379 -0.10442194148427759 0.070257985916861401 -0.020077930579654693
leaf_weight=369.40622895956039 9.0507258176803571 11.945204645395281 6.4144252985715857 5.4233827441930762 6.7517456561326972 5.8443896621465674
leaf_count=1209 24 34 16 21 17 19
internal_value=0.000427266 -0.000579651 0.00104691 -0.0364074 -0.000308824 0.0274635
internal_weight=414.836 399.941 382.572 17.3686 376.158 14.8951
internal_count=1340 1297 1242 55 1226 43
is_linear=0
shrinkage=0.1


Tree=52
num_leaves=9
num_cat=0
split_feature=3 2 1 5 1 4 4 4
split_gain=1.05626 1.56219 6.30517 6.0705 3.24892 2.98308 6.45283 6.37427
threshold=1.0721620513049799 0.52042168371461861 0.58812352900890874 7.3643687634187076 0.54814841341654919 16.951001063837115 18.5736481891945 15.080272602281939
decision_type=2 2 2 2 2 2 2 2
left_child=1 2 4 -4 -1 7 -7 -3
right_child=-2 5 3 -5 -6 6 -8 -9
leaf_value=-0.0043899628456434267 0.035669644056063855 0.0038032696452620102 0.017802459113002874 -0.067319078482905359 0.028161986490482793 -0.081128805203013438 0.012844822286238511 0.061878808399524046
leaf_weight=162.73298627510667 8.3156506270170194 110.69275078177452 11.968111157417296 27.930290207266808 37.77886325865984 11.282590568065642 20.736926689743996 22.790371552109718
leaf_count=559 24 361 36 97 108 38 60 57
internal_value=0.000389223 -0.000333542 -0.00548081 -0.0417856 0.00174322 0.00714342 -0.0202683 0.0137189
internal_weight=414.229 405.913 240.41 39.8984 200.512 165.503 32.0195 133.483
internal_count=1340 1316 800 133 667 516 98 418
is_linear=0
shrinkage=0.1


Tree=53
num_leaves=13
num_cat=0
split_feature=2 2 1 6 1 5 4 6 3 6 4 3
split_gain=1.0707 1.6045 5.67188 4.75959 2.3414 1.53082 9.15232 5.47807 7.49471 5.19323 5.0862 2.66716
threshold=0.36307659230850448 0.34094685137084735 0.4332753891958977 6.2069611288699642 0.43854726038305986 5.9352356878769816 4.9347886637506457 8.8901026699412515 0.7625836214551398 9.1784802915824937 4.500519573688508 0.58472052102374739
decision_type=2 2 2 2 2 2 2 2 2 2 2 2
left_child=1 2 -1 -4 -3 6 10 8 -7 -9 -2 -8
right_child=5 4 3 -5 -6 7 11 9 -10 -11 -12 -13
leaf_value=-0.097224174004581498 0.0053950171351784129 0.0055213103235576214 -0.037913641000740711 0.041154485751948938 -0.079104263428065563 -0.065148471014351242 0.12069709861948381 0.081928785657077854 0.019209562819858573 0.0024069984312012674 -0.10112523299635129 0.039745801810659447
leaf_weight=5.4535632207989684 36.678798109292984 5.7094514295458776 11.861671753227709 21.255857661366463 7.6501999944448471 27.57189878821373 8.2493051588535327 8.4907827973365766 17.041037142276764 250.39931304752827 5.106693521142005 8.0337879061698896
leaf_count=36 157 19 55 62 33 106 19 20 57 735 19 22
internal_value=0.00035568 -0.0130713 -0.00272648 0.0128347 -0.0429382 0.00228413 0.0171598 -0.000561991 -0.0329258 0.00501506 -0.00762305 0.0807572
internal_weight=413.502 51.9307 38.5711 33.1175 13.3597 361.572 58.0686 303.503 44.6129 258.89 41.7855 16.2831
internal_count=1340 205 153 117 52 1135 217 918 163 755 176 41
is_linear=0
shrinkage=0.1


Tree=54
num_leaves=10
num_cat=0
split_feature=2 1 5 6 4 2 1 0 5
split_gain=1.00781 5.70245 4.8263 2.87518 2.30211 2.27043 2.42606 3.50117 2.56841
threshold=0.71537168501975179 0.62714124463691479 8.3932970010305095 14.231843420478498 3.7063989639282231 0.69115400290687379 0.66862471287487002 0.81256705569103371 14.094949119747346
decision_type=2 2 2 2 2 2 2 2 2
left_child=5 -2 4 -4 -3 6 7 -1 -8
right_child=1 2 3 -5 -6 -7 8 -9 -10
leaf_value=0.001021855382807822 -0.082913019095652754 0.0096775149084716312 0.081858121312029117 0.00099400397883422746 -0.10108672660430687 0.052632927050291947 -0.059606663422909302 0.059350861631870283 0.0044960707732766047
leaf_weight=333.19193278625607 9.3204267770051938 3.1181558705866363 7.9706993699073818 9.8068181872367841 4.7118246108293533 8.5921219587326032 13.260177388787271 10.618628501892088 11.8238518089056
leaf_count=1081 35 25 19 30 21 22 45 28 34
internal_value=0.000312782 -0.0159385 0.00843845 0.0372501 -0.0569768 0.00181647 0.000632876 0.00282335 -0.0293906
internal_weight=412.415 34.9279 25.6075 17.7775 7.82998 377.487 368.895 343.811 25.084
internal_count=1340 130 95 49 46 1210 1188 1109 79
is_linear=0
shrinkage=0.1


Tree=55
num_leaves=13
num_cat=0
split_feature=2 4 6 0 0 6 2 1 0 2 1 0
split_gain=1.05271 2.6346 4.86047 3.81579 3.3964 3.13455 2.21924 2.11043 1.47711 4.65072 1.97308 0.596381
threshold=0.37138169667529064 8.2562980651855487 4.3313883505484432 0.57034325815084241 0.56269849091768276 14.268628196432529 0.38145252212856356 0.4515044014883996 0.76815061273078566 0.54227410157198774 0.68540256136879651 0.59375012113409309
decision_type=2 2 2 2 2 2 2 2 2 2 2 2
left_child=1 2 3 -1 -4 7 11 -3 10 -10 -8 -2
right_child=6 5 4 -5 -6 -7 8 -9 9 -11 -12 -13
leaf_value=-0.079379356647693383 0.022243692517356514 0.048972417393677747 -0.028378643838085055 0.033541581924428701 -0.1516330043284374 -0.060370944225671852 0.0014823567897182207 -0.0022943658295120034 -0.0012368626239756058 -0.10993531492405871 0.05450072413945245 0.063351866761343217
leaf_weight=4.3468314819037941 7.6587584316730482 12.111213304102419 4.0856975205242616 9.6047476604580861 4.9375281929969788 6.5222050100564948 300.30395515263081 23.826767355203629 20.045551627874378 4.8979254215955725 7.1872836202383033 6.5450818538665771
leaf_count=32 23 41 22 39 24 22 947 74 62 18 19 17
internal_value=0.000280995 -0.0113522 -0.0386305 -0.00164069 -0.0958237 0.00340781 0.002477 0.0149827 0.000823083 -0.022581 0.00272161 0.0411862
internal_weight=412.074 65.435 22.9748 13.9516 9.02323 42.4602 346.639 35.938 332.435 24.9435 307.491 14.2038
internal_count=1340 254 117 71 46 137 1086 115 1046 80 966 40
is_linear=0
shrinkage=0.1


Tree=56
num_leaves=10
num_cat=0
split_feature=0 3 2 1 0 0 1 1 0
split_gain=0.976096 5.02523 6.04887 4.08649 3.57686 4.10101 3.5276 3.40623 2.50098
threshold=0.42290785931982106 0.58472052102374739 0.42856720229922823 0.4515044014883996 0.43772331299988659 0.46880454384154296 0.54339991037030566 0.51857176330352528 0.53027343750000011
decision_type=2 2 2 2 2 2 2 2 2
left_child=1 2 -1 -4 -2 -6 7 -3 -7
right_child=4 6 3 -5 5 8 -8 -9 -10
leaf_value=0.0042855862489062741 0.061405729069151649 0.0040869696542085842 -0.041810370871034827 -0.16350367576154784 -0.060256852281544343 0.021988545013223098 -0.062367870748760615 0.082889412716355249 -0.0013184503233170588
leaf_weight=10.110923022031786 10.093743726611136 55.357722446322441 5.5078322142362577 5.5298620238900185 10.585161209106444 56.724480353295803 7.1395580470561972 6.0885160863399497 244.43746514245868
leaf_count=35 26 183 25 27 35 191 26 16 776
internal_value=0.000246684 -0.00897611 -0.0515923 -0.102778 0.00281815 0.000921201 0.00416471 0.0118953 0.00307147
internal_weight=411.575 89.7344 21.1486 11.0377 321.841 311.747 68.5858 61.4462 301.162
internal_count=1340 312 87 52 1028 1002 225 199 967
is_linear=0
shrinkage=0.1


Tree=57
num_leaves=9
num_cat=0
split_feature=1 2 2 5 1 6 6 5
split_gain=1.00978 3.42981 8.26505 3.51734 2.23091 1.69697 4.17936 3.79142
threshold=0.42215563032594833 0.40461674181003376 0.37138169667529064 15.164540241950785 0.42905429471662954 15.159422250378858 15.322059120746918 14.215234779203433
decision_type=2 2 2 2 2 2 2 2
left_child=1 2 -1 -3 -2 7 -7 -6
right_child=4 3 -4 -5 5 6 -8 -9
leaf_value=-0.071593144088279395 0.042388898965122004 -0.11945239312328809 0.092011016614306995 -0.0068154585514991987 0.00065781464021673916 0.093792209831608644 0.0064460878948462922 -0.03441281774933623
leaf_weight=5.7523963190615195 12.863300204277037 5.2731877788901311 6.6662638485431671 5.8458186984062195 256.71398166939616 5.8973098695278159 77.04628598690033 35.0324487388134
leaf_count=33 35 26 17 17 866 14 225 107
internal_value=0.00021926 -0.0198915 0.0162286 -0.0602335 0.00144067 3.48923e-05 0.0126564 -0.00355341
internal_weight=411.091 23.5377 12.4187 11.119 387.553 374.69 82.9436 291.746
internal_count=1340 93 50 43 1247 1212 239 973
is_linear=0
shrinkage=0.1


Tree=58
num_leaves=12
num_cat=0
split_feature=2 1 5 6 4 2 3 6 1 4 0
split_gain=1.02387 4.48802 3.96493 2.40976 1.95413 1.89763 5.64083 5.65764 3.74452 3.50132 5.59343
threshold=0.71537168501975179 0.62714124463691479 8.3932970010305095 14.231843420478498 3.7063989639282231 0.53087718015929164 0.80509996136997597 16.047047218364572 0.65930903858119105 21.354069882886559 0.37353515625000006
decision_type=2 2 2 2 2 2 2 2 2 2 2
left_child=5 -2 4 -4 -3 9 8 -8 -7 10 -1
right_child=1 2 3 -5 -6 6 7 -9 -10 -11 -12
leaf_value=-0.06979908187874051 -0.076001337259506072 0.0062331619094522653 0.072582594538127182 -0.0016782756403695524 -0.095901067115377464 0.032572067257004143 -0.0049686430637467614 -0.11813828339155974 -0.024211622681174522 0.068702521341906894 -0.0015844954120280419
leaf_weight=12.663135871291159 9.2244022935628873 3.1665170602500465 7.9153788983821896 9.7549985796213132 4.586980789899826 78.003839503973722 22.558916263282303 5.4931604564189902 13.64449694752693 6.6080832332372657 236.87896736711264
leaf_count=51 35 25 19 30 21 229 68 21 42 17 782
internal_value=0.000197456 -0.0162513 0.00542751 0.0315866 -0.0541896 0.0017138 0.0121082 -0.0271295 0.0241182 -0.00314353 -0.00504608
internal_weight=410.499 34.6483 25.4239 17.6704 7.7535 375.851 119.7 28.0521 91.6483 256.15 249.542
internal_count=1340 130 95 49 46 1210 360 89 271 850 833
is_linear=0
shrinkage=0.1


Tree=59
num_leaves=12
num_cat=0
split_feature=5 5 6 6 1 1 2 5 5 4 2
split_gain=0.963792 4.66608 3.35715 2.15324 5.81806 10.1704 3.62679 3.54528 7.92055 7.08845 1.88275
threshold=3.6751403685989708 3.1897122145592567 2.9352232657516359 6.2646361583025305 0.46395117048729934 0.48577059127175387 0.40724413590878 7.4701113443502463 6.9690596991115781 7.8912007199274976 0.40262207060129634
decision_type=2 2 2 2 2 2 2 2 2 2 2
left_child=1 2 10 4 6 -6 -2 8 -5 -9 -1
right_child=3 -3 -4 7 5 -7 -8 9 -10 -11 -12
leaf_value=-0.059387541345065534 -0.10192648205487483 -0.08802336414869405 0.074134376919422942 -0.0027916604896936655 0.14136239957335042 0.013625317899476375 0.015173289798939352 0.074862724772304712 -0.14746025996079609 -0.0020459413815769314 0.014717074597799041
leaf_weight=6.2794243320822769 5.4962988682091218 7.0369686372578135 5.3859001249074927 13.311673730611803 7.6710618883371344 33.25196199119091 5.0982818454504013 12.480571553111075 5.2877966500818721 301.1835952103138 7.5515273027122021
leaf_count=41 32 39 15 50 20 100 17 37 27 913 49
internal_value=0.000180256 -0.0183562 0.00715503 0.0014483 0.0204708 0.0375698 -0.0455762 -0.00150115 -0.0439207 0.00101422 -0.0189273
internal_weight=410.035 26.2538 19.2169 383.781 51.5176 40.923 10.5946 332.264 18.5995 313.664 13.831
internal_count=1340 144 105 1196 169 120 49 1027 77 950 90
is_linear=0
shrinkage=0.1


Tree=60
num_leaves=8
num_cat=0
split_feature=5 1 5 4 3 4 0
split_gain=0.978533 4.41356 1.02702 2.83956 3.76485 2.70085 2.28657
threshold=2.2662777456619145 0.48085150220871536 3.0138969559073332 3.7578125000000004 0.562645140760068 3.9522815035306853 0.6250484008342313
decision_type=2 2 2 2 2 2 2
left_child=1 -1 6 4 -4 -5 -2
right_child=2 -3 3 5 -6 -7 -8
leaf_value=0.052640318965562316 -0.0087308111561017511 -0.1184192166646349 -0.0057894333331513417 0.066729303915816829 -0.12525418179868145 0.00026262006402903124 0.080697804581008448
leaf_weight=2.7941413745284072 6.5995537713170034 3.2776555754244328 7.2386761121451837 6.2150848209857932 4.1505083553493023 374.17852927744389 5.0445519238710403
leaf_count=22 29 35 33 18 30 1160 13
internal_value=0.000145619 -0.0397004 0.000745323 -0.000124511 -0.0493254 0.00134859 0.0300122
internal_weight=409.499 6.0718 403.427 391.783 11.3892 380.394 11.6441
internal_count=1340 57 1283 1241 63 1178 42
is_linear=0
shrinkage=0.1


Tree=61
num_leaves=8
num_cat=0
split_feature=3 2 1 5 2 1 6
split_gain=0.964943 1.00974 3.6195 2.77245 2.01261 4.59111 2.81926
threshold=1.1057423752172093 0.71537168501975179 0.62714124463691479 8.3932970010305095 0.52042168371461861 0.58812352900890874 5.0751349046041492
decision_type=2 2 2 2 2 2 2
left_child=1 4 -3 -4 5 -1 -6
right_child=-2 2 3 -5 6 -7 -8
leaf_value=0.0018936121113258938 0.039628999887565075 -0.072830555200917163 -0.048482991006638852 0.024750706174816877 -0.046080113982924609 -0.034787283040655252 0.014756567110508604
leaf_weight=197.58231215551496 6.0903493463993064 8.6436659544706327 7.4303571134805706 16.988747224211693 8.1209061741828901 41.245333045721054 122.84664712846279
leaf_count=667 18 33 46 47 40 137 352
internal_value=0.000122223 -0.000475035 -0.0172183 0.00246682 0.00102195 -0.00444115 0.0109843
internal_weight=408.948 402.858 33.0628 24.4191 369.795 238.828 130.968
internal_count=1340 1322 126 93 1196 804 392
is_linear=0
shrinkage=0.1


Tree=62
num_leaves=13
num_cat=0
split_feature=3 0 0 5 6 3 3 4 4 3 1 4
split_gain=0.938111 4.75636 5.07715 4.31361 6.9373 4.72135 4.69532 4.50321 8.29103 4.55716 3.87618 2.76899
threshold=0.70799752773955393 0.28585195541381841 0.50739093124866497 6.8332367137992227 8.5151307493415729 0.56783814251625053 0.6002865986821545 4.9347886637506457 4.500519573688508 0.55817133810622332 0.54288183674454837 17.510128829628233
decision_type=2 2 2 2 2 2 2 2 2 2 2 2
left_child=3 -2 11 7 5 -5 -6 8 -1 -9 -4 -3
right_child=1 2 10 4 6 -7 -8 9 -10 -11 -12 -13
leaf_value=0.014660000462701701 -0.065149248075311125 0.025450761101752158 -0.060501978723500431 -0.037652961857474944 0.0054833506163260316 -0.15406317800651775 -0.028697594106248545 0.11124736239781979 -0.12482696982750403 0.020259886123360955 0.0043708134038975208 0.087823201414217483
leaf_weight=40.187256865203381 8.5661567971110326 44.433454860001802 10.814485125243662 11.668162360787393 130.45442754775286 4.9672326296567908 58.080535471439362 8.7134836688637751 4.7667370289564124 14.947810605168341 62.095111779868603 8.4752778559923154
leaf_count=187 34 138 39 50 387 24 186 24 20 46 183 22
internal_value=0.000108996 0.00695185 0.0118607 -0.00324974 -0.0105086 -0.0724124 -0.00504651 0.0184554 -0.000130625 0.0537668 -0.00525159 0.035442
internal_weight=408.17 134.384 125.818 273.786 205.17 16.6354 188.535 68.6153 44.954 23.6613 72.9096 52.9087
internal_count=1340 416 382 924 647 74 573 277 207 70 222 160
is_linear=0
shrinkage=0.1


Tree=63
num_leaves=6
num_cat=0
split_feature=4 4 4 5 1
split_gain=0.971362 1.37291 2.36319 2.47213 1.36894
threshold=23.153556835143899 20.180440425872806 19.064073000889042 17.208865443301317 0.55945282104065519
decision_type=2 2 2 2 2
left_child=1 2 3 -1 -3
right_child=-2 4 -4 -5 -6
leaf_value=0.0011469536205393034 0.040628350434526284 -0.0052222217823557054 0.043859304449133732 -0.034320504841095473 -0.070124528913772549
leaf_weight=355.19714341685176 5.827071636915206 7.8932367414236051 12.225666522979735 20.803199052810669 5.5244206637144089
leaf_count=1180 16 24 35 65 20
internal_value=9.26552e-05 -0.000495439 0.000591479 -0.000815376 -0.0319443
internal_weight=407.471 401.644 388.226 376 13.4177
internal_count=1340 1324 1280 1245 44
is_linear=0
shrinkage=0.1


Tree=64
num_leaves=15
num_cat=0
split_feature=3 3 0 5 2 1 3 1 1 5 5 6 1 2
split_gain=0.872309 6.26985 4.4776 5.26291 2.82008 6.40281 4.18971 2.25439 5.77826 4.01366 2.78014 9.83661 3.84518 2.34057
threshold=0.55864248135163963 0.55639876959785717 0.56406557587099448 12.229631420437494 0.48306486252620578 0.58812352900890874 0.54554910899150733 0.56318740545644264 0.55097646072089113 13.413191994344938 13.169553545069951 14.627052235125241 0.6786009835223582 0.45744017517587626
decision_type=2 2 2 2 2 2 2 2 2 2 2 2 2 2
left_child=1 4 -3 -4 5 -1 -6 8 9 -2 12 -12 -9 -10
right_child=7 2 3 -5 6 -7 -8 10 13 -11 11 -13 -14 -15
leaf_value=0.0062090969140699281 -0.0084562373988677202 -0.00073379083191497214 -0.0395673542715686 -0.15979223393991965 -0.00088362990670483093 -0.10168301657387045 0.076495372045864166 0.014107464692556113 0.023254094075085333 0.02259986155547182 -0.10884182478200098 -0.0015189122084156908 -0.066737970971937663 0.091193349478883301
leaf_weight=40.897931266576052 109.8241323158145 10.972718216478826 9.8322810307145101 5.7825605869293204 16.767883196473125 6.3550577759742728 12.00884262472391 53.951099865138531 9.4929283857345599 67.003844007849693 11.215161249041556 35.803496167063713 6.6031355112791053 10.885651201009749
leaf_count=147 399 37 37 22 50 25 30 182 29 187 39 107 23 26
internal_value=8.5529e-05 -0.00788907 -0.0496886 -0.0840896 0.00672819 -0.00830132 0.0314075 0.00277053 0.00912255 0.00331157 -0.00887424 -0.0271182 0.00529168 0.0595453
internal_weight=407.397 102.617 26.5876 15.6148 76.0297 47.253 28.7767 304.779 197.207 176.828 107.573 47.0187 60.5542 20.3786
internal_count=1340 348 96 59 252 172 80 992 641 586 351 146 205 55
is_linear=0
shrinkage=0.1


Tree=65
num_leaves=10
num_cat=0
split_feature=0 0 0 3 3 1 0 0 2
split_gain=0.892203 11.3347 11.0354 2.40109 4.68553 4.41103 2.37915 4.20339 2.32917
threshold=0.54689706862154719 0.5361046848120169 0.56139391660690319 0.55946838659223108 0.55493184990887479 0.57134243754773506 0.50000015285331767 0.50183556985575717 0.42341871166273015
decision_type=2 2 2 2 2 2 2 2 2
left_child=1 6 -2 4 -4 -5 8 -8 -1
right_child=2 -3 3 5 -6 -7 7 -9 -10
leaf_value=0.022162620172126224 0.10310859220031199 -0.10766752964208864 0.0097704455024852088 0.028861149608505405 -0.037243539423287932 -0.0096410018012651703 0.091587744420196571 0.0077996436643296384 -0.012507596583309528
leaf_weight=23.653808157891035 10.781342655420302 10.158909916877745 42.704762574285269 56.090525217354298 42.093569848686457 63.376601070165634 6.9407801181077948 43.587117118760943 107.17203423753381
leaf_count=79 24 38 132 169 156 196 20 142 384
internal_value=8.51995e-05 -0.00487887 0.00450601 -0.000698336 -0.0135671 0.00843599 0.000879056 0.0193092 -0.00623909
internal_weight=406.559 191.513 215.047 204.265 84.7983 119.467 181.354 50.5279 130.826
internal_count=1340 663 677 653 288 365 625 162 463
is_linear=0
shrinkage=0.1


Tree=66
num_leaves=10
num_cat=0
split_feature=2 4 3 1 6 2 0 4 4
split_gain=0.868478 2.2564 4.27342 3.32283 2.70471 1.7668 1.75102 1.49339 3.35343
threshold=0.37138169667529064 8.2562980651855487 0.58025261659659344 0.48148300359964874 14.268628196432529 0.3803044043582221 0.74218750000000011 2.0151715278625493 2.9983708571460856
decision_type=2 2 2 2 2 2 2 2 2
left_child=1 2 3 -1 6 -2 -3 -7 -9
right_child=5 4 -4 -5 -6 7 -8 8 -10
leaf_value=0.026156265850553286 0.0418716549865987 -0.0036656505784543429 -0.11277698558774085 -0.064533585698842252 -0.056736976489039206 -0.060464571624049626 0.041811088799860438 0.064953392324781145 -9.071584111873975e-05
leaf_weight=9.8143504001200252 10.81077419221401 22.189355205744505 5.5063503663986912 6.8668077886104575 6.4311385601758948 3.9328097887337199 13.690408155322073 8.1285157054662687 318.70173033326864
leaf_count=55 30 78 32 30 22 39 37 27 990
internal_value=8.05257e-05 -0.010562 -0.0363909 -0.0111763 0.00298242 0.00209013 0.0136866 0.000789894 0.00152698
internal_weight=406.072 64.4984 22.1875 16.6812 42.3109 341.574 35.8798 330.763 326.83
internal_count=1340 254 117 85 137 1086 115 1056 1017
is_linear=0
shrinkage=0.1


Tree=67
num_leaves=8
num_cat=0
split_feature=1 5 1 5 1 2 2
split_gain=0.841802 3.08426 3.42224 3.17241 1.73085 1.50717 1.22772
threshold=0.42215563032594833 11.466149581985588 0.41190716210847256 6.3350268421141775 0.42905429471662954 0.2976420800341259 0.30402322268916387
decision_type=2 2 2 2 2 2 2
left_child=1 3 -3 -1 -2 -6 -7
right_child=4 2 -4 -5 5 6 -8
leaf_value=0.0055873058173863139 0.037416134696852225 0.050074900186538665 -0.042803913661570207 -0.13096313306925542 -0.054144693156091675 0.038825025549699729 -0.00019527222364739365
leaf_weight=2.9228034652769592 12.744042560458182 8.3188360184431058 7.5836822986602774 4.071353942155838 5.0828758813440791 8.249872609972952 356.69399706274271
leaf_count=17 35 23 26 27 29 29 1154
internal_value=6.74397e-05 -0.0185578 0.00578233 -0.0738998 0.00118157 -6.63781e-05 0.000686815
internal_weight=405.667 22.8967 15.9025 6.99416 382.771 370.027 364.944
internal_count=1340 93 49 44 1247 1212 1183
is_linear=0
shrinkage=0.1


Tree=68
num_leaves=6
num_cat=0
split_feature=0 0 0 3 0
split_gain=1.98579 3.78612 1.16996 6.47776 5.89401
threshold=0.23318691978761308 0.24885177612304688 0.28585195541381841 0.69011780932991862 0.29808433353900915
decision_type=2 2 2 2 2
left_child=-1 -2 3 -3 -4
right_child=1 2 4 -5 -6
leaf_value=-0.096265801328594691 0.10673911961130152 0.016514452933791661 0.11258779673609168 -0.10588475002808627 -0.00048342898805795939
leaf_weight=2.1291002333164206 3.3308222740888587 12.989620961248876 4.667342782020568 6.4811978340148917 375.64423760958016
leaf_count=10 8 49 12 28 1233
internal_value=5.60516e-05 0.000564789 -0.000319811 -0.0242282 0.000904228
internal_weight=405.242 403.113 399.782 19.4708 380.312
internal_count=1340 1330 1322 77 1245
is_linear=0
shrinkage=0.1


Tree=69
num_leaves=6
num_cat=0
split_feature=0 0 0 0 3
split_gain=1.63866 3.12235 1.03004 6.79882 5.04724
threshold=0.23318691978761308 0.24885177612304688 0.42290785931982106 0.43515342126077233 0.6198395594583781
decision_type=2 2 2 2 2
left_child=-1 -2 4 -4 -3
right_child=1 2 3 -5 -6
leaf_value=-0.088194597401063626 0.097717823655450578 -0.047897401591788839 0.12330424908186539 0.00053031369110929764 0.0059856339155664115
leaf_weight=2.0934654474258414 3.2773015499114981 24.870217647403479 4.57651363313198 312.53834907524288 57.751913953572512
leaf_count=10 8 101 10 1018 193
internal_value=4.96865e-05 0.000508073 -0.000288915 0.00230215 -0.0102338
internal_weight=405.108 403.014 399.737 317.115 82.6221
internal_count=1340 1330 1322 1028 294
is_linear=0
shrinkage=0.1


Tree=70
num_leaves=6
num_cat=0
split_feature=4 4 4 5 1
split_gain=0.937271 1.13912 1.99396 1.8872 1.06015
threshold=23.153556835143899 20.180440425872806 19.064073000889042 17.208865443301317 0.55945282104065519
decision_type=2 2 2 2 2
left_child=1 2 3 -1 -3
right_child=-2 4 -4 -5 -6
leaf_value=0.00090005721326195378 0.039978234561408345 -0.0056222233092464644 0.040566241853206952 -0.030062187867781587 -0.062832318756202224
leaf_weight=352.65724036470056 5.7938162088394156 7.8471910953521711 12.010907143354414 20.849679678678513 5.5158940553665161
leaf_count=1180 16 24 35 65 20
internal_value=4.64411e-05 -0.000533575 0.000461359 -0.000828299 -0.0292369
internal_weight=404.675 398.881 385.518 373.507 13.3631
internal_count=1340 1324 1280 1245 44
is_linear=0
shrinkage=0.1


Tree=71
num_leaves=6
num_cat=0
split_feature=0 0 0 3 0
split_gain=1.30579 2.5767 0.993837 5.4715 4.7212
threshold=0.23318691978761308 0.24885177612304688 0.28585195541381841 0.69011780932991862 0.29808433353900915
decision_type=2 2 2 2 2
left_child=-1 -2 3 -3 -4
right_child=1 2 4 -5 -6
leaf_value=-0.079337110700215985 0.089584166053090192 0.014819570620018164 0.10087507761485069 -0.098210670714896142 -0.00038304722812232194
leaf_weight=2.0617043524980536 3.2172943949699393 13.02654027938843 4.6618175208568564 6.3803391158580771 375.22646577097476
leaf_count=10 8 49 12 28 1233
internal_value=4.35299e-05 0.000450125 -0.000268067 -0.022341 0.000859547
internal_weight=404.574 402.512 399.295 19.4069 379.888
internal_count=1340 1330 1322 77 1245
is_linear=0
shrinkage=0.1


Tree=72
num_leaves=8
num_cat=0
split_feature=3 2 3 3 4 6 6
split_gain=0.853462 1.02215 4.82567 2.82372 2.08314 5.91436 3.25466
threshold=1.0607979195461246 0.37138169667529064 0.93101136103263638 0.7417904595832947 7.3204543755009537 8.926439095171272 4.048756797416992
decision_type=2 2 2 2 2 2 2
left_child=1 2 3 -1 6 -6 -3
right_child=-2 4 -4 -5 5 -7 -8
leaf_value=-0.011609501493600217 0.030339100559722283 -0.013921943074289837 -0.10383588587897641 0.062334447181096667 -0.050496337928124871 0.0020735004386006973 0.031385551260177863
leaf_weight=49.35507539473474 9.0869477540254575 23.560598365962505 5.2928754054009906 5.7678809314966193 23.502397239208221 239.35465987771749 48.477737568318844
leaf_count=200 29 118 24 20 91 709 149
internal_value=3.8718e-05 -0.000657791 -0.0126298 -0.00387226 0.00150199 -0.00262684 0.0165674
internal_weight=404.398 395.311 60.4158 55.123 334.895 262.857 72.0383
internal_count=1340 1311 244 220 1067 800 267
is_linear=0
shrinkage=0.1


Tree=73
num_leaves=6
num_cat=0
split_feature=0 0 0 3 6
split_gain=1.08983 2.12364 1.0197 2.65543 1.97857
threshold=0.23318691978761308 0.24885177612304688 0.46880454384154296 0.6198395594583781 15.093135165679868
decision_type=2 2 2 2 2
left_child=-1 -2 3 -3 -4
right_child=1 2 4 -5 -6
leaf_value=-0.073012256343812421 0.082144567404540181 -0.030823898943213898 -0.0013316161350139105 0.0029408225219364351 0.019179509952950924
leaf_weight=2.0323721319437018 3.1531919986009589 35.775583654642105 237.49551283754408 66.751062214374542 58.642283454537392
leaf_count=10 8 134 799 221 168
internal_value=3.13655e-05 0.000400816 -0.000245727 -0.00884102 0.00273007
internal_weight=403.85 401.818 398.664 102.527 296.138
internal_count=1340 1330 1322 355 967
is_linear=0
shrinkage=0.1


Tree=74
num_leaves=13
num_cat=0
split_feature=2 4 6 2 3 2 3 1 3 3 2 5
split_gain=0.83715 3.56461 6.38584 3.65448 2.6609 2.59713 3.09917 3.25414 2.96398 4.74633 3.37331 2.66837
threshold=0.62872089928969443 17.074904939266165 15.574399805644486 0.66920636508541809 0.80936420434428102 0.53087718015929164 0.80509996136997597 0.65930903858119105 0.81962127814681884 0.6002865986821545 0.5031960735914619 13.901616584389755
decision_type=2 2 2 2 2 2 2 2 2 2 2 2
left_child=5 2 3 -2 -3 8 7 -7 9 -1 -10 -8
right_child=1 4 -4 -5 -6 6 11 -9 10 -11 -12 -13
leaf_value=0.0004774643633650957 -0.065806063708772025 -0.094880230746440017 0.06160231516135764 -0.0016456798991464261 -0.0039937653996257334 0.041045900597908941 0.010286864048673157 -0.024903305966948352 0.0080843050793902842 -0.035890233026848455 0.079637788119460609 -0.073594799803466435
leaf_weight=151.16363921388984 11.317197948694227 7.64753210544586 13.515553042292593 41.181369546800852 5.5656524449586868 46.445573668926954 11.002682715654375 8.9187180995941144 46.051826680079103 47.057513114064932 7.6886301413178435 5.787062168121337
leaf_count=516 38 28 36 158 18 130 33 28 150 164 20 21
internal_value=2.90154e-05 -0.00918559 0.000304143 -0.0154768 -0.0565971 0.00228145 0.0190091 0.030422 -0.00250882 -0.00815619 0.0183214 -0.0186253
internal_weight=403.343 79.2273 66.0141 52.4986 13.2132 324.116 72.154 55.3643 251.962 198.221 53.7405 16.7897
internal_count=1340 278 232 196 46 1062 212 158 850 680 170 54
is_linear=0
shrinkage=0.1


Tree=75
num_leaves=6
num_cat=0
split_feature=3 3 3 1 3
split_gain=0.809864 3.77505 2.00255 3.90948 1.9361
threshold=0.53170869090808093 0.54404409456584546 0.55374576719816948 0.60156557581277614 0.55864248135163963
decision_type=2 2 2 2 2
left_child=-1 -2 3 -3 -4
right_child=1 2 4 -5 -6
leaf_value=0.029646394694974029 -0.062007740490045204 0.0065595990993420235 -0.018350348710833849 0.096533393991193123 0.0020527854045023766
leaf_weight=9.0274899154901487 9.7772765159606916 21.434529546648267 54.998848974704742 6.233847811818122 301.2837623693049
leaf_count=25 35 75 198 15 992
internal_value=3.21906e-05 -0.00064681 0.00091574 0.0268312 -0.00109682
internal_weight=402.756 393.728 383.951 27.6684 356.283
internal_count=1340 1315 1280 90 1190
is_linear=0
shrinkage=0.1


Tree=76
num_leaves=6
num_cat=0
split_feature=5 4 4 0 2
split_gain=0.778834 2.02223 2.76237 1.94487 1.60614
threshold=20.160802425217195 19.404574985054413 18.930524214537524 0.36964988799656301 0.63270291009935253
decision_type=2 2 2 2 2
left_child=1 2 3 -1 -2
right_child=4 -3 -4 -5 -6
leaf_value=-0.02037315696406504 0.050554874843639422 -0.04290330627749931 0.061149810434775465 0.0019031201744822983 -0.018018707139398106
leaf_weight=44.561436727643013 8.5065721273422223 11.088290318846701 7.3453483879566184 325.31200506351888 5.7072193026542655
leaf_count=169 24 38 19 1071 19
internal_value=2.95761e-05 -0.000812004 0.000425263 -0.000780671 0.0230207
internal_weight=402.521 388.307 377.219 369.873 14.2138
internal_count=1340 1297 1259 1240 43
is_linear=0
shrinkage=0.1


Tree=77
num_leaves=8
num_cat=0
split_feature=6 6 4 6 5 2 0
split_gain=0.7035 2.5894 2.57224 2.35962 2.33143 0.195515 0.0994919
threshold=18.790175619176797 17.618735760894094 21.528704972282512 17.251392536838491 17.675303777253244 0.6077616108768269 0.45450301584787672
decision_type=2 2 2 2 2 2 2
left_child=1 3 6 4 -1 -3 -2
right_child=2 5 -4 -5 -6 -7 -8
leaf_value=-0.0020966225062651082 0.05208543311075247 -0.057530312657732965 -0.029037779164121078 0.057043715127607447 0.042611266453563973 -0.031553571111262689 0.034993411489167785
leaf_weight=349.69987191073596 6.9509901553392428 7.0021181404590589 7.5543818026781073 7.2420945465564719 12.066636696457861 4.9426538050174713 6.67713862657547
leaf_count=1182 20 24 25 20 33 16 20
internal_value=2.89661e-05 -0.00095731 0.0177665 0.000526009 -0.000605401 -0.0467813 0.0437112
internal_weight=402.136 380.953 21.1825 369.009 361.767 11.9448 13.6281
internal_count=1340 1275 65 1235 1215 40 40
is_linear=0
shrinkage=0.1


Tree=78
num_leaves=6
num_cat=0
split_feature=0 0 6 6 6
split_gain=0.935192 1.80032 0.906912 12.319 2.84111
threshold=0.23318691978761308 0.24885177612304688 12.353364438837566 12.929656557494452 10.888995930606834
decision_type=2 2 2 2 2
left_child=-1 -2 4 -4 -3
right_child=1 2 3 -5 -6
leaf_value=-0.068712026701843829 0.076591190644594409 -0.001712925437670173 -0.10567776088050812 0.0015403264825954001 0.026103890351337772
leaf_weight=1.9693934470415104 3.0748202949762335 182.80915421620011 11.504016891121863 156.47826237976551 45.945811375975609
leaf_count=10 8 683 43 470 126
internal_value=2.9165e-05 0.00036777 -0.000222982 -0.00580234 0.00387413
internal_weight=401.781 399.812 396.737 167.982 228.755
internal_count=1340 1330 1322 513 809
is_linear=0
shrinkage=0.1


Tree=79
num_leaves=6
num_cat=0
split_feature=4 4 4 5 1
split_gain=0.870887 0.946267 1.47428 1.71155 0.835992
threshold=23.153556835143899 20.180440425872806 19.064073000889042 17.208865443301317 0.55945282104065519
decision_type=2 2 2 2 2
left_child=1 2 3 -1 -3
right_child=-2 4 -4 -5 -6
leaf_value=0.00092765279548521107 0.038812085377446556 -0.0057772846847077564 0.035445217003371381 -0.02869710760791204 -0.056823201838635089
leaf_weight=350.1707271002233 5.7069021314382544 7.7854196727275831 11.623845130205153 20.652214825153351 5.4572447091341019
leaf_count=1180 16 24 35 65 20
internal_value=2.64273e-05 -0.000532966 0.000377014 -0.000722237 -0.0268131
internal_weight=401.396 395.689 382.447 370.823 13.2427
internal_count=1340 1324 1280 1245 44
is_linear=0
shrinkage=0.1


Tree=80
num_leaves=6
num_cat=0
split_feature=0 0 0 0 0
split_gain=0.738101 1.48885 0.730678 8.96093 8.90202
threshold=0.23318691978761308 0.24885177612304688 0.54689706862154719 0.53519194427644845 0.56139391660690319
decision_type=2 2 2 2 2
left_child=-1 -2 3 -3 -4
right_child=1 2 4 -5 -6
leaf_value=-0.061534243352613455 0.070374456363662075 0.0008693180253568387 0.093546230402634434 -0.090455182032042641 -0.0008811135784528067
leaf_weight=1.9383101686835278 3.0112086683511725 172.21116209775209 10.502365395426748 11.45926098525524 202.1721462868154
leaf_count=10 8 603 24 42 653
internal_value=2.52097e-05 0.000323994 -0.000208211 -0.00482845 0.00378193
internal_weight=401.294 399.356 396.345 183.67 212.675
internal_count=1340 1330 1322 645 677
is_linear=0
shrinkage=0.1


Tree=81
num_leaves=8
num_cat=0
split_feature=3 1 6 1 6 1 3
split_gain=0.691155 0.990673 3.25048 7.34163 3.50804 2.74139 3.30842
threshold=1.0607979195461246 0.66459011820227765 6.2646361583025305 0.67347870753154371 4.230814976883587 0.65488443746195379 0.54404409456584546
decision_type=2 2 2 2 2 2 2
left_child=1 5 4 -4 -3 6 -1
right_child=-2 2 3 -5 -6 -7 -8
leaf_value=-0.060644576927365162 0.027473200393341557 -0.033395332581364894 -0.096033654473180269 0.002223160927448363 0.072957902253577442 0.059034263249909652 0.0015040438641276362
leaf_weight=8.7952892258763296 8.9689299687743169 5.2973209023475629 11.348266199231146 23.050521537661552 7.4818622469902039 8.0211344063281995 327.99844461865723
leaf_count=32 29 36 45 68 20 20 1090
internal_value=2.55614e-05 -0.00060245 -0.0141934 -0.0301921 0.0288716 0.00125708 -0.000118953
internal_weight=400.962 391.993 47.178 34.3988 12.7792 344.815 336.794
internal_count=1340 1311 169 113 56 1142 1122
is_linear=0
shrinkage=0.1


Tree=82
num_leaves=7
num_cat=0
split_feature=6 6 6 6 5 3
split_gain=0.688994 3.19929 2.60533 2.05206 2.05405 1.72036
threshold=18.535431454142721 19.336529165892429 17.618735760894094 17.251392536838491 17.675303777253244 0.70799752773955393
decision_type=2 2 2 2 2 2
left_child=2 -2 3 4 -1 -3
right_child=1 5 -4 -5 -6 -7
leaf_value=-0.0020488761191340818 0.072474501671736594 -0.043623057136226995 -0.050730892218251625 0.053685135609773893 0.040230705169596391 0.022915298654511765
leaf_weight=348.62259933166206 7.1210159361362484 7.3448461741209021 10.246350586414335 7.0859205275773993 11.882437691092489 8.2507548332214338
leaf_count=1182 20 25 35 20 33 25
internal_value=2.27494e-05 0.0169372 -0.000994194 0.000392183 -0.000655319 -0.00842136
internal_weight=400.554 22.7166 377.837 367.591 360.505 15.5956
internal_count=1340 70 1270 1235 1215 50
is_linear=0
shrinkage=0.1


Tree=83
num_leaves=11
num_cat=0
split_feature=0 0 4 5 6 4 0 0 0 0
split_gain=0.661454 2.65249 2.85751 6.93284 4.39426 1.73383 2.66221 2.05524 3.57392 2.84526
threshold=0.46880454384154296 0.43772331299988659 15.166025400161745 16.77392492910483 11.001808717007247 2.4981451034545903 0.57776117324829113 0.53027343750000011 0.54060745239257824 0.51995348930358898
decision_type=2 2 2 2 2 2 2 2 2 2
left_child=1 2 4 -4 -1 6 -2 9 -9 -7
right_child=5 -3 3 -5 -6 7 -8 8 -10 -11
leaf_value=0.0091326135985336215 -0.12727181761970915 -0.054307211165418347 0.093653110991387373 -0.0085588648612889891 -0.043306623818404721 0.010164516356746013 0.010439838163910357 -0.039447949797161541 0.0034323673518415472 0.069301090558148204
leaf_weight=37.293912164866924 2.579937817528843 10.554797545075415 9.6874187588691729 21.067682951688766 27.960455842316151 43.337717782706022 3.079267144203186 21.387766059488058 213.09986096993089 10.016388565301893
leaf_count=144 29 35 23 67 104 145 20 80 668 25
internal_value=2.40924e-05 -0.00672404 -0.00149298 0.0236365 -0.0133368 0.0024742 -0.0523406 0.00355191 -0.000478774 0.0212665
internal_weight=400.065 106.564 96.0095 30.7551 65.2544 293.501 5.6592 287.842 234.488 53.3541
internal_count=1340 373 338 90 248 967 49 918 748 170
is_linear=0
shrinkage=0.1


Tree=84
num_leaves=6
num_cat=0
split_feature=5 4 4 5 2
split_gain=0.644945 1.88311 2.01102 1.82004 1.36389
threshold=20.160802425217195 19.404574985054413 18.930524214537524 17.208865443301317 0.63270291009935253
decision_type=2 2 2 2 2
left_child=1 2 3 -1 -2
right_child=4 -3 -4 -5 -6
leaf_value=0.0010923468771475168 0.047253859887315196 -0.041619655316959832 0.053504977614188681 -0.030594700363135986 -0.01660000007652004
leaf_weight=348.42531347461045 8.2053284645080549 10.947807490825651 7.0121983587741843 19.121424719691277 5.6473267823457709
leaf_count=1179 24 38 19 61 19
internal_value=2.28326e-05 -0.000738948 0.000455935 -0.000556155 0.0212225
internal_weight=399.359 385.507 374.559 367.547 13.8527
internal_count=1340 1297 1259 1240 43
is_linear=0
shrinkage=0.1


Tree=85
num_leaves=6
num_cat=0
split_feature=0 0 0 3 0
split_gain=1.50693 1.06229 0.722672 4.92343 3.98348
threshold=0.21951359510421753 0.24885177612304688 0.28585195541381841 0.69011780932991862 0.29808433353900915
decision_type=2 2 2 2 2
left_child=-1 -2 3 -3 -4
right_child=1 2 4 -5 -6
leaf_value=-0.13507813777322494 0.051420058172851751 0.015704894493809837 0.093175465372830016 -0.093099149852476359 -0.00040230514046549139
leaf_weight=0.82390666007995506 4.0243278965353957 12.963683217763903 4.6055361330509177 6.1233302801847449 370.63789787515998
leaf_count=5 13 49 12 28 1233
internal_value=2.29703e-05 0.000302396 -0.000219283 -0.0192007 0.000746218
internal_weight=399.179 398.355 394.33 19.087 375.243
internal_count=1340 1335 1322 77 1245
is_linear=0
shrinkage=0.1


Tree=86
num_leaves=6
num_cat=0
split_feature=2 2 3 3 3
split_gain=0.653008 1.08943 1.13728 4.88694 4.1692
threshold=0.2976420800341259 0.30402322268916387 0.55946838659223108 0.55639876959785717 0.56045460669099867
decision_type=2 2 2 2 2
left_child=-1 -2 3 -3 -4
right_child=1 2 4 -5 -6
leaf_value=-0.031996251362592237 0.036461607291469654 0.007647831032316265 0.073371071321801609 -0.035100372536184803 0.0010813218757758966
leaf_weight=6.2707599438726893 8.2607861012220365 70.132109545171261 8.2278115898370725 43.224687807261944 262.87055953964591
leaf_count=36 29 231 21 157 866
internal_value=1.91677e-05 0.000530379 -0.000241675 -0.00865272 0.00327531
internal_weight=398.987 392.716 384.455 113.357 271.098
internal_count=1340 1304 1275 388 887
is_linear=0
shrinkage=0.1


Tree=87
num_leaves=9
num_cat=0
split_feature=4 4 6 1 1 0 0 6
split_gain=0.661894 5.91325 4.76827 3.47194 5.56119 3.29778 5.40745 1.03788
threshold=10.399505615234377 10.937086042016746 11.56987046796044 0.67129972672649474 0.63641272529791482 0.26478385925292974 0.31268427621566325 11.291923769263983
decision_type=2 2 2 2 2 2 2 2
left_child=2 7 3 4 -1 -3 -7 -2
right_child=1 5 -4 -5 -6 6 -8 -9
leaf_value=-0.007542925106595902 0.087432925190386562 0.058449409563376832 -0.092090394274396956 -0.079078612241736096 0.044486423217684277 -0.07954913568363059 0.0001435123012726378 0.03262078948778354
leaf_weight=118.92969138547778 8.6193367913365346 9.0726650431752187 6.053132861852645 5.5618299394845954 24.83283618837595 8.8723459094762784 211.06633570790291 5.7652290016412726
leaf_count=474 23 27 25 22 89 33 630 17
internal_value=1.72137e-05 0.00327234 -0.00508189 -0.00155484 0.00144437 -0.000634051 -0.0030713 0.0654646
internal_weight=398.773 243.396 155.377 149.324 143.763 229.011 219.939 14.3846
internal_count=1340 730 610 585 563 690 663 40
is_linear=0
shrinkage=0.1


Tree=88
num_leaves=9
num_cat=0
split_feature=0 1 1 0 2 2 2 4
split_gain=1.39154 0.872204 3.73049 9.09216 3.35305 2.36433 7.73483 3.07231
threshold=0.21951359510421753 0.56318740545644264 0.54814841341654919 0.63333653239533316 0.44914307026618844 0.48617749282714823 0.44059036560207693 15.728515625000002
decision_type=2 2 2 2 2 2 2 2
left_child=-1 2 3 -2 -4 6 -3 -7
right_child=1 5 4 -5 -6 7 -8 -9
leaf_value=-0.13279872557321698 0.0028165082951087453 0.0024130592671282492 0.0060703183742189561 -0.11406422444892979 0.070433144871988748 0.011823140968791678 -0.098550094659819204 -0.025321915737139791
leaf_weight=0.78733162581920524 211.7763018142432 25.083741761744022 17.76921296864748 6.871461756527423 14.865635290741919 79.335663922131062 10.878864116966723 30.955218523740768
leaf_count=5 739 79 56 27 38 253 43 100
internal_value=1.40341e-05 0.000277074 0.00385056 -0.000856712 0.0353885 -0.00586265 -0.0281288 0.00139768
internal_weight=398.323 397.536 251.283 218.648 32.6348 146.253 35.9626 110.291
internal_count=1340 1335 860 766 94 475 122 353
is_linear=0
shrinkage=0.1


Tree=89
num_leaves=7
num_cat=0
split_feature=1 1 5 2 2 2
split_gain=0.657154 2.60541 1.68263 1.35671 2.52323 1.45947
threshold=0.68363784391497939 0.6786009835223582 14.094949119747346 0.70170975653102774 0.80249633479172777 0.68153810763208589
decision_type=2 2 2 2 2 2
left_child=1 3 -2 5 -5 -1
right_child=2 -3 -4 4 -6 -7
leaf_value=0.001058659512433503 -0.014290794628172296 -0.066825100535003942 0.051502554659869353 -0.050143876003723102 0.0071811025458857316 0.046099612061813969
leaf_weight=338.1428381614387 7.4274096786975852 5.8861770629882804 8.1549164503812772 14.545813962817194 16.263369861990213 7.3505312800407401
leaf_count=1130 24 20 22 51 73 20
internal_value=1.19448e-05 -0.000808774 0.0201418 0.000223863 -0.0198835 0.00201693
internal_weight=397.771 382.189 15.5823 376.303 30.8092 345.493
internal_count=1340 1294 46 1274 124 1150
is_linear=0
shrinkage=0.1


Tree=90
num_leaves=6
num_cat=0
split_feature=0 6 4 6 6
split_gain=1.24026 0.762834 2.51444 1.49695 2.09397
threshold=0.21951359510421753 18.790175619176797 21.528704972282512 17.618735760894094 17.251392536838491
decision_type=2 2 2 2 2
left_child=-1 3 -3 4 -2
right_child=1 2 -4 -5 -6
leaf_value=-0.12997439629301782 -0.00068582194088053752 0.045627599785429476 -0.027157879124652718 -0.036203735964748483 0.055614092197657797
leaf_weight=0.73267596960067649 358.18856815248728 12.998431473970415 7.4761098474264136 11.55639988183975 6.7303790152072898
leaf_count=5 1213 39 25 39 19
internal_value=1.27949e-05 0.000252721 0.0190506 -0.000769598 0.000352545
internal_weight=397.683 396.95 20.4745 376.475 364.919
internal_count=1340 1335 64 1271 1232
is_linear=0
shrinkage=0.1


Tree=91
num_leaves=8
num_cat=0
split_feature=0 4 4 6 6 2 4
split_gain=1.09193 0.709935 3.95096 8.75093 4.44266 3.67851 3.34976
threshold=0.21951359510421753 17.686955651026711 16.772800913168457 15.494495999930614 17.035597918957453 0.62872089928969443 18.08055438101292
decision_type=2 2 2 2 2 2 2
left_child=-1 2 4 -4 -2 6 -3
right_child=1 5 3 -5 -6 -7 -8
leaf_value=-0.12664804107170782 -0.0013041020285370572 0.088804712937057523 0.014550855546558536 -0.14399819834714286 0.06463331261783925 -0.041633752770060886 0.011960087193064435
leaf_weight=0.67946324497461219 319.52731845900416 6.7684210240840903 8.1706031560897809 6.0654283761978141 10.555894345045088 10.568328872323034 35.039627492427826
leaf_count=5 1099 16 23 23 30 37 107
internal_value=1.29286e-05 0.000229874 -0.00142006 -0.0530008 0.000804543 0.0110765 0.0244007
internal_weight=397.375 396.696 344.319 14.236 330.083 52.3764 41.808
internal_count=1340 1335 1175 46 1129 160 123
is_linear=0
shrinkage=0.1


Tree=92
num_leaves=6
num_cat=0
split_feature=0 4 4 4 1
split_gain=0.964135 0.894055 0.775361 3.54081 2.42752
threshold=0.21951359510421753 23.153556835143899 19.404574985054413 19.064073000889042 0.60491010063349726
decision_type=2 2 2 2 2
left_child=-1 2 3 -2 -4
right_child=1 -3 4 -5 -6
leaf_value=-0.12374160300194914 -0.00056953835970568274 0.03974043469425162 0.0060121904804845278 0.079354171799239995 -0.069761298221927101
leaf_weight=0.6284981444478025 366.27184622734785 5.6406573802232733 12.201834246516229 5.6282592266798011 6.4696714282035819
leaf_count=5 1240 16 39 15 25
internal_value=1.62228e-05 0.000212536 -0.000358329 0.000640011 -0.0202433
internal_weight=396.841 396.212 390.572 371.9 18.6715
internal_count=1340 1335 1319 1255 64
is_linear=0
shrinkage=0.1


Tree=93
num_leaves=15
num_cat=0
split_feature=3 5 3 3 5 5 5 4 4 3 3 0 5 6
split_gain=0.675424 4.93919 4.57381 3.98476 3.4599 5.5559 6.53973 3.10102 7.05969 4.3695 2.85674 2.56255 2.27817 1.63054
threshold=0.70799752773955393 7.3338392935807901 0.74689740145247085 0.77597220075843809 6.8332367137992227 9.7551878380092614 8.7941573443015262 4.9347886637506457 4.500519573688508 0.5577693979147359 0.6002865986821545 0.64001655578613292 15.164540241950785 5.2621578169289931
decision_type=2 2 2 2 2 2 2 2 2 2 2 2 2 2
left_child=4 11 12 -4 7 6 -6 8 -1 -9 -7 13 -3 -2
right_child=1 2 3 -5 5 10 -8 9 -10 -11 -12 -13 -14 -15
leaf_value=0.014641716615302308 -0.032814441323706901 0.08817374424882822 -0.068486170776518335 0.010580144825390495 -0.026087380376590925 0.0059067269736502335 -0.14465092579045374 0.10398537009296149 -0.11695668016910524 0.013909248330841693 -0.02228480008511222 0.0027366710648501387 0.015548784727467783 -0.11173769707295123
leaf_weight=39.455079700797796 4.9385237507522124 11.007664397358896 6.8753556758165351 87.429681472480297 22.895147282630209 118.58359515666962 5.8385558277368537 8.3746137693524378 4.5461779981851569 15.087255761027334 51.57897774130106 7.2185005620121947 7.1087036430835715 5.5703037790954113
leaf_count=187 26 27 25 267 94 355 31 23 20 47 167 22 21 28
internal_value=1.61867e-05 0.00592059 0.0136564 0.00481578 -0.00286883 -0.00950653 -0.0501789 0.0167006 0.00104507 0.0460615 -0.00263857 -0.0431375 0.0596763 -0.0746485
internal_weight=396.508 130.149 112.421 94.305 266.359 198.896 28.7337 67.4631 44.0013 23.4619 170.163 17.7273 18.1164 10.5088
internal_count=1340 416 340 292 924 647 125 277 207 70 522 76 48 54
is_linear=0
shrinkage=0.1


Tree=94
num_leaves=10
num_cat=0
split_feature=3 2 3 1 6 0 3 1 6
split_gain=0.721237 3.84543 1.64199 2.58898 2.39079 1.50662 1.38359 4.4686 1.75801
threshold=0.54554910899150733 0.54227410157198774 0.55374576719816948 0.57563161375845751 10.817596200626587 0.78140264749526989 0.55864248135163963 0.46654779556809173 12.233614855589083
decision_type=2 2 2 2 2 2 2 2 2
left_child=1 5 3 4 -2 -1 7 -4 -8
right_child=2 -3 6 -5 -6 -7 8 -9 -10
leaf_value=-0.026576909411028589 0.032491072972364601 -0.09079286491957031 0.016206626966588884 0.055098360946989701 -0.057397220748217764 0.038275512520017679 0.0089223228604754078 -0.041484304720346796 -0.0065613678296322642
leaf_weight=6.6577145606279391 6.4659449048340338 5.3746919780969611 24.439778860658407 13.688886746764181 5.4554305076599121 7.7546702697873116 161.41695677302778 29.794038072228432 134.36939229816198
leaf_count=22 28 20 92 36 21 23 573 106 419
internal_value=4.42975e-06 -0.0186036 0.000984645 0.0254271 -0.00864339 0.00831733 -0.000803758 -0.0154866 0.00188841
internal_weight=395.418 19.7871 375.63 25.6103 11.9214 14.4124 350.02 54.2338 295.786
internal_count=1340 65 1275 85 49 45 1190 198 992
is_linear=0
shrinkage=0.1


Tree=95
num_leaves=13
num_cat=0
split_feature=1 1 0 2 0 2 2 5 6 6 4 2
split_gain=0.674354 3.38053 7.0546 2.73217 2.58727 2.30645 7.38678 4.81575 2.87689 8.25094 2.79692 1.51558
threshold=0.56318740545644264 0.54814841341654919 0.63333653239533316 0.44914307026618844 0.58227539062500011 0.48306486252620578 0.45881619440179949 11.720348268481017 13.71087554339587 14.466482054582963 5.0637651756405839 0.3333424213553085
decision_type=2 2 2 2 2 2 2 2 2 2 2 2
left_child=1 2 4 11 -1 6 7 -2 10 -10 -7 -3
right_child=5 3 -4 -5 -6 8 -8 -9 9 -11 -12 -13
leaf_value=0.0062890626647624836 -0.040953247481664033 0.027135877692872814 -0.10234700871115254 0.065626738322717926 -0.025913759693970431 -0.029736428130442385 -0.13185592776100355 0.042716164099071509 -0.10353022985064492 0.0028190232270836522 0.025838807476210607 -0.035536796880191658
leaf_weight=182.49280338920653 17.121364548802379 12.054080098867418 6.6989416703581801 14.476270049810408 28.899974912405014 11.017894115298985 5.7154536023735991 11.499329477548597 8.9117497801780683 40.215693697333336 50.845176503062248 5.675173118710517
leaf_count=637 61 37 27 38 107 58 25 32 32 123 144 19
internal_value=4.88013e-06 0.0031508 -0.00131511 0.0333934 0.00188654 -0.00541336 -0.0280633 -0.00733624 0.00159364 -0.0164728 0.0159408 0.00707422
internal_weight=395.624 250.297 218.092 32.2055 211.393 145.327 34.3361 28.6207 110.991 49.1274 61.8631 17.7293
internal_count=1340 865 771 94 744 475 118 93 357 155 202 56
is_linear=0
shrinkage=0.1


Tree=96
num_leaves=9
num_cat=0
split_feature=1 5 1 5 1 6 6 6
split_gain=0.690071 2.56873 3.83993 2.91213 1.58204 1.13605 10.3335 5.06821
threshold=0.42129329312791686 11.466149581985588 0.41190716210847256 6.9690596991115781 0.42436351729119859 13.231362267141959 12.712750272096303 13.569096213019977
decision_type=2 2 2 2 2 2 2 2
left_child=1 3 -3 -1 -2 6 -6 -7
right_child=4 2 -4 -5 5 7 -8 -9
leaf_value=0.0057303111873104849 0.046264004381811545 0.052993213717989041 -0.05370853329701978 -0.13015239909902296 0.0001797964400283449 0.067867228201348856 -0.10536620375928168 0.001161622431601562
leaf_weight=2.8169855233281877 7.5569752156734458 7.7202197909355146 5.9892091006040573 3.5835526995360851 218.19224097207189 12.515176236629484 9.68792976438999 126.70937721431255
leaf_count=18 20 23 22 25 774 33 37 388
internal_value=4.57571e-06 -0.0180417 0.00637865 -0.0703481 0.00097321 4.08837e-05 -0.00430731 0.00715792
internal_weight=394.772 20.11 13.7094 6.40054 374.662 367.105 227.88 139.225
internal_count=1340 88 45 43 1252 1232 811 421
is_linear=0
shrinkage=0.1


Tree=97
num_leaves=6
num_cat=0
split_feature=0 0 0 3 6
split_gain=0.867752 0.658771 0.751039 2.38465 1.62513
threshold=0.21951359510421753 0.24885177612304688 0.46880454384154296 0.6198395594583781 15.093135165679868
decision_type=2 2 2 2 2
left_child=-1 -2 3 -3 -4
right_child=1 2 4 -5 -6
leaf_value=-0.12168121259231818 0.041587761401241173 -0.028730843649834699 -0.0013200028713111684 0.0036217581904352497 0.017606884851839422
leaf_weight=0.58518678322434325 3.8053716719150534 35.020640656352043 233.35069020651281 65.196755323559046 56.314111545681953
leaf_count=5 13 134 799 221 168
internal_value=1.26176e-06 0.000182134 -0.000221998 -0.00768375 0.0023596
internal_weight=394.273 393.688 389.882 100.217 289.665
internal_count=1340 1335 1322 355 967
is_linear=0
shrinkage=0.1


Tree=98
num_leaves=7
num_cat=0
split_feature=3 3 4 3 4 1
split_gain=0.613084 2.15678 3.97531 1.59547 2.6643 1.26632
threshold=0.52932014693227025 0.54554910899150733 14.426083770580592 0.55374576719816948 9.9182818681001681 0.56318740545644264
decision_type=2 2 2 2 2 2
left_child=-1 2 -2 4 -3 -5
right_child=1 3 -4 5 -6 -7
leaf_value=0.029175841490127814 -0.095129533432359095 -0.014665063331929799 0.01696798292793229 0.0031886828235137056 0.051513344010635689 -0.0097591156835386272
leaf_weight=7.0734100937843314 6.5646371245384199 10.133973453193905 6.1062607616186142 238.08157770894468 15.220143795013426 110.63758316636086
leaf_count=20 26 41 19 819 44 371
internal_value=9.13007e-07 -0.000532686 -0.0411084 0.000841725 0.025062 -0.000919245
internal_weight=393.818 386.744 12.6709 374.073 25.3541 348.719
internal_count=1340 1320 45 1275 85 1190
is_linear=0
shrinkage=0.1


Tree=99
num_leaves=9
num_cat=0
split_feature=1 5 6 5 1 4 6 4
split_gain=0.661253 2.53136 3.17333 2.55587 1.14586 0.930615 4.40791 3.31075
threshold=0.42215563032594833 11.466149581985588 14.441414563613398 5.8093412240474791 0.42711926475199397 9.9829301834106463 7.32983021407499 11.243164062500002
decision_type=2 2 2 2 2 2 2 2
left_child=1 3 -3 -1 -2 6 -6 -7
right_child=4 2 -4 -5 5 7 -8 -9
leaf_value=0.0013399085392725254 0.036398903392010733 0.054512473590908543 -0.037685090019958768 -0.12598308359563368 0.0067523217776823789 0.035503924334251015 -0.031368698397110296 -0.00059671328205995072
leaf_weight=2.8225537594407824 8.9168899059295637 7.0030637606978399 7.9952144995331764 3.5716461464762688 87.116795739158988 29.08644787967205 46.534467607736588 200.63550655543804
leaf_count=16 25 21 28 28 355 83 177 607
internal_value=7.87599e-07 -0.0170962 0.00536421 -0.0697796 0.000983215 0.000114142 -0.00652059 0.0039742
internal_weight=393.683 21.3925 14.9983 6.3942 372.29 363.373 133.651 229.722
internal_count=1340 93 49 44 1247 1222 532 690
is_linear=0
shrinkage=0.1


end of trees

feature_importances:
rush_attempts_L10=139
rush_attempts_L3=132
rush_tds_L5=125
rush_tds_L3=124
rush_tds_L10=121
rush_attempts_L5=116
rush_tds_std_L5=114

parameters:
[boosting: gbdt]
[objective: binary]
[metric: binary_logloss]
[tree_learner: serial]
[device_type: cpu]
[data_sample_strategy: bagging]
[data: ]
[valid: ]
[num_iterations: 100]
[learning_rate: 0.1]
[num_leaves: 31]
[num_threads: 2]
[seed: 42]
[deterministic: 0]
[force_col_wise: 0]
[force_row_wise: 0]
[histogram_pool_size: -1]
[max_depth: 4]
[min_data_in_leaf: 20]
[min_sum_hessian_in_leaf: 0.001]
[bagging_fraction: 1]
[pos_bagging_fraction: 1]
[neg_bagging_fraction: 1]
[bagging_freq: 0]
[bagging_seed: 400]
[bagging_by_query: 0]
[feature_fraction: 1]
[feature_fraction_bynode: 1]
[feature_fraction_seed: 30056]
[extra_trees: 0]
[extra_seed: 12879]
[early_stopping_round: 0]
[early_stopping_min_delta: 0]
[first_metric_only: 0]
[max_delta_step: 0]
[lambda_l1: 0]
[lambda_l2: 0]
[linear_lambda: 0]
[min_gain_to_split: 0]
[drop_rate: 0.1]
[max_drop: 50]
[skip_drop: 0.5]
[xgboost_dart_mode: 0]
[uniform_drop: 0]
[drop_seed: 17869]
[top_rate: 0.2]
[other_rate: 0.1]
[min_data_per_group: 100]
[max_cat_threshold: 32]
[cat_l2: 10]
[cat_smooth: 10]
[max_cat_to_onehot: 4]
[top_k: 20]
[monotone_constraints: ]
[monotone_constraints_method: basic]
[monotone_penalty: 0]
[feature_contri: ]
[forcedsplits_filename: ]
[refit_decay_rate: 0.9]
[cegb_tradeoff: 1]
[cegb_penalty_split: 0]
[cegb_penalty_feature_lazy: ]
[cegb_penalty_feature_coupled: ]
[path_smooth: 0]
[interaction_constraints: ]
[verbosity: -1]
[saved_feature_importance_type: 0]
[use_quantized_grad: 0]
[num_grad_quant_bins: 4]
[quant_train_renew_leaf: 0]
[stochastic_rounding: 1]
[linear_tree: 0]
[max_bin: 255]
[max_bin_by_feature: ]
[min_data_in_bin: 3]
[bin_construct_sample_cnt: 200000]
[data_random_seed: 175]
[is_enable_sparse: 1]
[enable_bundle: 1]
[use_missing: 1]
[zero_as_missing: 0]
[feature_pre_filter: 1]
[pre_partition: 0]
[two_round: 0]
[header: 0]
[label_column: ]
[weight_column: ]
[group_column: ]
[ignore_column: ]
[categorical_feature: ]
[forcedbins_filename: ]
[precise_float_parser: 0]
[parser_config_file: ]
[objective_seed: 16083]
[num_class: 1]
[is_unbalance: 0]
[scale_pos_weight: 2.40967]
[sigmoid: 1]
[boost_from_average: 1]
[reg_sqrt: 0]
[alpha: 0.9]
[fair_c: 1]
[poisson_max_delta_step: 0.7]
[tweedie_variance_power: 1.5]
[lambdarank_truncation_level: 30]
[lambdarank_norm: 1]
[label_gain: ]
[lambdarank_position_bias_regularization: 0]
[eval_at: ]
[multi_error_top_k: 1]
[auc_mu_weights: ]
[num_machines: 1]
[local_listen_port: 12400]
[time_out: 120]
[machine_list_filename: ]
[machines: ]
[gpu_platform_id: -1]
[gpu_device_id: -1]
[gpu_use_dp: 0]
[num_gpu: 1]

end of parameters

pandas_categorical:[]
