tree
version=v4
num_class=1
num_tree_per_iteration=1
label_index=0
max_feature_idx=6
objective=binary sigmoid:1
feature_names=rush_tds_L3 rush_tds_L5 rush_tds_L10 rush_tds_std_L5 rush_attempts_L3 rush_attempts_L5 rush_attempts_L10
feature_infos=[0:0.53125762939453125] [0:0.39972668301495018] [0:0.8962502561300455] [0:1.3966202832675965] [1:31] [1:31] [1:31]
tree_sizes=1769 1775 1789 1576 1679 1793 1791 1577 1796 1690 1795 1697 1599 1589 1804 1696 1708 1806 1798 1082 1394 1493 1597 1496 1492 1693 1503 1715 1800 1398 1393 1291 1594 1719 1388 1707 1396 776 1290 1616 1724 775 1492 1625 781 1605 1187 1192 1404 1512 1621 1503 1509 1298 779 1198 1509 1505 982 1826 1298 778 1833 1195 1391 1509 1606 988 1303 1516 1292 1399 1204 1503 1719 1609 780 1612 1198 787 1092 1628 1726 991 1504 1302 1406 1817 785 1091 1400 1522 987 1418 1497 1719 882 783 1091 1303

Tree=0
num_leaves=16
num_cat=0
split_feature=6 5 5 6 2 3 3 3 6 6 2 3 3 4 0
split_gain=2204.44 268.42 226.278 94.9958 69.5565 60.1398 54.9655 60.7043 50.3357 47.584 42.4231 30.7501 27.2318 11.965 10.5657
threshold=5.379351984766938 2.218190731922054 7.4869110588005086 12.898478878475315 0.37521562572097433 0.48540469838471617 0.40280236098934569 0.34721254709053023 2.3515244764790832 8.400388144724996 0.080483749012545666 0.4089227286247869 0.73479424189196818 5.9348174510523686 0.44140625000000006
decision_type=2 2 2 2 2 2 2 2 2 2 2 2 2 2 2
left_child=1 5 9 4 -4 10 7 -3 -7 12 -1 -8 -2 -11 -5
right_child=2 6 3 14 -6 8 11 -9 -10 13 -12 -13 -14 -15 -16
leaf_value=-1.6228913632162225 -1.4186334733077592 -1.5274775909500289 -1.3515044804493743 -1.2449733397276446 -1.2246563903479386 -1.541274674582608 -1.3009990679623775 -1.6827229343521759 -1.1646889012709796 -1.7450447885837668 -1.7206937183481565 -1.4798265030209268 -1.2208097186750275 -1.5010136389388771 -1.3449822425045148
leaf_weight=304.55177786946297 223.65671321749687 412.32769775390625 332.91606321930885 192.30314019322395 49.679234862327576 25.547609955072407 10.284983038902281 26.82605043053627 4.1220216155052176 5.3144719004631025 51.910700172185898 147.75193271040916 7.1820047795772544 3.2305369973182678 11.177894204854963
leaf_count=1814 956 2132 1239 547 133 135 34 173 9 37 351 706 19 16 41
internal_value=-1.45963 -1.56077 -1.33913 -1.30567 -1.33503 -1.62575 -1.51876 -1.53696 -1.48896 -1.42106 -1.63713 -1.46819 -1.41248 -1.65279 -1.25047
internal_weight=1808.78 983.323 825.46 586.076 382.595 386.132 597.191 439.154 29.6696 239.384 356.462 158.037 230.839 8.54501 203.481
internal_count=8342 5354 2988 1960 1372 2309 3045 2305 144 1028 2165 740 975 53 588
is_linear=0
shrinkage=1


Tree=1
num_leaves=16
num_cat=0
split_feature=4 5 2 6 6 3 0 6 4 3 4 0 3 6 6
split_gain=999.588 169.713 86.4033 80.3307 48.2055 37.4523 37.1896 34.9476 28.624 23.8089 13.603 12.7059 24.8245 9.94435 5.541
threshold=5.2934080115889524 1.2223129053992932 0.2183884841602424 6.0020550233232459 7.1639065213257949 0.53871602380532535 0.039489930722348153 12.898478878475315 6.3967666056891188 0.5547411288921128 6.4988835669532827 3.8156358641572305e-06 0.41584441979646752 1.1507052027382174 16.537698551482293
decision_type=2 2 2 2 2 2 2 2 2 2 2 2 2 2 2
left_child=1 11 4 5 -3 8 -4 9 -2 -5 -7 13 -13 -1 -9
right_child=3 2 6 7 -6 10 -8 14 -10 -11 -12 12 -14 -15 -16
leaf_value=0.053400444897922165 0.2200120094953352 0.14482011341984563 0.043019195809491685 0.2633289578402333 -0.069876870495614779 0.24914249020448265 0.24008558770106014 0.3218881028805568 0.11929946566507579 0.31763197096418894 0.42084091188803935 -0.068435820335813718 0.10765997121514909 0.14576035032243437 0.28750851768355473
leaf_weight=130.83429342508316 77.63131420314312 799.8856994509697 10.313396602869032 525.62045991420746 10.596438333392141 9.0967925935983676 133.98463805019855 216.20351338386536 44.338035151362419 95.393818899989128 9.3640674203634244 22.451271578669548 12.441687643527983 12.797936186194418 59.859303116798401
leaf_count=764 295 3781 57 1560 65 30 476 448 201 215 19 159 67 65 140
internal_value=0.202899 0.137973 0.154706 0.273821 0.142013 0.203493 0.226001 0.28483 0.183401 0.27167 0.336235 0.0484808 -0.00564582 0.0616299 0.314434
internal_weight=2170.81 1133.31 954.78 1037.51 810.482 140.43 144.298 897.077 121.969 621.014 18.4609 178.525 34.893 143.632 276.063
internal_count=8342 5434 4379 2908 3846 545 533 2363 496 1775 49 1055 226 829 588
is_linear=0
shrinkage=0.1


Tree=2
num_leaves=16
num_cat=0
split_feature=6 5 4 6 3 5 0 3 4 3 0 3 5 6 4
split_gain=601.333 99.2681 50.8697 37.5977 32.1466 18.0743 17.9332 14.9929 13.8977 12.9776 9.63526 19.677 8.78908 6.67762 6.42622
threshold=5.0955578193400912 1.2223129053992932 7.6520613995926405 5.0004980444864691 0.39749569050855321 4.2084643450542982 0.50048840792465132 0.79851744908971389 7.4845371247502053 0.53871602380532535 3.8156358641572305e-06 0.41584441979646752 3.7476417890226776 1.1507052027382174 5.2056128978729257
decision_type=2 2 2 2 2 2 2 2 2 2 2 2 2 2 2
left_child=1 10 5 4 -3 12 7 -4 -7 -8 13 -12 -2 -1 -5
right_child=2 3 6 14 -6 8 9 -9 -10 -11 11 -13 -14 -15 -16
leaf_value=0.046296069598803953 0.16453259302971168 0.11330012159247514 0.22756410920138601 -0.12560529109789254 0.1549241470069162 0.18761058768433655 0.051016004509341517 0.119811833576702 0.083031837833226471 0.1890322050089166 -0.064743140055106882 0.089952730956043905 0.0048097103181332038 0.11867661399834353 0.043822106441891134
leaf_weight=135.54901909828186 5.8053120970726004 715.01732769608498 807.82198411226273 6.7780976742506009 250.56433996558189 391.69965307414532 9.2041424214839918 13.122935622930525 13.133417218923567 26.224109306931496 21.413655459880829 13.347744733095167 8.4741253703832609 14.06907734274864 3.3426714539527893
leaf_count=764 20 3158 1733 42 909 1182 35 37 48 67 159 67 40 65 16
internal_value=0.161477 0.109375 0.208865 0.122092 0.124101 0.180318 0.222835 0.225842 0.184218 0.153176 0.0420835 -0.00534274 0.0697451 0.0531022 -0.0696471
internal_weight=2435.57 1160.08 1275.49 975.702 965.582 419.113 856.373 820.945 404.833 35.4283 184.379 34.7614 14.2794 149.618 10.1208
internal_count=8342 5180 3162 4125 4067 1290 1872 1770 1230 102 1055 226 60 829 58
is_linear=0
shrinkage=0.1


Tree=3
num_leaves=14
num_cat=0
split_feature=4 6 5 4 2 6 3 6 2 2 3 2 1
split_gain=403.52 66.5539 45.5887 33.8979 38.7176 31.3631 18.5679 17.05 19.1256 14.0802 13.8105 13.1747 3.43839
threshold=4.5000654863520149 1.8182045837419725 7.4869110588005086 3.9160900115966801 0.23005451003170369 5.2505714960323955 0.56356389250928285 12.898478878475315 0.2414496030704921 0.29776512156828872 0.79397702277170579 0.44836280847874804 0.042663991104239955
decision_type=2 2 2 2 2 2 2 2 2 2 2 2 2
left_child=1 6 10 4 -3 -5 9 8 -4 -1 11 -2 -9
right_child=2 3 7 5 -6 -7 -8 12 -10 -11 -12 -13 -14
leaf_value=0.051651352873577507 0.14291205273405191 0.10469136441720615 0.15623520378006023 0.026221316172804779 0.17378293179768067 0.13202332014522664 0.1973097152424409 0.22468186020653169 0.19151849093079901 -0.12400554176729779 0.2520156883407807 0.010321331999144902 0.19476540552722679
leaf_weight=333.11620416492224 466.1922914236784 595.85398268699646 366.49533915519714 91.209122568368912 93.886655777692795 40.439945623278618 8.687409579753874 43.891507923603058 264.50952306389809 4.6266741007566443 11.430899009108542 7.6164483875036231 308.06780289113522
leaf_count=1706 1422 2350 861 409 264 126 27 63 512 31 17 29 525
internal_value=0.133587 0.0897172 0.168481 0.105221 0.114096 0.0587216 0.0529581 0.180862 0.171026 0.0492451 0.143401 0.140781 0.198496
internal_weight=2636.02 1167.82 1468.2 821.39 689.741 131.649 346.43 982.964 631.005 337.743 485.24 473.809 351.959
internal_count=8342 4913 3429 3149 2614 535 1764 1961 1373 1737 1468 1451 588
is_linear=0
shrinkage=0.1


Tree=4
num_leaves=15
num_cat=0
split_feature=6 5 6 6 3 2 5 4 5 5 0 5 0 1
split_gain=299.167 54.7137 30.0488 28.7624 24.5186 23.2674 23.4866 20.4732 15.0127 13.5246 10.8728 2.77353 18.3075 4.09129
threshold=5.0955578193400912 2.218190731922054 4.9079039860261267 12.76184881700331 0.559782247498125 0.37903123889254081 4.33595168607616 1.9991455078125002 2.0013711205061733 4.5523967024711203 0.072282791137695312 17.999577547639888 0.17195129487663507 0.19083425497097053
decision_type=2 2 2 2 2 2 2 2 2 2 2 2 2 2
left_child=1 4 7 5 8 6 -2 -3 -1 -4 -7 13 -13 -5
right_child=3 2 9 11 -6 10 -8 -9 -10 -11 -12 12 -14 -15
leaf_value=0.053784046452624225 0.0097687617430348098 0.17502150603589822 -0.12838579900771127 0.182103078364348 0.19227134903167362 0.08758197221347816 0.13264253994364988 0.094743776566006577 -0.0086488458303207224 0.032582696662363589 0.18898113796925772 0.087586825860661091 0.21626823250765517 0.16020450357358726
leaf_weight=435.47528328001499 15.809564262628554 33.185878917574883 6.4490250200033179 158.73139181733131 12.122674465179442 11.799884915351866 970.35050597786903 743.76278482377529 42.25216218829155 27.381769403815269 101.8594808280468 25.260041028261185 19.661562114953995 184.45957574248314
leaf_count=2075 66 97 38 229 31 30 2291 2624 203 112 159 57 24 306
internal_value=0.113247 0.0782132 0.0941555 0.14387 0.0518261 0.135611 0.130673 0.0981727 0.0482622 0.00189794 0.178454 0.167275 0.143909 0.170333
internal_weight=2788.56 1300.63 810.779 1487.93 489.85 1099.82 986.16 776.949 477.727 33.8308 113.659 388.113 44.9216 343.191
internal_count=8342 5180 2871 3162 2309 2546 2357 2721 2278 150 189 616 81 535
is_linear=0
shrinkage=0.1


Tree=5
num_leaves=16
num_cat=0
split_feature=4 5 2 6 2 6 0 1 0 4 6 4 6 2 0
split_gain=235.677 47.3994 25.2512 34.5926 24.2564 23.7798 12.5372 22.5099 11.3569 11.2917 17.6518 12.8561 7.45996 15.4779 5.03625
threshold=5.2934080115889524 1.2223129053992932 0.2183884841602424 7.1639065213257949 0.24841255819020627 7.0009086280240336 0.50048840792465132 0.36779050710224864 0.30041503906250006 5.813404083251954 4.4263677366477667 9.6353654861450213 1.0636139377159946 0.18278009172682463 0.11664009656385586
decision_type=2 2 2 2 2 2 2 2 2 2 2 2 2 2 2
left_child=1 12 3 -3 -4 9 8 -8 -7 10 -2 -11 14 -14 -1
right_child=5 2 4 -5 -6 6 7 -9 -10 11 -12 -13 13 -15 -16
leaf_value=0.03075832229527118 0.038054293698473914 0.072138888429615564 0.15875086861469226 -0.091140606246749703 0.084480557329999484 0.13143020662757496 -0.012872470359561589 0.13603223449597351 0.16526446586974386 0.083237904760638942 0.15479681028607073 0.16467081971246147 -0.022221157986965823 0.19446859797348598 0.10515319736036249
leaf_weight=139.13462425768375 15.915850311517714 1034.0680292844772 65.570497736334801 13.140260711312292 133.51236815750599 982.55205957591534 16.286869049072266 26.95244175195694 110.35014785826206 213.97256214916706 69.547867193818092 21.318505451083183 49.947371155023575 3.5292838066816321 9.7363399118185026
leaf_count=719 55 3781 150 65 383 1801 54 51 169 589 151 38 282 14 40
internal_value=0.0975692 0.0690077 0.0762964 0.0700901 0.108942 0.125969 0.132757 0.0799446 0.134846 0.101924 0.133056 0.0906161 0.0241159 -0.00792034 0.0356238
internal_weight=2905.54 1448.64 1246.29 1047.21 199.083 1456.9 1136.14 43.2393 1092.9 320.755 85.4637 235.291 202.348 53.4767 148.871
internal_count=8342 5434 4379 3846 533 2908 2075 105 1970 833 206 627 1055 296 759
is_linear=0
shrinkage=0.1


Tree=6
num_leaves=16
num_cat=0
split_feature=6 4 5 6 6 4 5 6 4 4 4 4 4 3 0
split_gain=188.921 30.2335 29.3315 27.7799 28.684 27.6875 15.018 26.2119 14.2102 12.5971 12.0372 38.8338 24.912 10.5801 0.00772457
threshold=4.4263677366477667 9.9288849099757517 1.1482086035995289 4.5610556445658235 5.0955578193400912 1.0312500670552256 10.5940664594649 12.365612241654956 11.253906250000002 4.907546998001636 2.6250163715880039 2.7360230647962003 2.2197265625000004 0.5270975020085763 4.7683715847131333e-06
decision_type=2 2 2 2 2 2 2 2 2 2 2 2 2 2 2
left_child=2 3 5 9 -5 13 8 -8 -3 -2 12 -12 -4 -1 -7
right_child=1 6 10 4 -6 14 7 -9 -10 -11 11 -13 -14 -15 -16
leaf_value=0.032585769973769239 0.1237186865066245 0.16699540903495289 0.063226292332497588 0.044735458388498302 0.097526346553733503 -0.1247281669379627 0.082819210195159254 0.12826302393999398 0.072714895748906438 0.22549566396539722 0.16880852517300693 0.064517274679462402 0.013065907307740912 -0.13399628504128577 -0.11961438606214736
leaf_weight=165.61493441462517 27.953842669725418 107.01473560929298 403.38998335599899 116.97201515734196 857.10048361122608 8.3973179459571821 179.32205308973789 434.38926239311695 18.794165775179863 21.525651842355728 38.599588736891747 475.90905155241489 131.21947829425335 3.9025672376155844 4.5567595511674872
leaf_count=834 78 154 1538 410 1923 53 381 664 41 38 94 1578 501 21 34
internal_value=0.0850383 0.106031 0.0549866 0.0948999 0.0911869 0.0179827 0.121437 0.114985 0.152911 0.167996 0.0614227 0.0723414 0.0509145 0.0287508 -0.122929
internal_weight=2994.66 1763.07 1231.59 1023.55 974.072 182.472 739.52 613.711 125.809 49.4795 1049.12 514.509 534.609 169.518 12.9541
internal_count=8342 3689 4653 2449 2333 942 1240 1045 195 116 3711 1672 2039 855 87
is_linear=0
shrinkage=0.1


Tree=7
num_leaves=14
num_cat=0
split_feature=4 5 4 6 6 4 6 4 4 4 6 4 6
split_gain=154.354 30.5286 50.1698 24.883 22.7298 22.1326 19.0344 10.3202 37.75 8.25182 11.8061 8.63751 4.80917
threshold=5.2934080115889524 2.6032652990857525 1.9991455078125002 3.1382266753408419 8.24242798585556 2.6627712012759179 7.0009086280240336 5.4783825874328622 5.9348174510523686 5.9348174510523686 4.4263677366477667 9.6353654861450213 3.7458715293585638
decision_type=2 2 2 2 2 2 2 2 2 2 2 2 2
left_child=1 3 -3 5 -4 -1 9 -8 -9 10 -2 -11 -5
right_child=6 2 4 12 -6 -7 7 8 -10 11 -12 -13 -14
leaf_value=0.035796197749500241 0.028892495209306784 0.27957835809452031 0.063367225255822113 -0.14075520911469147 -0.13725344864669708 0.14282162514113622 0.19273440341025172 -0.053757792353751138 0.10432257320447261 0.059452667066343036 0.11466597822512002 0.12418694781633746 -0.012514823350345525
leaf_weight=636.1264241039753 19.578039050102234 10.734006702899931 850.59769020974636 8.9841568171977979 5.6850934475660315 19.927605077624321 12.744475945830343 15.30622987449169 1157.2361688166857 209.87056356668472 88.981951549649239 22.856819778680801 4.3354513496160498
leaf_count=2654 64 14 2626 44 30 50 17 51 2007 547 184 38 16
internal_value=0.0747194 0.0523427 0.0647285 0.0362999 0.0620353 0.0390471 0.09724 0.103232 0.102259 0.0764304 0.0991973 0.0658104 -0.0990137
internal_weight=3062.96 1536.39 867.017 669.374 856.283 656.054 1526.57 1185.29 1172.54 341.287 108.56 232.727 13.3196
internal_count=8342 5434 2670 2764 2656 2704 2908 2075 2058 833 248 585 60
is_linear=0
shrinkage=0.1


Tree=8
num_leaves=16
num_cat=0
split_feature=4 6 3 5 4 4 0 2 0 3 3 0 0 1 0
split_gain=128.291 22.5427 21.6969 21.3874 23.2062 20.6128 24.6387 22.3112 9.69113 8.77685 6.73836 2.77885 6.7671 6.24509 0.0058364
threshold=4.5000654863520149 12.898478878475315 0.56702860541570166 1.1482086035995289 1.0312500670552256 3.9160900115966801 0.31777572631835943 0.1884042131749252 0.50097669679260559 0.5270975020085763 0.79851744908971389 0.44140625000000006 0.50048840792465132 0.38793667572679963 4.7683715847131333e-06
decision_type=2 2 2 2 2 2 2 2 2 2 2 2 2 2 2
left_child=3 2 8 4 9 7 -7 -5 -2 -1 -4 13 -13 -3 -6
right_child=1 11 10 5 14 6 -8 -9 -10 -11 -12 12 -14 -15 -16
leaf_value=0.024587984044521907 0.075192813657785226 0.10445936822552293 0.12001834536600305 0.046723990711329134 -0.12262731821371282 0.024097792155534734 -0.14864473868086989 0.085570937398429928 0.028532403291638048 -0.13085520338945983 0.048836912519787848 0.12818269006145561 0.016619340212795413 0.16999584667741591 -0.11805479984190791
leaf_weight=172.47247299551964 1131.4517376571894 361.5217651873827 139.59626407921314 860.93414795398712 7.9484926611185056 147.22971075773239 8.7475182414054853 178.4993047118187 46.334846943616867 3.7105601727962485 14.699450388550757 10.489367306232454 11.287937492132185 15.149569034576414 4.3024948388338089
leaf_count=834 2476 533 213 2980 53 495 40 456 120 21 32 14 27 14 34
internal_value=0.066069 0.0842186 0.0779765 0.0433725 0.0120603 0.0483083 0.01441 0.0533951 0.0733572 0.0213142 0.113237 0.105087 0.0703555 0.107095 -0.121021
internal_weight=3114.38 1730.53 1332.08 1383.84 188.434 1195.41 155.977 1039.43 1177.79 176.183 154.296 398.449 21.7773 376.671 12.251
internal_count=8342 3429 2841 4913 942 3971 535 3436 2596 855 245 588 41 547 87
is_linear=0
shrinkage=0.1


Tree=9
num_leaves=15
num_cat=0
split_feature=6 6 6 2 6 6 4 2 5 6 4 1 5 0
split_gain=109.43 18.5727 17.7707 18.2726 15.4909 21.4211 18.9745 12.363 11.8004 10.7119 10.2215 2.76299 5.8162 5.4296
threshold=5.145810917339487 1.8182045837419725 12.898478878475315 0.37903123889254081 4.7882669335569998 4.4263677366477667 3.6105575561523442 0.28067403633066024 4.2084643450542982 5.5721969048116016 1.822351320601918 0.18724723348530883 17.999577547639888 0.50000166893005382
decision_type=2 2 2 2 2 2 2 2 2 2 2 2 2 2
left_child=1 7 3 8 5 -3 -6 10 -2 -5 -1 12 -4 -13
right_child=2 4 11 9 6 -7 -8 -9 -10 -11 -12 13 -14 -15
leaf_value=0.027637168664818659 -0.024799062827372736 0.043993662227196778 0.11046815231824281 0.19488871536839822 -0.13835531564228729 0.089472722230369436 0.020111419026847766 -0.1298803983215073 0.067756362749269092 0.097059863961592233 -0.031268062606773173 0.091493298245248822 0.050191208991065397 0.02539375902286084
leaf_weight=364.49576691538095 13.948670178651808 912.9070411324501 157.65963737666607 12.401530951261519 8.5079178810119611 116.81926304101944 67.535019561648369 5.3698745369911185 1106.6102406382561 114.81840988993645 32.048397913575172 208.16018152236938 17.817042514681816 13.21613873541355
leaf_count=1595 51 2889 210 14 44 290 222 33 2300 180 136 314 34 30
internal_value=0.0587048 0.0392453 0.076544 0.0706817 0.0459367 0.0491531 0.00238167 0.0208355 0.0666042 0.106596 0.0228765 0.094976 0.104348 0.0875472
internal_weight=3152.32 1507.68 1644.63 1247.78 1105.77 1029.73 76.0429 401.914 1120.56 127.22 396.544 396.853 175.477 221.376
internal_count=8342 5209 3133 2545 3445 3179 266 1764 2351 194 1731 588 244 344
is_linear=0
shrinkage=0.1


Tree=10
num_leaves=16
num_cat=0
split_feature=4 2 6 0 2 5 6 3 6 5 0 2 4 4 5
split_gain=91.6702 17.6962 24.8514 17.1433 28.2019 20.0599 15.8895 15.9261 18.1206 13.9154 11.1166 15.9634 11.2066 5.86239 3.82988
threshold=5.2934080115889524 0.21989343806980532 7.1639065213257949 0.50097669679260559 0.24841255819020627 3.5995867838574758 6.0020550233232459 0.53871602380532535 4.6367711273071111 2.2744381947813199 0.50048840792465132 0.26356419469336573 5.5002906210193236 6.4988835669532827 5.8249810318560362
decision_type=2 2 2 2 2 2 2 2 2 2 2 2 2 2 2
left_child=1 2 9 4 -3 -5 7 8 -2 -1 12 -12 -8 -9 -4
right_child=6 3 14 5 -6 -7 10 13 -10 -11 11 -13 -14 -15 -16
leaf_value=0.02055128159098478 0.08132582482841226 0.12422448355476245 -0.031562735364033673 -0.15947601004979869 0.044731741503753003 0.046605249817434247 0.14044181048809831 0.067086534464310066 0.013756342201486095 0.04103282524873187 -0.057714558978013336 0.063356304069770775 0.074287182263262683 0.15705371426351755 -0.13995923267554053
leaf_weight=550.36931669712067 56.72858127951622 66.329557985067368 5.1194560825824729 7.2027042657136944 136.41784282028675 13.721781447529791 26.138490527868271 13.997949391603472 132.13504439592361 834.97301664948463 15.163544833660124 38.64607185125351 1258.7992812246084 15.008462533354757 8.9718699753284437
leaf_count=2279 135 122 20 31 362 36 36 30 361 2539 49 77 2201 19 45
internal_value=0.0523542 0.0357263 0.0315519 0.0618442 0.0707381 -0.0243328 0.0696923 0.0446477 0.034052 0.0328959 0.0737681 0.0292385 0.0756329 0.113637 -0.100578
internal_weight=3179.72 1623.11 1399.43 223.672 202.747 20.9245 1556.62 217.87 188.864 1385.34 1338.75 53.8096 1284.94 29.0064 14.0913
internal_count=8342 5434 4883 551 484 67 2908 545 496 4818 2363 126 2237 49 65
is_linear=0
shrinkage=0.1


Tree=11
num_leaves=15
num_cat=0
split_feature=6 6 6 5 4 2 5 5 1 5 6 5 4 5
split_gain=79.3147 16.8937 15.9437 14.6409 19.5065 14.3745 11.5416 10.1548 7.51206 4.30067 2.64126 7.46234 3.35268 0.0245199
threshold=5.0955578193400912 5.0004980444864691 12.898478878475315 1.1482086035995289 1.0312500670552256 0.37903123889254081 4.2084643450542982 1.1852272092919696 0.20773855941738067 5.240847392016426 13.990135858185768 13.849012671570115 15.283809661865236 4.579808956453669
decision_type=2 2 2 2 2 2 2 2 2 2 2 2 2 2
left_child=1 3 5 4 -1 6 -2 -5 -7 13 12 -12 -4 -3
right_child=2 9 10 7 -6 8 -8 -9 -10 -11 11 -13 -14 -15
leaf_value=0.013776242041844659 -0.034008615644795216 -0.12684625377094438 0.085246230458953076 0.14596702149877958 -0.11954797906602528 0.0094134999165013528 0.054168443484960221 0.034448540943116668 0.095955949878124169 -0.0060846505092864685 0.025557712791956046 0.079877423431069461 0.13325909741057104 -0.13812246466207198
leaf_weight=183.17862430214882 15.042131721973417 3.7911735326051694 102.67836612462997 8.2160414010286313 11.673255197703837 10.979299768805502 1127.7706859111786 1324.4339491575956 116.00243626534939 4.1242655962705612 28.243459179997444 241.90304137766361 16.943722099065781 3.9246653169393539
leaf_count=855 56 23 150 29 87 26 2322 4151 170 15 55 365 18 20
internal_value=0.0468197 0.0304702 0.0619849 0.0313925 0.00578901 0.0565544 0.0530078 0.0351361 0.0884732 -0.0885191 0.0796762 0.0741984 0.092047 -0.132582
internal_weight=3198.91 1539.34 1659.56 1527.5 194.852 1269.79 1142.81 1332.65 126.982 11.8401 389.769 270.147 119.622 7.71584
internal_count=8342 5180 3162 5122 942 2574 2378 4180 196 58 588 420 168 43
is_linear=0
shrinkage=0.1


Tree=12
num_leaves=14
num_cat=0
split_feature=6 6 6 3 3 1 2 5 1 0 1 5 5
split_gain=66.5448 14.1417 13.9953 14.1071 39.7825 13.6494 12.232 9.30491 6.22998 5.61218 5.64883 3.96405 0.0165474
threshold=5.0955578193400912 12.898478878475315 5.0004980444864691 0.39887493755535447 0.33431486036097297 0.15999792874154931 0.37903123889254081 4.33595168607616 0.20773855941738067 0.50000166893005382 0.38452808836853519 5.240847392016426 4.579808956453669
decision_type=2 2 2 2 2 2 2 2 2 2 2 2 2
left_child=2 6 3 4 -1 -5 7 -2 -8 10 -3 12 -4
right_child=1 9 11 5 -6 -7 8 -9 -10 -11 -12 -13 -14
leaf_value=0.027046027740165398 -0.023294406491909572 0.072234653952567049 -0.12366877107266615 0.093996116472015695 -0.054318739320094511 0.037503520881987745 0.0084699773833831794 0.048720390939226671 0.087308955776840322 0.0087104148915133038 0.13026517977297333 -0.0054901900790303724 -0.13326732601141503
leaf_weight=1127.4015488475561 18.232018411159515 353.86285528540611 3.5139609873294813 49.775336667895317 63.47569765150547 303.85490156710148 10.981966972351072 1127.5627197176218 114.80344744026661 13.232189700007437 17.609064191579819 4.1142999529838562 3.6737898141145706
leaf_count=3901 66 540 23 121 264 836 26 2312 170 30 18 15 20
internal_value=0.0419566 0.0559066 0.0271057 0.0279171 0.0227092 0.0454552 0.0508241 0.0475745 0.0804257 0.0727059 0.0749855 -0.0837681 -0.128575
internal_weight=3212.09 1656.28 1555.81 1544.51 1190.88 353.63 1271.58 1145.79 125.785 384.704 371.472 11.3021 7.18775
internal_count=8342 3162 5180 5122 4165 957 2574 2378 196 588 558 58 43
is_linear=0
shrinkage=0.1


Tree=13
num_leaves=14
num_cat=0
split_feature=4 5 4 6 2 6 6 4 3 3 4 4 6
split_gain=57.4202 17.6553 34.0735 20.3851 17.1 14.6513 14.5951 21.6256 12.6413 12.8763 10.5314 6.05527 3.98766
threshold=7.2423145124048469 2.6032652990857525 1.9991455078125002 3.1382266753408419 0.28067403633066024 5.8989648524707592 4.6367711273071111 9.9288849099757517 0.79851744908971389 0.5547411288921128 2.4422302246093754 13.869496384223341 3.7458715293585638
decision_type=2 2 2 2 2 2 2 2 2 2 2 2 2
left_child=1 3 -3 4 -1 6 -2 -8 9 -7 -4 -10 -5
right_child=5 2 10 12 -6 8 7 -9 11 -11 -12 -13 -14
leaf_value=0.019541204171545975 0.11238019623059932 0.20002421964965059 -0.016741170234177774 -0.14320509940480883 -0.10146011971739917 0.053927739157227997 -0.092107315527226105 0.10678515017699902 -0.090299831981441772 0.082210566833075011 0.034585229463647747 0.030501862449194218 -0.029354846718471512
leaf_weight=702.90763893723488 8.0193896889686567 12.326674789190291 41.251202687621117 9.1927284747362119 11.87662537395954 895.0839726626873 21.021767050027851 7.3880873918533316 8.1647481471300143 196.26551322638988 1293.8497432768345 8.4374196380376798 4.6238907575607291
leaf_count=2647 15 14 138 44 57 1601 74 11 24 284 3401 16 16
internal_value=0.03766 0.0277461 0.0345274 0.0152051 0.0175307 0.0556449 -0.00675556 -0.0403846 0.0576966 0.0590141 0.0329994 -0.028907 -0.105104
internal_weight=3220.41 2076.03 1347.43 728.601 714.784 1144.38 36.4292 28.4099 1107.95 1091.35 1335.1 16.6022 13.8166
internal_count=8342 6317 3553 2764 2704 2025 100 85 1925 1885 3539 40 60
is_linear=0
shrinkage=0.1


Tree=14
num_leaves=16
num_cat=0
split_feature=6 2 5 4 2 2 4 6 3 0 6 5 3 5 2
split_gain=48.7767 17.457 19.5809 18.2652 14.6103 16.1673 11.202 10.2124 30.403 18.2824 18.1716 17.8491 11.5512 8.70881 0.0241219
threshold=4.4263677366477667 0.23730950448463131 14.146530787396296 14.200038194656374 0.25473667857617194 0.26289551154301444 5.2501862429729682 4.0592691016545208 0.47902431395495765 0.22889181005302819 3.7205698266696614 3.2136341203331673 0.48540469838471617 15.623191008445891 0.22135950387374129
decision_type=2 2 2 2 2 2 2 2 2 2 2 2 2 2 2
left_child=7 2 3 -2 6 -6 -3 10 9 -9 12 -12 -1 -4 -10
right_child=1 4 13 -5 5 -7 -8 8 14 -11 11 -13 -14 -15 -16
leaf_value=0.014247665076038385 0.034541413220458304 0.16859473077629872 0.10407193493405882 -0.055860237373211802 -0.039268725728149011 0.053817823839926615 0.077468215743591973 -0.0043382401780862672 -0.15937364928608436 0.16609479279207823 0.1318774994328083 0.039316941842580312 0.04502675088391267 0.046768186651831085 -0.16874409605440832
leaf_weight=1011.3688619807363 993.23329468071461 15.911925777792929 57.289833024144173 22.864144861698151 19.270326569676399 587.16761539876461 88.621264278888702 82.545538648962975 4.6393962502479535 6.8134917914867392 25.405642569065094 115.76540346443653 138.64747589826584 49.381243005394936 6.7357926517724991
leaf_count=3601 2225 18 71 61 51 1036 143 261 20 10 51 320 362 84 28
internal_value=0.0338367 0.0445503 0.0367861 0.0325072 0.0568115 0.0508599 0.0913394 0.0197224 -0.010944 0.00865702 0.0221149 0.0559745 0.0179584 0.0775443 -0.164922
internal_weight=3225.66 1833.74 1122.77 1016.1 710.971 606.438 104.533 1391.92 100.734 89.359 1291.19 141.171 1150.02 106.671 11.3752
internal_count=8342 3689 2441 2286 1248 1087 161 4653 319 271 4334 371 3963 155 48
is_linear=0
shrinkage=0.1


Tree=15
num_leaves=15
num_cat=0
split_feature=4 4 4 6 4 6 6 3 3 2 6 6 4 5
split_gain=43.2803 12.4812 16.113 29.4162 15.716 11.9529 11.8329 10.6561 10.7871 10.4526 9.06794 7.85135 4.89458 4.48704
threshold=7.2423145124048469 1.3753364011645319 1.4379882812500002 1.4478177720101086 1.3453721832502199 5.8989648524707592 5.5100720496723357 0.79851744908971389 0.5547411288921128 0.081441549607818561 2.0009947632427405 8.400388144724996 13.869496384223341 6.9747921881651065
decision_type=2 2 2 2 2 2 2 2 2 2 2 2 2 2
left_child=1 4 3 -3 10 6 13 8 -7 -8 -1 -4 -9 -2
right_child=5 2 11 -5 -6 7 9 12 -10 -11 -12 -13 -14 -15
leaf_value=0.0033705214717515706 0.0009468678095048013 0.25456826061662313 0.025275617972800549 0.019079744120410892 -0.14194978890084151 0.044693350446004795 0.0034212511780342559 -0.086434096046262801 0.070939316253014736 -0.17994750828226277 0.091906226346299899 -0.013116031244103724 0.02246736207862874 0.093417405612655199
leaf_weight=290.26941177994013 16.169729053974155 8.6023932099342364 1714.7019056379795 13.836736887693403 7.2637662142515174 883.6484452188015 6.1488112956285459 8.1982518434524554 190.32345274090767 6.2874086201190948 12.048543050885199 54.976422190666199 8.3110321909189206 7.7686466276645652
leaf_count=1271 45 14 4777 47 35 1601 16 24 284 26 34 139 16 13
internal_value=0.0304257 0.0219478 0.0251507 0.109358 0.00340655 0.0462379 -0.0101535 0.0481189 0.0493445 -0.0892849 0.00689901 0.024083 -0.0316114 0.030956
internal_weight=3228.55 2101.7 1792.12 22.4391 309.582 1126.86 36.3746 1090.48 1073.97 12.4362 302.318 1769.68 16.5093 23.9384
internal_count=8342 6317 4977 61 1340 2025 100 1925 1885 42 1305 4916 40 58
is_linear=0
shrinkage=0.1


Tree=16
num_leaves=15
num_cat=0
split_feature=4 6 4 3 5 4 3 3 0 6 0 6 0 3
split_gain=37.6178 16.5402 13.6298 13.8057 10.8121 9.40176 9.32448 13.3787 9.86429 8.81635 14.8234 11.2162 5.15304 0.180619
threshold=5.2934080115889524 7.5456381940524677 5.2056128978729257 0.11987349912177882 5.2065721529250375 4.367824947927148 0.55087965913019643 0.79851744908971389 0.22889181005302819 6.0020550233232459 0.50048840792465132 4.6367711273071111 0.12500072754119174 0.37605999155006203
decision_type=2 2 2 2 2 2 2 2 2 2 2 2 2 2
left_child=1 2 3 -1 -4 -3 9 12 -9 11 -11 -2 -8 -7
right_child=6 5 4 -5 -6 13 7 8 -10 10 -12 -13 -14 -15
leaf_value=0.010060130198183338 0.052403448759548513 0.0044024070913513411 -0.16104199920372708 0.028198956004289129 -5.3950112147452468e-05 -0.14009603164814513 0.032659557498636596 0.054564314124603643 -0.083423431175707691 0.041292705304817455 -0.020184849411399263 0.00090116979976759238 0.069644554734414277 -0.16920384300694993
leaf_weight=849.18173035979271 60.065453320741653 6.3884641826152793 7.4747507870197323 829.47166278213263 9.4410467594861966 3.9463487863540632 46.635112285614014 9.4802978336811083 11.422848790884016 1012.1414180099964 40.801782533526421 142.85293358564377 195.99235267937183 4.6362822204828262
leaf_count=2952 137 19 32 2366 25 20 85 16 33 1862 104 372 299 20
internal_value=0.0273701 0.017199 0.018123 0.0190231 -0.0711913 -0.0874498 0.0388208 0.0559223 -0.0208412 0.0352323 0.0389104 0.0161463 0.0625357 -0.15582
internal_weight=3229.93 1710.54 1695.57 1678.65 16.9158 14.9711 1519.39 263.531 20.9031 1255.86 1052.94 202.918 242.627 8.58263
internal_count=8342 5434 5375 5318 57 59 2908 433 49 2475 1966 509 384 40
is_linear=0
shrinkage=0.1


Tree=17
num_leaves=16
num_cat=0
split_feature=4 4 6 4 4 0 2 5 4 3 2 2 3 5 5
split_gain=32.6255 16.6854 19.7331 17.6991 21.2975 17.2981 10.7689 14.8316 16.1117 10.6486 9.55689 12.2755 8.03767 7.64677 4.86042
threshold=4.5000654863520149 3.9160900115966801 3.3471612433222488 2.984614898465225 2.8357013240456586 0.31777572631835943 0.23730950448463131 14.146530787396296 14.200038194656374 0.22911061680122452 0.25473667857617194 0.26289551154301444 0.40673566139413392 15.623191008445891 3.6968374743956725
decision_type=2 2 2 2 2 2 2 2 2 2 2 2 2 2 2
left_child=1 3 14 4 -1 -4 7 8 -2 -5 12 -12 -8 -9 -3
right_child=6 2 5 9 -6 -7 10 13 -10 -11 11 -13 -14 -15 -16
leaf_value=0.013635834768166958 0.025991831221571483 -0.15191711375954683 0.0031086126617589087 0.018361542503480308 -0.060823582560483536 -0.15702977744266014 -0.0032914289764525576 0.089735615181081335 -0.059146685325532293 0.052070536360475872 -0.040390483174839807 0.041911461148395154 0.084273446940122218 0.034843387917745237 -0.031748005315101822
leaf_weight=930.30797190219164 928.27677093446255 12.111332982778551 146.27368587255478 177.89413951337337 40.068506956100464 7.0714909583330146 11.979929223656653 54.313892483711243 22.772701144218445 198.03626184165478 18.746888265013695 544.10535284876823 83.872096344828606 47.635407507419586 4.6611621379852286
leaf_count=3248 2035 54 434 519 140 31 27 71 61 471 49 977 125 84 16
internal_value=0.02465 0.0139691 -0.01554 0.0176978 0.0105613 -0.00427615 0.0341123 0.0278389 0.0239532 0.0361191 0.0441409 0.0391702 0.0733293 0.0640874 -0.118522
internal_weight=3228.13 1516.42 170.118 1346.31 970.376 153.345 1711.7 1053 951.049 375.93 658.704 562.852 95.852 101.949 16.7725
internal_count=8342 4913 535 4378 3388 465 3429 2251 2096 990 1178 1026 152 155 70
is_linear=0
shrinkage=0.1


Tree=18
num_leaves=16
num_cat=0
split_feature=6 6 6 1 4 3 6 6 3 0 6 5 3 5 2
split_gain=27.114 14.88 18.4743 13.4918 8.9836 14.9496 8.88916 8.85416 25.042 13.9343 13.0191 13.8872 7.99674 1.58268 0.0123205
threshold=4.4263677366477667 4.6019363084001279 5.0955578193400912 0.099005044275463375 4.9709371200806354 0.15660699473637182 12.898478878475315 4.0592691016545208 0.47902431395495765 0.22889181005302819 3.7205698266696614 3.2136341203331673 0.48540469838471617 5.1107749110861613 0.22135950387374129
decision_type=2 2 2 2 2 2 2 2 2 2 2 2 2 2 2
left_child=7 4 3 -3 5 -2 -4 10 9 -9 12 -12 -1 -6 -10
right_child=1 2 6 -5 13 -7 -8 8 14 -11 11 -13 -14 -15 -16
leaf_value=0.0075474054358635788 -0.040099575673448053 -0.034139648702281408 0.027429295476044158 0.034218555084385968 0.14258642196112589 0.08702184645411512 0.045390326347622828 -0.010576607263429821 -0.15461753335352035 0.13568296376422129 0.10773255119262937 0.027714148585675627 0.032879050994916531 0.095993992172310139 -0.1614156547050199
leaf_weight=1035.1194002777338 13.741448894143103 77.692459583282471 1253.0024002045393 45.948785379528999 13.593125388026239 28.310224249958992 353.22709162533283 83.926875978708267 4.4929619580507261 7.0619216114282599 26.530868664383888 118.8368434458971 141.67605492472649 15.724191978573797 6.5559986233711243
leaf_count=3601 44 266 2574 116 18 57 588 261 20 10 51 320 362 26 28
internal_value=0.0222054 0.0303581 0.0285119 -0.0087357 0.0751055 0.0454817 0.0313791 0.0118943 -0.0164881 0.00077505 0.0140848 0.0423182 0.0105971 0.117597 -0.158651
internal_weight=3225.44 1801.24 1729.87 123.641 71.369 42.0517 1606.23 1424.2 102.038 90.9888 1322.16 145.368 1176.8 29.3173 11.049
internal_count=8342 3689 3544 382 145 101 3162 4653 319 271 4334 371 3963 44 48
is_linear=0
shrinkage=0.1


Tree=19
num_leaves=9
num_cat=0
split_feature=4 4 5 5 4 5 5 6
split_gain=23.3597 14.3878 10.4146 9.43589 18.5975 11.9978 9.10207 6.45945
threshold=7.6520613995926405 7.5667266845703134 6.9083331922076034 2.2451322120174986 2.2197265625000004 2.0013711205061733 7.2170146827211328 6.9399961481706844
decision_type=2 2 2 2 2 2 2 2
left_child=1 3 -2 5 -5 -1 -4 -8
right_child=2 -3 6 4 -6 -7 7 -9
leaf_value=0.0088161243464743664 -0.070975817233706148 -0.12256538362433816 0.10710128147465761 0.060945073891458437 0.015965765817373665 -0.037727333127923132 -0.0066033818359883091 0.033901322444843347
leaf_weight=550.15940531343222 9.6404407769441587 7.666052669286727 16.508634001016617 98.021141365170479 1477.7730012983084 61.583813056349754 41.058319911360741 958.47704914212227
leaf_count=2105 31 27 25 239 3848 233 94 1740
internal_value=0.0200135 0.0141923 0.0324723 0.0146716 0.0187637 0.00413062 0.0334539 0.0322375
internal_weight=3220.89 2195.2 1025.68 2187.54 1575.79 611.743 1016.04 999.535
internal_count=8342 6452 1890 6425 4087 2338 1859 1834
is_linear=0
shrinkage=0.1


Tree=20
num_leaves=12
num_cat=0
split_feature=4 5 3 6 4 3 0 1 6 5 6
split_gain=20.4363 13.9376 11.5697 11.6593 10.6845 8.85354 12.1703 18.5152 8.48607 5.90409 7.74434
threshold=4.5000654863520149 5.2989728532244618 0.7074714332036105 5.2505714960323955 4.1399862766265878 0.5547411288921128 0.50048840792465132 0.35065368351914245 12.898478878475315 5.4817063527025747 9.9374425204474583
decision_type=2 2 2 2 2 2 2 2 2 2 2
left_child=1 2 3 -1 -3 6 8 -8 -2 -7 -11
right_child=5 4 -4 -5 -6 9 7 -9 -10 10 -12
leaf_value=0.0088491360912222369 0.020823265999849197 0.0046653423714253604 -0.11894396628179345 0.044885425740130665 -0.17874727223634504 -0.022738557898266006 -0.14089635560504513 0.0045957414326831458 0.041280100365207281 0.068075633808935457 0.03139762817263423
leaf_weight=1416.8235855326056 1130.1727059930563 5.8859591931104642 6.8689839988946906 95.856586545705795 6.8987005203962326 12.962133273482321 10.717767432332037 47.563809245824814 247.12224134802818 98.179174184799194 139.16681985557079
leaf_count=4633 2432 16 24 211 29 34 39 109 416 151 248
internal_value=0.0180285 0.00966992 0.0105447 0.0111327 -0.0943055 0.0256257 0.0225997 -0.0221597 0.0244937 0.0429805 0.0465696
internal_weight=3218.22 1532.33 1519.55 1512.68 12.7847 1685.88 1435.58 58.2816 1377.29 250.308 237.346
internal_count=8342 4913 4868 4844 45 3429 2996 148 2848 433 399
is_linear=0
shrinkage=0.1


Tree=21
num_leaves=13
num_cat=0
split_feature=2 2 4 5 0 3 2 5 0 1 6 4
split_gain=18.4234 21.9775 15.6136 34.6145 15.2836 28.3116 16.5515 13.1649 12.3943 12.0922 11.6334 3.95755
threshold=0.23051993945187157 0.22839685341296223 9.9288849099757517 9.3506530996266068 0.50097669679260559 0.53871602380532535 0.25118560033971155 10.5940664594649 0.51588853225985087 0.11827511586424626 2.8646063920162868 4.7089356184005746
decision_type=2 2 2 2 2 2 2 2 2 2 2 2
left_child=1 2 3 -1 6 11 9 -4 -7 -2 -8 -6
right_child=4 -3 7 -5 5 8 10 -9 -10 -11 -12 -13
leaf_value=0.011072695110408383 -0.021116251860820685 -0.13116082524426984 0.066528272614246362 -0.083254488561928339 -0.07674328715623642 0.041852779910328104 -0.042293755423413799 0.020805582305168976 -0.070141901842572893 0.077120198647963184 0.029398615842617593 -0.18309897903703909
leaf_weight=2019.6557460278273 14.088429644703863 10.701416030526159 85.519199699163437 39.667181238532066 5.9027474820613852 44.142265319824219 23.526353195309639 238.86250504851341 12.731688186526297 113.29128536581993 596.66416311264038 8.5903815478086454
leaf_count=5980 37 36 134 111 20 85 87 457 38 176 1146 35
internal_value=0.0162542 0.0118259 0.0124679 0.00925574 0.0292015 -0.015013 0.0334225 0.0328598 0.0167819 0.0662551 0.026679 -0.139783
internal_weight=3213.34 2394.41 2383.7 2059.32 818.937 71.3671 747.57 324.382 56.874 127.38 620.191 14.4931
internal_count=8342 6718 6682 6091 1624 178 1446 591 123 213 1233 55
is_linear=0
shrinkage=0.1


Tree=22
num_leaves=14
num_cat=0
split_feature=4 4 0 6 4 4 1 3 5 0 1 5 2
split_gain=15.3162 13.8206 16.8072 13.663 12.8779 17.4752 8.58337 6.66965 9.17609 10.6974 5.38766 15.4739 2.56201
threshold=4.5000654863520149 3.9160900115966801 0.25689327859442562 3.3471612433222488 2.984614898465225 2.8357013240456586 0.33555039359422251 0.5547411288921128 4.0926282390700806 0.50048840792465132 0.39414662216140967 5.4817063527025747 0.29450163864270401
decision_type=2 2 2 2 2 2 2 2 2 2 2 2 2
left_child=1 4 3 -3 5 -1 -6 8 -2 -10 11 -9 -4
right_child=7 2 12 -5 6 -7 -8 10 9 -11 -12 -13 -14
leaf_value=0.0075074909923761122 0.10399651083605686 -0.10624434213462382 -0.15458206349312464 -0.00095839616900025122 0.022282693904207795 -0.0600176445338019 0.08097979522404368 -0.087795930019542834 0.019689518007980647 -0.024734987346908963 0.10081095564647154 0.038632771910925678 -0.063425829185064994
leaf_weight=948.20789451152086 12.49236887693405 13.483840510249136 9.352985203266142 143.47483994066715 355.10098399221897 39.940254628658295 26.792627692222595 10.12226754426956 1355.5807994753122 56.462022557854652 12.384889081120489 221.92776983976364 4.599486991763114
leaf_count=3248 24 57 42 421 942 140 48 32 2825 147 16 385 15
internal_value=0.0146493 0.00746044 -0.0193528 -0.0100032 0.0108054 0.00477817 0.0264007 0.0212867 0.0186681 0.0179132 0.0365477 0.0331178 -0.124532
internal_weight=3209.92 1540.95 170.911 156.959 1370.04 988.148 381.894 1668.97 1424.54 1412.04 244.435 232.05 13.9525
internal_count=8342 4913 535 478 4378 3388 990 3429 2996 2972 433 417 57
is_linear=0
shrinkage=0.1


Tree=23
num_leaves=13
num_cat=0
split_feature=2 2 5 4 0 3 2 1 5 0 6 4
split_gain=13.9173 17.5966 13.5483 11.5264 11.1582 23.1909 14.2883 12.6761 10.4199 9.90074 8.61425 3.18227
threshold=0.23051993945187157 0.22839685341296223 14.146530787396296 14.200038194656374 0.50097669679260559 0.53871602380532535 0.2530889081914573 0.11827511586424626 15.623191008445891 0.51588853225985087 2.8646063920162868 4.7089356184005746
decision_type=2 2 2 2 2 2 2 2 2 2 2 2
left_child=1 2 3 -1 6 11 7 -2 -4 -7 -8 -6
right_child=4 -3 8 -5 5 9 10 -9 -10 -11 -12 -13
leaf_value=0.0091663342507435196 -0.029796056255150624 -0.11809102627504714 0.080258744599418008 -0.06359140404087299 -0.071061617202849953 0.037759585900009267 -0.038304047266186414 0.068515916015113129 0.011848603161147513 -0.062468990723389017 0.024015240662744363 -0.16771352071004914
leaf_weight=2275.8484756723046 14.733453154563902 10.780678436160086 47.437773391604424 21.984162077307701 5.764336720108985 43.79736153781414 23.063539572060108 119.40590688586235 41.958467364311218 12.717399805784224 579.35907186567783 8.3284090459346753
leaf_count=6477 40 36 65 59 20 85 86 189 81 38 1131 35
internal_value=0.0132035 0.0093805 0.00995616 0.00847024 0.0245613 -0.0134133 0.0282016 0.0577176 0.0481502 0.0152054 0.0216294 -0.12818
internal_weight=3205.18 2398.01 2387.23 2297.83 807.169 70.6075 736.562 134.139 89.3962 56.5148 602.423 14.0927
internal_count=8342 6718 6682 6536 1624 178 1446 229 146 123 1217 55
is_linear=0
shrinkage=0.1


Tree=24
num_leaves=13
num_cat=0
split_feature=4 6 4 5 6 2 4 4 4 2 0 4
split_gain=12.1568 23.3742 14.3714 25.7365 14.2964 13.2826 20.0796 13.1348 15.4389 8.45119 8.37197 2.15786
threshold=2.6250163715880039 2.1479181915888801 2.2197265625000004 2.7376792205779661 3.1382266753408419 0.23246900392753181 2.3638766067840788 2.7069168090820317 2.984614898465225 0.28067403633066024 0.062500000000012421 2.0391660035238606
decision_type=2 2 2 2 2 2 2 2 2 2 2 2
left_child=2 -2 3 4 -1 6 -4 10 -9 -7 -3 -5
right_child=1 7 5 11 -6 9 -8 8 -10 -11 -12 -13
leaf_value=0.0067391988687220822 0.13122956565257313 0.033574959288600499 -0.095681411304391534 0.13835539318453399 -0.079878424920899485 0.10943007017340818 -0.012110146178726168 -0.028160563326374899 0.015410192873355278 -0.027167983178537886 0.12808677112903388 0.079834934256861834
leaf_weight=655.00141427665949 17.365188136696815 22.716242462396622 40.029603108763695 11.703006923198702 19.626226663589478 11.131964579224588 102.03240588307381 84.448096886277199 2199.4235775470734 7.6362433284521094 15.955654233694075 13.650425910949705
leaf_count=2382 32 58 161 15 72 17 325 269 4936 23 23 29
internal_value=0.0119039 0.0156419 0.00174303 0.00793654 0.00421932 -0.025213 -0.0356585 0.0147777 0.0137991 0.0538523 0.0725696 0.106848
internal_weight=3200.72 2339.91 860.811 699.981 674.628 160.83 142.062 2322.54 2283.87 18.7682 38.6719 25.3534
internal_count=8342 5318 3024 2498 2454 526 486 5286 5205 40 81 44
is_linear=0
shrinkage=0.1


Tree=25
num_leaves=15
num_cat=0
split_feature=4 5 4 0 4 2 6 2 2 0 5 1 6 0
split_gain=11.5099 14.2366 15.0389 25.3958 12.2104 10.013 14.942 9.44023 17.4855 10.8236 7.44601 7.35864 6.64378 3.56238
threshold=9.9288849099757517 10.5940664594649 12.357795691763286 0.31261848669150977 11.253906250000002 0.33956040681867844 2.3515244764790832 0.31997885013250443 0.31334365563963679 0.20319026897823278 11.224585096331696 0.11692756212143167 8.7207858402774097 2.4939513485145981e-05
decision_type=2 2 2 2 2 2 2 2 2 2 2 2 2 2
left_child=5 4 3 -3 13 7 -7 8 -1 -9 -4 -8 -6 -2
right_child=1 2 10 -5 12 6 11 9 -10 -11 -12 -13 -14 -15
leaf_value=0.0058611757781776019 0.10702873577135674 -0.0017330810972334056 0.10617370950950587 -0.18183223629686182 -0.078458534847950526 -0.1349629599973606 0.14944378283160695 -0.006513086608338871 0.099821193270671418 -0.14349061624502504 0.023280959488895206 0.032861069698598602 0.04372763403970488 0.058328480866955967
leaf_weight=2327.810566291213 18.317493557929993 135.3284000903368 11.149925068020819 8.3103765994310361 9.7027160078287142 5.2204418256878844 5.611750900745391 16.371617630124096 19.975688219070435 8.9070594757795316 385.54841560125351 153.7471232265234 8.2203416675329191 83.444649800658226
leaf_count=6669 22 281 14 31 27 31 5 38 28 32 719 299 14 132
internal_value=0.0107201 0.0224841 0.015572 -0.0121529 0.05369 0.0076604 0.0315129 0.00600615 0.00666062 -0.0547778 0.0256108 0.0369665 -0.0224183 0.0670947
internal_weight=3197.67 660.022 540.337 143.639 119.685 2537.64 164.579 2373.06 2347.79 25.2787 396.698 159.359 17.9231 101.762
internal_count=8342 1240 1045 312 195 7102 335 6767 6697 70 733 304 41 154
is_linear=0
shrinkage=0.1


Tree=26
num_leaves=13
num_cat=0
split_feature=2 2 5 4 0 3 2 2 1 6 5 2
split_gain=9.62087 14.6378 10.4859 16.3101 8.42874 19.3928 12.2238 8.32587 8.04395 6.59433 4.97453 3.64651
threshold=0.23051993945187157 0.22839685341296223 13.269792784390605 14.200038194656374 0.50097669679260559 0.53871602380532535 0.25118560033971155 0.28458450491480575 0.11827511586424626 2.8646063920162868 15.623191008445891 0.25473667857617194
decision_type=2 2 2 2 2 2 2 2 2 2 2 2
left_child=1 2 3 -1 6 11 8 -7 -2 -8 -4 -6
right_child=4 -3 10 -5 5 7 9 -9 -10 -11 -12 -13
leaf_value=0.0059708486565229341 -0.020016282882210086 -0.10967505114486215 0.049547021056762237 -0.14359178949671328 -0.15741775120975854 0.054510276901276834 -0.036222359727239348 -0.022934075932642396 0.060374303167411672 0.018619333170513303 0.0069805398377013319 -0.048682727879395121
leaf_weight=2257.4661902710795 14.056409224867819 10.794630423188208 82.545671403408051 7.3150372654199591 9.0681195259094221 25.366826623678207 22.789696753025055 30.661195039749146 108.69827777147293 578.18751761317253 41.136751249432564 4.6737825721502295
leaf_count=6440 37 36 136 25 40 48 87 75 176 1146 81 15
internal_value=0.00966797 0.00651108 0.00703618 0.00548777 0.0192132 -0.0139809 0.0224133 0.012129 0.0511689 0.0165397 0.0353894 -0.120436
internal_weight=3192.76 2399.26 2388.46 2264.78 793.502 69.7699 723.732 56.028 122.755 600.977 123.682 13.7419
internal_count=8342 6718 6682 6465 1624 178 1446 123 213 1233 217 55
is_linear=0
shrinkage=0.1


Tree=27
num_leaves=15
num_cat=0
split_feature=5 6 2 2 2 0 1 1 4 6 6 0 0 5
split_gain=8.56947 6.92634 7.24121 12.0947 10.1481 5.66991 10.7655 12.5642 5.08305 4.34834 7.07102 4.26233 5.57376 3.23117
threshold=1.2223129053992932 12.898478878475315 0.37903123889254081 0.36258109281465001 0.43962294415583081 3.8156358641572305e-06 0.082393249441717414 0.1481481544337149 1.0000021457672121 1.1507052027382174 1.2977446546756324 0.50000166893005382 0.31250000017575991 1.0658724979508751
decision_type=2 2 2 2 2 2 2 2 2 2 2 2 2 2
left_child=5 2 3 -2 -4 9 8 -8 -7 13 -11 12 -3 -1
right_child=1 11 4 -5 -6 6 7 -9 -10 10 -12 -13 -14 -15
leaf_value=-0.0029498602580213065 0.007932874576282398 0.022290067643636037 0.058246016544150341 -0.067603495954171908 0.003417871278441792 -0.0066483015168426283 0.08726645991591829 -0.058634400133419522 -0.12564459790106852 0.086615217929728941 -0.045342944508842825 -0.033738055571388981 0.070576492956364131 -0.05203048897834045
leaf_weight=164.00600104033947 2470.0305582135916 281.92977069318295 68.083312809467316 21.380936920642853 66.957984209060669 4.7290130853652981 10.178735554218294 14.048555135726927 14.899926722049711 12.545958116650583 6.0041678547859183 12.260969087481497 26.120316714048386 14.60818040370941
leaf_count=687 6377 520 113 61 148 24 44 64 94 40 25 30 38 77
internal_value=0.00871736 0.0102002 0.00850708 0.00728463 0.0310604 -0.00941182 -0.0419325 0.00266367 -0.096976 -0.00217809 0.043904 0.024083 0.0263844 -0.00696398
internal_weight=3187.78 2946.76 2626.45 2491.41 135.041 241.021 43.8562 24.2273 19.6289 197.164 18.5501 320.311 308.05 178.614
internal_count=8342 7287 6699 6438 261 1055 226 108 118 829 65 588 558 764
is_linear=0
shrinkage=0.1


Tree=28
num_leaves=16
num_cat=0
split_feature=4 5 4 2 4 2 5 5 4 6 5 5 0 0 1
split_gain=7.3664 13.0128 11.699 21.1513 10.1189 7.35336 10.7332 10.1876 8.93007 13.0611 10.9669 6.76602 3.70039 3.69074 2.32184
threshold=9.9288849099757517 10.5940664594649 12.357795691763286 0.24552248466732177 11.253906250000002 0.33956040681867844 3.0020576131687249 3.5691038117361473 9.4560505453431478 10.086214686719458 10.241577512393999 11.224585096331696 0.31250000017575991 0.31057860380332947 0.29348584392902027
decision_type=2 2 2 2 2 2 2 2 2 2 2 2 2 2 2
left_child=5 4 3 -3 12 8 14 -8 10 -10 -1 -4 -2 -6 -7
right_child=1 2 11 -5 13 6 7 -9 9 -11 -12 -13 -14 -15 -16
leaf_value=0.0052595431453870377 0.050413359034577936 -0.059953326785398386 0.097603881087368782 0.01838924033370495 -0.066616802386496241 -0.13798940566856788 0.11444528979276931 0.024050363892523519 -0.09064847687126408 0.016102760714060676 -0.12144052333243571 0.017500640716477802 0.098734083177578535 0.024301032489049121 -0.033175728903327741
leaf_weight=2323.3241910338402 79.241156205534935 58.476123690605164 10.849515065550802 83.917522430419922 9.0363930165767687 4.0674480944871885 13.692157641053198 139.40747965872288 23.984940722584724 21.950458586215973 6.851883813738822 375.29046599566936 19.810256704688072 8.8258211910724622 4.3994567841291428
leaf_count=6634 129 152 14 160 24 25 19 274 69 43 21 719 25 17 17
internal_value=0.00785604 0.0173947 0.0107167 -0.0137833 0.0475844 0.00542991 0.0260734 0.0321347 0.00402624 -0.0396369 0.00488698 0.0197513 0.0600775 -0.0216938 -0.0835276
internal_weight=3183.13 645.447 528.534 142.394 116.914 2537.68 161.567 153.1 2376.11 45.9354 2330.18 386.14 99.0514 17.8622 8.4669
internal_count=8342 1240 1045 312 195 7102 335 293 6767 112 6655 733 154 41 42
is_linear=0
shrinkage=0.1


Tree=29
num_leaves=12
num_cat=0
split_feature=6 6 5 4 4 4 1 6 4 0 0
split_gain=6.90982 11.3923 8.64595 15.2259 19.7076 6.659 6.31737 9.66278 9.03665 5.94827 17.9322
threshold=1.8182045837419725 1.8535670724088174 1.5241155608091594 1.3753364011645319 1.4379882812500002 1.2456359956263727 0.032066302422602957 1.4957589873246029 1.792273830767954 0.51588853225985087 0.51562531292438518
decision_type=2 2 2 2 2 2 2 2 2 2 2
left_child=2 -2 3 5 -5 -1 7 -4 -8 10 -3
right_child=1 9 6 4 -6 -7 8 -9 -10 -11 -12
leaf_value=-0.0012756967585920026 0.10133339042914601 0.0083410013743858685 -0.080007202125903884 0.14677833484086711 0.015686039252073705 -0.045030636961374326 -0.14949177272543948 0.0082034107651189347 -0.022754999034787029 -0.060349792806019542 0.14176881790439413
leaf_weight=261.50483220070601 13.29006154835224 2694.6689343750477 17.268823891878128 15.045980617403982 48.221281886100769 40.118035823106766 9.9928503334522265 44.210896357893944 12.874386996030806 12.482720896601675 10.110387086868284
leaf_count=1106 31 6500 71 29 156 161 46 151 44 37 10
internal_value=0.00708283 0.00897363 -0.00440986 0.00226009 0.0468619 -0.00709542 -0.0332645 -0.0165738 -0.0781382 0.0085219 0.00883975
internal_weight=3179.79 2730.55 449.237 364.89 63.2673 301.623 84.347 61.4797 22.8672 2717.26 2704.78
internal_count=8342 6578 1764 1452 185 1267 312 222 90 6547 6510
is_linear=0
shrinkage=0.1


Tree=30
num_leaves=12
num_cat=0
split_feature=4 3 6 6 0 6 6 6 5 4 1
split_gain=6.39212 9.17151 9.14162 15.5574 11.9295 7.53398 10.5165 9.635 5.90116 6.13211 3.80861
threshold=7.2423145124048469 0.79851744908971389 8.400388144724996 8.9256542075828289 0.016963630919302603 5.8989648524707592 4.6367711273071111 6.3054766943542724 7.4869110588005086 7.0015869140625009 0.34634036058947576
decision_type=2 2 2 2 2 2 2 2 2 2 2
left_child=2 5 8 -4 -5 6 -2 -7 9 -1 -3
right_child=1 10 3 4 -6 7 -8 -9 -10 -11 -12
leaf_value=0.0043766521401429155 0.068275077933550463 -0.018870739067211869 -0.14862173868923317 0.058715952220119771 -0.050818466255294528 0.079242624067548298 -0.060206336879134403 0.014182674454155756 0.069679472677272661 -0.057589560731456893 -0.11883483402797448
leaf_weight=2075.6864517107606 8.2628317922353727 8.5076249390840513 10.205487206578253 15.550727382302282 27.573409825563431 23.32502081990242 27.821996554732323 944.22799529135227 13.727656811475752 16.093628033995628 6.9045106768608084
leaf_count=6113 15 19 39 27 73 36 85 1849 21 44 21
internal_value=0.00637449 0.0129023 0.00329314 -0.0375949 -0.0113199 0.0140779 -0.0307862 0.0157511 0.00432877 0.0038999 -0.0636538
internal_weight=3177.89 1019.05 2158.84 53.3296 43.1241 1003.64 36.0848 967.553 2105.51 2091.78 15.4121
internal_count=8342 2025 6317 139 100 1985 100 1885 6178 6157 40
is_linear=0
shrinkage=0.1


Tree=31
num_leaves=11
num_cat=0
split_feature=5 4 5 5 4 6 6 6 0 4
split_gain=6.06733 15.0578 8.03061 5.51917 5.79929 4.1636 3.58577 4.13836 0.00559108 0.00186389
threshold=1.1482086035995289 1.0312500670552256 1.1852272092919696 1.2223129053992932 1.2456359956263727 1.2767181930901221 1.2582358899333788 1.0636139377159946 4.7683715847131333e-06 1.1071930229663851
decision_type=2 2 2 2 2 2 2 2 2 2
left_child=1 6 -2 5 -5 -4 7 -1 9 -3
right_child=2 8 3 4 -6 -7 -8 -9 -10 -11
leaf_value=-0.002104948466510157 0.099014200251796428 -0.12318467511688685 -0.084614526515824406 0.044312772238386568 0.0064351567740469785 0.012961747779878933 0.076713402527782623 -0.056521400581145825 -0.11726161277562662 -0.12004605690878803
leaf_weight=179.99195483326912 9.4372737482190114 4.367310166358946 11.556944899261 40.993878453969955 2893.695929095149 7.0349520966410628 5.3419420868158332 15.151980862021444 4.1208252161741257 3.3384464979171753
leaf_count=759 29 29 58 123 7164 26 19 77 34 24
internal_value=0.00574426 -0.0105856 0.00691448 0.00662017 0.00696426 -0.0476928 -0.00411743 -0.00633012 -0.120235 -0.121825
internal_weight=3175.03 212.312 2962.72 2953.28 2934.69 18.5919 200.486 195.144 11.8266 7.70576
internal_count=8342 942 7400 7371 7287 84 855 836 87 53
is_linear=0
shrinkage=0.1


Tree=32
num_leaves=14
num_cat=0
split_feature=6 4 4 0 5 0 6 5 3 1 2 3 2
split_gain=5.92025 6.14934 19.0716 22.3588 8.60417 5.90796 4.38115 6.02598 7.83352 5.46761 3.64093 8.83492 2.10691
threshold=12.898478878475315 14.200038194656374 16.135453283843223 0.28321076792943561 13.269792784390605 0.51588853225985087 13.990135858185768 13.849012671570115 0.46567462512485214 0.38452808836853519 0.32299737054956906 0.6647150038851013 0.28458450491480575
decision_type=2 2 2 2 2 2 2 2 2 2 2 2 2
left_child=1 4 3 -3 5 -1 10 8 -8 -9 12 -12 -2
right_child=6 2 -4 -5 -6 -7 7 9 -10 -11 11 -13 -14
leaf_value=0.0042371748221781656 0.039450035636412799 -0.15279124214595755 0.058791995267705455 0.027318975137099379 0.089616406467630499 -0.07270355100554915 -0.12078224187767304 0.010976376425340779 0.0024838981793273 0.070866915458418611 -0.050866671373000522 0.062475198286725479 0.082889821350385334
leaf_weight=2797.6935113668442 54.629814848303795 17.29257702827454 14.772945687174795 11.460197269916533 11.777001515030859 10.015592336654661 7.6207285970449474 174.37952594459057 15.936977252364157 16.703493714332581 13.884600505232813 13.627244517207144 14.033480122685431
leaf_count=7601 94 59 24 22 16 32 23 340 32 25 34 21 19
internal_value=0.00516771 0.00374466 -0.0335558 -0.0810034 0.00432049 0.00396271 0.0182758 0.0103285 -0.0373917 0.0162117 0.0360122 0.00527414 0.0483283
internal_weight=3173.83 2863.01 43.5257 28.7528 2819.49 2807.71 310.816 214.641 23.5577 191.083 96.1751 27.5118 68.6633
internal_count=8342 7754 105 81 7649 7633 588 420 55 365 168 55 113
is_linear=0
shrinkage=0.1


Tree=33
num_leaves=15
num_cat=0
split_feature=4 4 6 5 4 5 0 1 2 2 2 5 2 1
split_gain=5.32612 15.7405 21.3199 17.3329 8.26154 9.56516 6.37297 4.67387 13.9093 9.94469 7.34061 12.8315 8.07198 0.022373
threshold=4.4384923768838016 3.9160900115966801 3.3471612433222488 4.1668600658468566 3.8697450160980229 4.579808956453669 0.11664009656385586 0.043895749461841459 0.13774115974660792 0.11797037357490291 0.23730950448463131 9.2568348023154119 0.25473667857617194 0.19728961383523189
decision_type=2 2 2 2 2 2 2 2 2 2 2 2 2 2
left_child=1 4 13 -4 5 -1 -6 8 9 -2 11 -9 -12 -3
right_child=7 2 3 -5 6 -7 -8 10 -10 -11 12 -13 -14 -15
leaf_value=0.0034759356667718941 0.014864155244727666 -0.14458251695219232 0.021789667810298036 -0.050834937624713174 0.0063788457878567175 -0.080605448213012937 0.10340828494851979 0.0087682009639365992 0.088298176743077994 -0.087840262827445739 0.041145100569430576 -0.022996736573023077 0.0079510782777766301 -0.15279617803638701
leaf_weight=1347.099637158215 467.23884455859661 8.7343815416097623 59.539759561419487 73.345422551035881 12.654451429843904 13.667103335261343 14.554911956191061 332.06611202657223 25.71252803504467 9.6220062524080259 85.53082849085331 206.09537369012833 510.58896937966347 5.3460853695869437
leaf_count=4279 1032 41 169 230 34 43 22 745 37 28 152 469 1037 24
internal_value=0.00465889 0.000427214 -0.0306933 -0.0182952 0.0037224 0.00263145 0.0582821 0.00862709 0.0166548 0.0127918 0.00507018 -0.00339656 0.0127137 -0.147701
internal_weight=3171.8 1534.94 146.966 132.885 1387.98 1360.77 27.2094 1636.85 502.573 476.861 1134.28 538.161 596.12 14.0805
internal_count=8342 4842 464 399 4378 4322 56 3500 1097 1060 2403 1214 1189 65
is_linear=0
shrinkage=0.1


Tree=34
num_leaves=12
num_cat=0
split_feature=5 4 5 5 5 3 3 4 4 4 5
split_gain=5.11095 22.9108 17.1587 30.0555 17.2329 15.1688 16.388 12.5746 9.64482 18.688 10.9009
threshold=2.6032652990857525 1.9991455078125002 2.4502320978701602 2.4277362569426466 2.3839317620461702 0.2791122143264681 0.4089227286247869 2.7502899169921879 2.4422302246093754 2.1917200088500981 2.6622827339510517
decision_type=2 2 2 2 2 2 2 2 2 2 2
left_child=2 -2 3 4 -1 7 -7 -4 9 -3 -10
right_child=1 8 5 -5 -6 6 -8 -9 10 -11 -12
leaf_value=-0.00045174046056032182 0.14020875718179987 0.037967062953057636 -0.13466030193972106 0.13283431797877265 -0.16134358532281309 0.068548628136040957 -0.10752328931910776 0.030909000211836138 0.084733032610953621 -0.095726653790005209 0.0060346368470253669
leaf_weight=699.07896041870117 12.743355855345724 17.695457711815834 24.739695221185688 16.932543396949768 6.7211980372667304 14.421120703220369 8.3452541381120664 5.6311575025320044 17.73521126806736 25.554255828261375 2320.2606955915689
leaf_count=2525 14 41 103 29 29 34 30 14 38 97 5388
internal_value=0.00419573 0.00648167 -0.00285765 0.00117471 -0.00198388 -0.0577027 0.00400761 -0.103962 0.00576602 -0.0410264 0.00663162
internal_weight=3169.86 2393.99 775.87 722.733 705.8 53.1372 22.7664 30.3709 2381.25 43.2497 2338
internal_count=8342 5578 2764 2583 2554 181 64 117 5564 138 5426
is_linear=0
shrinkage=0.1


Tree=35
num_leaves=15
num_cat=0
split_feature=6 2 2 2 4 3 6 1 5 0 5 4 0 5
split_gain=4.94248 5.15296 10.5137 9.05392 8.55643 5.69042 4.92868 4.37496 6.58125 5.72182 6.18653 5.54737 4.46368 3.55006
threshold=12.898478878475315 0.37903123889254081 0.36258109281465001 0.43962294415583081 7.4845371247502053 0.79851744908971389 8.6269700211805418 0.18724723348530883 17.999577547639888 0.13304138183593753 18.542497541317925 13.869496384223341 0.12566784287993474 4.9550408468616389
decision_type=2 2 2 2 2 2 2 2 2 2 2 2 2 2
left_child=1 2 5 6 -4 -1 -3 8 12 11 -11 -9 -2 -5
right_child=7 3 4 13 -6 -7 -8 9 -10 10 -12 -13 -14 -15
leaf_value=0.0023549752668583753 0.030844840104635785 0.071971573104048073 -0.022129471948702337 0.02883646349960118 -0.15362424950183673 -0.082239049188199853 0.01641245192281509 -0.10478314745563158 -0.033648906736728705 0.0062407538781555057 0.074637205404888718 -0.0072049866063096093 0.097291959684115525 -0.020286018121074161
leaf_weight=2698.2685766741633 109.62768451869488 37.409818977117538 14.358872778713705 21.917526602745056 7.5507525503635398 7.9752933681011191 27.856106147170067 8.2952640056610125 14.814565524458883 128.71172715723515 14.738875761628149 19.573673933744431 11.13678929209709 44.751542344689369
leaf_count=7393 196 59 42 56 25 24 54 24 34 258 21 41 14 101
internal_value=0.00377461 0.00248054 0.00154711 0.0217821 -0.0674467 0.00210568 0.0482584 0.0158344 0.0292558 0.00521304 0.0132682 -0.0362494 0.0369725 -0.00413695
internal_weight=3166.99 2860.09 2728.15 131.935 21.9096 2706.24 65.2659 306.899 135.579 171.32 143.451 27.8689 120.764 66.6691
internal_count=8342 7754 7484 270 67 7417 113 588 244 344 279 65 210 157
is_linear=0
shrinkage=0.1


Tree=36
num_leaves=12
num_cat=0
split_feature=5 4 5 5 5 6 2 3 3 0 4
split_gain=4.42231 13.3897 6.29386 4.40091 5.00035 3.58021 3.21349 9.7702 3.12021 0.00396067 0.00133904
threshold=1.1482086035995289 1.0312500670552256 1.1852272092919696 1.2223129053992932 1.5241155608091594 1.2767181930901221 0.15330041887649318 0.41584441979646752 0.5270975020085763 4.7683715847131333e-06 1.1071930229663851
decision_type=2 2 2 2 2 2 2 2 2 2 2
left_child=1 6 -2 5 -5 -4 7 -1 -8 10 -3
right_child=2 9 3 4 -6 -7 8 -9 -10 -11 -12
leaf_value=-0.0062597921604613709 0.084167729133630631 -0.12071103723972698 -0.08028206312857511 0.023141628351420696 0.0035293532726424341 0.010644822277209814 -0.011128665775094162 0.11796384284152356 -0.13373699323721897 -0.11552644270253054 -0.11795022851026456
leaf_weight=186.02995784580708 9.8598965406417829 4.0604057312011701 11.118338003754618 136.35704565048218 2788.5790169388056 7.0928853899240485 4.7116988077759725 6.5544050931930533 3.7098791152238846 3.8131825923919678 3.0965895652770996
leaf_count=791 29 29 58 422 6865 26 25 18 21 34 24
internal_value=0.00340424 -0.0105475 0.00440574 0.00413853 0.00444365 -0.044868 -0.00467603 -0.00203197 -0.0651402 -0.11813 -0.119517
internal_weight=3164.98 211.976 2953.01 2943.15 2924.94 18.2112 201.006 192.584 8.42158 10.9702 7.157
internal_count=8342 942 7400 7371 7287 84 855 809 46 87 53
is_linear=0
shrinkage=0.1


Tree=37
num_leaves=6
num_cat=0
split_feature=0 0 0 1 3
split_gain=4.29099 15.068 10.5591 15.9204 7.30345
threshold=0.51588853225985087 0.51562531292438518 0.50390720367431652 0.36779050710224864 0.53294136395057545
decision_type=2 2 2 2 2
left_child=1 2 4 -4 -1
right_child=-2 -3 3 -5 -6
leaf_value=0.0016245108665256772 -0.055198803170083847 0.12802247841415806 -0.17033278688842804 -0.0094427699602189531 0.016145584733189694
leaf_weight=2715.0137736052275 12.592013105750082 9.6557639390230161 8.6821127384901065 21.090599521994591 397.01023396849632
leaf_count=7386 38 10 38 48 822
internal_value=0.00306052 0.0032933 0.00290997 -0.0563604 0.00347701
internal_weight=3164.04 3151.45 3141.8 29.7727 3112.02
internal_count=8342 8304 8294 86 8208
is_linear=0
shrinkage=0.1


Tree=38
num_leaves=11
num_cat=0
split_feature=5 6 3 4 5 5 6 6 2 0
split_gain=4.02815 18.7852 14.3407 11.617 10.5337 16.342 26.6628 13.1167 8.19914 8.5193
threshold=1.9177872168223697 2.3821237754429769 0.559782247498125 1.822351320601918 2.0013711205061733 2.218190731922054 2.2590419010926359 2.1479181915888801 0.066470721295122409 7.631271728314461e-06
decision_type=2 2 2 2 2 2 2 2 2 2
left_child=1 2 3 -1 8 6 -6 -7 9 -2
right_child=4 -3 -4 -5 5 7 -8 -9 -10 -11
leaf_value=-0.0023707511023723961 0.044652371264255163 -0.15474364874750104 0.094610515599956244 -0.074337378121260511 -0.14331306917056483 0.073594519041275883 0.0037013924231961712 0.0037594921760078417 -0.044578923536242154 0.16225411749024085
leaf_weight=461.1702689230442 43.469644591212273 8.285590782761572 14.632295027375219 23.576885715126991 19.834744185209274 27.186053946614265 32.631987005472183 2515.2604606747627 8.5451137721538526 7.17695727944374
leaf_count=1778 125 37 28 96 95 57 109 5976 28 13
internal_value=0.00275665 -0.00540462 -0.00292682 -0.00587103 0.0043177 0.00336622 -0.0518766 0.00450623 0.0460298 0.0613173
internal_weight=3161.77 507.665 499.379 484.747 2654.1 2594.91 52.4667 2542.45 59.1917 50.6466
internal_count=8342 1939 1902 1874 6403 6237 204 6033 166 138
is_linear=0
shrinkage=0.1


Tree=39
num_leaves=14
num_cat=0
split_feature=2 3 1 0 3 1 2 6 5 6 3 4 6
split_gain=3.83575 10.2165 21.648 17.1791 10.6346 26.8555 11.8858 5.42543 12.5434 12.3886 6.42424 2.65435 0.293103
threshold=0.22400268524417802 0.27371594458442855 0.056905240238855855 0.015869517381361154 0.39887493755535447 0.10836677808444511 0.18278009172682463 2.2336505310829757 2.2744381947813199 1.2380716182244493 0.33232149661024551 1.7658812776207926 3.7205698266696614
decision_type=2 2 2 2 2 2 2 2 2 2 2 2 2
left_child=1 2 3 -1 5 -3 -6 9 -9 -2 -10 -11 -4
right_child=7 4 12 -5 6 -7 -8 8 10 11 -12 -13 -14
leaf_value=0.0046971071915379173 0.075046304901622451 -0.0060096403480990072 0.117964573287691 -0.10242362669253594 0.013173005261262855 -0.070075705366848678 -0.021919723057192097 0.11781592224439236 -0.066407723880583441 -0.1537386693259809 0.0092790259192932004 -0.052256459403712686 0.092650823459316939
leaf_weight=1531.3725453540683 5.3369593247771254 266.89696909487247 6.1311842352151897 15.118860527873037 292.97040194272995 86.679627746343613 143.93012541532516 10.575117468833922 11.382375866174696 6.2224469706416112 760.5905878841877 4.3998096138238907 18.011165156960487
leaf_count=4470 24 709 13 52 706 287 371 17 34 31 1584 15 29
internal_value=0.00247636 0.000450129 0.00511673 0.00364987 -0.00882214 -0.0217155 0.00161225 0.00846774 0.00964488 -0.0492524 0.00816306 -0.111704 0.0990795
internal_weight=3159.62 2361.11 1570.63 1546.49 790.477 353.577 436.901 798.507 782.548 15.9592 771.973 10.6223 24.1423
internal_count=8342 6637 4564 4522 2073 996 1077 1705 1635 70 1618 46 42
is_linear=0
shrinkage=0.1


Tree=40
num_leaves=15
num_cat=0
split_feature=6 6 4 0 5 2 0 2 4 6 0 3 1 0
split_gain=3.76749 11.4303 21.0878 15.6825 10.3504 10.2491 10.0874 6.87416 3.94992 7.76439 20.6666 8.85259 7.13224 8.62669
threshold=6.9399961481706844 7.8826671113551239 6.7326302295550713 0.015068293320481952 7.9830157865603599 0.066676402057280967 0.25067189335823065 0.036531055754319558 6.518024444580079 6.572401920406576 0.25336182911428295 0.53871602380532535 0.38793667572679963 0.50097669679260559
decision_type=2 2 2 2 2 2 2 2 2 2 2 2 2 2
left_child=8 5 3 -3 -4 7 -7 -2 12 11 -11 -10 13 -1
right_child=1 2 4 -5 -6 6 -8 -9 9 10 -12 -13 -14 -15
leaf_value=0.0011411227294963633 0.0067168608033619228 0.020701682310371658 0.058081695779042868 -0.091478828354447483 0.0042152371014687494 0.05977313079487942 -0.0061201001487833735 -0.099570299950291541 -0.016971723540030428 -0.015695232130057597 -0.22952582790574622 0.06053633344639682 0.071283377637730114 -0.059845461478374641
leaf_weight=1894.0441206395626 29.486309602856636 18.236881360411644 37.289906904101372 39.352333903312683 821.85761332511902 99.308193862438202 30.327622339129448 7.6672170013189307 100.98465338349342 18.71738097071648 5.9588725268840781 17.253588408231735 14.298599615693091 23.481533065438271
leaf_count=5669 63 41 60 123 1674 167 68 23 255 42 25 28 27 77
internal_value=0.00222819 0.00700749 0.00262651 -0.0559544 0.00655322 0.031087 0.0443578 -0.0152172 -0.000267782 -0.0163098 -0.0673315 -0.00566157 0.000918989 0.000394296
internal_weight=3158.26 1083.53 916.737 57.5892 859.148 166.789 129.636 37.1535 2074.74 142.914 24.6763 118.238 1931.82 1917.53
internal_count=8342 2219 1898 164 1734 321 235 86 6123 350 67 283 5773 5746
is_linear=0
shrinkage=0.1


Tree=41
num_leaves=6
num_cat=0
split_feature=0 0 0 1 3
split_gain=3.7596 12.5624 8.18722 13.5172 4.84551
threshold=0.51588853225985087 0.51562531292438518 0.50390720367431652 0.36779050710224864 0.53294136395057545
decision_type=2 2 2 2 2
left_child=1 2 4 -4 -1
right_child=-2 -3 3 -5 -6
leaf_value=0.00087729478188310257 -0.05256894952105854 0.11878379120052072 -0.159459776228948 -0.0082406626336161189 0.012759481289093903
leaf_weight=2711.7212647795677 12.570763632655142 9.2199891656637174 8.2254409343004244 21.009519219398499 392.92953069508076
leaf_count=7386 38 10 38 48 822
internal_value=0.00200976 0.00222805 0.00188513 -0.0507871 0.00238112
internal_weight=3155.68 3143.11 3133.89 29.235 3104.65
internal_count=8342 8304 8294 86 8208
is_linear=0
shrinkage=0.1


Tree=42
num_leaves=13
num_cat=0
split_feature=6 4 4 0 5 0 4 6 0 6 5 1
split_gain=3.38294 4.92562 16.1995 16.6538 6.95824 4.50133 5.9566 4.34272 25.6553 5.71541 3.91666 3.7866
threshold=12.898478878475315 14.200038194656374 16.135453283843223 0.28321076792943561 13.106243627788372 0.028368059220355204 16.783907996956263 16.537698551482293 0.16494776472257122 15.618155554620779 11.224585096331696 0.073253894844012013
decision_type=2 2 2 2 2 2 2 2 2 2 2 2
left_child=1 4 3 -3 10 6 11 9 -9 -7 -1 -2
right_child=5 2 -4 -5 -6 7 -8 8 -10 -11 -12 -13
leaf_value=0.0016595371182898976 0.03384957754799911 -0.13664354562319014 0.053691920821983125 0.019425406905926656 0.069877279384085805 0.0029196621847554418 -0.020249018824881213 -0.10010314552040173 0.044556182754815786 0.044835255853745398 -0.017584368205011431 0.093905721625620137
leaf_weight=2684.9886748418212 35.97190822660923 17.623778566718105 14.439256370067595 11.171097576618193 14.702283427119253 143.049226552248 15.05052028596401 22.390750780701637 27.095890820026398 42.106284081935883 110.09883050620556 14.825668096542357
leaf_count=7382 64 59 24 22 22 291 33 64 46 71 245 19
internal_value=0.00180997 0.000747023 -0.0327496 -0.0760959 0.00126243 0.0119022 0.0350062 0.00541849 -0.0208964 0.0124517 0.000901517 0.0513774
internal_weight=3153.51 2853.02 43.2341 28.7949 2809.79 300.49 65.8481 234.642 49.4866 185.156 2795.09 50.7976
internal_count=8342 7754 105 81 7649 588 116 472 110 362 7627 83
is_linear=0
shrinkage=0.1


Tree=43
num_leaves=14
num_cat=0
split_feature=4 2 1 5 5 3 2 2 1 2 3 2 4
split_gain=3.34113 13.1723 11.7211 10.8301 7.74451 4.6444 24.5156 19.5251 22.2038 15.401 11.6685 5.80171 1.27139
threshold=9.9288849099757517 0.010315765888298502 0.0066955022308030502 10.5940664594649 12.419395125288402 0.10824168379797847 0.05653834151410761 0.012422286015949401 0.00034038986319150007 0.068497463173005715 0.18845339469114611 0.21759031739828275 10.882029077569316
decision_type=2 2 2 2 2 2 2 2 2 2 2 2 2
left_child=5 4 -3 -4 12 7 10 8 -1 -9 -7 -8 -2
right_child=1 2 3 -5 -6 6 11 9 -10 -11 -12 -13 -14
leaf_value=-0.0024372084164461317 0.098330395897494982 -0.12929164955287656 0.036636191937612424 -0.0011736793709714026 3.9801027307382396e-05 0.058655863940912711 -0.0048741292207451015 -0.04539328734697716 0.082859604174255086 0.09736574682132218 -0.060004518792509225 0.0086319442985414371 0.062495385615658587
leaf_weight=857.48704072833061 17.035540208220482 6.5728504061698905 90.656453803181648 460.93068481981754 18.90436814725399 101.36721266806126 884.44755434244871 145.79775829613209 31.644632503390312 7.9699770659208289 9.0248992145061475 496.64974498748779 23.639373853802681
leaf_count=2753 21 21 159 963 39 238 2408 472 72 16 30 1113 37
internal_value=0.00163511 0.00822956 0.0034587 0.00504059 0.0529247 2.77536e-05 0.00360739 -0.00509162 0.000598547 -0.0379939 0.048955 -1.72752e-05 0.0775039
internal_weight=3152.13 617.739 558.16 551.587 59.5793 2534.39 1491.49 1042.9 889.132 153.768 110.392 1381.1 40.6749
internal_count=8342 1240 1143 1122 97 7102 3789 3313 2825 488 268 3521 58
is_linear=0
shrinkage=0.1


Tree=44
num_leaves=6
num_cat=0
split_feature=0 0 0 1 2
split_gain=3.20513 10.5647 7.06854 11.675 3.72391
threshold=0.51588853225985087 0.51562531292438518 0.50390720367431652 0.36779050710224864 0.23051993945187157
decision_type=2 2 2 2 2
left_child=1 2 4 -4 -1
right_child=-2 -3 3 -5 -6
leaf_value=-5.5900875156504804e-05 -0.049033217042237828 0.11118388371802977 -0.15201227028268785 -0.0089951676861813462 0.0082130997265988624
leaf_weight=2393.8148225992918 12.514820113778113 8.7849155664443952 7.8440965712070492 20.960396975278854 705.0197919011116
leaf_count=6718 38 10 38 48 1490
internal_value=0.00147311 0.00167464 0.00136705 -0.0479419 0.00182539
internal_weight=3148.94 3136.42 3127.64 28.8045 3098.83
internal_count=8342 8304 8294 86 8208
is_linear=0
shrinkage=0.1


Tree=45
num_leaves=14
num_cat=0
split_feature=5 4 4 4 4 6 4 4 2 3 0 0 4
split_gain=3.05142 11.9081 5.39795 11.3125 9.84725 8.12658 14.8992 7.62855 3.0308 7.43213 3.06544 0.00290472 0.000957061
threshold=1.1482086035995289 1.0312500670552256 1.2456359956263727 1.3753364011645319 1.4379882812500002 1.2089897952312134 1.141303663126197 1.3453721832502199 0.15330041887649318 0.41584441979646752 0.44140625000000006 4.7683715847131333e-06 1.1071930229663851
decision_type=2 2 2 2 2 2 2 2 2 2 2 2 2
left_child=1 8 5 7 -5 -2 -7 -4 9 -1 -10 12 -3
right_child=2 11 3 4 -6 6 -8 -9 10 -11 -12 -13 -14
leaf_value=-0.0061843616004114378 0.12298334025262572 -0.11846346302832728 -0.029505247020171071 0.06486757288957537 0.0018174457437933568 -0.038574264007867447 0.067035876838803743 -0.1407696783642606 -0.12510775334245847 0.099552009961238336 -0.0039200197066800438 -0.11385016840202107 -0.11603523186780783
leaf_weight=185.95855128765106 8.3732128739356977 3.7562178000807744 43.794676661491394 24.992292299866676 2797.1055842489004 25.362842634320259 28.223138347268105 7.171116203069686 4.135528236627577 6.8940358161926261 4.2142229676246643 3.4951807036995888 2.8582929968833923
leaf_count=791 21 29 170 61 6941 97 75 35 29 18 17 34 24
internal_value=0.00132672 -0.0102795 0.00216234 0.00153256 0.00237581 0.0313654 0.0170494 -0.0451607 -0.00495832 -0.00240453 -0.0639428 -0.116182 -0.117414
internal_weight=3146.33 211.312 2935.02 2873.06 2822.1 61.9592 53.586 50.9658 201.202 192.853 8.34975 10.1097 6.61451
internal_count=8342 942 7400 7207 7002 193 172 205 855 809 46 87 53
is_linear=0
shrinkage=0.1


Tree=46
num_leaves=10
num_cat=0
split_feature=4 5 6 5 1 0 0 0 0
split_gain=2.83089 8.09088 8.19769 7.85237 4.46445 4.36655 9.12043 4.9482 1.12977
threshold=15.577857926233269 15.291288657426355 15.324971139394398 16.631454196750131 0.22244133987668294 0.51588853225985087 0.51562531292438518 0.50390720367431652 0.25000000000004979
decision_type=2 2 2 2 2 2 2 2 2
left_child=5 8 4 -4 -3 6 7 -1 -2
right_child=1 2 3 -5 -6 -7 -8 -9 -10
leaf_value=0.00084982775948240258 0.041481676415377186 -0.0081763669583248579 0.069862828773010463 6.1681162486327285e-05 -0.10144029222411244 -0.064483923127526571 0.1049035485132251 -0.043067694474579137 0.081547868824396838
leaf_weight=2958.7192542031407 13.189947083592417 10.422803327441217 20.784470155835152 71.76339353621006 10.112421452999113 10.292668297886847 8.3858186155557615 25.879385948181152 15.088551431894301
leaf_count=7944 23 22 31 147 30 34 10 79 22
internal_value=0.00118897 0.0150185 0.00305493 0.0157377 -0.0541035 0.000538021 0.000761627 0.00046902 0.0628598
internal_weight=3144.64 141.362 113.083 92.5479 20.5352 3003.28 2992.98 2984.6 28.2785
internal_count=8342 275 230 178 52 8067 8033 8023 45
is_linear=0
shrinkage=0.1


Tree=47
num_leaves=10
num_cat=0
split_feature=3 4 6 3 5 5 5 6 4
split_gain=2.79862 8.86657 9.45644 3.65956 8.44748 27.2576 4.28435 15.3378 9.36724
threshold=0.79397702277170579 6.1860961914062509 13.038749852083461 0.5547411288921128 1.9905502210028965 5.4817063527025747 1.9177872168223697 2.3821237754429769 2.1917200088500981
decision_type=2 2 2 2 2 2 2 2 2
left_child=3 -2 -3 6 -5 -6 7 -1 -8
right_child=1 2 -4 4 5 -7 8 -9 -10
leaf_value=-0.0058151368309856981 0.033570257857331309 -0.12988279975122083 0.00062020566481326518 0.087348318990353349 -0.082390538305299577 0.023045455220075478 0.023350106720683342 -0.14713087941237926 0.00034299748270032009
leaf_weight=483.28532192111015 14.856496468186377 11.381943017244341 10.841122835874556 14.579739436507223 28.412123918533325 178.96159856021404 192.43982240557671 7.8043704330921164 2200.6846016645432
leaf_count=1874 29 36 22 27 90 337 534 37 5356
internal_value=0.00107332 -0.0262371 -0.0662193 0.00139933 0.0137726 0.00859975 0.000447153 -0.00806092 0.00219308
internal_weight=3143.25 37.0796 22.2231 3106.17 221.953 207.374 2884.21 491.09 2393.12
internal_count=8342 87 58 8255 454 427 7801 1911 5890
is_linear=0
shrinkage=0.1


Tree=48
num_leaves=12
num_cat=0
split_feature=5 4 6 2 2 4 4 5 0 4 0
split_gain=2.71949 18.4621 16.2551 9.59189 16.3591 7.80389 15.0085 9.11817 3.49298 3.13904 0.0214117
threshold=2.6032652990857525 1.9991455078125002 3.1382266753408419 0.28067403633066024 0.17362270884736072 2.4422302246093754 2.1917200088500981 2.6622827339510517 0.00025011066827570003 1.5332642920111541 0.0078392028808593524
decision_type=2 2 2 2 2 2 2 2 2 2 2
left_child=2 -2 3 4 -1 6 -3 -7 -4 -5 -10
right_child=1 5 8 9 -6 7 -8 -9 10 -11 -12
leaf_value=-0.0060838010519233352 0.12408245359383407 0.029995744391385221 -0.047558639539939725 -0.044185902319975753 0.041011726545845978 0.073600657667544658 -0.090227378243092904 0.0022331891776898776 -0.14533702524138878 -0.15254721083970488 -0.15531485787204294
leaf_weight=666.54626666754484 12.454237684607504 17.754041433334351 5.3354974091053 5.5714958012104017 82.933712691068649 18.04305411875248 25.01386059820652 2293.6254865080118 4.1409630775451642 5.1391600072383881 4.4747442156076431
leaf_count=2438 14 41 20 32 209 38 97 5388 20 25 20
internal_value=0.000966701 0.00264949 -0.00417831 -0.00221527 -0.000872445 0.00200714 -0.0403197 0.00279023 -0.111143 -0.0961796 -0.150519
internal_weight=3141.03 2366.89 774.142 760.191 749.48 2354.44 42.7679 2311.67 13.9512 10.7107 8.61571
internal_count=8342 5578 2764 2704 2647 5564 138 5426 60 57 40
is_linear=0
shrinkage=0.1


Tree=49
num_leaves=13
num_cat=0
split_feature=3 1 6 6 3 5 5 6 1 4 1 2
split_gain=2.59836 15.9895 12.9204 12.7552 12.7265 19.1699 25.0978 20.8173 9.51237 15.208 9.8133 5.79734
threshold=0.27371594458442855 0.058551203780035505 8.6269700211805418 8.1432573304283036 0.39887493755535447 2.4277362569426466 2.532345885334665 1.3966232533589078 0.15999792874154931 1.4882903099060061 0.16693583405223023 0.13774115974660792
decision_type=2 2 2 2 2 2 2 2 2 2 2 2
left_child=1 2 3 -1 5 7 -7 -2 9 -6 -10 -4
right_child=4 -3 11 -5 8 6 -8 -9 10 -11 -12 -13
leaf_value=0.00035103554538044456 0.0040207517980878375 0.097336559784021656 0.020805288060889996 -0.093138729255984321 0.15516944485162606 0.13976166996653624 -0.014646226271240979 -0.14249154186887894 -0.060421406959654159 0.018670040247980857 0.0013493111445103483 0.073696321989293781
leaf_weight=1358.5376722738147 16.35883803665638 18.042727038264275 156.68235255777836 14.751924723386763 8.6353014856576902 10.849234268069265 354.19003930687904 23.817244343459606 26.41436280310154 149.00190123915672 976.61860372126102 23.882389396429062
leaf_count=4173 80 29 300 45 14 18 910 118 76 315 2229 35
internal_value=0.000867924 0.00374007 0.00265326 -0.000653235 -0.00201525 -0.0172728 -0.0100571 -0.0828349 0.00331151 0.0261474 -0.000277389 0.0278009
internal_weight=3137.78 1571.9 1553.85 1373.29 1565.89 405.215 365.039 40.1761 1160.67 157.637 1003.03 180.565
internal_count=8342 4582 4553 4218 3760 1126 928 198 2634 329 2305 335
is_linear=0
shrinkage=0.1


Tree=50
num_leaves=14
num_cat=0
split_feature=1 3 2 0 2 1 2 4 3 4 5 4 1
split_gain=2.34605 21.7229 14.9214 17.8883 15.3921 10.8631 9.09997 8.16377 27.1201 22.3975 19.2571 11.4983 5.9688
threshold=0.034467515809627002 0.12668338038744711 0.012422286015949401 2.0862407836830248e-06 0.032557105571174853 0.012133510535785453 0.13774115974660792 2.984614898465225 0.45413443340076581 3.0313644409179692 3.1478922844794268 2.7783921053996896 0.10836677808444511
decision_type=2 2 2 2 2 2 2 2 2 2 2 2 2
left_child=1 2 3 -1 -4 -3 -7 8 10 -9 -2 -10 -11
right_child=7 5 4 -5 -6 6 -8 9 11 12 -12 -13 -14
leaf_value=0.00048615327465917991 -0.034430929562526282 0.12379860711175875 -0.05368361509004152 0.070580268750409597 0.0010245998998594803 0.020900170464275444 0.10344890809198191 0.12412913454378026 0.025225296816730497 0.011044835757083872 -0.16207275375328434 -0.077385634241177434 -0.0036983279647863953
leaf_weight=907.12015864253044 147.25920516997576 11.858820542693136 103.19598396122456 37.931183181703091 102.51564764976501 226.74448985606432 14.189966320991514 14.724645733833311 123.31332053244114 371.92550060153008 12.851131960749624 11.981734246015547 1049.4178951829672
leaf_count=2840 551 17 348 83 278 562 24 24 319 841 56 41 2358
internal_value=0.000779313 0.00381769 -0.00201319 0.0032995 -0.02642 0.0303609 0.0257619 -0.00168363 -0.0168233 0.00143066 -0.044676 0.0161381 0.000159542
internal_weight=3135.03 1403.56 1150.76 945.051 205.712 252.793 240.934 1731.47 295.405 1436.07 160.11 135.295 1421.34
internal_count=8342 4152 3549 2923 626 603 586 4190 967 3223 607 360 3199
is_linear=0
shrinkage=0.1


Tree=51
num_leaves=13
num_cat=0
split_feature=6 4 4 6 4 5 1 6 2 4 5 2
split_gain=2.25808 4.70607 12.5314 12.9297 6.37878 4.09279 3.96077 5.97293 11.862 5.16864 4.42132 3.44879
threshold=12.898478878475315 14.200038194656374 16.135453283843223 11.574272593066516 13.686684075735705 10.75143100007806 0.18724723348530883 13.592858439393789 0.30619139450182176 13.686684075735705 17.999577547639888 0.17691320294371962
decision_type=2 2 2 2 2 2 2 2 2 2 2 2
left_child=1 4 3 -3 5 -1 10 9 -9 -8 11 -2
right_child=6 2 -4 -5 -6 -7 7 8 -10 -11 -12 -13
leaf_value=0.00087723623770959028 0.0091327585547553262 -0.014349331737638901 0.044715099441192813 -0.15053550561659076 0.058559280692123308 -0.015830672372282577 0.0013112350970564961 -0.068127072591975132 0.0048474699783207925 0.077210882787094717 -0.028855169971470307 0.04405907629771335
leaf_weight=2621.1484152972698 50.29319141805172 16.790213048458103 13.922180160880087 11.921175405383108 18.690041944384575 155.30056795477867 20.520004376769066 28.623487398028374 100.42881564795971 15.943086028099058 15.062367945909498 64.570556864142418
leaf_count=7275 100 40 24 41 30 344 42 76 203 23 34 110
internal_value=0.000697896 -0.000168311 -0.0331419 -0.0708948 0.000334627 -5.732e-05 0.00901798 -0.0012405 -0.0113381 0.0344975 0.0220865 0.0287666
internal_weight=3133.21 2837.77 42.6336 28.7114 2795.14 2776.45 295.442 165.515 129.052 36.4631 129.926 114.864
internal_count=8342 7754 105 81 7649 7619 588 344 279 65 244 210
is_linear=0
shrinkage=0.1


Tree=52
num_leaves=13
num_cat=0
split_feature=6 5 6 6 0 5 4 2 2 5 4 0
split_gain=2.25776 24.7532 13.0211 21.4745 17.9471 16.0774 36.3691 13.0166 16.5754 8.30839 3.77975 3.21087
threshold=2.9370715070368125 3.2350813228557871 3.160805484409035 3.3172501914938182 0.0050114561856915004 2.3617706909662188 2.5272045065069455 0.28067403633066024 0.26356419469336573 2.6280188771843718 1.5332642920111541 1.7172351363115016e-05
decision_type=2 2 2 2 2 2 2 2 2 2 2 2
left_child=1 7 5 4 -4 -2 -7 8 -1 -5 -9 -3
right_child=2 11 3 9 -6 6 -8 10 -10 -11 -12 -13
leaf_value=-0.0015931007075275687 0.15027804462251948 -0.081969411734573797 -0.11963409848505789 -0.092192554132144347 -0.0097445179036069682 -0.12482936499051243 0.044351361303882786 -0.040757974138334659 0.12120175361016716 0.0025712256724958345 -0.15231980682212554 -0.17386962276052567
leaf_weight=813.72881574928761 10.807921290397642 7.2654874920845014 26.675534561276436 9.2931410223245603 33.559655234217644 14.577148437499998 99.024846807122231 5.4065761938691121 11.143233790993689 2085.8820624798536 6.9289264380931854 7.974752813577652
leaf_count=2835 18 28 107 38 96 59 238 32 18 4805 34 34
internal_value=0.000632434 -0.00375819 0.00227413 0.000458469 -0.0584098 0.0337306 0.0226425 -0.00145907 6.57405e-05 0.0021509 -0.103423 -0.130058
internal_weight=3132.27 852.448 2279.82 2155.41 60.2352 124.41 113.602 837.208 824.872 2095.18 12.3355 15.2402
internal_count=8342 2981 5361 5046 203 315 297 2919 2853 4843 66 62
is_linear=0
shrinkage=0.1


Tree=53
num_leaves=11
num_cat=0
split_feature=0 1 0 0 1 2 2 6 5 5
split_gain=2.21792 15.1197 9.79745 8.50854 13.5061 6.76204 5.40778 2.95022 6.88257 3.99485
threshold=0.50048840792465132 0.35065368351914245 0.50001193232401442 0.50390720367431652 0.36779050710224864 0.21622724804232402 0.22645258739419347 12.365612241654956 11.224585096331696 13.37742033678704
decision_type=2 2 2 2 2 2 2 2 2 2
left_child=2 6 7 -3 -5 -4 -2 8 -1 -9
right_child=1 3 5 4 -6 -7 -8 9 -10 -11
leaf_value=0.00040013845055822292 -0.052136217133332746 0.057519961303603331 -0.00059781409676815849 -0.14379073042545112 0.003610481039293509 0.10204036773615144 -0.17161699409387882 0.025730047640925575 -0.025472242156344655 0.0020670331861063914
leaf_weight=2574.7141525968909 8.5233525931835157 21.057339906692505 10.659198835492136 7.3178187012672415 41.295319318771362 16.13568951189518 6.8185365796089163 102.79904006421566 107.09685972332954 233.16645915806293
leaf_count=7149 27 39 26 38 96 21 30 189 248 479
internal_value=0.000563295 -0.015368 0.00100814 0.00442194 -0.0185781 0.0612102 -0.105238 0.000473604 -0.000633063 0.00930746
internal_weight=3129.58 85.0124 3044.57 69.6705 48.6131 26.7949 15.3419 3017.78 2681.81 335.965
internal_count=8342 230 8112 173 134 47 57 8065 7397 668
is_linear=0
shrinkage=0.1


Tree=54
num_leaves=6
num_cat=0
split_feature=0 0 0 1 0
split_gain=2.24855 7.68468 4.33882 9.02765 3.11972
threshold=0.51588853225985087 0.51562531292438518 0.50390720367431652 0.36779050710224864 0.50195312523294533
decision_type=2 2 2 2 2
left_child=1 2 4 -4 -1
right_child=-2 -3 3 -5 -6
leaf_value=0.00052847801540824258 -0.042056080598129396 0.098871083400438237 -0.1384102429037774 -0.006289570117355734 0.04105439591994036
leaf_weight=3060.3554689511657 12.362713247537611 7.9494447112083426 6.8653621599078205 20.963764205574989 19.114117905497551
leaf_count=8167 38 10 38 48 41
internal_value=0.000507097 0.000676007 0.000424793 -0.0388833 0.00078002
internal_weight=3127.61 3115.25 3107.3 27.8291 3079.47
internal_count=8342 8304 8294 86 8208
is_linear=0
shrinkage=0.1


Tree=55
num_leaves=10
num_cat=0
split_feature=3 5 6 2 2 2 0 3 4
split_gain=2.20121 7.71449 10.7633 2.8357 12.6831 8.19672 9.66932 5.85507 5.33665
threshold=0.79397702277170579 7.7242833268600499 13.038749852083461 0.23051993945187157 0.22839685341296223 0.25118560033971155 0.50048840792465132 0.34721254709053023 6.0000384300947198
decision_type=2 2 2 2 2 2 2 2 2
left_child=3 -2 -3 4 7 6 -5 -1 -7
right_child=1 2 -4 5 -6 8 -8 -9 -10
leaf_value=0.0023476388250469331 0.023444613378548154 -0.15136230570666209 -0.0011035886368363375 0.039630808912361176 -0.10982973036587843 -0.014195953526728991 -0.050807178020057388 -0.009353071712847225 0.007242988918124426
leaf_weight=1812.0754694789648 17.987689465284348 8.5468548238277453 10.780083045363424 109.17174610495567 10.641659960150717 159.79932918399572 13.257749855518339 559.7842505350709 424.66066825389862
leaf_count=5231 36 29 22 197 36 429 51 1451 860
internal_value=0.000456089 -0.0236865 -0.0675517 0.000747691 -0.00090257 0.00630973 0.0298374 -0.000413854 0.00138129
internal_weight=3126.71 37.3146 19.3269 3089.39 2382.5 706.889 122.429 2371.86 584.46
internal_count=8342 87 51 8255 6718 1537 248 6682 1289
is_linear=0
shrinkage=0.1


Tree=56
num_leaves=13
num_cat=0
split_feature=6 6 6 6 5 2 6 4 3 0 5 6
split_gain=2.02282 10.3236 8.30928 27.1646 14.4922 10.7149 9.05043 5.38828 3.84438 7.25885 0.0107154 0.00696559
threshold=1.2767181930901221 1.2380716182244493 1.4189237627154807 1.4730625503801251 1.5559597269520278 0.035454300443205508 1.528010079168461 1.0822744369506838 0.53982009769258554 3.8156358641572305e-06 1.5241155608091594 1.2582358899333788
decision_type=2 2 2 2 2 2 2 2 2 2 2 2
left_child=1 8 4 10 5 -2 -5 -3 9 -1 -4 -9
right_child=2 7 3 6 -6 -7 -8 11 -10 -11 -12 -13
leaf_value=0.0017377564493580853 0.088015895608072117 -0.0046729081144829977 -0.14871039441894165 0.06655180689831082 -0.086923323397759419 0.0027602113920736754 0.00050833362893024504 -0.1461667552852001 0.072095814360557273 -0.045801946033377554 -0.14284271826580677 -0.14037512058405718
leaf_weight=209.79117179661989 35.437445536255836 4.2429896220564833 7.0137902870774251 20.907033391296864 8.4925113469362241 25.241544045507908 2755.3739295974374 3.9686922878026945 6.5467518717050543 37.92464940994978 5.5949671566486359 4.3557521551847458
leaf_count=869 92 19 33 60 35 90 6864 19 13 199 27 22
internal_value=0.000412347 -0.00791448 0.00118974 0.000340575 0.0354269 0.0525508 0.00100568 -0.0963886 -0.00354147 -0.00554045 -0.146107 -0.143136
internal_weight=3124.89 266.83 2858.06 2788.89 69.1715 60.679 2776.28 12.5674 254.263 247.716 12.6088 8.32444
internal_count=8342 1141 7201 6984 217 182 6924 60 1081 1068 60 41
is_linear=0
shrinkage=0.1


Tree=57
num_leaves=13
num_cat=0
split_feature=4 6 0 3 2 5 2 2 2 2 0 3
split_gain=1.93927 8.72047 7.75934 13.7562 6.86743 6.62056 5.07468 12.1393 3.47798 8.97575 5.51262 1.91658
threshold=15.912788133195315 16.537698551482293 0.16494776472257122 0.50216567954859981 0.45946078997446088 17.999577547639888 0.31523769995858236 0.19082806309843711 0.37521562572097433 0.35508541400147492 0.072282791137695312 0.55087965913019643
decision_type=2 2 2 2 2 2 2 2 2 2 2 2
left_child=1 8 3 5 -5 -2 7 -4 9 -1 -10 -8
right_child=2 -3 6 4 -6 -7 11 -9 10 -11 -12 -13
leaf_value=-0.00010010035748911544 0.036174656407586853 -0.097935960336374084 0.086699264161264722 -0.14775459668167851 -0.013678026685581516 -0.040737250003022862 0.091371303763417802 -0.058268941109516248 -0.034662503930765497 -0.053757750079628866 0.020272365887779774 0.042804144201685906
leaf_weight=2781.2717149928212 38.983212426304817 9.0914951711893064 10.226593539118769 9.1912225931882841 6.537414923310279 15.699197188019751 15.419044360518454 13.273616611957548 20.70663757622242 31.528460197150707 155.02657023817301 17.17710468173027
leaf_count=7610 69 26 14 30 14 37 20 36 57 90 309 30
internal_value=0.000365486 -0.000146342 0.0124934 -0.00961216 -0.0920273 0.0140934 0.0402398 0.00481692 0.000151146 -0.000701545 0.0137994 0.065778
internal_weight=3124.13 2997.62 126.507 70.411 15.7286 54.6824 56.0964 23.5002 2988.53 2812.8 175.733 32.5961
internal_count=8342 8092 250 150 44 106 100 50 8066 7700 366 50
is_linear=0
shrinkage=0.1


Tree=58
num_leaves=8
num_cat=0
split_feature=4 4 6 4 6 1 0
split_gain=1.92219 8.85809 6.53305 5.03579 6.69817 5.716 3.06826
threshold=19.718157893628817 18.234585567843173 16.166217401576628 15.912788133195315 16.537698551482293 0.35065368351914245 0.17195129487663507
decision_type=2 2 2 2 2 2 2
left_child=1 3 -3 4 -1 -5 -2
right_child=6 2 -4 5 -6 -7 -8
leaf_value=0.00013689137931631424 -0.0014991511291416238 -0.0044695661272645959 -0.12106546892322508 0.013702377339852044 -0.083808467387481461 0.087015948279171584 0.06712515650794057
leaf_weight=2987.7585868090391 15.698014348745348 8.9097570478916186 10.432622477412222 66.650747492909431 9.5355662107467634 12.653637528419493 11.138088569045065
leaf_count=8066 32 19 32 131 26 19 17
internal_value=0.000334778 0.000103789 -0.0673574 0.000527914 -0.000130172 0.0254001 0.0269828
internal_weight=3122.78 3095.94 19.3424 3076.6 2997.29 79.3044 26.8361
internal_count=8342 8293 51 8242 8092 150 49
is_linear=0
shrinkage=0.1


Tree=59
num_leaves=16
num_cat=0
split_feature=6 6 6 3 4 4 6 5 5 6 0 3 0 4 5
split_gain=1.89439 9.86192 9.74484 17.0776 8.57454 22.7859 7.74246 8.3134 13.0059 7.04149 6.67492 19.9985 12.5743 4.78563 3.56299
threshold=1.8182045837419725 2.0768488477646518 2.2590419010926359 0.48238554333164979 1.7311511539608215 1.5156250335276129 1.5482258372117552 1.8098728126347643 1.730760740236126 1.9904311930576368 2.0862407836830248e-06 0.27776138439337333 2.0163318484746496e-07 2.2197265625000004 2.1404263254375482
decision_type=2 2 2 2 2 2 2 2 2 2 2 2 2 2 2
left_child=6 4 3 -3 5 -2 10 8 -8 -6 12 -12 -1 -4 -9
right_child=1 2 13 -5 9 -7 7 14 -10 -11 11 -13 -14 -15 -16
leaf_value=0.0046783308992321259 0.048799314848326364 -0.072259695373702873 0.017833860091559826 0.068493839035091264 0.085549458067643955 -0.15363823294773554 -0.043150050096325512 -0.14314766535515552 0.085414753830268586 0.023326340997970374 -0.078994535191411863 0.013174277599698289 0.16025595898751938 -0.00012985309436280176 -0.034427875944397598
leaf_weight=275.93923161178827 16.711704432964329 41.095521867275238 158.21855835616589 10.908012032508848 30.9829011708498 8.332375615835188 42.335437603294849 9.0858324468135816 9.6649332344531995 44.036445468664169 38.452249966561794 60.707584075629711 5.2947232425212851 2366.1457634046674 4.5109597593545905
leaf_count=1088 46 158 442 22 68 37 158 45 26 128 198 224 9 5677 16
internal_value=0.000304138 0.00130962 0.000113329 -0.0427359 0.0321109 -0.0185534 -0.00572985 -0.0374584 -0.0192546 0.0490244 -0.000258398 -0.022567 0.00760735 0.000996051 -0.107078
internal_weight=3122.42 2676.43 2576.37 52.0035 100.063 25.0441 445.991 65.5972 52.0004 75.0193 380.394 99.1598 281.234 2524.36 13.5968
internal_count=8342 6578 6299 180 279 83 1764 245 184 196 1519 422 1097 6119 61
is_linear=0
shrinkage=0.1


Tree=60
num_leaves=11
num_cat=0
split_feature=5 4 5 5 5 6 0 4 5 5
split_gain=1.8626 14.7915 13.6901 21.8104 14.5677 12.5014 11.4088 5.91126 18.626 17.5532
threshold=2.6032652990857525 1.9991455078125002 2.4502320978701602 2.4277362569426466 2.3839317620461702 2.4672703692964952 0.051337019861428211 2.5001831054687504 2.8156555468942526 2.7652615229862847
decision_type=2 2 2 2 2 2 2 2 2 2
left_child=2 -2 3 4 -1 -4 -7 9 -9 -3
right_child=1 7 5 -5 -6 6 -8 8 -10 -11
leaf_value=-0.0017893201704834803 0.11213895913152359 -0.10521758371963588 0.026121646146591123 0.11024053342367057 -0.15360060764430894 -0.12603730482139028 -0.01155636643830564 0.058961841568672846 0.00051775621000807622 0.0058814172530219505
leaf_weight=692.81347339600325 12.056916281580923 20.518142759799957 14.218370124697683 17.377413362264633 6.3791741430759421 23.712544441223145 13.754566043615339 55.90473572909832 2218.2161486819386 46.339114546775818
leaf_count=2525 14 81 37 29 29 104 40 126 5227 130
internal_value=0.000266055 0.00166188 -0.00400912 -0.000423985 -0.00317439 -0.0537136 -0.0840102 0.00109288 0.00195449 -0.0282143
internal_weight=3121.29 2353.04 768.256 716.57 699.193 51.6855 37.4671 2340.98 2274.12 66.8573
internal_count=8342 5578 2764 2583 2554 181 144 5564 5353 211
is_linear=0
shrinkage=0.1


Tree=61
num_leaves=6
num_cat=0
split_feature=0 0 0 2 0
split_gain=1.84097 6.52688 3.40095 8.17853 2.62002
threshold=0.51588853225985087 0.51562531292438518 0.50390720367431652 0.28597412364704355 0.50195312523294533
decision_type=2 2 2 2 2
left_child=1 2 4 -4 -1
right_child=-2 -3 3 -5 -6
leaf_value=0.00024374794899824814 -0.03840771751731565 0.093314856752562847 0.011219678240483675 -0.099928592975867869 0.037489314290433742
leaf_weight=3052.9918068498373 12.279707849025725 7.5399742275476447 15.916925996541979 11.334379844367502 19.004238188266754
leaf_count=8167 38 10 49 37 41
internal_value=0.000235496 0.000388235 0.000162159 -0.0350092 0.00047416
internal_weight=3119.07 3106.79 3099.25 27.2513 3072
internal_count=8342 8304 8294 86 8208
is_linear=0
shrinkage=0.1


Tree=62
num_leaves=16
num_cat=0
split_feature=1 3 2 0 6 5 6 4 3 4 3 6 1 4 1
split_gain=1.81346 18.8065 13.7395 15.0816 13.5254 12.045 15.7138 15.1495 7.39875 19.4455 23.3184 19.0652 8.45115 12.7884 7.2557
threshold=0.034467515809627002 0.11987349912177882 0.012422286015949401 2.0862407836830248e-06 6.9399961481706844 5.4433804060433095 8.7207858402774097 4.2500380856217825 0.39887493755535447 2.9179101557142002 0.34721254709053023 2.970543436165098 0.15999792874154931 1.4882903099060061 0.16693583405223023
decision_type=2 2 2 2 2 2 2 2 2 2 2 2 2 2 2
left_child=1 2 3 -1 -4 7 -7 -3 9 11 -11 -2 13 -10 -14
right_child=8 5 4 -5 -6 6 -8 -9 12 10 -12 -13 14 -15 -16
leaf_value=-0.00049510774446535595 -0.022442457817762357 0.025560965055116805 -0.040844361244747905 0.063757255815573705 0.028007687470818606 -0.047357718644374179 0.034033574531845009 0.094345090053311653 0.14205553075010427 0.011402987909900165 -0.041182913179700048 -0.11199207929131699 -0.052423352767564574 0.017309387039640241 0.00065477881636751619
leaf_weight=907.49254210293293 85.3932845890522 131.82545450329781 149.62760668247938 38.06393113732338 35.2531468719244 42.390588194131851 53.857663482427597 42.292957365512848 8.7022813409566862 335.80714209377766 112.60142444074154 32.947733700275421 26.45788000524044 147.65106768906116 968.35428869724274
leaf_count=2840 349 374 509 83 68 111 97 70 14 765 308 134 76 315 2229
internal_value=0.000212671 0.00288308 -0.00278347 0.00209141 -0.0277156 0.0265756 -0.00181357 0.0422685 -0.0019648 -0.0113178 -0.00180204 -0.0473743 0.00263994 0.0242525 -0.000756879
internal_weight=3118.72 1400.8 1130.44 945.556 184.881 270.367 96.2483 174.118 1717.92 566.75 448.409 118.341 1151.17 156.353 994.812
internal_count=8342 4152 3500 2923 577 652 208 444 4190 1556 1073 483 2634 329 2305
is_linear=0
shrinkage=0.1


Tree=63
num_leaves=10
num_cat=0
split_feature=3 4 2 2 2 4 2 2 3
split_gain=1.8163 9.0874 5.64857 2.3061 8.87471 6.23569 5.8621 13.3123 7.99344
threshold=0.79851744908971389 5.7501983642578134 0.47123314528497967 0.22400268524417802 0.22135950387374129 12.524173446538848 0.25473667857617194 0.25846218949032845 0.53871602380532535
decision_type=2 2 2 2 2 2 2 2 2
left_child=3 -2 -3 4 5 -1 8 -8 -5
right_child=1 2 -4 6 -6 -7 7 -9 -10
leaf_value=-0.0020383284748861463 0.046171171439796835 -0.11555683789399392 -0.0012198275027263301 0.01245364165741816 -0.087491648834707433 0.019038759506612019 -0.11228300797071873 0.0023946767618910235 0.07303640197966374
leaf_weight=2179.0619773641229 11.144343078136446 10.582584112882616 7.3022838979959479 151.838961802423 11.836026966571806 150.03087890148163 10.309722170233725 558.03419034928083 25.425819456577301
leaf_count=6309 21 33 15 333 36 292 34 1230 39
internal_value=0.000188928 -0.0247079 -0.0688737 0.000423085 -0.00111955 -0.000680626 0.00526639 0.000314431 0.0211433
internal_weight=3115.57 29.0292 17.8849 3086.54 2340.93 2329.09 745.609 568.344 177.265
internal_count=8342 69 48 8273 6637 6601 1636 1264 372
is_linear=0
shrinkage=0.1


Tree=64
num_leaves=12
num_cat=0
split_feature=0 3 0 2 1 6 2 2 1 1 0
split_gain=1.93136 12.7585 8.06416 5.56909 11.0554 7.65046 5.40023 2.30496 1.98189 4.50852 3.18516
threshold=0.50048840792465132 0.53294136395057545 0.50001193232401442 0.2705291085503746 0.38793667572679963 4.6367711273071111 0.21622724804232402 0.21989343806980532 0.38793667572679963 0.3704127943781656 0.3437729110019207
decision_type=2 2 2 2 2 2 2 2 2 2 2
left_child=2 7 8 5 -5 -3 -4 -2 9 -1 -10
right_child=1 3 6 4 -6 -7 -8 -9 10 -11 -12
leaf_value=0.00022581653141538782 -0.065369700339743181 -0.04351417429206187 0.001022446001907954 0.0028899772540142291 -0.1275315332279966 0.06631656160818844 0.093569252812131895 -0.15483079257233184 -0.0035119056947512379 -0.043268200957764562 0.071261826808971709
leaf_weight=2957.074165225029 5.4795753508806211 9.0516662523150462 10.632561147212984 32.411015436053276 8.1297065168619138 21.187744773924351 15.49140317738056 6.0707338601350784 13.000632122159006 24.026427388191223 10.140259400010107
leaf_count=7960 19 33 26 75 29 46 21 28 29 60 16
internal_value=0.000172032 -0.0149403 0.00058261 0.000962074 -0.0232637 0.0334406 0.0559023 -0.11239 0.000101567 -0.000124727 0.0292537
internal_weight=3112.7 82.3304 3030.37 70.7801 40.5407 30.2394 26.124 11.5503 3004.24 2981.1 23.1409
internal_count=8342 230 8112 183 104 79 47 47 8065 8020 45
is_linear=0
shrinkage=0.1


Tree=65
num_leaves=13
num_cat=0
split_feature=1 3 5 1 5 2 4 5 3 4 3 5
split_gain=1.69355 18.9803 18.2163 15.5429 14.6209 5.55148 6.81866 4.25538 4.18963 4.06176 24.2691 21.0593
threshold=0.10398266319420767 0.39887493755535447 12.041089298654265 0.10141127676493382 9.1550763173116252 0.14818280837828959 5.4783825874328622 13.37742033678704 0.40080228164513626 4.2500380856217825 0.33546140648613904 4.123144449133564
decision_type=2 2 2 2 2 2 2 2 2 2 2 2
left_child=3 2 4 9 -2 6 -3 -4 -7 10 -1 -11
right_child=1 5 7 -5 -6 8 -8 -9 -10 11 -12 -13
leaf_value=-0.0012628814098034208 -0.043314859819212327 0.073332885895199637 0.078954426228659988 0.090860773397669084 -0.1563203455949862 0.074286480214132214 -0.014021864431557791 -0.0018204687423127187 -0.00031820512276122155 0.091448430485069815 -0.15516135053823682 0.0035016803390361105
leaf_weight=1089.0735540837049 91.260654233396053 22.932200327515602 12.193978533148767 19.511312887072563 13.09157060086727 7.5800136327743521 14.640328168869017 14.021725133061407 1083.8984522670507 28.320994809269905 10.344043135643004 705.06341104209423
leaf_count=3610 311 51 18 36 45 12 33 29 2501 59 49 1588
internal_value=0.000155426 -0.0026735 -0.0387705 0.00207916 -0.057492 0.0015009 0.0392947 0.0357512 0.000199904 0.00113403 -0.00271086 0.00689791
internal_weight=3111.93 1259.62 130.568 1852.31 104.352 1129.05 37.5725 26.2157 1091.48 1832.8 1099.42 733.384
internal_count=8342 3000 403 5342 356 2597 84 47 2513 5306 3659 1647
is_linear=0
shrinkage=0.1


Tree=66
num_leaves=14
num_cat=0
split_feature=5 4 4 4 4 6 6 5 6 4 4 0 4
split_gain=1.63978 10.6173 5.13758 7.53692 7.0972 7.04909 13.4443 6.70306 6.28547 2.97511 7.31187 0.00228436 0.000698168
threshold=1.1482086035995289 1.0312500670552256 1.2456359956263727 1.3753364011645319 1.4379882812500002 1.3329369035683987 1.4730625503801251 1.4769244861283422 1.2767181930901221 1.0161895751953127 1.0079727172851565 4.7683715847131333e-06 1.1071930229663851
decision_type=2 2 2 2 2 2 2 2 2 2 2 2 2
left_child=1 9 5 7 -5 8 -7 -4 -2 10 -1 12 -3
right_child=2 11 3 4 -6 6 -8 -9 -10 -11 -12 -13 -14
leaf_value=-0.003177647824107047 0.031265770513701822 -0.11635634237414264 -0.016767262589051014 0.053695761673073154 0.0003349134689072855 -0.094328022299052475 0.039853594004150145 -0.10106163814778069 0.13469120991787292 0.052275795496267929 -0.12992559577293936 -0.11204859458945933 -0.11418859540262544
leaf_weight=185.25061790645123 15.602218784391882 3.4464124739170057 36.089452214539051 25.151944845914841 2767.1415103003383 10.477501071989535 25.988919071853161 12.772118523716925 9.4259625226259214 9.0884809494018537 4.666054554283618 3.002601221203804 2.6115909218788147
leaf_count=791 51 29 147 61 6941 47 75 58 20 36 28 34 24
internal_value=0.000138488 -0.00843703 0.000753192 0.000134246 0.000815568 0.0293496 0.00130065 -0.0388013 0.0702172 -0.00361696 -0.00629171 -0.114304 -0.115422
internal_weight=3110.72 208.066 2902.65 2841.16 2792.29 61.4946 36.4664 48.8616 25.0282 199.005 189.917 9.0606 6.058
internal_count=8342 942 7400 7207 7002 193 122 205 71 855 819 87 53
is_linear=0
shrinkage=0.1


Tree=67
num_leaves=8
num_cat=0
split_feature=4 4 6 4 6 1 0
split_gain=1.59879 7.04873 4.80126 3.83278 5.34876 5.23376 2.46299
threshold=19.718157893628817 18.234585567843173 16.166217401576628 15.912788133195315 16.537698551482293 0.35065368351914245 0.049637411677679204
decision_type=2 2 2 2 2 2 2
left_child=1 3 -3 4 -1 -5 -2
right_child=6 2 -4 5 -6 -7 -8
leaf_value=-3.3364399945275805e-05 0.067639530086766014 -0.0047969298112125105 -0.10386114833554921 0.010992960411892842 -0.073818777684214507 0.082191243918570051 0.0029364270455681935
leaf_weight=2975.4608944617212 8.8492076098918933 8.8475344032049197 10.944151297211645 65.605910614132881 9.8570836037397367 12.252928122878073 17.552675470709801
leaf_count=8066 13 19 32 131 26 19 36
internal_value=0.000119754 -9.00881e-05 -0.0595762 0.000294261 -0.000276993 0.0221977 0.0246232
internal_weight=3109.37 3082.97 19.7917 3063.18 2985.32 77.8588 26.4019
internal_count=8342 8293 51 8242 8092 150 49
is_linear=0
shrinkage=0.1


Tree=68
num_leaves=11
num_cat=0
split_feature=0 1 0 6 0 2 2 2 2 2
split_gain=1.68602 10.9976 6.67063 4.72177 4.70314 6.8527 4.60719 1.94492 9.57103 6.36349
threshold=0.50048840792465132 0.35065368351914245 0.50001193232401442 6.4466264752476539 0.50390720367431652 0.28597412364704355 0.22645258739419347 0.23051993945187157 0.22839685341296223 0.2530889081914573
decision_type=2 2 2 2 2 2 2 2 2 2
left_child=2 6 7 -4 -3 -6 -2 8 -1 -9
right_child=1 4 3 -5 5 -7 -8 9 -10 -11
leaf_value=-0.00087273403656234658 -0.043673292457215802 0.042813315950845206 0.004571493784258137 0.090660367884083992 0.017027306638938023 -0.061022040534241234 -0.15727878916303484 0.026466008564176708 -0.097974610658212793 0.00039931495457877064
leaf_weight=2329.0726355165243 8.2324583828449232 20.580295741558075 11.748840510845186 13.918810009956358 27.788973353803158 18.900230839848518 6.3027329370379439 112.89622090756893 10.195311307907103 549.45608921349049
leaf_count=6607 27 39 28 19 77 57 30 216 34 1208
internal_value=0.000109838 -0.0140563 0.000492642 0.051255 0.00298726 -0.0145678 -0.0929348 5.85603e-05 -0.00129594 0.00484231
internal_weight=3109.09 81.8047 3027.29 25.6677 67.2695 46.6892 14.5352 3001.62 2339.27 662.352
internal_count=8342 230 8112 47 173 134 57 8065 6641 1424
is_linear=0
shrinkage=0.1


Tree=69
num_leaves=13
num_cat=0
split_feature=1 3 2 4 2 1 2 3 4 1 1 5
split_gain=1.6403 14.9275 10.6404 12.3339 10.5418 8.4341 7.05618 5.78294 23.2629 7.5776 6.55152 0.403926
threshold=0.034467515809627002 0.12667373236327842 0.012422286015949401 9.6353654861450213 0.032557105571174853 0.012133510535785453 0.13774115974660792 0.21708909167483906 7.7516479492187509 0.038463953443993705 0.041189437453835805 3.9453617617007359
decision_type=2 2 2 2 2 2 2 2 2 2 2 2
left_child=1 2 3 -1 -4 -3 -7 8 11 -9 -11 -2
right_child=7 5 4 -5 -6 6 -8 9 -10 10 -12 -13
leaf_value=-0.00096643886710810019 -0.14690293055178325 0.10685226382248897 -0.046165075692675681 0.045509362588625486 0.00079221459457501093 0.016195218941260515 0.089534349529491852 0.094551975925965259 0.046514582323761544 -0.098690966165574004 -0.0014041668901461357 -0.18775659988561419
leaf_weight=882.73267567157745 4.8509543836116809 11.780539721250532 100.3946767821908 61.050438433885574 91.274549961090088 236.16671426594257 13.89053802192211 8.2009871304035169 10.730250209569929 6.9507783204317084 1674.1528500467539 4.8296443074941635
leaf_count=2820 25 17 348 103 251 589 24 13 18 23 4091 20
internal_value=9.92648e-05 0.00264088 -0.00232256 0.00203994 -0.0238036 0.0241647 0.0202692 -0.0019779 -0.0548877 -0.00133863 -0.00180641 -0.167285
internal_weight=3107.01 1397.29 1135.45 943.783 191.669 261.838 250.057 1709.72 20.4108 1689.3 1681.1 9.6806
internal_count=8342 4152 3522 2923 599 630 613 4190 63 4127 4114 45
is_linear=0
shrinkage=0.1


Tree=70
num_leaves=11
num_cat=0
split_feature=3 5 1 3 5 4 4 1 0 2
split_gain=1.52491 4.71043 10.2128 2.14231 7.7222 20.6088 6.81269 2.69563 10.8183 3.55353
threshold=0.79397702277170579 7.7242833268600499 0.33887954447688845 0.5547411288921128 5.4817063527025747 3.0313644409179692 11.151342829841697 0.39029510244731652 0.52539253234863292 0.48381329279645713
decision_type=2 2 2 2 2 2 2 2 2 2
left_child=3 -2 -3 7 5 -5 -6 9 -9 -1
right_child=1 2 -4 4 6 -7 -8 8 -10 -11
leaf_value=0.00011421268933929597 0.017584796852402169 0.011388586619048853 -0.13292622254410327 0.03568395210842961 0.037267617738782739 -0.10389496520498459 -0.0023955755835442195 -0.12566115714167542 0.04251565489750541 -0.044368014661953455
leaf_weight=2816.1321800090373 17.669687539339066 10.918557316064836 8.9014515578746778 23.090120807290077 95.170318648219109 19.521647393703461 79.464373290538788 7.7125539779663068 7.5882411450147629 18.074452459812164
leaf_count=7704 36 22 29 49 169 68 168 27 18 52
internal_value=8.92789e-05 -0.0199567 -0.0534253 0.000334332 0.00990651 -0.0282611 0.0192196 -0.00039545 -0.0422559 -0.000169462
internal_weight=3104.24 37.4897 19.82 3066.75 217.246 42.6118 174.635 2849.51 15.3008 2834.21
internal_count=8342 87 51 8255 454 117 337 7801 45 7756
is_linear=0
shrinkage=0.1


Tree=71
num_leaves=12
num_cat=0
split_feature=2 1 3 1 3 3 2 2 2 6 0
split_gain=1.45412 7.44906 5.08852 5.68277 3.78825 3.17031 4.71837 7.49996 4.04298 24.7721 2.77427
threshold=0.37521562572097433 0.19728961383523189 0.52733572033704224 0.21863641650646568 0.55087965913019643 0.7220443807819118 0.33288115457325768 0.2828594486555665 0.36258109281465001 13.592858439393789 0.50097669679260559
decision_type=2 2 2 2 2 2 2 2 2 2 2
left_child=5 -2 3 -3 -4 8 7 -7 10 -10 -1
right_child=1 2 4 -5 -6 6 -8 -9 9 -11 -12
leaf_value=0.00062285358766959716 -0.078269605654534585 -0.025657427187664391 -0.022836881728168501 0.06257657144497851 0.013220798268401541 -0.0050710566888607384 0.026421495997765616 -0.14773735168481752 -0.12989382054329907 0.079248148943939958 -0.019892530695214801
leaf_weight=2785.7876761183143 9.4909536242485029 9.3687434270977956 39.260182321071625 33.0476054251194 112.99845938384533 8.0062735527753848 7.5399406552314749 6.8267998844385138 13.438265159726145 9.7888486981391889 67.513358063995838
leaf_count=7584 27 29 97 53 227 17 15 25 54 14 200
internal_value=8.20138e-05 0.00823901 0.0124565 0.0430878 0.00392326 -0.000492473 -0.0379903 -0.070732 -0.000200823 -0.0417529 0.000137429
internal_weight=3103.07 204.166 194.675 42.4163 152.259 2898.9 22.373 14.8331 2876.53 23.2271 2853.3
internal_count=8342 433 406 82 324 7909 57 42 7852 68 7784
is_linear=0
shrinkage=0.1


Tree=72
num_leaves=10
num_cat=0
split_feature=2 2 1 0 1 2 2 5 2
split_gain=1.47877 6.86231 5.29294 28.6206 9.96903 4.43316 9.04335 6.5374 4.40987
threshold=0.22400268524417802 0.22135950387374129 0.10398266319420767 0.061121137317968512 0.10141127676493382 0.22839685341296223 0.23051993945187157 6.9083331922076034 0.25118560033971155
decision_type=2 2 2 2 2 2 2 2 2
left_child=1 2 4 -4 -1 7 -7 -2 -8
right_child=5 -3 3 -5 -6 6 8 -9 -10
leaf_value=0.001016162966711443 -0.021836032203669271 -0.077054659286256336 -0.1443078488940838 -0.0056213432463713391 0.077814489716272389 -0.089632368469798829 0.021056388290488351 0.086219744016550137 0.00034632498472916834
leaf_weight=1795.6264612078667 8.89529797434807 11.858729287981985 15.343190610408781 493.16417025029659 17.063059598207474 10.499925792217253 123.63718336075544 15.109167501330374 610.54555299505591
leaf_count=5224 23 36 61 1283 33 36 260 22 1364
internal_value=7.55644e-05 -0.00117775 -0.000790103 -0.00980593 0.00173907 0.00387952 0.00251606 0.0461777 0.00383392
internal_weight=3101.74 2333.06 2321.2 508.507 1812.69 768.687 744.683 24.0045 734.183
internal_count=8342 6637 6601 1344 5257 1705 1660 45 1624
is_linear=0
shrinkage=0.1


Tree=73
num_leaves=13
num_cat=0
split_feature=2 2 2 4 2 4 5 6 0 0 0 4
split_gain=1.32993 10.7556 14.0715 12.2139 7.38829 7.5218 19.1084 7.38261 4.43418 7.92094 4.41562 2.76211
threshold=0.31334365563963679 0.31997885013250443 0.32716524358080151 8.875465504825117 0.30310857706015698 12.524173446538848 6.74872248453807 5.8989648524707592 0.50977622552411506 0.50048840792465132 0.51588853225985087 8.3449707031250018
decision_type=2 2 2 2 2 2 2 2 2 2 2 2
left_child=4 11 3 -3 8 6 -6 -4 9 -1 -10 -2
right_child=1 2 7 -5 5 -7 -8 -9 10 -11 -12 -13
leaf_value=9.1875748104263118e-05 0.089586516639374891 -0.031300342501814668 0.036225012731979506 -0.2170586022610923 -0.0095530913368550921 0.030910685787967351 -0.22542413866413977 -0.0023203380060473938 0.084584291423422539 -0.045732302979619097 -0.0054528292548735816 0.030322750084638195
leaf_weight=2648.3902621567249 16.619764491915706 11.223471216857435 61.559153404086828 5.1701807528734198 10.928002357482915 7.1956542879343024 6.5631532222032538 257.70635180175304 12.224912241101267 38.266392059624195 9.8240712434053403 14.928327947854994
leaf_count=7301 24 31 147 20 28 13 27 546 18 132 28 27
internal_value=6.84938e-05 0.005719 0.000472159 -0.0898842 -0.000690602 -0.0551496 -0.0905537 0.00511178 -0.00019427 -0.000560804 0.0444677 0.0615433
internal_weight=3100.6 367.207 335.659 16.3937 2733.39 24.6868 17.4912 319.266 2708.71 2686.66 22.049 31.5481
internal_count=8342 795 744 51 7547 68 55 693 7479 7433 46 51
is_linear=0
shrinkage=0.1


Tree=74
num_leaves=15
num_cat=0
split_feature=5 4 4 5 2 6 4 0 5 6 5 2 0 6
split_gain=1.3364 12.5921 19.2488 10.2924 24.8921 10.6526 8.6366 8.74353 8.09731 12.9652 7.70904 7.18671 6.90917 5.40207
threshold=2.2451322120174986 2.2197265625000004 2.3153686523437504 2.0013711205061733 0.18173841301753876 2.2590419010926359 2.1374931335449223 0.0079651326679094012 1.9177872168223697 2.3821237754429769 2.5060537306829604 0.066470721295122409 0.0050114561856915004 2.1479181915888801
decision_type=2 2 2 2 2 2 2 2 2 2 2 2 2 2
left_child=3 6 12 8 5 -5 7 -2 9 -1 -8 -10 -3 -4
right_child=1 2 13 4 -6 -7 10 -9 11 -11 -12 -13 -14 -15
leaf_value=-0.0021020980705436587 0.040934448871475876 -0.14821823442638099 0.05031839491699424 -0.13664863412423869 0.086796832308572686 -0.039459438926728187 0.12620204943302596 -0.03578794254978649 0.048347875852376564 -0.1386040503470615 0.019702257995611559 -0.052993204093374872 -0.029442379903243124 2.6697191268749783e-05
leaf_weight=490.49716655910015 48.363856241106987 11.559006318449976 21.554898343980312 17.745753109455109 11.837684400379656 30.941476449370384 16.739268943667415 21.438311457633972 52.211602360010147 7.0584287717938414 11.443114906549452 8.0808094590902311 8.4979432672262174 2342.3126095980406
leaf_count=1902 114 54 47 93 25 115 28 67 138 37 30 28 30 5634
internal_value=6.53119e-05 0.00110165 -0.000342424 -0.00409413 -0.0432614 -0.0748834 0.0362353 0.0173707 0.000155405 -0.00403854 0.0829591 0.0347654 -0.097894 0.000485281
internal_weight=3100.28 2481.91 2383.92 618.373 60.5249 48.6872 97.9846 69.8022 557.848 497.556 28.1824 60.2924 20.0569 2363.87
internal_count=8342 6004 5765 2338 233 208 239 181 2105 1939 58 166 84 5681
is_linear=0
shrinkage=0.1


Tree=75
num_leaves=14
num_cat=0
split_feature=6 5 6 6 4 5 4 2 2 5 5 4 0
split_gain=1.29997 20.8326 11.6062 21.0218 16.0112 14.9046 22.326 10.4995 12.6998 8.19807 3.39457 3.31884 0.0630377
threshold=2.9370715070368125 3.2350813228557871 3.1793215326767013 3.3172501914938182 3.6105575561523442 3.7476417890226776 3.7920526671501311 0.28067403633066024 0.26356419469336573 3.7840965515190388 3.7246653357324004 1.5332642920111541 0.0070905209805396012
decision_type=2 2 2 2 2 2 2 2 2 2 2 2 2
left_child=1 7 5 4 -4 6 -2 8 -1 -5 12 -9 -3
right_child=2 10 3 9 -6 -7 -8 11 -10 -11 -12 -13 -14
leaf_value=-0.0013359496855408892 0.030111057240046007 -0.14677223080720497 -0.10837313037834038 0.017565285047069844 0.010501708082314386 0.14358035677928391 -0.16047977926968277 -0.036079212603540078 0.10586217528993838 -0.0013590769571865857 -0.052729820600738803 -0.14430522272164911 -0.1627392913637736
leaf_weight=804.76984886452556 116.69502571225166 4.9803130924701673 31.221015140414238 262.03032518178225 17.784568667411804 10.612632647156714 6.4879291206598273 5.1016010604798776 11.205417200922964 1811.1511466577649 4.873232200741767 6.3733476176857948 4.9105048552155495
leaf_count=2835 299 24 127 680 47 16 29 32 18 4163 16 34 22
internal_value=5.19811e-05 -0.00330051 0.00130355 -0.000497415 -0.0652324 0.0298694 0.0200728 -0.00119967 0.000136153 0.00103278 -0.121042 -0.0961895 -0.154699
internal_weight=3098.2 842.214 2255.98 2122.19 49.0056 133.796 123.183 827.45 815.975 2073.18 14.7641 11.4749 9.89082
internal_count=8342 2981 5361 5017 174 344 328 2919 2853 4843 62 66 46
is_linear=0
shrinkage=0.1


Tree=76
num_leaves=6
num_cat=0
split_feature=0 0 0 1 0
split_gain=1.40872 2.60865 3.72924 6.82764 2.44797
threshold=0.51588853225985087 0.50977622552411506 0.50390720367431652 0.36779050710224864 0.50195312523294533
decision_type=2 2 2 2 2
left_child=1 2 4 -4 -1
right_child=-2 -3 3 -5 -6
leaf_value=1.2929826989982314e-05 -0.03412194553437 0.040477611980835805 -0.13068866049574157 -0.0014033945877481736 0.036488231720251514
leaf_weight=3032.6087948270142 12.023172199726103 15.976509436964987 6.1700451299548176 12.086691260337828 18.511875346302986
leaf_count=8167 38 30 38 28 41
internal_value=4.12595e-05 0.000174389 -3.5395e-05 -0.0450966 0.000234234
internal_weight=3097.38 3085.35 3069.38 18.2567 3051.12
internal_count=8342 8304 8274 66 8208
is_linear=0
shrinkage=0.1


Tree=77
num_leaves=14
num_cat=0
split_feature=6 4 0 2 5 5 1 1 4 5 2 1 2
split_gain=1.3222 5.0427 11.0109 24.0017 5.20158 2.98218 2.84686 4.55877 8.6719 7.80965 3.81122 14.153 7.52992
threshold=12.898478878475315 14.200038194656374 0.28321076792943561 0.18534400983560054 13.269792784390605 11.224585096331696 0.18724723348530883 0.32098866906643247 13.159623846958668 13.37742033678704 0.17691320294371962 0.061527337470370008 0.20084284625617119
decision_type=2 2 2 2 2 2 2 2 2 2 2 2 2
left_child=1 4 3 -3 5 -1 10 9 -9 -8 11 -2 -12
right_child=6 2 -4 -5 -6 -7 7 8 -10 -11 12 -13 -14
leaf_value=0.00030555694076350861 0.027496871084867348 -0.018989042616971166 0.034669737054039307 -0.23738378051200135 0.070859752519410998 -0.016362865430735431 0.032819072486838928 -0.065359107181469492 0.032803209915967052 -0.033185925933548494 0.091942914731544145 -0.088937841672170725 0.015025867662710371
leaf_weight=2643.8471132144332 41.374084323644638 20.359370276331905 14.652681112289427 6.6843532174825659 10.29004257917404 111.87776638567448 24.015955984592438 10.667366340756415 57.564404830336571 70.688247442245483 16.655703276395798 13.962725535035132 53.96617080271244
leaf_count=7382 77 49 28 28 16 251 43 28 108 165 22 39 106
internal_value=3.63357e-05 -0.00062649 -0.0351435 -0.0729693 -0.000106162 -0.000371153 0.00647821 -0.00224988 0.0174565 -0.0164478 0.0177686 -0.00188223 0.0331662
internal_weight=3096.61 2807.71 41.6964 27.0437 2766.01 2755.72 288.895 162.936 68.2318 94.7042 125.959 55.3368 70.6219
internal_count=8342 7754 105 77 7649 7633 588 344 136 208 244 116 128
is_linear=0
shrinkage=0.1


Tree=78
num_leaves=10
num_cat=0
split_feature=2 2 2 0 0 2 5 6 5
split_gain=1.3206 16.5649 5.73003 4.97655 8.2507 5.92151 4.22399 8.48154 6.18781
threshold=0.21759031739828275 0.21519440179749627 0.2183884841602424 0.016123294859482901 0.019531250010984953 0.29776512156828872 14.146530787396296 13.990135858185768 15.623191008445891
decision_type=2 2 2 2 2 2 2 2 2
left_child=1 6 -2 5 -5 -4 7 -1 -8
right_child=2 -3 3 4 -6 -7 8 -9 -10
leaf_value=-0.00096790342398176538 0.075182059285468741 -0.12935267018943103 -0.10415744204799321 0.099804593106984432 0.002635012970252819 0.0094498988340809397 0.054496361754369463 -0.09555470809365281 -0.0061767934481106882
leaf_weight=2201.4397837854922 11.004038363695143 10.040363132953642 9.4372066408395785 8.8387535065412504 769.37660133838654 8.9287067502737028 33.516120485961437 9.5211124867200834 33.720805794000626
leaf_count=6347 20 36 32 13 1714 25 57 27 71
internal_value=3.78239e-05 -0.00118917 0.00351442 0.00252439 0.00373864 -0.0489265 -0.00062433 -0.00137522 0.0240674
internal_weight=3095.82 2288.24 807.585 796.581 778.215 18.3659 2278.2 2210.96 67.2369
internal_count=8342 6538 1804 1784 1727 57 6502 6374 128
is_linear=0
shrinkage=0.1


Tree=79
num_leaves=6
num_cat=0
split_feature=0 0 0 1 2
split_gain=1.21689 2.02585 3.24517 6.07501 2.16716
threshold=0.51588853225985087 0.50977622552411506 0.50390720367431652 0.36779050710224864 0.28597412364704355
decision_type=2 2 2 2 2
left_child=1 2 4 -4 -1
right_child=-2 -3 3 -5 -6
leaf_value=-0.00087681097506637606 -0.031815395134701954 0.036011576783161366 -0.12727732171794803 -0.002291042023637464 0.0066763611695510516
leaf_weight=2604.0154923833907 11.948290169239042 15.680902630090712 5.7400354146957424 12.058370172977446 444.74650795385242
leaf_count=7249 38 30 38 28 959
internal_value=3.63297e-05 0.000159803 -2.35259e-05 -0.0425995 0.000225029
internal_weight=3094.19 3082.24 3066.56 17.7984 3048.76
internal_count=8342 8304 8274 66 8208
is_linear=0
shrinkage=0.1


Tree=80
num_leaves=9
num_cat=0
split_feature=0 0 3 1 0 6 6 0
split_gain=1.41762 2.1956 7.99018 8.8391 5.41335 4.28531 2.70327 1.69588
threshold=0.52539253234863292 0.50048840792465132 0.53294136395057545 0.38793667572679963 0.50001193232401442 6.4466264752476539 4.4935252857566468 0.25097656389698392
decision_type=2 2 2 2 2 2 2 2
left_child=1 4 6 -4 7 -6 -3 -1
right_child=-2 2 3 -5 5 -7 -8 -9
leaf_value=0.00080705336627881214 0.043197615588644031 -0.041981526212459798 0.010907868423829603 -0.10513569700193499 0.0021226697955218118 0.085062334897581193 -0.14320581262502638 -0.0066602055952165069
leaf_weight=2644.7039053924382 7.5895869582891455 4.8258127644658071 53.237274408340454 7.4870891422033301 11.609518289566042 13.442877501249312 5.8201635181903839 343.66043553501368
leaf_count=7251 18 18 138 27 28 19 29 814
internal_value=3.20189e-05 -7.41826e-05 -0.0174096 -0.00339987 0.000336393 0.0466273 -0.0973209 -5.16778e-05
internal_weight=3092.38 3084.79 71.3703 60.7244 3013.42 25.0524 10.646 2988.36
internal_count=8342 8324 212 165 8112 47 47 8065
is_linear=0
shrinkage=0.1


Tree=81
num_leaves=14
num_cat=0
split_feature=2 2 3 4 6 6 4 2 0 2 1 0 4
split_gain=1.18728 12.4117 11.007 16.5747 19.76 13.1589 10.6743 9.3458 11.5403 9.58567 7.0482 11.2029 0.0680257
threshold=0.090065298544614411 0.095837508995966811 0.11987349912177882 5.6257674694061288 1.6267579834959112 7.6563354905624283 4.5000654863520149 0.012422286015949401 2.0862407836830248e-06 0.066676402057280967 0.019993929404893755 0.0029678344726562001 3.0655586710199718
decision_type=2 2 2 2 2 2 2 2 2 2 2 2 2
left_child=2 6 7 4 -4 -5 12 8 -1 -9 -3 -12 -2
right_child=1 10 3 5 -6 -7 -8 9 -10 -11 11 -13 -14
leaf_value=-0.00074293689996288506 -0.15149824474695203 -0.08895716356636027 -0.057120544746775463 -0.065097974997105276 0.043899264479207487 0.013412201928740966 0.0030670181062525839 -0.028965738226432287 0.055352148453288133 0.07253057211086604 0.074349558722616158 -0.0013598847544143051 -0.16889161677432457
leaf_weight=903.40932741761208 4.143277548253538 9.0463807359337789 21.493015047162771 35.002273544669151 195.39367749541998 54.727942429482937 7.0614898502826682 169.26738848909736 38.226666696369648 9.8464005440473539 19.783505767583847 1619.7350186370313 4.9170677363872528
leaf_count=2840 20 31 112 98 466 108 16 549 83 20 34 3944 21
internal_value=2.85771e-05 -0.00178592 0.00214476 0.0189337 0.0338884 -0.0172133 -0.0891023 -0.00244839 0.0015343 -0.0233862 -0.000932022 -0.000446325 -0.160938
internal_weight=3092.05 1664.69 1427.37 306.617 216.887 89.7302 16.1218 1120.75 941.636 179.114 1648.56 1639.52 9.06035
internal_count=8342 4066 4276 784 578 206 57 3492 2923 569 4009 3978 41
is_linear=0
shrinkage=0.1


Tree=82
num_leaves=15
num_cat=0
split_feature=0 0 1 4 0 1 1 0 5 5 4 3 3 3
split_gain=1.25991 9.29751 12.2203 8.25306 6.30068 26.0849 5.98808 5.54869 5.34204 12.5517 5.02539 4.79666 12.0944 11.0491
threshold=0.12526717968285081 0.070312514901161166 0.14731896400765179 7.2423145124048469 0.12944956182809617 0.19207003660415436 0.15135295076131439 0.1947457026690245 3.0705507785100754 3.6304002961495425 9.9288849099757517 0.40516981986688788 0.44120221018958899 0.34721254709053023
decision_type=2 2 2 2 2 2 2 2 2 2 2 2 2 2
left_child=1 11 3 -3 8 10 -4 -7 -2 -10 -6 13 -13 -1
right_child=4 2 6 -5 5 7 -8 -9 9 -11 -12 12 -14 -15
leaf_value=0.0013808323221591581 -0.034007692406168771 -0.17842287298986681 0.0077848924970273783 -0.028437597782177439 -0.16377528363873306 0.019016913375637799 -0.02922010607660451 -0.0011204375588124065 0.14889021891024035 0.023533441441143603 -0.047275496787631051 0.076893272281217798 0.00039828239115552916 -0.033919982031097994
leaf_weight=1817.5824635513127 10.346589848399161 7.9718403369188291 71.473912335932255 6.7966556549072266 10.816953524947168 175.74723222851753 112.64897313714027 617.94341360032558 9.5395528227090818 49.091446295380592 5.6298396587371817 28.740070894360542 73.599090054631233 93.213329389691353
leaf_count=5287 31 36 199 16 41 351 283 1491 11 98 14 43 168 273
internal_value=2.33729e-05 -0.00124936 -0.0218754 -0.109398 0.00322583 0.000755551 -0.0148553 0.00333858 0.0322391 0.0439296 -0.123897 0.000788429 0.0218805 -0.000341228
internal_weight=3091.14 2212.03 198.891 14.7685 879.115 810.137 184.123 793.691 68.9776 58.631 16.4468 2013.13 102.339 1910.8
internal_count=8342 6305 534 52 2037 1897 482 1842 140 109 55 5771 211 5560
is_linear=0
shrinkage=0.1


Tree=83
num_leaves=8
num_cat=0
split_feature=0 0 0 1 0 2 1
split_gain=1.15688 1.78283 8.17992 7.20165 3.17257 4.37298 1.6087
threshold=0.52539253234863292 0.50097669679260559 0.50195312523294533 0.38793667572679963 0.50001193232401442 0.21622724804232402 0.38793667572679963
decision_type=2 2 2 2 2 2 2
left_child=1 4 -3 -4 6 -6 -1
right_child=-2 2 3 -5 5 -7 -8
leaf_value=-0.00026487406079123371 0.038917743065086711 -0.11178457247366687 0.011117385230933884 -0.094287371254116903 -0.018072056893426669 0.058968037120818696 0.026436492541380113
leaf_weight=2964.5117767639458 7.6281152814626685 7.913091503083705 48.027882397174835 7.4933753162622443 11.443639293313025 20.687243312597275 22.736670792102814
leaf_count=8020 18 35 130 27 31 36 45
internal_value=2.22146e-05 -7.40285e-05 -0.0166652 -0.00310847 0.000274537 0.0315297 -6.16435e-05
internal_weight=3090.44 3082.81 63.4343 55.5213 3019.38 32.1309 2987.25
internal_count=8342 8324 192 157 8132 67 8065
is_linear=0
shrinkage=0.1


Tree=84
num_leaves=13
num_cat=0
split_feature=4 4 5 6 4 5 0 3 6 3 0 6
split_gain=1.13196 13.9299 9.91115 9.28304 7.91607 7.51569 4.00424 26.9101 12.803 9.39449 7.34332 3.47163
threshold=5.2934080115889524 5.2056128978729257 5.4433804060433095 7.5456381940524677 4.367824947927148 6.1809118868727335 0.25097656389698392 0.51103443204991872 10.086214686719458 0.79397702277170579 0.25025681732222443 7.977224567410099
decision_type=2 2 2 2 2 2 2 2 2 2 2 2
left_child=1 3 -3 5 -5 -1 10 8 -8 -9 11 -2
right_child=6 2 -4 4 -6 -7 7 9 -10 -11 -12 -13
leaf_value=-0.00057576865236235472 0.01137383229934554 -0.036689922574171009 -0.19385162042620252 -0.0028955268625092613 -0.15797707997007943 0.093099600283381434 -0.14728703544252217 0.0083165735605315941 -0.0323673380612143 -0.087766972167681756 0.070460094880336499 -0.00049690533861723328
leaf_weight=1700.1894930824637 392.64060313999653 12.052494034171106 6.0153306424617758 6.2710627019405347 6.927445225417614 8.608177497982977 18.037742495536804 229.09019549190998 20.958750337362289 10.648973375558851 16.853376552462578 661.30149879306555
leaf_count=5305 851 38 25 19 34 13 62 501 49 32 26 1387
internal_value=2.00373e-05 -0.00166564 -0.0890139 -0.00074915 -0.0842925 -0.000103873 0.00219352 -0.0084829 -0.0855232 0.00404864 0.00497267 0.00392548
internal_weight=3089.6 1740.06 18.0678 1722 13.1985 1708.8 1349.53 278.736 38.9965 239.739 1070.8 1053.94
internal_count=8342 5434 63 5371 53 5318 2908 644 111 533 2264 2238
is_linear=0
shrinkage=0.1


Tree=85
num_leaves=11
num_cat=0
split_feature=2 2 4 5 4 6 5 5 6 5
split_gain=1.20804 5.21085 3.97328 11.9035 6.99208 3.92058 10.2439 9.5057 6.64848 2.76208
threshold=0.22400268524417802 0.22135950387374129 12.524173446538848 10.333639210289679 13.869496384223341 2.2336505310829757 1.2572176403401323 2.3839317620461702 2.8352919273313133 1.8454621297349152
decision_type=2 2 2 2 2 2 2 2 2 2
left_child=1 2 3 -1 -4 6 -2 -7 -9 -8
right_child=5 -3 4 -5 -6 7 9 8 -10 -11
leaf_value=-0.00040703479412658314 0.062576298825418125 -0.067265863245494051 0.044890285362548195 -0.039850694835772908 -0.00089054168749387163 0.093511304117009017 -0.16080193867320788 -0.068899838725860849 0.0042987502982896079 -0.050086025759488263
leaf_weight=2088.1270631961524 5.2945050895214072 11.846818223595617 51.376729890704155 79.420434057712555 95.13789589703083 11.800473734736441 5.1323945522308332 12.625044450163839 723.23916807770729 4.0167693570256233
leaf_count=6116 27 36 87 193 205 22 27 42 1571 16
internal_value=1.85465e-05 -0.00111363 -0.000774961 -0.00185228 0.0151629 0.00347387 -0.0481299 0.00447077 0.0030429 -0.112194
internal_weight=3088.02 2325.91 2314.06 2167.55 146.515 762.108 14.4437 747.665 735.864 9.14916
internal_count=8342 6637 6601 6309 292 1705 70 1635 1613 43
is_linear=0
shrinkage=0.1


Tree=86
num_leaves=12
num_cat=0
split_feature=2 2 2 2 2 4 4 6 4 5 6
split_gain=1.11666 14.9939 14.6932 12.1915 11.2061 10.221 22.8796 9.16259 15.0281 7.90593 5.9311
threshold=0.032557105571174853 0.012422286015949401 0.03410823606590261 0.036482639900876461 0.046804636417090852 9.6353654861450213 8.3449707031250018 3.9458477676209234 5.8768456551856625 12.419395125288402 3.4634086445898178
decision_type=2 2 2 2 2 2 2 2 2 2 2
left_child=1 5 -2 -4 -5 6 -1 10 -9 -7 -3
right_child=2 7 3 4 -6 9 -8 8 -10 -11 -12
leaf_value=0.00076439914234007562 0.12476814903187911 -0.055986039790510173 -0.11753647493235873 0.037925543973957504 -0.00021136347616487403 0.064646705322456158 -0.11721636114884054 0.035077531752571577 -0.079943147839359407 -0.01538254327681461 -0.1561118747113307
leaf_weight=864.98441373556852 9.6045640781521779 43.479351844638586 8.6702245473861677 80.221555218100548 1947.979324862361 42.26922781765461 16.755518704652786 29.905010335147381 18.316927790641785 17.435819178819656 6.8479970395565024
leaf_count=2767 19 184 34 197 4821 64 53 79 55 39 30
internal_value=1.71434e-05 -0.00265105 0.00137309 0.000791237 0.00129707 0.00123378 -0.00147756 -0.0397629 -0.00861266 0.0412756 -0.0696101
internal_weight=3086.47 1039.99 2046.48 2036.87 2028.2 941.445 881.74 98.5493 48.2219 59.705 50.3273
internal_count=8342 3271 5071 5052 5018 2923 2820 348 134 103 214
is_linear=0
shrinkage=0.1


Tree=87
num_leaves=16
num_cat=0
split_feature=5 5 6 6 5 6 1 0 6 2 6 3 6 6 5
split_gain=1.08801 5.31109 9.52013 12.2893 6.42136 7.14741 6.22136 4.80189 7.25427 14.3058 4.69968 3.77666 2.68268 5.70966 0.909356
threshold=1.2223129053992932 1.5002675437276909 1.4730625503801251 1.3329369035683987 1.4476704663908473 1.4189237627154807 0.24398464662665323 3.8156358641572305e-06 1.0636139377159946 0.19870561493793923 1.528010079168461 0.41584441979646752 1.1507052027382174 1.2977446546756324 1.0658724979508751
decision_type=2 2 2 2 2 2 2 2 2 2 2 2 2 2 2
left_child=7 4 3 -3 6 -6 -2 12 11 -10 -4 -9 14 -14 -1
right_child=1 2 10 -5 5 -7 -8 8 9 -11 -12 -13 13 -15 -16
leaf_value=-0.0019792286224812328 0.00085077591202606319 0.064887706764142225 0.05889695486677482 -0.11048104576715961 0.12292493855046516 0.0096139075926861134 0.07497394231249814 -0.049336810230027228 -0.12351647142155997 0.090579205252363251 -0.00014510926025375844 0.040089445551266811 0.073528363400273383 -0.045184117812351168 -0.030582158971987829
leaf_weight=163.19860023260117 90.326708666980267 5.3196713924407986 13.549571841955183 16.059048846364021 11.758784458041193 10.571466773748396 12.946375370025633 7.84143799543381 15.8182286657393 3.8881828486919394 2691.6867967396975 11.873384304344652 12.783717565238478 5.9313092678785315 11.927440479397772
leaf_count=687 308 15 39 75 23 35 27 52 122 11 6765 41 40 25 77
internal_value=1.44753e-05 0.00055149 -0.000374677 -0.066844 0.0206569 0.0692818 0.0101429 -0.00655188 -0.0383676 -0.0812742 0.000150612 0.00452075 -8.15584e-05 0.0359051 -0.00392731
internal_weight=3085.48 2852.22 2726.62 21.3787 125.603 22.3303 103.273 233.262 39.4212 19.7064 2705.24 19.7148 193.841 18.715 175.126
internal_count=8342 7287 6894 90 393 58 335 1055 226 133 6804 93 829 65 764
is_linear=0
shrinkage=0.1


Tree=88
num_leaves=6
num_cat=0
split_feature=0 0 0 1 0
split_gain=1.06154 1.79782 2.74691 5.66585 1.88298
threshold=0.51588853225985087 0.50977622552411506 0.50390720367431652 0.36779050710224864 0.50195312523294533
decision_type=2 2 2 2 2
left_child=1 2 4 -4 -1
right_child=-2 -3 3 -5 -6
leaf_value=-1.6465252545607957e-05 -0.030003315405232118 0.034155319345352132 -0.12490785296862716 -0.0015988712515317923 0.032134877237769664
leaf_weight=3021.1511282213032 11.741668611764906 15.443597853183745 5.3844933956861523 12.099872842431067 18.326238736510277
leaf_count=8167 38 30 38 28 41
internal_value=7.27845e-06 0.000121969 -4.9966e-05 -0.0395732 0.000177388
internal_weight=3084.15 3072.41 3056.96 17.4844 3039.48
internal_count=8342 8304 8274 66 8208
is_linear=0
shrinkage=0.1


Tree=89
num_leaves=9
num_cat=0
split_feature=0 0 1 1 2 0 6 6
split_gain=1.08276 1.79213 6.62575 6.2463 4.49154 3.83143 3.68815 1.47118
threshold=0.52539253234863292 0.50048840792465132 0.35065368351914245 0.38793667572679963 0.22645258739419347 0.50001193232401442 6.4466264752476539 12.898478878475315
decision_type=2 2 2 2 2 2 2 2
left_child=1 5 4 -4 -3 7 -7 -1
right_child=-2 2 3 -5 -6 6 -8 -9
leaf_value=-0.0007493471610811117 0.037641037658189207 -0.029724874201520451 0.011959489581358566 -0.086559552909565129 -0.14733521772743718 -0.0014617365443872477 0.076789116942632421 0.0069261243032712394
leaf_weight=2706.7760774455965 7.6254926323890677 7.6874278485774976 49.04270251840353 7.407532036304473 5.6218082904815674 11.38663485646248 12.787506401538847 275.10110571235418
leaf_count=7506 18 27 128 27 30 28 19 559
internal_value=5.81587e-06 -8.74887e-05 -0.0159328 -0.00096841 -0.0794034 0.000280224 0.039931 -4.12259e-05
internal_weight=3083.44 3075.81 69.7595 56.4502 13.3092 3006.05 24.1741 2981.88
internal_count=8342 8324 212 155 57 8112 47 8065
is_linear=0
shrinkage=0.1


Tree=90
num_leaves=12
num_cat=0
split_feature=4 4 4 4 1 3 4 4 6 4 6
split_gain=1.08126 10.832 9.9531 19.0854 6.79548 33.1792 6.49491 5.79333 7.06457 5.78591 4.71629
threshold=11.385887385811658 11.503295898437502 10.411365613537784 10.245374124666307 0.042663991104239955 0.31241989049643926 9.9288849099757517 10.882029077569316 9.9374425204474583 13.560184872103497 12.76184881700331
decision_type=2 2 2 2 2 2 2 2 2 2 2
left_child=2 -2 3 6 9 -6 -1 10 -9 -3 -4
right_child=1 4 7 -5 5 -7 -8 8 -10 -11 -12
leaf_value=-0.00073362456935166878 -0.10536261886275439 0.054900401962681949 0.036448389604519245 -0.15846401693727907 -0.14191000531573136 -0.00073418816179602784 0.03765889159017264 0.053166630292333018 -0.024285208835213866 -0.0028341812132768388 0.1050381453244596
leaf_weight=2488.9323051050305 10.421195432543753 35.182527869939804 49.289439685642719 7.6285368502140036 17.530296847224236 330.51843450963497 44.857737705111504 18.819777384400368 31.468156106770039 34.261706471443176 12.584494903683661
leaf_count=7102 32 57 89 26 57 706 78 31 74 75 15
internal_value=4.96112e-06 -0.00465972 0.000757184 -0.000529428 -0.00214604 -0.00784484 -5.39308e-05 0.0299099 0.0047004 0.0264159 0.0503988
internal_weight=3081.49 427.914 2653.58 2541.42 417.493 348.049 2533.79 112.162 50.2879 69.4442 61.8739
internal_count=8342 927 7415 7206 895 763 7180 209 105 132 104
is_linear=0
shrinkage=0.1


Tree=91
num_leaves=13
num_cat=0
split_feature=1 1 5 6 1 2 1 3 6 1 2 0
split_gain=1.07309 11.8826 12.2154 14.5214 10.3069 9.07403 4.81535 18.2345 11.12 2.64165 16.2278 7.99274
threshold=0.10398266319420767 0.12412701031361911 6.2237669380920551 8.1432573304283036 0.10141127676493382 0.1884042131749252 0.14077972249829854 0.39724970631885226 5.2505714960323955 0.0091702268813407019 0.049286990604551106 0.00054992880905040012
decision_type=2 2 2 2 2 2 2 2 2 2 2 2
left_child=4 2 5 -4 9 -2 8 -8 -3 11 -11 -1
right_child=1 6 3 -5 -6 -7 7 -9 -10 10 -12 -13
leaf_value=-0.0013099515413404735 -0.14984180909672851 -0.062016288263897962 0.070555756556266447 -0.055341366795542059 0.074116127797269823 -0.0097947639490184365 -0.09178059381209111 0.00029411672771627556 0.047289863270067622 0.053226757876132562 0.00075766912030688488 -0.075158935590014353
leaf_weight=1086.2244552783668 14.732594758272173 11.41069859266281 13.848352178931234 27.071484640240669 19.363870531320572 6.744477078318595 21.939764022827148 1094.7183313257992 50.486945316195488 64.786670289933681 653.83341812342405 14.856147542595862
leaf_count=3392 72 51 22 72 36 20 86 2586 91 147 1712 55
internal_value=1.07032e-05 -0.00226158 -0.0447893 -0.0127345 0.00154398 -0.105863 -1.00106e-05 -0.00151494 0.0271395 0.00077172 0.00548798 -0.00230635
internal_weight=3080.02 1240.95 62.3969 40.9198 1839.06 21.4771 1178.56 1116.66 61.8976 1819.7 718.62 1101.08
internal_count=8342 3000 186 94 5342 92 2814 2672 142 5306 1859 3447
is_linear=0
shrinkage=0.1


Tree=92
num_leaves=8
num_cat=0
split_feature=4 4 0 4 6 0 1
split_gain=0.949861 5.465 4.42919 2.93772 4.80596 4.34951 1.89951
threshold=19.718157893628817 18.234585567843173 0.13304138183593753 15.912788133195315 16.537698551482293 0.26957856118679052 0.21399244604428833
decision_type=2 2 2 2 2 2 2
left_child=1 3 -3 4 -1 -5 -2
right_child=6 2 -4 5 -6 -7 -8
leaf_value=-7.4111883578323255e-05 -0.010212822838005627 -0.10318175406972466 -0.0089142829992463878 0.0069439904076639735 -0.069688220409577936 0.064773783297966972 0.044414462627943907
leaf_weight=2945.8840922862291 11.827794760465624 9.208621561527254 10.865106046199797 59.497096545994282 9.9506111592054349 16.644154980778694 13.782810792326925
leaf_count=8066 25 27 24 121 26 29 24
internal_value=7.74334e-06 -0.000153185 -0.0521585 0.000191125 -0.000308463 0.0195853 0.0191858
internal_weight=3077.66 3052.05 20.0737 3031.98 2955.83 76.1413 25.6106
internal_count=8342 8293 51 8242 8092 150 49
is_linear=0
shrinkage=0.1


Tree=93
num_leaves=12
num_cat=0
split_feature=3 1 1 4 4 6 3 6 1 4 1
split_gain=0.952307 13.4526 9.29665 25.9868 11.9616 7.27018 14.0891 12.1209 3.68215 12.6551 9.64233
threshold=0.27371594458442855 0.058551203780035505 0.068378071734169973 11.385887385811658 2.9179101557142002 9.5690682574520807 0.23615605409267434 9.9374425204474583 0.10398266319420767 2.5001831054687504 0.12412701031361911
decision_type=2 2 2 2 2 2 2 2 2 2 2
left_child=1 5 3 4 -2 6 -1 -7 9 -4 -10
right_child=2 -3 8 -5 -6 7 -8 -9 10 -11 -12
leaf_value=0.00036414097561557389 -0.10043350050706455 0.087985880317806242 -0.054993533474032436 -0.23183922544422444 0.0030848984710933332 0.09324642244037179 -0.059749211116873029 0.010051611417292182 -0.04061409021208684 0.021017758843377414 -6.7593226041187939e-05
leaf_weight=1363.0577425025403 14.082221932709215 17.882378458976746 24.794116869568825 6.2260690778493872 53.833053559064865 20.824368268251419 40.136925518512726 110.10491612553596 61.727403536438942 187.85927945375443 1176.8155178464949
leaf_count=4171 72 29 113 25 133 27 133 222 186 417 2814
internal_value=8.68785e-06 0.00175265 -0.00176576 -0.036305 -0.0183796 0.000747479 -0.00135534 0.0232838 -1.15915e-06 0.0121553 -0.00208838
internal_weight=3077.34 1552.01 1525.34 74.1413 67.9153 1534.12 1403.19 130.929 1451.2 212.653 1238.54
internal_count=8342 4582 3760 230 205 4553 4304 249 3530 530 3000
is_linear=0
shrinkage=0.1


Tree=94
num_leaves=13
num_cat=0
split_feature=4 4 6 6 4 5 5 5 5 6 5 6
split_gain=1.06336 15.004 16.0367 15.4715 12.7874 7.66758 9.46745 6.51831 17.1497 6.48556 5.40347 0.0557542
threshold=3.8898925781250004 4.367824947927148 3.3471612433222488 3.4874259741930804 3.8697450160980229 4.0926282390700806 4.3800026656550513 4.579808956453669 4.2084643450542982 3.6455809535059265 4.9550408468616389 3.0002161935152105
decision_type=2 2 2 2 2 2 2 2 2 2 2 2
left_child=4 2 11 -4 7 9 -7 8 -1 -3 -9 -2
right_child=1 5 3 -5 -6 6 -8 10 -10 -11 -12 -13
leaf_value=-0.00021150794406990644 -0.13347886997551273 0.016364041187641322 0.075212245616089857 -0.035305952755293912 0.091244154158305335 -0.061167452481560469 0.0012196031129768626 -0.12682573888079987 0.067811473180338408 0.12350187688309765 2.7815719695655607e-05 -0.1467513123982665
leaf_weight=1280.5926950275898 5.9918797314167005 14.80256646871567 14.329097233712671 109.18408558517694 15.906496316194533 24.71440701186657 1541.8804592862725 7.2498871535062772 38.168025568127632 9.1382636576890928 6.2550043687224388 6.7086339145898819
leaf_count=4201 33 39 34 337 28 80 3423 25 78 14 18 32
internal_value=8.98354e-06 -0.00163418 -0.0334872 -0.0224844 0.00211357 0.00109371 0.000235393 0.0010494 0.00175724 0.0572588 -0.0680715 -0.14049
internal_weight=3074.92 1726.75 136.214 123.513 1348.17 1590.54 1566.59 1332.27 1318.76 23.9408 13.5049 12.7005
internal_count=8342 3992 436 371 4350 3556 3503 4322 4279 53 43 65
is_linear=0
shrinkage=0.1


Tree=95
num_leaves=15
num_cat=0
split_feature=6 4 1 3 2 6 5 6 5 2 0 6 6 5
split_gain=1.04388 14.2308 12.4142 21.6326 19.3347 11.9289 7.88463 19.207 10.0013 6.09394 7.86601 7.78224 5.09498 7.01952
threshold=7.8826671113551239 6.7326302295550713 0.079156217464188564 0.46889464371350165 0.15823222922596383 7.2230631382158279 7.9830157865603599 8.24242798585556 7.7242833268600499 0.10264128634238581 0.25067189335823065 7.5456381940524677 7.1639065213257949 8.6127232169367538
decision_type=2 2 2 2 2 2 2 2 2 2 2 2 2 2
left_child=5 2 4 -4 -2 12 8 -8 -3 11 -11 -7 13 -1
right_child=1 6 3 -5 -6 9 7 -9 -10 10 -12 -13 -14 -15
leaf_value=0.00016955653465695628 -0.068435657908011469 -0.012135182420700059 -0.19853767821724155 -0.028298579339356512 0.11420498720985016 -0.060469851692781462 -0.11323087144290341 0.00053377474157933591 0.094727316174931006 0.067740101682695106 -0.0060110673385845234 0.040303673630157279 -0.072721735995185138 -0.10159250103325164
leaf_weight=2073.0647665187716 15.053708553314211 15.934375330805777 12.031095571815969 19.664728343486786 9.4252526760101301 13.568081736564638 15.132157348096369 769.64601408690214 19.446291774511337 56.719831168651581 19.410670980811119 17.608464255928993 9.7227888107299787 6.8007667213678351
leaf_count=6190 47 35 53 51 13 38 47 1627 25 91 45 31 29 20
internal_value=5.04367e-06 -0.00291304 -0.0516052 -0.0929179 0.00188735 0.00116905 0.000422014 -0.00165984 0.0465997 0.0336861 0.0489361 -0.00355312 -0.000500799 -0.000163186
internal_weight=3073.23 876.334 56.1748 31.6958 24.479 2196.9 820.159 784.778 35.3807 107.307 76.1305 31.1765 2089.59 2079.87
internal_count=8342 1898 164 104 60 6444 1734 1674 60 205 136 69 6239 6210
is_linear=0
shrinkage=0.1


Tree=96
num_leaves=7
num_cat=0
split_feature=3 4 6 2 2 2
split_gain=0.973825 3.69389 6.81904 1.77389 3.22082 2.74365
threshold=0.79397702277170579 6.1860961914062509 13.038749852083461 0.59258439019238951 0.54799898814069214 0.53775137383766392
decision_type=2 2 2 2 2 2
left_child=3 -2 -3 4 5 -1
right_child=1 2 -4 -5 -6 -7
leaf_value=0.00034195397120044665 0.024244874911495184 -0.09389239132307664 0.014949836339419032 -0.044815885525999535 0.063622595579200122 -0.05159163492849287
leaf_weight=3007.7269851788878 14.088891103863714 11.790837138891222 11.246430754661558 8.7267856001853925 8.0199179053306562 10.207115888595579
leaf_count=8187 29 36 22 22 13 33
internal_value=7.71454e-06 -0.0160898 -0.0407573 0.000204651 0.00033449 0.000166307
internal_weight=3071.81 37.1262 23.0373 3034.68 3025.95 3017.93
internal_count=8342 87 58 8255 8233 8220
is_linear=0
shrinkage=0.1


Tree=97
num_leaves=6
num_cat=0
split_feature=0 0 0 4 0
split_gain=0.956008 1.49345 2.23941 3.28281 1.56847
threshold=0.51588853225985087 0.50977622552411506 0.50390720367431652 5.1097189561317302 0.50195312523294533
decision_type=2 2 2 2 2
left_child=1 2 4 -4 -1
right_child=-2 -3 3 -5 -6
leaf_value=-1.2578550742594554e-05 -0.028673137433351481 0.031405823046713223 0.029141606827547281 -0.065579582702070399 0.029503495546751468
leaf_weight=3009.9090772606432 11.578080855309961 15.178636059164999 5.3085628449916866 11.774272531270979 18.111917763948441
leaf_count=8167 38 30 20 46 41
internal_value=7.73812e-06 0.000116248 -3.97186e-05 -0.0361446 0.00016397
internal_weight=3071.86 3060.28 3045.1 17.0828 3028.02
internal_count=8342 8304 8274 66 8208
is_linear=0
shrinkage=0.1


Tree=98
num_leaves=9
num_cat=0
split_feature=0 0 3 1 0 2 6 6
split_gain=0.952878 1.57352 5.75298 4.61263 3.25799 3.61706 2.9094 1.26636
threshold=0.52539253234863292 0.50048840792465132 0.53294136395057545 0.38793667572679963 0.50001193232401442 0.21622724804232402 4.462744495229237 17.427223118967756
decision_type=2 2 2 2 2 2 2 2
left_child=1 4 6 -4 7 -6 -3 -1
right_child=-2 2 3 -5 5 -7 -8 -9
leaf_value=-0.00028093445299713898 0.035339657811555084 -0.02544441605602132 0.0072063558299392139 -0.077559639518399878 -0.0075592213804045036 0.071166324579340981 -0.1355808103977284 0.017122362758426917
leaf_weight=2928.9609461165965 7.6138830482959738 4.3343115039169771 51.732418522238731 7.3290387839078894 10.281134441494943 13.498755380511282 5.3703433498740196 42.416918054223061
leaf_count=7983 18 17 138 27 26 21 30 82
internal_value=6.96991e-06 -8.08322e-05 -0.015037 -0.0033124 0.000262548 0.0371297 -0.0863915 -3.24995e-05
internal_weight=3071.54 3063.92 68.7661 59.0615 2995.16 23.7799 9.70465 2971.38
internal_count=8342 8324 212 165 8112 47 47 8065
is_linear=0
shrinkage=0.1


Tree=99
num_leaves=11
num_cat=0
split_feature=4 4 4 4 5 2 4 1 3 2
split_gain=0.955111 8.36019 8.05903 14.5759 5.46303 6.90119 5.35498 5.03816 23.6035 5.09271
threshold=11.385887385811658 11.503295898437502 10.411365613537784 10.245374124666307 9.1550763173116252 0.26673268801945554 9.9288849099757517 0.042663991104239955 0.31241989049643926 0.08302835023091891
decision_type=2 2 2 2 2 2 2 2 2 2
left_child=2 -2 3 6 -4 -6 -1 9 -9 -3
right_child=1 7 4 -5 5 -7 -8 8 -10 -11
leaf_value=-0.00062621762579188748 -0.092208956296844113 0.0065402353858216543 0.083824162230075105 -0.13554547337157113 -0.006572705449916197 0.047304640938109641 0.034504081129886642 -0.11684772567372137 -0.00085112634625680427 0.068866710349120536
leaf_weight=2481.1800018176436 10.570315606892107 50.67507816106081 14.745975807309149 7.9599106013774863 51.228663943707943 44.362575307488441 44.162757113575935 18.529634386301041 329.22591412067413 17.685356616973877
leaf_count=7102 32 104 20 26 112 77 78 57 706 28
internal_value=5.97452e-06 -0.0043842 0.000714553 -0.000437726 0.0271705 0.018431 -1.1865e-05 -0.00215324 -0.00703183 0.0226646
internal_weight=3070.33 426.686 2643.64 2533.3 110.337 95.5912 2525.34 416.116 347.756 68.3604
internal_count=8342 927 7415 7206 209 189 7180 895 763 132
is_linear=0
shrinkage=0.1


end of trees

feature_importances:
rush_attempts_L3=221
rush_attempts_L10=205
rush_attempts_L5=176
rush_tds_L3=164
rush_tds_L10=163
rush_tds_std_L5=106
rush_tds_L5=97

parameters:
[boosting: gbdt]
[objective: binary]
[metric: binary_logloss]
[tree_learner: serial]
[device_type: cpu]
[data_sample_strategy: bagging]
[data: ]
[valid: ]
[num_iterations: 100]
[learning_rate: 0.1]
[num_leaves: 31]
[num_threads: 2]
[seed: 42]
[deterministic: 0]
[force_col_wise: 0]
[force_row_wise: 0]
[histogram_pool_size: -1]
[max_depth: 4]
[min_data_in_leaf: 20]
[min_sum_hessian_in_leaf: 0.001]
[bagging_fraction: 1]
[pos_bagging_fraction: 1]
[neg_bagging_fraction: 1]
[bagging_freq: 0]
[bagging_seed: 400]
[bagging_by_query: 0]
[feature_fraction: 1]
[feature_fraction_bynode: 1]
[feature_fraction_seed: 30056]
[extra_trees: 0]
[extra_seed: 12879]
[early_stopping_round: 0]
[early_stopping_min_delta: 0]
[first_metric_only: 0]
[max_delta_step: 0]
[lambda_l1: 0]
[lambda_l2: 0]
[linear_lambda: 0]
[min_gain_to_split: 0]
[drop_rate: 0.1]
[max_drop: 50]
[skip_drop: 0.5]
[xgboost_dart_mode: 0]
[uniform_drop: 0]
[drop_seed: 17869]
[top_rate: 0.2]
[other_rate: 0.1]
[min_data_per_group: 100]
[max_cat_threshold: 32]
[cat_l2: 10]
[cat_smooth: 10]
[max_cat_to_onehot: 4]
[top_k: 20]
[monotone_constraints: ]
[monotone_constraints_method: basic]
[monotone_penalty: 0]
[feature_contri: ]
[forcedsplits_filename: ]
[refit_decay_rate: 0.9]
[cegb_tradeoff: 1]
[cegb_penalty_split: 0]
[cegb_penalty_feature_lazy: ]
[cegb_penalty_feature_coupled: ]
[path_smooth: 0]
[interaction_constraints: ]
[verbosity: -1]
[saved_feature_importance_type: 0]
[use_quantized_grad: 0]
[num_grad_quant_bins: 4]
[quant_train_renew_leaf: 0]
[stochastic_rounding: 1]
[linear_tree: 0]
[max_bin: 255]
[max_bin_by_feature: ]
[min_data_in_bin: 3]
[bin_construct_sample_cnt: 200000]
[data_random_seed: 175]
[is_enable_sparse: 1]
[enable_bundle: 1]
[use_missing: 1]
[zero_as_missing: 0]
[feature_pre_filter: 1]
[pre_partition: 0]
[two_round: 0]
[header: 0]
[label_column: ]
[weight_column: ]
[group_column: ]
[ignore_column: ]
[categorical_feature: ]
[forcedbins_filename: ]
[precise_float_parser: 0]
[parser_config_file: ]
[objective_seed: 16083]
[num_class: 1]
[is_unbalance: 0]
[scale_pos_weight: 5.66294]
[sigmoid: 1]
[boost_from_average: 1]
[reg_sqrt: 0]
[alpha: 0.9]
[fair_c: 1]
[poisson_max_delta_step: 0.7]
[tweedie_variance_power: 1.5]
[lambdarank_truncation_level: 30]
[lambdarank_norm: 1]
[label_gain: ]
[lambdarank_position_bias_regularization: 0]
[eval_at: ]
[multi_error_top_k: 1]
[auc_mu_weights: ]
[num_machines: 1]
[local_listen_port: 12400]
[time_out: 120]
[machine_list_filename: ]
[machines: ]
[gpu_platform_id: -1]
[gpu_device_id: -1]
[gpu_use_dp: 0]
[num_gpu: 1]

end of parameters

pandas_categorical:[]
