tree
version=v4
num_class=1
num_tree_per_iteration=1
label_index=0
max_feature_idx=7
objective=binary sigmoid:1
feature_names=rushing_yards_L3 rushing_yards_L5 rushing_yards_L10 rushing_yards_std_L5 rush_tds_L3 rush_tds_L5 rush_attempts_L3 rush_attempts_L5
feature_infos=[25.731644302358681:80.67578125] [40:59.986298194106901] [26.148760330578511:78.388429752066102] [0:72.921000008961443] [0:2] [0:2] [1:20.279588498175144] [1:19.445488405155466]
tree_sizes=1639 1593 1595 1493 1599 1393 1587 1493 1396 1383 980 1597 1500 1182 1080 776 1285 971 1389 873 677 1500 1385 981 673 1084 1495 1282 974 986 675 1497 1184 780 1798 679 981 1496 887 779 884 1081 1602 1599 680 1291 980 785 1395 1497 785 1081 1592 985 1185 1178 679 1083 981 777 881 880 1388 1596 982 1603 876 1289 985 883 887 1189 1090 1277 986 986 678 1488 987 987 984 1190 978 1078 1290 1083 1390 1089 1392 1386 1185 1083 1186 1500 677 1387 1596 1595 984 1081

Tree=0
num_leaves=15
num_cat=0
split_feature=7 2 5 1 3 7 1 1 6 4 2 3 3 1
split_gain=40.8074 14.4629 11.0427 11.0558 7.54589 6.89423 6.42271 10.4933 6.0188 5.08611 2.60812 5.95421 2.76379 2.51644
threshold=9.5359305803261254 46.480387934466883 0.57772458412738159 43.254564526187345 16.83963459805604 15.573458311032592 46.749192696900174 48.815424477975931 7.7460937500000009 0.46254400363568499 44.220238702625949 26.306400301741334 37.424900630624897 57.382824893914673
decision_type=2 2 2 2 2 2 2 2 2 2 2 2 2 2
left_child=6 2 4 -4 -2 9 10 -8 -9 -3 12 -12 -1 -7
right_child=1 5 3 -5 -6 13 7 8 -10 -11 11 -13 -14 -15
leaf_value=0.26225182600834052 0.43385259391534881 0.39431128929542408 0.3057522673255344 0.49722183543250598 0.32883833596551199 0.52799315355312681 0.46212541824574938 0.23744002782657245 0.35203367546569475 0.43415409403203498 0.41707903021099557 0.2770107628259646 0.34096783486424159 0.43681466257565121
leaf_weight=27.82531201839447 7.902756690979003 81.510216847062111 4.2865399271249762 10.172191545367239 51.000544860959053 6.9317851960659009 6.4739100486040142 6.6042933315038708 14.978730469942091 52.789862483739853 4.7444150745868674 8.422755688428877 5.3119655549526206 5.3733223378658295
leaf_count=130 44 437 21 60 256 42 37 30 77 294 26 40 27 30
internal_value=0.376748 0.398398 0.362149 0.440457 0.342928 0.416537 0.312707 0.350462 0.316969 0.409972 0.28983 0.32748 0.27487 0.488178
internal_weight=294.329 219.967 73.362 14.4587 58.9033 146.605 74.3614 28.0569 21.583 134.3 46.3044 13.1672 33.1373 12.3051
internal_count=1551 1184 381 81 300 803 367 144 107 731 223 66 157 72
is_linear=0
shrinkage=1


Tree=1
num_leaves=14
num_cat=0
split_feature=7 2 5 3 7 0 0 3 1 4 4 7 6
split_gain=31.995 11.9708 7.52557 8.71037 5.63614 9.53122 12.8836 5.96917 5.52733 4.26971 4.04848 3.92027 3.78014
threshold=9.5359305803261254 51.467414012491268 0.56228478732611875 21.585027373605104 7.8117318213982641 54.553937625256374 63.977486610412605 20.943366761710703 59.385088379295617 1.0000000180025095e-35 0.53128433227539074 15.43567536697425 7.5203753113746652
decision_type=2 2 2 2 2 2 2 2 2 2 2 2 2
left_child=4 2 10 -4 9 7 -7 -6 11 -1 -2 -3 -11
right_child=1 8 3 -5 5 6 -8 -9 -10 12 -12 -13 -14
leaf_value=-0.21749711905774294 -0.045547702503553236 -0.0067675988561044925 -0.065927070016396361 0.056645448325709682 -0.01611619969692098 0.10451028561698228 -0.13390579703816557 -0.11671525345290544 0.10728534625915052 -0.084652219599070738 -0.10782578266451054 0.055843723714009821 -0.16659792852503488
leaf_weight=4.5733800977468517 83.704939797520638 84.315881982445717 9.4943204075098055 14.890207335352896 7.4068371802568427 6.0650020688772184 3.6190122216939926 28.960078909993172 5.12192179262638 16.597888499498371 11.925202101469038 11.345905452966688 8.5184022784233075
leaf_count=19 433 459 49 87 39 36 17 137 31 81 58 67 38
internal_value=-0.0385699 -0.0193316 -0.040669 0.00892081 -0.0946533 -0.07275 0.0154118 -0.0962263 0.00607726 -0.128627 -0.0533139 0.000658377 -0.112445
internal_weight=296.539 220.798 120.015 24.3845 75.7406 46.0509 9.68401 36.3669 100.784 29.6897 95.6301 95.6618 25.1163
internal_count=1551 1184 627 136 367 229 53 176 557 138 491 526 119
is_linear=0
shrinkage=0.1


Tree=2
num_leaves=14
num_cat=0
split_feature=7 2 5 1 3 7 7 4 1 3 4 1 4
split_gain=25.4284 9.94104 7.38889 8.647 5.85479 4.73439 4.66992 5.48438 4.82544 4.28801 4.03572 2.21001 1.32538
threshold=9.5359305803261254 46.480387934466883 0.57772458412738159 43.254564526187345 16.83963459805604 15.573458311032592 7.1481270048850405 0.00025374101825550007 46.888430689287638 37.424900630624897 0.57449643086874869 57.382824893914673 0.12500023841857913
decision_type=2 2 2 2 2 2 2 2 2 2 2 2 2
left_child=6 2 4 -4 -2 10 9 -8 -9 12 -3 -7 -1
right_child=1 5 3 -5 -6 11 7 8 -10 -11 -12 -13 -14
leaf_value=-0.18559084753230043 0.017479218731545731 -0.01731037687692475 -0.099584026100382916 0.069099666836348606 -0.074576815489842144 0.096337496375334772 0.045897212687645787 -0.10216627600568894 -0.041150772042333493 -0.047507069147035126 0.023159313659848673 0.0097681829671044055 -0.12220506630990556
leaf_weight=7.4604425877332705 7.960839480161666 102.44793824851513 4.3776662796735755 9.9371845871210081 52.282848954200745 6.6725340187549573 3.7915602177381507 33.388464078307152 21.186052352190018 4.8146518021821967 32.444917216897011 5.2843792289495468 5.9136885106563568
leaf_count=31 44 548 21 60 256 42 21 156 108 24 183 30 27
internal_value=-0.0345069 -0.0173291 -0.0470668 0.017514 -0.0624122 -0.00223069 -0.0841877 -0.0704001 -0.0784798 -0.128431 -0.00757646 0.058078 -0.157563
internal_weight=297.963 221.408 74.5585 14.3149 60.2437 146.85 76.5549 58.3661 54.5745 18.1888 134.893 11.9569 13.3741
internal_count=1551 1184 381 81 300 803 367 285 264 82 731 72 58
is_linear=0
shrinkage=0.1


Tree=3
num_leaves=13
num_cat=0
split_feature=7 2 1 0 5 1 7 4 1 4 5 1
split_gain=20.4069 8.14768 5.91814 7.97966 5.0149 4.62774 3.77519 4.4006 3.85912 3.62801 4.01253 2.67903
threshold=9.5359305803261254 51.467414012491268 42.352417620845053 37.592423190190651 0.57772458412738159 59.385088379295617 7.1481270048850405 0.00025374101825550007 46.888430689287638 0.12500023841857913 0.34640129927445334 58.981037923855375
decision_type=2 2 2 2 2 2 2 2 2 2 2 2
left_child=6 2 3 -2 -4 11 9 -8 -9 -1 -11 -3
right_child=1 5 4 -5 -6 -7 7 8 -10 10 -12 -13
leaf_value=-0.16341498776017743 0.011931514668700953 0.0041295212220604886 -0.03429439831162908 -0.12518964551755948 0.021522121923584443 0.099289114274243889 0.041589575008201533 -0.091225720381538006 -0.036827910792323434 -0.00089536653978921743 -0.12949319867740886 -0.078412116470193652
leaf_weight=8.3826030045747775 6.1374810785055187 91.424548283219337 81.17335045337677 13.756406933069227 20.07820326089859 4.9979946762323371 3.767156019806861 33.63785782456398 21.29910896718502 4.2685184180736524 5.6220634877681732 4.1088851839303961
leaf_count=35 33 505 415 63 116 31 21 156 108 22 25 21
internal_value=-0.0309624 -0.0155587 -0.0330231 -0.0828863 -0.023226 0.00548684 -0.0753215 -0.062966 -0.0701356 -0.115015 -0.0739937 0.000579412
internal_weight=298.654 221.677 121.145 19.8939 101.252 100.531 76.9773 58.7041 54.937 18.2732 9.89058 95.5334
internal_count=1551 1184 627 96 531 557 367 285 264 82 47 526
is_linear=0
shrinkage=0.1


Tree=4
num_leaves=14
num_cat=0
split_feature=7 2 5 3 4 7 3 0 4 1 4 6 6
split_gain=16.5918 6.55131 5.677 6.84967 5.22242 3.80833 4.88951 5.77457 3.82144 3.26403 2.90264 3.14066 2.56693
threshold=9.8905146573184997 50.835350063714635 0.57772458412738159 21.585027373605104 0.53128433227539074 7.8117318213982641 21.145508256678138 54.553937625256374 0.30566458965950011 59.385088379295617 1.0000000180025095e-35 7.5203753113746652 14.783241276745686
decision_type=2 2 2 2 2 2 2 2 2 2 2 2 2
left_child=5 2 4 -4 -2 10 8 -8 -7 12 -1 -12 -3
right_child=1 9 3 -5 -6 6 7 -9 -10 -11 11 -13 -14
leaf_value=-0.16672501891418434 -0.031826275570192165 -0.0059932464350194933 -0.052684574568350996 0.06363165986262502 -0.1043894174461561 0.069961864616911312 -0.08227038315212605 0.0023017030151020862 -0.054148023907652866 0.087776613867985909 -0.055207818170148575 -0.12917864548208327 0.036665157772261564
leaf_weight=4.5845204144716289 75.642028704285622 82.964652970433235 8.5034679323434847 12.512376353144644 11.415131166577337 5.4945912063121778 35.711522623896599 10.432006567716597 4.5232898443937302 4.5595738589763632 16.905743166804317 8.6904202550649625 16.995721712708473
leaf_count=19 384 450 44 76 53 31 168 56 22 29 81 38 100
internal_value=-0.0278305 -0.0128165 -0.03008 0.0165676 -0.0413409 -0.0647981 -0.0494023 -0.0631506 0.0139236 0.00503394 -0.0934472 -0.0803224 0.00125973
internal_weight=298.935 212.593 108.073 21.0158 87.0572 86.3421 56.1614 46.1435 10.0179 104.52 30.1807 25.5962 99.9604
internal_count=1551 1136 557 120 437 415 277 224 53 579 138 119 550
is_linear=0
shrinkage=0.1


Tree=5
num_leaves=12
num_cat=0
split_feature=7 2 5 1 4 7 6 6 1 1 0
split_gain=13.5628 5.61141 4.42862 5.94415 5.48422 3.86862 3.70616 4.22604 3.60458 13.2481 3.20527
threshold=9.5359305803261254 46.480387934466883 0.57772458412738159 43.254564526187345 0.00098848436027765036 4.8610994408312473 9.0013775825500506 9.6027164847437252 46.749192696900174 48.815424477975931 45.861519219069372
decision_type=2 2 2 2 2 2 2 2 2 2 2
left_child=5 2 4 -4 -2 -1 -3 -8 10 -10 -7
right_child=1 6 3 -5 -6 8 7 -9 9 -11 -12
leaf_value=-0.16646614799702458 0.031629995778430037 -0.08518479994688144 -0.079740449600966629 0.060082595898276692 -0.057877431839112675 -0.047232716901814548 0.080284086079628517 -0.0019353846991329651 0.1087221965616319 -0.063184584684747275 -0.099968303582375434
leaf_weight=3.3433110713958731 7.8548272997140876 5.0654097050428382 4.4464744031429282 9.6148654073476774 53.264987871050835 23.096483483910561 6.5546952635049811 135.14740166068077 5.6470707952976253 21.747492507100105 23.00533901154995
leaf_count=14 42 25 21 60 258 111 38 740 33 105 104
internal_value=-0.0250528 -0.0125168 -0.034733 0.0158678 -0.0463744 -0.0612627 -0.00113663 0.00186783 -0.056477 -0.027748 -0.0735484
internal_weight=298.788 221.949 75.1812 14.0613 61.1198 76.8397 146.768 141.702 73.4964 27.3946 46.1018
internal_count=1551 1184 381 81 300 367 803 778 353 138 215
is_linear=0
shrinkage=0.1


Tree=6
num_leaves=14
num_cat=0
split_feature=6 2 7 6 1 3 5 3 3 1 1 1 6
split_gain=11.1861 7.26839 5.59205 6.47711 4.79048 5.63009 3.77175 3.35057 3.16873 3.87584 5.22247 5.03533 1.38023
threshold=9.249550938606264 51.820803051622541 11.505672913189711 11.7821182012558 42.292851419423222 21.585027373605104 0.55561827108876805 33.949744378285963 44.670759670918805 46.338382732216651 45.680258944890603 48.608219484657624 7.5715933479368696
decision_type=2 2 2 2 2 2 2 2 2 2 2 2 2
left_child=8 4 7 -4 5 -2 -6 -3 9 10 -1 -11 -10
right_child=1 2 3 -5 6 -7 -8 -9 12 11 -12 -13 -14
leaf_value=-0.054220102713815083 -0.13778340441175355 0.036331622600109768 -0.055892378387043321 0.013912968488346507 -0.0277365115989615 -0.032286839999272725 0.01712571049458526 0.14117692237454341 -0.07013788343213756 0.058937483180783672 -0.16344406598521038 -0.046798382765305901 -0.14932771325832989
leaf_weight=34.340850755572319 7.7655510455369976 11.469980984926222 17.020465433597565 60.686725839972496 89.32803276181221 14.512666285037993 23.716010585427284 4.1511718779802314 4.0279079675674421 6.4055497497320202 5.017220899462699 15.170383483171461 4.8525381535291672
leaf_count=164 34 65 88 343 451 72 137 26 19 36 21 74 21
internal_value=-0.0225681 -0.0118707 0.00959827 -0.00137673 -0.0266773 -0.0690599 -0.0183247 0.0641933 -0.0576034 -0.0494703 -0.0681436 -0.0154071 -0.11341
internal_weight=298.465 228.651 93.3283 77.7072 135.322 22.2782 113.044 15.6212 69.8145 60.934 39.3581 21.5759 8.88045
internal_count=1551 1216 522 431 694 106 588 91 335 295 185 110 40
is_linear=0
shrinkage=0.1


Tree=7
num_leaves=13
num_cat=0
split_feature=7 4 6 3 7 7 2 0 7 2 3 4
split_gain=9.34095 4.37202 8.24801 6.80362 5.80691 4.23611 5.37416 4.04459 2.81084 2.69935 4.91429 2.53067
threshold=9.8905146573184997 0.46254400363568499 11.7821182012558 31.609069207208432 11.450228508694082 10.4772814246101 58.931069533745912 43.461900191918183 6.0249008963700348 42.247696168440648 34.500826778579345 0.00098848436027765036
decision_type=2 2 2 2 2 2 2 2 2 2 2 2
left_child=8 5 3 -3 -4 7 -7 -2 -1 11 -11 -10
right_child=1 2 4 -5 -6 6 -8 -9 9 10 -12 -13
leaf_value=-0.10345080645009715 -0.040775277272137554 -0.068329469435202655 -0.057078485893135737 0.038453121676595467 0.042538590844260482 -0.036528381218857257 0.024522954127554251 0.067209115661105975 0.015322924622252768 0.00034283913172806005 -0.07224214389673092 -0.071340816702431739
leaf_weight=8.3245180547237378 5.3740797936916342 19.486712872982029 6.6368917971849433 8.6000939756631833 49.457483157515526 96.177506938576698 16.961246281862259 9.7824548780918104 3.762535259127616 26.920586660504341 14.272850081324576 32.253028929233551
leaf_count=38 27 98 34 50 286 490 96 55 20 139 67 151
internal_value=-0.0203385 -0.00910556 0.00860301 -0.035633 0.0307522 -0.0207251 -0.0273758 0.0289209 -0.0482425 -0.0422901 -0.0248067 -0.0622871
internal_weight=298.01 212.476 84.1812 28.0868 56.0944 128.295 113.139 15.1565 85.5335 77.209 41.1934 36.0156
internal_count=1551 1136 468 148 320 668 586 82 415 377 206 171
is_linear=0
shrinkage=0.1


Tree=8
num_leaves=12
num_cat=0
split_feature=6 2 5 4 2 2 4 4 1 4 2
split_gain=7.70152 5.17888 6.21033 5.50656 3.73812 3.6541 2.58244 2.71224 2.5681 1.45032 0.789493
threshold=9.249550938606264 46.480387934466883 0.0095272995148704513 0.33984375000000006 47.600040751618003 51.820803051622541 1.0000000180025095e-35 0.0078163146972656024 46.460941766902643 0.28125005960464483 39.930143036608563
decision_type=2 2 2 2 2 2 2 2 2 2 2
left_child=6 2 10 -4 9 -6 -1 -8 -9 -3 -2
right_child=1 4 3 -5 5 -7 7 8 -10 -11 -12
leaf_value=-0.10807210441313558 0.018219388437895841 0.021479435004795523 -0.063337502564484102 -0.0099802780140134297 -0.028179699364121038 0.0084414524542778882 0.038668082784622283 -0.06375438152704245 -0.02100503250637957 0.096143963992221623 0.07772497749939912
leaf_weight=6.4040832817554465 4.169015556573866 5.0504361987113935 40.540038615465164 36.989276483654976 38.547286748886108 92.942311927676201 3.9626912474632254 35.450188681483269 23.281112432479858 5.36538465321064 4.7929463982582092
leaf_count=30 22 27 192 195 199 522 21 167 117 32 27
internal_value=-0.0183322 -0.00948233 -0.0287703 -0.0378807 0.00227368 -0.00229435 -0.0475845 -0.0414058 -0.0468085 0.0599405 0.0500436
internal_weight=297.495 228.397 86.4913 77.5293 141.905 131.49 69.0981 62.694 58.7313 10.4158 8.96196
internal_count=1551 1216 436 387 780 721 335 305 284 59 49
is_linear=0
shrinkage=0.1


Tree=9
num_leaves=12
num_cat=0
split_feature=7 1 3 3 0 7 7 4 6 3 6
split_gain=6.54997 5.92079 5.05531 3.88795 3.45053 3.39307 3.1849 2.45016 2.91105 5.04863 1.92218
threshold=7.8117318213982641 42.292851419423222 29.563478211063629 36.770724072949236 37.892183135722142 15.43567536697425 8.8110145425367694 1.0000000180025095e-35 7.5203753113746652 24.138764852569388 17.285803339444104
decision_type=2 2 2 2 2 2 2 2 2 2 2
left_child=7 2 4 -4 -2 6 -3 -1 9 -9 -7
right_child=1 5 3 -5 -6 10 -8 8 -10 -11 -12
leaf_value=-0.13360836537094642 -0.01069200834171481 0.031506283022661875 0.058388430781675771 -0.067349310257025702 -0.10255453175092868 0.070827104306659228 -0.012583392002316391 -0.10783138710889939 -0.09819875215871518 0.01171094578711377 -0.012164982018122418
leaf_weight=4.0806401818990734 5.4669660031795564 17.802375361323357 5.9218181073665601 4.2056754976511002 16.221519783139229 8.6234210282564145 205.6482879370451 5.1363596022129121 8.3169062286615354 11.31685523688793 4.1260429471731177
leaf_count=19 28 94 32 20 73 55 1087 23 38 58 24
internal_value=-0.0165362 -0.0116628 -0.0521602 0.00617293 -0.079399 -0.00620782 -0.00907076 -0.0618094 -0.0499812 -0.0256077 0.0439688
internal_weight=296.867 268.016 31.816 10.1275 21.6885 236.2 223.451 28.8508 24.7701 16.4532 12.7495
internal_count=1551 1413 153 52 101 1260 1181 138 119 81 79
is_linear=0
shrinkage=0.1


Tree=10
num_leaves=8
num_cat=0
split_feature=7 1 0 1 2 2 0
split_gain=5.93327 3.36623 3.08216 4.36789 2.75128 6.47771 2.64344
threshold=9.5359305803261254 59.385088379295617 33.828125000000007 42.352417620845053 55.969263833622215 52.011633022092759 54.594726562500007
decision_type=2 2 2 2 2 2 2
left_child=4 2 -2 -4 5 6 -1
right_child=1 -3 3 -5 -6 -7 -8
leaf_value=-0.05374494715837598 0.078229510113791506 0.068446780550299749 -0.055779936356138177 -0.005823754800945876 -0.11003853525298202 0.073085675207106501 -0.0053817370556867306
leaf_weight=49.77204293012619 4.0011230856180182 5.8048874437808982 19.25175017118454 192.59339840710163 5.1191523373126975 5.2176404148340216 14.621711298823355
leaf_count=240 23 37 92 1032 23 29 75
internal_value=-0.0149159 -0.00670038 -0.00872136 -0.0103636 -0.0392832 -0.0340799 -0.0427632
internal_weight=296.382 221.651 215.846 211.845 74.7305 69.6114 64.3938
internal_count=1551 1184 1147 1124 367 344 315
is_linear=0
shrinkage=0.1


Tree=11
num_leaves=14
num_cat=0
split_feature=7 4 4 2 3 3 2 7 2 6 2 0 2
split_gain=5.32081 6.60861 8.16336 7.6261 5.34151 7.1815 3.90656 3.90095 4.14668 5.78129 2.3538 2.34075 2.19234
threshold=12.370316876875497 0.46254400363568499 0.22524479404091832 58.931069533745912 18.485013268986602 16.336982831877148 59.032824012061006 12.210558797578143 46.480387934466883 9.0013775825500506 46.173066627047795 51.065632581710823 49.163815731017031
decision_type=2 2 2 2 2 2 2 2 2 2 2 2 2
left_child=7 2 3 -2 5 -3 -6 8 10 -10 -1 -4 -9
right_child=1 4 11 -5 6 -7 -8 12 9 -11 -12 -13 -14
leaf_value=-0.030100402070145388 -0.0092691490850029725 0.062829323275658377 -0.031275511752642558 0.10617655863736396 0.079872735918597532 -0.10403503253651636 -0.0040421637125045767 -0.037147625261737649 -0.043938264850396168 0.013233114325735424 -0.10492395347250361 -0.095168422482476617 -0.13634722236349434
leaf_weight=99.325629934668541 27.819241598248482 4.9113570451736432 11.827925980091097 7.2036680132150641 22.026931002736095 5.4316861182451248 7.4153933972120276 4.3868485540151578 25.014256909489632 60.387201324105263 4.3901266306638709 11.128978595137594 4.5267824828624725
leaf_count=497 146 29 61 45 133 27 43 22 122 330 20 55 21
internal_value=-0.0134542 0.00563408 -0.015903 0.0144762 0.0370204 -0.0248001 0.0587378 -0.0228778 -0.0198308 -0.0035125 -0.0332676 -0.0622493 -0.0875261
internal_weight=295.796 97.7652 57.9798 35.0229 39.7854 10.343 29.4423 198.031 189.117 85.4015 103.716 22.9569 8.91363
internal_count=1551 539 307 191 232 56 176 1012 969 452 517 116 43
is_linear=0
shrinkage=0.1


Tree=12
num_leaves=13
num_cat=0
split_feature=6 2 7 6 1 1 5 5 5 3 4 3
split_gain=4.47229 3.62703 3.90022 5.15923 2.91068 4.70981 2.40907 5.28517 3.57068 2.38181 1.45433 0.802941
threshold=8.0546875000000018 51.467414012491268 11.372404318181419 10.423116713762285 49.082251036203381 46.460941766902643 0.55561827108876805 0.8640379224869662 0.46917343599759914 26.438248407633335 0.03125006037687706 32.014003568484718
decision_type=2 2 2 2 2 2 2 2 2 2 2 2
left_child=4 6 9 -4 5 10 8 -8 -2 -3 -1 -6
right_child=1 2 3 -5 11 -7 7 -9 -10 -11 -12 -13
leaf_value=-0.083971224170197589 -0.017666840451418187 0.0079062175815101613 -0.1008006548411067 0.0037428353143039252 -0.063878152118554896 0.074739114868201048 0.038659562233767659 -0.047554085905413428 -0.074082286662299199 0.076315476544940072 -0.02986868643639351 -0.12502939184371462
leaf_weight=6.9536118656396928 112.20595709979534 9.1438476145267504 5.0287397354841223 77.019856050610542 4.1292379796504957 3.7741583287715903 19.901880607008938 11.063353911042212 12.465385064482687 11.478536844253538 17.404226928949356 4.4733379781246185
leaf_count=34 563 50 24 433 20 21 115 58 59 68 86 20
internal_value=-0.0121256 -0.00748272 0.00710674 -0.00266461 -0.0447735 -0.0292076 -0.0171072 0.00785689 -0.0233076 0.0459832 -0.0453137 -0.0956768
internal_weight=295.042 258.308 102.671 82.0486 36.7346 28.132 155.637 30.9652 124.671 20.6224 24.3578 8.60258
internal_count=1551 1370 575 457 181 141 795 173 622 118 120 40
is_linear=0
shrinkage=0.1


Tree=13
num_leaves=10
num_cat=0
split_feature=7 7 4 2 0 7 6 4 5
split_gain=4.11195 4.96591 4.62816 4.24799 4.08734 2.84847 2.77157 3.07425 2.744
threshold=13.236677672251552 13.328329668648912 0.53742267215467721 59.516685016690566 50.696760635673293 6.0249008963700348 13.230528882944244 0.016506195068359354 0.25022182715479574
decision_type=2 2 2 2 2 2 2 2 2
left_child=5 -2 3 -3 -4 -1 7 -7 -8
right_child=1 2 4 -5 -6 6 8 -9 -10
leaf_value=-0.077782998018878724 0.12044924228311647 -0.030852229257693167 -0.019331617211535014 0.044457923532434815 0.081011314992706127 0.01986287068530012 -0.088522569317736166 -0.016314032980577195 -0.018463902974549997
leaf_weight=7.509514868259429 3.9193821847438803 32.864141419529915 6.1652738749980953 9.7007570862770063 11.884915709495543 27.202254056930542 9.6911518871784228 172.1081941947341 13.212783068418501
leaf_count=38 24 171 35 59 75 144 45 890 70
internal_value=-0.010944 0.0113592 0.00430539 -0.0136887 0.0467379 -0.0172094 -0.0151624 -0.0113765 -0.0481072
internal_weight=294.258 64.5345 60.6151 42.5649 18.0502 229.724 222.214 199.31 22.9039
internal_count=1551 364 340 230 110 1187 1149 1034 115
is_linear=0
shrinkage=0.1


Tree=14
num_leaves=9
num_cat=0
split_feature=7 7 4 4 3 7 2 2
split_gain=3.76877 3.06453 4.671 6.5912 4.40747 3.23281 2.9793 1.73957
threshold=4.8610994408312473 12.370316876875497 0.46254400363568499 0.22524479404091832 18.485013268986602 12.210558797578143 46.480387934466883 49.163815731017031
decision_type=2 2 2 2 2 2 2 2
left_child=-1 5 3 -3 -4 6 -2 -7
right_child=1 2 4 -5 -6 7 -8 -9
leaf_value=-0.12487192744906449 -0.024752445871858954 0.015211335117608846 -0.023716927503863547 -0.053659873249809691 0.052512292314197288 -0.02946484640300644 0.00073931061446163605 -0.11740127258405926
leaf_weight=2.8217748403549185 100.78895641863346 34.832719720900059 10.292765125632284 23.118925839662552 28.829744450747967 4.3907514065504056 84.106150448322296 4.6130994558334351
leaf_count=14 507 191 56 116 176 22 448 21
internal_value=-0.00985998 -0.00874463 0.00575948 -0.0122638 0.0324571 -0.016006 -0.0131566 -0.0745188
internal_weight=293.795 290.973 97.0742 57.9516 39.1225 193.899 184.895 9.00385
internal_count=1551 1537 539 307 232 998 955 43
is_linear=0
shrinkage=0.1


Tree=15
num_leaves=6
num_cat=0
split_feature=7 1 1 1 0
split_gain=3.24776 2.88684 2.61035 4.80019 2.16314
threshold=4.8610994408312473 59.631595160157012 42.352417620845053 40.743281477414193 45.621724128723152
decision_type=2 2 2 2 2
left_child=-1 2 3 -2 -4
right_child=1 -3 4 -5 -6
leaf_value=-0.11832653750150762 0.016028978280359589 0.078926896740010119 0.0099559325316843413 -0.057987444106141588 -0.010985227958234001
leaf_weight=2.6870956569910041 13.225841999053953 3.7810894995927802 68.029646396636963 25.96066503226757 179.4200990870595
leaf_count=14 69 25 362 126 955
internal_value=-0.00889305 -0.00788052 -0.00902561 -0.0330062 -0.00522802
internal_weight=293.104 290.417 286.636 39.1865 247.45
internal_count=1551 1537 1512 195 1317
is_linear=0
shrinkage=0.1


Tree=16
num_leaves=11
num_cat=0
split_feature=6 0 0 7 7 2 1 1 1 1
split_gain=2.96516 2.79753 7.68001 4.80298 4.05026 2.4596 2.36873 4.96095 4.6819 2.349
threshold=9.249550938606264 37.592423190190651 39.589868435170509 12.104197162235597 11.204517003832214 56.366742229958803 46.460941766902643 47.637044147587268 45.680258944890603 42.352417620845053
decision_type=2 2 2 2 2 2 2 2 2 2
left_child=5 3 4 -2 -3 6 8 -8 -1 -4
right_child=1 2 9 -5 -6 -7 7 -9 -10 -11
leaf_value=-0.021615042124625363 0.1110578432345494 -0.15817082689688863 -0.042262443163685409 -0.026488262712724087 -0.022509521850643491 -0.088634266724592389 0.10295314250104977 -0.017925536187616799 -0.12309902462159449 0.0016359952128437061
leaf_weight=33.590094804763794 5.5810077339410764 4.8130731731653196 13.003646463155745 4.6572123914957047 4.0547733157873154 5.8401029706001273 4.2399109750986126 17.041676372289658 5.2575069963932028 194.68288353085518
leaf_count=172 33 21 63 24 21 27 25 87 24 1054
internal_value=-0.00801682 -0.00258902 -0.00500394 0.0484902 -0.0961405 -0.0266768 -0.0206591 0.00615701 -0.0353496 -0.00111257
internal_weight=292.762 226.793 216.554 10.2382 8.86785 65.9693 60.1292 21.2816 38.8476 207.687
internal_count=1551 1216 1159 57 42 335 308 112 196 1117
is_linear=0
shrinkage=0.1


Tree=17
num_leaves=8
num_cat=0
split_feature=7 1 7 2 2 1 1
split_gain=2.68643 2.49966 2.42738 3.8009 2.08191 2.05613 1.67733
threshold=15.573458311032592 59.385088379295617 7.1481270048850405 37.52240887094387 64.967929744074624 57.834962421186468 53.916877781075002
decision_type=2 2 2 2 2 2 2
left_child=1 2 3 -1 -4 6 -2
right_child=5 -3 4 -5 -6 -7 -8
leaf_value=0.015375095098984604 0.026971060446286679 0.056919424751595254 -0.0094094505207320926 -0.08761469843690417 0.061681181051727076 -0.016856000148337043 0.12155433627966997
leaf_weight=5.7134654819965354 4.0420277938246709 5.6037297695875159 255.18326726555824 9.6119028627872449 4.1870272606611243 4.1419502794742584 3.4971362501382828
leaf_count=31 26 36 1335 50 24 25 24
internal_value=-0.00723993 -0.00919806 -0.0105468 -0.049219 -0.00826183 0.0397473 0.0708447
internal_weight=291.981 280.299 274.696 15.3254 259.37 11.6811 7.53916
internal_count=1551 1476 1440 81 1359 75 50
is_linear=0
shrinkage=0.1


Tree=18
num_leaves=12
num_cat=0
split_feature=7 1 3 7 7 4 3 1 6 7 3
split_gain=2.30921 2.3451 3.91049 3.6724 4.98168 4.85154 3.22697 2.6587 2.21913 4.97501 2.50926
threshold=7.8117318213982641 42.292851419423222 29.563478211063629 8.8110145425367694 9.2651736963683984 0.55513473600149166 36.770724072949236 40.413526413551637 7.5203753113746652 7.1481270048850405 37.424900630624897
decision_type=2 2 2 2 2 2 2 2 2 2 2
left_child=8 2 7 5 -5 -3 -4 -2 9 10 -1
right_child=1 3 6 4 -6 -7 -8 -9 -10 -11 -12
leaf_value=-0.072542934486288346 0.016865509404036784 0.012709428226311732 0.069788014634687853 -0.069540095939602517 -0.00039222413808862446 0.13308334782661052 -0.046763366645559551 -0.072296754608982036 -0.079056880435424928 0.070540721141698529 0.027045252322979437
leaf_weight=9.973757013678556 4.1879799962043824 12.993225499987604 5.8183519840240461 10.973270505666731 206.19520512223244 4.5105489343404761 4.0146171748638153 16.60113513469696 7.9227560311555854 4.8971348106861106 3.3900024890899649
leaf_count=53 22 68 32 52 1114 26 20 79 39 27 19
internal_value=-0.00652724 -0.00373096 -0.0297583 -0.000334686 -0.00388619 0.0437286 0.0222023 -0.054335 -0.0348593 -0.0156835 -0.0472803
internal_weight=291.478 265.294 30.6221 234.672 217.168 17.5038 9.83297 20.7891 26.1837 18.2609 13.3638
internal_count=1551 1413 153 1260 1166 94 52 101 138 99 72
is_linear=0
shrinkage=0.1


Tree=19
num_leaves=7
num_cat=0
split_feature=7 7 1 1 2 0
split_gain=2.15218 2.43344 2.00221 1.80561 1.69807 0.931906
threshold=15.573458311032592 4.8610994408312473 59.385088379295617 57.382824893914673 64.967929744074624 51.291229450624975
decision_type=2 2 2 2 2 2
left_child=1 -1 4 5 -3 -2
right_child=3 2 -4 -5 -6 -7
leaf_value=-0.10757289748021265 0.038308183675563601 -0.0089748033191454791 0.052894824806293587 -0.0090813400090562126 0.055462517735107048 0.1144958545729815
leaf_weight=2.4160451591014853 3.7547773569822294 267.18276116997004 5.5111940577626219 4.9579251036047935 4.1531642377376548 2.8047144487500191
leaf_count=14 25 1402 36 30 24 20
internal_value=-0.0059014 -0.00764854 -0.0067765 0.0364615 -0.0079885 0.0708846
internal_weight=290.781 279.263 276.847 11.5174 271.336 6.55949
internal_count=1551 1476 1462 75 1426 45
is_linear=0
shrinkage=0.1


Tree=20
num_leaves=5
num_cat=0
split_feature=3 1 2 1
split_gain=2.02546 3.96745 2.86247 2.18019
threshold=56.243808438055623 59.385088379295617 64.967929744074624 58.981037923855375
decision_type=2 2 2 2
left_child=1 2 3 -1
right_child=-2 -3 -4 -5
leaf_value=-0.0060243011304501361 -0.069370861968292216 0.079873456290949829 0.074445519640829919 -0.077244912757971781
leaf_weight=271.30183379352093 4.8541148677468291 5.5011816620826712 4.3672369271516791 4.3673512637615195
leaf_count=1440 24 38 27 22
internal_value=-0.00531687 -0.00422795 -0.00588009 -0.00715263
internal_weight=290.392 285.538 280.036 275.669
internal_count=1551 1527 1489 1462
is_linear=0
shrinkage=0.1


Tree=21
num_leaves=13
num_cat=0
split_feature=6 1 1 6 4 4 3 4 7 3 0 3
split_gain=1.93481 2.87463 3.93953 2.18704 1.91313 4.14805 4.19147 4.14071 5.23285 4.85248 3.70539 0.66618
threshold=8.0546875000000018 49.082251036203381 46.460941766902643 7.8283273577690133 0.46254400363568499 0.50198500612175001 21.202660279192383 0.22063032597546342 9.0123456790123466 15.868557757395971 57.818778395652778 32.014003568484718
decision_type=2 2 2 2 2 2 2 2 2 2 2 2
left_child=1 2 3 -1 7 10 -7 9 -9 -2 -6 -3
right_child=4 11 -4 -5 5 6 -8 8 -10 -11 -12 -13
leaf_value=-0.012142111784828187 0.074969259990766521 -0.049882635810425825 0.086076386933376492 -0.093767118221941587 0.098433469371677948 -0.034826290862048186 0.014750908776354869 -0.12791285893077728 -0.021206812996494861 -0.0035680388443720583 -0.020808167175956464 -0.10744508144710958
leaf_weight=18.630249239504344 8.5701101645827276 3.9232927709817869 3.602075368165969 3.9846085458993903 8.7699176520109159 23.39178217202425 62.930802412331104 5.0870045423507682 47.594237104058266 95.897753082215786 3.7078194618225089 4.1238693594932556
leaf_count=101 48 20 21 19 51 124 358 23 243 504 19 20
internal_value=-0.0047845 -0.0271006 -0.0110532 -0.026524 -0.00179703 0.00910663 0.00131643 -0.00865221 -0.0315106 0.00287484 0.0630002 -0.0793812
internal_weight=290.214 34.2641 26.2169 22.6149 255.949 98.8003 86.3226 157.149 52.6812 104.468 12.4777 8.04716
internal_count=1551 181 141 120 1370 552 482 818 266 552 70 40
is_linear=0
shrinkage=0.1


Tree=22
num_leaves=12
num_cat=0
split_feature=7 7 4 5 0 1 1 1 6 6 1
split_gain=1.81636 4.45466 3.32728 4.14695 3.40502 2.42475 5.58528 4.08977 3.6505 4.44628 2.7953
threshold=13.236677672251552 13.328329668648912 0.53742267215467721 0.44490040251846369 50.696760635673293 49.944117590280584 46.888430689287638 47.332611375190112 7.7460937500000009 9.8417204627185146 46.07544581618658
decision_type=2 2 2 2 2 2 2 2 2 2 2
left_child=5 -2 3 -3 -4 6 10 -8 -7 -10 -1
right_child=1 2 4 -5 -6 8 7 -9 9 -11 -12
leaf_value=-0.0056066233043857525 0.11504079782073694 0.0016041682815297312 -0.019632197873209939 -0.087412350594287314 0.072854944487981285 -0.10080198938866036 0.098527961646138904 0.01600941462205804 0.033502296523073176 -0.027803534419966486 -0.052742808758969917
leaf_weight=91.502924203872681 3.8380538523197165 36.115695774555206 6.1177007704973247 6.1203194409608832 11.395551942288874 5.4925570785999289 7.6283778250217429 28.243099600076675 14.51196303963661 64.018270656466484 14.58674183487892
leaf_count=478 24 199 35 31 75 28 45 152 79 333 72
internal_value=-0.00432163 0.010609 0.00390068 -0.011295 0.0405475 -0.0085228 -0.000553702 0.0335577 -0.021987 -0.0164745 -0.0120876
internal_weight=289.571 63.5873 59.7493 42.236 17.5133 225.984 141.961 35.8715 84.0228 78.5302 106.09
internal_count=1551 364 340 230 110 1187 747 197 440 412 550
is_linear=0
shrinkage=0.1


Tree=23
num_leaves=8
num_cat=0
split_feature=7 6 3 7 4 7 5
split_gain=1.64781 1.81582 3.59665 1.54495 1.59067 5.11768 4.30531
threshold=15.573458311032592 17.285803339444104 30.554871179586137 15.023844386990858 0.46254400363568499 13.110712509322143 0.38791878353766279
decision_type=2 2 2 2 2 2 2
left_child=3 2 -2 4 6 -6 -1
right_child=1 -3 -4 -5 5 -7 -8
leaf_value=-0.004149004598283392 0.12221591016289685 -0.020801813385598902 -0.01985822114188622 -0.056851548819393964 -0.005215413699274616 0.052662309624664505 -0.051781146329123756
leaf_weight=150.58624996989965 4.2783515602350217 3.9875278398394585 3.0535918176174164 5.7193130850791922 80.867552526295185 18.835908763110638 21.712016269564629
leaf_count=789 31 24 20 30 433 117 107
internal_value=-0.00389124 0.0335083 0.0630452 -0.00541559 -0.00433406 0.00571881 -0.0101513
internal_weight=289.041 11.3195 7.33194 277.721 272.002 99.7035 172.298
internal_count=1551 75 51 1476 1446 550 896
is_linear=0
shrinkage=0.1


Tree=24
num_leaves=5
num_cat=0
split_feature=3 1 2 1
split_gain=1.54113 3.32906 2.473 1.99415
threshold=56.243808438055623 59.385088379295617 64.967929744074624 58.981037923855375
decision_type=2 2 2 2
left_child=1 2 3 -1
right_child=-2 -3 -4 -5
leaf_value=-0.0041365108350293733 -0.059693098710315487 0.075872890632671941 0.071359180857495111 -0.072158486576519826
leaf_weight=269.84022738039494 4.7994239032268515 5.3117247670888892 4.2825246751308432 4.379766732454299
leaf_count=1440 24 38 27 22
internal_value=-0.00349988 -0.00254963 -0.00404534 -0.00522294
internal_weight=288.614 283.814 278.503 274.22
internal_count=1551 1527 1489 1462
is_linear=0
shrinkage=0.1


Tree=25
num_leaves=9
num_cat=0
split_feature=7 1 1 0 1 0 1 3
split_gain=1.52488 1.45441 2.9821 2.06559 1.99997 5.45783 4.14608 1.50987
threshold=6.0249008963700348 42.352417620845053 40.743281477414193 41.370286553907881 45.680258944890603 47.517578125000007 46.810077440494048 24.367561982291001
decision_type=2 2 2 2 2 2 2 2
left_child=-1 2 3 -2 5 -3 -6 -4
right_child=1 4 7 -5 6 -7 -8 -9
leaf_value=-0.051677818512875319 0.049020130414219168 0.037552819754931265 -0.069729515002830755 -0.036466931894352142 -0.049179029052296215 -0.034750418001256972 0.00076504935186287473 -0.019474144044521184
leaf_weight=6.3327801972627631 8.1202588230371457 38.521979629993439 10.402104169130327 4.3355717808008185 18.377685233950615 14.321434438228605 173.93613139539957 14.057004302740095
leaf_count=38 44 207 51 22 91 72 953 73
internal_value=-0.00314901 -0.00205949 -0.0205643 0.0192642 0.000726905 0.0179575 -0.00400765 -0.040847
internal_weight=288.405 282.072 36.9149 12.4558 245.157 52.8434 192.314 24.4591
internal_count=1551 1513 190 66 1323 279 1044 124
is_linear=0
shrinkage=0.1


Tree=26
num_leaves=13
num_cat=0
split_feature=5 5 4 3 5 7 3 2 3 4 2 0
split_gain=1.38035 4.39931 4.53798 4.50348 3.7968 3.50008 2.80622 2.23053 5.24938 3.45161 2.03025 1.38429
threshold=0.56228478732611875 0.8523773643720477 0.53742267215467721 22.148822166360279 0.52772849973156721 9.044429075097268 28.24569812729327 46.480387934466883 14.876346661943627 0.00098848436027765036 49.037107821299266 50.215180853037552
decision_type=2 2 2 2 2 2 2 2 2 2 2 2
left_child=4 2 -2 11 7 -4 -5 8 -1 -9 -6 -3
right_child=1 3 5 6 10 -7 -8 9 -10 -11 -12 -13
leaf_value=0.064940238035876993 -0.046480029354136414 -0.10649345795595291 0.14208332994401185 0.064326505857268151 -0.021154226505955151 0.036300062710022056 -0.02211202148919825 -0.06973268494166468 -0.022252430180526084 0.0088937729490046625 -0.11442888248728696 -0.030433651618912649
leaf_weight=7.5007956698536864 5.9982859790325156 5.6827400475740451 3.5465123653411892 6.1844677254557601 4.5598587244749051 26.494961015880108 9.5642146915197355 5.8638906404376021 86.891244567930698 116.64755656570196 4.7796187549829483 4.1332722008228302
leaf_count=44 32 27 21 38 23 161 53 31 442 633 23 23
internal_value=-0.00284542 0.0104253 0.0329322 -0.0213038 -0.00645895 0.0487882 0.0118322 -0.00377083 -0.0153237 0.00513039 -0.0688889 -0.0744666
internal_weight=287.847 61.6045 36.0398 25.5647 226.243 30.0415 15.7487 216.903 94.392 122.511 9.33948 9.81601
internal_count=1551 355 214 141 1196 182 91 1150 486 664 46 50
is_linear=0
shrinkage=0.1


Tree=27
num_leaves=11
num_cat=0
split_feature=6 0 3 3 3 1 0 0 6 6
split_gain=1.31049 2.41712 2.38339 2.33695 3.49937 1.83511 1.61777 5.93846 2.20881 1.17241
threshold=9.249550938606264 33.828125000000007 44.670759670918805 37.051821310205547 34.500826778579345 46.338382732216651 39.589868435170509 37.892183135722142 9.7836016308118747 7.6487579345703134
decision_type=2 2 2 2 2 2 2 2 2 2
left_child=2 -2 3 4 -1 -5 7 -3 -8 -4
right_child=1 6 9 5 -6 -7 8 -9 -10 -11
leaf_value=-0.008496877444131341 0.09373161191189941 0.02792448567384366 -0.026544337772167633 -0.0058229066840548953 -0.10363377868860016 0.080978460311000616 0.044273962993794463 -0.094065060183001606 -0.00032713546250034791 -0.1033193979913551
leaf_weight=40.82326865196228 2.7765288427472106 8.2896415442228299 3.8278200626373282 4.996696859598158 4.2707323729991904 4.7519012168049812 11.778293013572691 7.6945518404245368 193.86309285461903 4.1405177861452103
leaf_count=220 17 45 20 26 21 28 66 37 1051 20
internal_value=-0.00256661 0.0010071 -0.0153343 -0.00790911 -0.017507 0.0364879 -0.00015455 -0.0307995 0.00222743 -0.0664383
internal_weight=287.213 224.402 62.8109 54.8426 45.094 9.7486 221.626 15.9842 205.641 7.96834
internal_count=1551 1216 335 295 241 54 1199 82 1117 40
is_linear=0
shrinkage=0.1


Tree=28
num_leaves=8
num_cat=0
split_feature=7 1 7 1 1 5 0
split_gain=1.24267 1.54677 1.31445 1.24938 3.82115 2.16988 0.845937
threshold=15.573458311032592 57.382824893914673 15.023844386990858 57.56960594487358 54.695284907485743 0.1810966860523133 51.291229450624975
decision_type=2 2 2 2 2 2 2
left_child=2 6 3 4 -1 -5 -2
right_child=1 -3 -4 5 -6 -7 -8
leaf_value=0.00028780915313028935 0.032431738072558884 -0.01168458549873215 -0.050888439810489676 0.10165633021351744 -0.036271718243395208 0.0077588535659817853 0.10719470930390856
leaf_weight=217.81781198084354 3.6443044990301114 4.8825044855475426 5.7651785463094702 2.9015300944447544 32.907698675990105 16.213287808001041 2.5883556082844734
leaf_count=1158 25 30 30 18 174 96 20
internal_value=-0.00231917 0.0304628 -0.00364127 -0.00263183 -0.00451063 0.022012 0.06348
internal_weight=286.721 11.1152 275.606 269.84 250.726 19.1148 6.23266
internal_count=1551 75 1476 1446 1332 114 45
is_linear=0
shrinkage=0.1


Tree=29
num_leaves=8
num_cat=0
split_feature=7 4 2 2 4 2 2
split_gain=1.22447 1.2977 3.13109 4.21472 2.34412 2.42927 2.181
threshold=6.0249008963700348 0.0063648223876953012 39.149926356045668 45.29550105762862 0.064577225602988605 64.967929744074624 54.829138247752475
decision_type=2 2 2 2 2 2 2
left_child=-1 2 -2 -4 6 -6 -3
right_child=1 4 3 -5 5 -7 -8
leaf_value=-0.046356575479265312 -0.040127625264952456 -0.036086746644235161 0.092800134731691228 -0.00088199364534453494 -0.00060458238254655259 0.074347161148400717 0.022339002517336233
leaf_weight=6.1135187149047843 6.4669422507286098 33.69627982378006 8.5472509711980837 10.960821531713007 208.58712008595467 4.4158037677407256 7.8841209188103667
leaf_count=38 32 170 49 58 1129 30 45
internal_value=-0.00208272 -0.00111797 0.0201738 0.0401638 -0.00329036 0.000949256 -0.0250086
internal_weight=286.672 280.558 25.975 19.5081 254.583 213.003 41.5804
internal_count=1551 1513 139 107 1374 1159 215
is_linear=0
shrinkage=0.1


Tree=30
num_leaves=5
num_cat=0
split_feature=3 1 0 2
split_gain=1.14064 2.64519 2.08365 1.8598
threshold=56.243808438055623 59.539780521262024 67.159093985205701 64.967929744074624
decision_type=2 2 2 2
left_child=1 2 3 -1
right_child=-2 -3 -4 -5
leaf_value=-0.0042467836277791026 -0.050661248519802429 0.085921877578277808 0.067445832306794587 0.062770850181002744
leaf_weight=269.68125951290131 4.7140590921044341 3.4532523155212393 4.2374107018113127 4.2054063677787772
leaf_count=1447 24 27 25 28
internal_value=-0.00187786 -0.00106115 -0.00214115 -0.00321776
internal_weight=286.291 281.577 278.124 273.887
internal_count=1551 1527 1500 1475
is_linear=0
shrinkage=0.1


Tree=31
num_leaves=13
num_cat=0
split_feature=5 5 4 3 3 5 5 0 5 2 3 7
split_gain=1.1042 3.61745 3.66624 3.56712 3.13662 2.96637 2.65459 1.82166 2.44276 2.425 1.70216 1.31652
threshold=0.56228478732611875 0.8523773643720477 0.53742267215467721 22.148822166360279 19.361816107788247 0.52772849973156721 0.92492061771157419 46.365032196044929 0.44490040251846369 59.837594156826896 25.964178293530427 12.137193521865671
decision_type=2 2 2 2 2 2 2 2 2 2 2 2
left_child=5 2 -2 11 -4 7 -5 8 -1 -9 -7 -3
right_child=1 3 4 6 -6 10 -8 9 -10 -11 -12 -13
leaf_value=0.014781492103557276 -0.040630252545535865 -0.097629709884331867 -0.020894708733472621 -0.048201995327983596 0.061011057805275097 -0.016038485091735475 0.039679734922769334 -0.014173915184836919 -0.039115876939550959 0.034531573258787675 -0.10178688105035952 -0.023555994367306723
leaf_weight=75.866413898766041 5.9984765723347655 5.6051627695560473 5.8067802712321308 5.1002808660268775 24.000336207449436 4.4826721251010877 10.540724299848078 119.03562566637993 9.4572619497776014 11.182802103459833 4.7872954308986664 4.1952293664216995
leaf_count=410 32 27 32 27 150 23 64 622 48 70 23 23
internal_value=-0.00168895 0.0102142 0.0307001 -0.0186171 0.0450548 -0.00493181 0.0110229 -0.00254962 0.00880752 -0.00999122 -0.0603216 -0.0659212
internal_weight=286.059 61.247 35.8056 25.4414 29.8071 224.812 15.641 215.542 85.3237 130.218 9.26997 9.80039
internal_count=1551 355 214 141 182 1196 91 1150 458 692 46 50
is_linear=0
shrinkage=0.1


Tree=32
num_leaves=10
num_cat=0
split_feature=6 7 7 2 3 0 0 3 3
split_gain=1.06344 2.47631 2.01829 2.66798 2.37538 1.27446 1.87012 2.05235 1.79609
threshold=8.0546875000000018 8.7799328592481007 7.1481270048850405 48.242406665468238 37.424900630624897 69.72484309249559 64.793206519309038 35.92278765151746 51.982883680899988
decision_type=2 2 2 2 2 2 2 2 2
left_child=1 2 4 -4 -1 6 8 -8 -2
right_child=5 -3 3 -5 -6 -7 7 -9 -10
leaf_value=-0.062329097945467517 -0.0010510034531030108 -0.090538372443125292 0.053727116263878154 -0.030710667449126053 0.032121444682965503 -0.058032667811253283 0.11049248092084873 0.0028170192039332622 0.067611298471782308
leaf_weight=9.6816438883543032 238.09193850308657 4.1625471562147132 8.5836137086153013 6.6342460960149756 3.6728380322456351 3.6442179828882209 3.2584150433540335 3.8757190555334091 3.8716643601655951
leaf_count=57 1289 20 48 34 22 18 21 20 22
internal_value=-0.00151996 -0.0184791 -0.00798117 0.0169164 -0.0363527 0.000676569 0.00153547 0.0519963 4.76634e-05
internal_weight=285.477 32.7349 28.5723 15.2179 13.3545 252.742 249.098 7.13413 241.964
internal_count=1551 181 161 82 79 1370 1352 41 1311
is_linear=0
shrinkage=0.1


Tree=33
num_leaves=6
num_cat=0
split_feature=2 2 7 1 6
split_gain=1.03798 2.82043 1.52707 1.54161 1.08485
threshold=32.560616394406388 34.147021380273749 5.779835390946503 42.292851419423222 10.595829609619615
decision_type=2 2 2 2 2
left_child=4 -2 -3 -4 -1
right_child=1 2 3 -5 -6
leaf_value=-0.072354886360283685 0.075507186819970984 -0.069140870765036874 -0.022083564391031325 0.001842119375579993 0.0012862634059843351
leaf_weight=4.1500893086194974 4.8164716064929953 3.3155968263745299 30.357027649879456 238.59467272460461 3.8620754331350327
leaf_count=22 28 22 159 1300 20
internal_value=-0.00137409 -0.000348041 -0.00168994 -0.000858413 -0.0368579
internal_weight=285.096 277.084 272.267 268.952 8.01216
internal_count=1551 1509 1481 1459 42
is_linear=0
shrinkage=0.1


Tree=34
num_leaves=16
num_cat=0
split_feature=4 7 5 4 5 3 7 7 3 7 0 5 7 3 7
split_gain=1.00435 3.364 4.36744 3.23553 4.64568 3.83789 3.62231 6.0313 2.64703 2.6397 2.43305 1.91185 4.76606 2.9458 1.82073
threshold=0.46254400363568499 11.450228508694082 0.82336234898143001 0.19596630707383159 0.25022182715479574 33.800789923209173 9.0123456790123466 11.645591946640147 17.997960334188118 12.001811464312301 52.297888882661944 0.62318389908159344 10.815707992816877 27.436557897522928 8.186492816512521
decision_type=2 2 2 2 2 2 2 2 2 2 2 2 2 2 2
left_child=3 11 9 4 8 -6 14 -8 -1 -3 -4 12 -2 -13 -5
right_child=1 2 10 6 5 -7 7 -9 -10 -11 -12 13 -14 -15 -16
leaf_value=0.03754961702377746 -0.011855137812553925 0.091417874342952399 -0.0555982225146801 -0.037751531616943779 0.091771013891357736 -0.027770610126954851 0.031809893189565806 -0.040235956940575315 -0.0094949068785855958 0.027918396134709134 0.021955606150751539 -0.025355546248736684 -0.12505045311519328 0.047243748064860064 -0.1277868635487239
leaf_weight=13.752544075250624 23.100499004125599 8.2513114213943464 8.9039629176259059 4.4341555237770063 9.7858327105641347 3.7015523463487616 18.09454557299614 32.47196601331234 91.774859018623829 31.686976067721844 7.4132233038544646 11.722339749336244 4.4335453361272803 10.682147175073622 4.5515982061624527
leaf_count=80 121 50 47 24 58 20 97 163 486 191 46 63 21 63 21
internal_value=-0.00124269 0.00645843 0.0232277 -0.00582255 0.00369929 0.0589634 -0.0248519 -0.0144553 -0.00336397 0.0410375 -0.020364 -0.012432 -0.0300819 0.00925879 -0.0833576
internal_weight=284.761 106.194 56.2555 178.567 119.015 13.4874 59.5523 50.5665 105.527 39.9383 16.3172 49.9385 27.534 22.4045 8.98575
internal_count=1551 602 334 949 644 78 305 260 566 241 93 268 142 126 45
is_linear=0
shrinkage=0.1


Tree=35
num_leaves=5
num_cat=0
split_feature=3 1 1 7
split_gain=0.962106 2.03844 2.50127 2.18876
threshold=56.243808438055623 59.385088379295617 58.981037923855375 15.573458311032592
decision_type=2 2 2 2
left_child=1 2 3 -1
right_child=-2 -3 -4 -5
leaf_value=-0.0019329767250496348 -0.046288942631848809 0.063749817333734249 -0.073367794881126866 0.047694020782633184
leaf_weight=260.56145745515823 4.6387175917625418 4.871558539569377 4.7598812878131858 9.2009701654314977
leaf_count=1400 24 38 24 65
internal_value=-0.00112033 -0.000370405 -0.00150826 -0.000240315
internal_weight=284.033 279.394 274.522 269.762
internal_count=1551 1527 1489 1465
is_linear=0
shrinkage=0.1


Tree=36
num_leaves=8
num_cat=0
split_feature=3 3 5 7 3 6 5
split_gain=0.932719 1.34207 5.29741 2.74286 2.44706 4.41314 2.25863
threshold=1.0000000180025095e-35 15.868557757395971 0.40372561886446395 12.185930205954341 17.533593012044633 13.048105675727131 0.32104277730477115
decision_type=2 2 2 2 2 2 2
left_child=-1 2 3 -2 5 -3 -6
right_child=1 4 -4 -5 6 -7 -8
leaf_value=-0.047484014575617794 0.035636961123571627 0.0076296853592841239 -0.045353194984333725 0.1439852729234459 -0.0095568453610215855 -0.1155713452086554 0.0094465078902788973
leaf_weight=4.2530313283205023 7.6674027591943759 6.606290750205515 6.4650683850049964 3.360497422516346 124.24353063106537 5.1929784491658211 125.94346480071545
leaf_count=26 42 35 34 21 658 25 710
internal_value=-0.0010061 -0.000298814 0.0265189 0.0686536 -0.00208944 -0.0465923 9.39187e-06
internal_weight=283.732 279.479 17.493 11.0279 261.986 11.7993 250.187
internal_count=1551 1525 97 63 1428 60 1368
is_linear=0
shrinkage=0.1


Tree=37
num_leaves=13
num_cat=0
split_feature=7 6 6 6 3 7 1 7 7 6 6 1
split_gain=0.897743 3.69826 5.39157 6.02323 3.70907 4.20519 3.86804 2.4959 2.43774 2.11372 2.22467 1.3571
threshold=12.370316876875497 13.032448218992771 13.722089315633186 13.960056502372028 30.554871179586137 12.890279182527602 52.077262381820823 12.210558797578143 12.890279182527602 13.248256858671086 11.604320277758179 50.045804374397427
decision_type=2 2 2 2 2 2 2 2 2 2 2 2
left_child=7 4 8 -4 5 -2 -6 9 -3 10 -1 -9
right_child=1 2 3 -5 6 -7 -8 11 -10 -11 -12 -13
leaf_value=-0.0051819800451726478 0.12318976181393189 -0.12148833441691834 0.13339075868166583 0.0015268818022352573 0.079362608090199294 0.012564285263969414 -0.044441049178842812 -0.012411601458035564 -0.032628105251766459 -0.053696503682049472 0.025028286893341335 -0.090829519547523122
leaf_weight=143.04374305158854 7.7834205627441424 4.0769959837198284 3.7291556894779196 48.717465899884701 3.8050380647182447 6.1522205322980881 7.4936419948935509 3.9348121732473356 12.717162407934664 7.666497901082038 29.382618628442287 5.0255041420459747
leaf_count=770 46 19 24 284 22 35 41 20 68 38 161 23
internal_value=-0.000903451 0.00705651 -0.00488763 0.0109029 0.0398302 0.0743515 -0.00274789 -0.00488127 -0.0542001 -0.00231834 -3.39462e-05 -0.0563933
internal_weight=283.528 94.4751 69.2408 52.4466 25.2343 13.9356 11.2987 189.053 16.7942 180.093 172.426 8.96032
internal_count=1551 539 395 308 144 81 63 1012 87 969 931 43
is_linear=0
shrinkage=0.1


Tree=38
num_leaves=7
num_cat=0
split_feature=1 1 3 5 6 4
split_gain=0.837477 3.19956 2.83478 1.57956 3.17919 2.41208
threshold=40.743281477414193 41.146925338552705 27.622446794123054 0.057098118758847904 13.104589238762857 0.064577225602988605
decision_type=2 2 2 2 2 2
left_child=2 -2 -1 4 -3 -5
right_child=1 3 -4 5 -6 -7
leaf_value=-0.017603421150625392 -0.068960889564633129 0.039143365069151836 0.077460212410252999 -0.029726034191807072 -0.032295638780776924 0.00080408032610490186
leaf_weight=7.1233369633555395 6.9501564502716056 23.863368399441242 5.6050748229026794 29.689697898924351 8.4300012886524183 201.58053651452065
leaf_count=38 36 137 32 154 43 1111
internal_value=-0.000809002 -0.00198851 0.0242587 -0.00022245 0.0204946 -0.00311527
internal_weight=283.242 270.514 12.7284 263.564 32.2934 231.27
internal_count=1551 1481 70 1445 180 1265
is_linear=0
shrinkage=0.1


Tree=39
num_leaves=6
num_cat=0
split_feature=2 2 7 1 6
split_gain=0.801855 2.37599 1.31178 1.29833 0.960106
threshold=32.560616394406388 34.147021380273749 5.779835390946503 42.292851419423222 10.595829609619615
decision_type=2 2 2 2 2
left_child=4 -2 -3 -4 -1
right_child=1 2 3 -5 -6
leaf_value=-0.06649286753275839 0.069676321652635695 -0.06489084608220004 -0.019917828824793853 0.0021625152839301531 0.0035096870044456006
leaf_weight=4.007063388824462 4.8312600627541533 3.1832328215241423 29.996328413486481 237.29826195538044 3.8337899744510651
leaf_count=22 28 22 159 1300 20
internal_value=-0.000731855 0.000166217 -0.00107537 -0.000315385 -0.0322651
internal_weight=283.15 275.309 270.478 267.295 7.84085
internal_count=1551 1509 1481 1459 42
is_linear=0
shrinkage=0.1


Tree=40
num_leaves=7
num_cat=0
split_feature=1 1 3 5 6 4
split_gain=0.770549 2.53682 2.25864 1.31304 2.62451 1.9561
threshold=40.743281477414193 41.146925338552705 27.622446794123054 0.057098118758847904 13.104589238762857 0.064577225602988605
decision_type=2 2 2 2 2 2
left_child=2 -2 -1 4 -3 -5
right_child=1 3 -4 5 -6 -7
leaf_value=-0.014256213420241399 -0.062394977454846304 0.035599887353294377 0.070576592910033251 -0.026865895746418202 -0.02931436507740226 0.00064487247209632731
leaf_weight=7.0713857337832433 6.735782913863658 23.848402045667171 5.6430016458034515 29.649569422006607 8.4298227876424772 201.44663187861443
leaf_count=38 36 137 32 154 43 1111
internal_value=-0.000663293 -0.00179574 0.023395 -0.000245921 0.0186468 -0.00288475
internal_weight=282.825 270.11 12.7144 263.374 32.2782 231.096
internal_count=1551 1481 70 1445 180 1265
is_linear=0
shrinkage=0.1


Tree=41
num_leaves=9
num_cat=0
split_feature=7 4 5 4 7 3 6 2
split_gain=0.804425 3.30494 4.10397 5.35063 2.00822 1.98404 1.76821 1.19014
threshold=12.370316876875497 1.1818218529297158 0.8523773643720477 0.78084048628807079 12.210558797578143 11.941200053529961 13.248256858671086 48.927032892974907
decision_type=2 2 2 2 2 2 2 2
left_child=4 2 3 -2 5 -1 -7 -6
right_child=1 -3 -4 -5 7 6 -8 -9
leaf_value=-0.068312312594624544 0.0029980121692461275 0.10255423290135196 -0.081403321086788924 0.12019353771067627 -0.0094465305411854869 0.0017380964355081044 -0.047585194341028383 -0.083015196693389817
leaf_weight=4.4105928465723983 81.36302438378334 3.4815412834286681 5.3843514844775191 4.0915843546390525 3.9242150932550413 167.44544703513384 7.5980514585971823 5.001514807343483
leaf_count=26 456 23 30 30 20 905 38 23
internal_value=-0.000600056 0.0069386 0.00327398 0.00860936 -0.00437461 -0.00207193 -0.000402862 -0.0506706
internal_weight=282.7 94.3205 90.839 85.4546 188.38 179.454 175.043 8.92573
internal_count=1551 539 516 486 1012 969 943 43
is_linear=0
shrinkage=0.1


Tree=42
num_leaves=14
num_cat=0
split_feature=0 0 5 4 0 5 3 0 7 3 7 1 2
split_gain=0.755136 4.48481 2.28513 3.32644 3.35013 3.07357 5.61385 4.52039 2.06996 3.72109 2.88954 1.93853 1.79263
threshold=46.365032196044929 47.173567593097694 0.40372561886446395 0.57965087890625011 45.409990237168891 0.15470926512921007 43.993450899533237 45.285655452144375 7.8117318213982641 37.051821310205547 8.1577617460475285 45.765238248088579 49.873519098408273
decision_type=2 2 2 2 2 2 2 2 2 2 2 2 2
left_child=2 11 5 12 -5 7 -7 -1 9 -3 -10 -2 -4
right_child=1 8 3 4 -6 6 -8 -9 10 -11 -12 -13 -14
leaf_value=-0.018781111106071273 -0.012731570124008221 -0.079240847393006367 -0.00094084113410871782 0.040766674350283111 -0.067037870438900124 0.05013944250133158 -0.076128426923769657 0.096729501784660721 0.091115265308674295 0.032405884974644909 0.00075438681296486829 -0.097712056738258668 -0.06472406469269297
leaf_weight=29.249717064201832 4.340623661875723 8.2378157004713994 6.7618886828422573 13.568898193538191 3.6602023616433135 32.847291558980942 3.94383580982685 3.8317271396517745 3.6256572157144538 4.6818384155631056 147.89215982705355 7.0347111076116562 12.648853346705435
leaf_count=157 23 47 36 80 20 182 20 23 21 27 818 34 63
internal_value=-0.000534934 -0.00456037 0.00610957 -0.0141174 0.0178643 0.0167162 0.0366041 -0.00540185 -0.0003596 -0.0387822 0.00291662 -0.065285 -0.0425047
internal_weight=282.325 175.813 106.512 36.6398 17.2291 69.8726 36.7911 33.0814 164.437 12.9197 151.518 11.3753 19.4107
internal_count=1551 970 581 199 100 382 202 180 913 74 839 57 99
is_linear=0
shrinkage=0.1


Tree=43
num_leaves=14
num_cat=0
split_feature=2 2 0 0 1 5 4 4 7 5 7 0 0
split_gain=0.778261 3.28401 2.22037 5.1077 1.82226 1.3999 3.11696 5.36764 4.74492 2.82291 3.04785 2.99007 0.490923
threshold=51.820803051622541 52.602367315542224 55.274835776749974 59.480845205485828 54.695284907485743 0.55317126505998537 0.50198500612175001 0.49770355224609381 12.307017419166668 0.8640379224869662 12.404918742066362 52.297888882661944 45.54294473236758
decision_type=2 2 2 2 2 2 2 2 2 2 2 2 2
left_child=5 12 4 -4 -3 6 7 -1 -8 10 -7 -11 -2
right_child=1 2 3 -5 -6 9 8 -9 -10 11 -12 -13 -14
leaf_value=-0.0090794906033454126 0.048983163726296346 0.003319090937470195 0.063026010210250491 -0.032004780913631015 -0.031311974655154846 0.017545418310874038 -0.072070162801684878 0.066586891553525318 0.037646465842080951 -0.062318353712914332 0.11407264562812743 0.038989000394350964 0.10213186317518511
leaf_weight=112.43728990107775 3.9677352011203757 49.743388444185257 15.240215584635736 8.9934012815356237 21.876470491290092 18.886263296008114 15.688521534204485 10.227950766682623 5.2643646150827399 7.876648508012293 3.9563337266445151 4.6235429421067238 3.0924347341060638
leaf_count=591 22 277 96 52 125 108 77 58 29 41 28 27 20
internal_value=-0.000486873 0.00644223 0.00159416 0.0277589 -0.00725906 -0.00447154 -0.00885902 -0.00277035 -0.0445041 0.0133573 0.0342639 -0.024847 0.0722629
internal_weight=281.875 102.914 95.8535 24.2336 71.6199 178.961 143.618 122.665 20.9529 35.3428 22.8426 12.5002 7.06017
internal_count=1551 592 550 148 402 959 755 649 106 204 136 68 42
is_linear=0
shrinkage=0.1


Tree=44
num_leaves=5
num_cat=0
split_feature=3 1 1 7
split_gain=0.741205 1.61255 2.05549 1.90357
threshold=56.243808438055623 59.385088379295617 58.981037923855375 15.573458311032592
decision_type=2 2 2 2
left_child=1 2 3 -1
right_child=-2 -3 -4 -5
leaf_value=-0.0011978382973775329 -0.040311061530711782 0.058223037614225093 -0.065726302023580485 0.045428570125758433
leaf_weight=258.01479510217905 4.5854679942131034 4.7122861519455901 4.7872503846883765 9.0635462328791601
leaf_count=1400 24 38 24 65
internal_value=-0.000435497 0.000225612 -0.000779666 0.000384471
internal_weight=281.163 276.578 271.866 267.078
internal_count=1551 1527 1489 1465
is_linear=0
shrinkage=0.1


Tree=45
num_leaves=11
num_cat=0
split_feature=0 0 2 5 2 5 4 5 3 7
split_gain=0.704606 3.52172 2.07833 2.41406 3.37565 2.35627 1.73798 4.36958 3.74933 1.64101
threshold=46.365032196044929 47.173567593097694 36.999028766951689 0.44490040251846369 48.652196524734272 0.61211441791945054 0.33984375000000006 0.19317650280372473 20.03874988438297 11.645591946640147
decision_type=2 2 2 2 2 2 2 2 2 2
left_child=2 9 -1 4 -4 -5 7 -3 -8 -2
right_child=1 6 3 5 -6 -7 8 -9 -10 -11
leaf_value=0.081479066597358762 -0.028886295368785883 0.010690417823654893 -0.0074146682416725979 -0.048359624012259239 0.035815702697265785 0.0075539324270719414 -0.032075118408970496 -0.034600152251067211 0.02162233157683353 -0.10765544996508875
leaf_weight=3.53049112856388 7.0937953293323499 45.76372517645359 37.607468910515308 15.035397261381151 34.755282655358315 15.112263798713682 16.496558494865894 39.85304019600153 61.401649080216885 4.2171443551778793
leaf_count=21 37 250 201 76 195 88 88 209 366 20
internal_value=-0.000389623 -0.00429045 0.00604154 0.00344344 0.0133486 -0.0203316 -0.000557565 -0.0103915 0.0102508 -0.0582544
internal_weight=280.867 174.826 106.041 102.51 72.3628 30.1477 163.515 85.6168 77.8982 11.3109
internal_count=1551 970 581 560 396 164 913 459 454 57
is_linear=0
shrinkage=0.1


Tree=46
num_leaves=8
num_cat=0
split_feature=0 5 3 4 2 5 7
split_gain=0.726504 0.870169 2.8852 1.89236 3.5007 1.4943 0.800607
threshold=69.72484309249559 0.96205995950407874 22.148822166360279 0.75400666062147514 59.21040534537314 0.69865418575320881 11.343324486672534
decision_type=2 2 2 2 2 2 2
left_child=1 3 -3 5 -5 -1 -4
right_child=-2 2 6 4 -6 -7 -8
leaf_value=3.8502259728734796e-06 -0.043210837416268522 -0.071694426179278112 -0.015692119753800023 0.042238306585936053 -0.067513234739203232 -0.05542026811427006 0.044878914564161619
leaf_weight=230.96063513308764 3.8999883010983458 6.7813104391098014 4.2723726481199247 21.871046185493473 3.3516197949647895 4.9691749438643447 4.4603746086359024
leaf_count=1259 20 35 24 137 19 28 29
internal_value=-0.000351276 0.000252888 -0.0227566 0.0016198 0.0276544 -0.0011635 0.0152454
internal_weight=280.567 276.667 15.5141 261.152 25.2227 235.93 8.73275
internal_count=1551 1531 88 1443 156 1287 53
is_linear=0
shrinkage=0.1


Tree=47
num_leaves=6
num_cat=0
split_feature=2 2 7 4 6
split_gain=0.730018 1.65685 1.01853 1.05659 0.776725
threshold=32.560616394406388 34.147021380273749 5.779835390946503 0.0063648223876953012 10.595829609619615
decision_type=2 2 2 2 2
left_child=4 -2 -3 -4 -1
right_child=1 2 3 -5 -6
leaf_value=-0.062320398284042525 0.058358471995734962 -0.058680900031632822 0.020187480264668416 -0.0018454201370692255 0.0012870336128905861
leaf_weight=3.8643315732479087 4.8681692481040946 2.9763387590646735 23.927249878644943 240.8753185197711 3.8151082247495651
leaf_count=22 28 22 132 1327 20
internal_value=-0.000313767 0.000542677 -0.000508403 0.000145447 -0.0307205
internal_weight=280.327 272.647 267.779 264.803 7.67944
internal_count=1551 1509 1481 1459 42
is_linear=0
shrinkage=0.1


Tree=48
num_leaves=12
num_cat=0
split_feature=7 7 1 1 0 1 1 1 3 3 7
split_gain=0.665622 3.28061 2.21129 3.61204 3.70676 2.90259 2.55967 2.48205 1.92441 5.85707 1.9035
threshold=13.236677672251552 13.328329668648912 49.944117590280584 46.810077440494048 46.291308182927089 51.534435162944298 52.972958741453247 46.07544581618658 15.868557757395971 18.653610710404731 11.987444057686192
decision_type=2 2 2 2 2 2 2 2 2 2 2
left_child=2 -2 3 7 -5 10 -7 -1 -3 -10 -4
right_child=1 8 5 4 -6 6 -8 -9 9 -11 -12
leaf_value=0.0012681927454681512 0.10169384114485014 0.056759244578945739 -0.032622980025073488 0.074007929412965703 0.0075532711119183698 0.032943783170672945 -0.016199558686423417 -0.045409608109148646 -0.090949113154169536 0.0098144851258538321 -0.10807977468805902
leaf_weight=87.620135076344013 3.5885906741023055 6.0018223971128455 13.193185299634935 13.306538164615629 22.733103588223457 13.377603203058241 51.023585438728333 13.09411761164665 6.6135162562131873 45.155604995787144 4.4778255075216284
leaf_count=478 24 36 69 79 124 74 276 66 33 271 21
internal_value=-0.000285214 0.00891927 -0.00286618 0.00492139 0.0320896 -0.0158423 -0.00599136 -0.00480051 0.00315634 -0.00305809 -0.0517437
internal_weight=280.186 61.3595 218.826 136.754 36.0396 82.0722 64.4012 100.714 57.7709 51.7691 17.671
internal_count=1551 364 1187 747 203 440 350 544 340 304 90
is_linear=0
shrinkage=0.1


Tree=49
num_leaves=13
num_cat=0
split_feature=2 2 0 1 0 1 1 4 5 3 0 0
split_gain=0.609206 2.55248 2.06754 5.11345 4.71686 1.40106 3.02206 2.71771 5.21774 2.4353 2.34383 0.437629
threshold=51.820803051622541 52.602367315542224 52.373361366324851 54.555962062238372 50.464879989624031 47.637044147587268 47.148270608114395 0.26212540268898016 0.21764156621379552 25.356204587311684 50.342364491894848 45.54294473236758
decision_type=2 2 2 2 2 2 2 2 2 2 2 2
left_child=5 11 4 -4 -3 6 10 8 -7 -9 -1 -2
right_child=1 2 3 -5 -6 7 -8 9 -10 -11 -12 -13
leaf_value=-0.0071175482544993647 0.04265801094411914 0.0025736392319252576 0.1183962326509268 0.0060540562880054567 -0.073926168653051946 -0.0072461268638926175 0.068016976104650753 -0.029792273697712271 -0.092626594804461504 0.023395374899383821 0.036654939039965119 0.093418783652646706
leaf_weight=87.905032359063625 3.9469946920871726 48.980963878333569 4.6377451494336119 32.058619100600481 9.6474719196557981 20.982805691659454 6.7592219561338416 13.740458056330679 10.863153681159018 23.049238778650761 14.210179544985293 2.9813400655984879
leaf_count=474 22 274 30 195 51 109 39 74 51 131 81 20
internal_value=-0.000252031 0.00589634 0.00163688 0.020252 -0.0100146 -0.00379375 0.00326015 -0.0149831 -0.0363707 0.0035305 -0.00102624 0.0645009
internal_weight=279.763 102.253 95.3248 36.6964 58.6284 177.51 108.874 68.6357 31.846 36.7897 102.115 6.92833
internal_count=1551 592 550 225 325 959 594 365 160 205 555 42
is_linear=0
shrinkage=0.1


Tree=50
num_leaves=6
num_cat=0
split_feature=2 2 6 4 6
split_gain=0.713339 1.25875 0.959653 1.18436 0.629801
threshold=32.560616394406388 34.147021380273749 6.239435702562333 0.0063648223876953012 10.595829609619615
decision_type=2 2 2 2 2
left_child=4 -2 -3 -4 -1
right_child=1 2 3 -5 -6
leaf_value=-0.059264201646859166 0.05082717811548218 -0.041219971764957911 0.022204494849794532 -0.001518381346963357 -0.0017521065886814029
leaf_weight=3.7949120029807082 4.9037610590457907 5.6109081730246535 23.085111640393734 238.14773312211037 3.8214917927980423
leaf_count=22 28 39 126 1316 20
internal_value=-0.000224227 0.000621743 -0.000300878 0.000578006 -0.0304078
internal_weight=279.364 271.748 266.844 261.233 7.6164
internal_count=1551 1509 1481 1442 42
is_linear=0
shrinkage=0.1


Tree=51
num_leaves=9
num_cat=0
split_feature=3 3 4 5 2 3 1 5
split_gain=0.600648 3.07912 3.3641 2.94986 2.27812 1.61155 2.09599 1.54373
threshold=13.706714959727131 15.868557757395971 0.22524479404091832 0.44331997121448258 46.811714203739619 17.098575324554094 50.42342474187371 0.25022182715479574
decision_type=2 2 2 2 2 2 2 2
left_child=3 2 -2 4 -1 6 -3 -7
right_child=1 5 -4 -5 -6 7 -8 -9
leaf_value=0.065198413957431881 0.12263541674162313 0.010341716347677993 0.0020113751625636675 -0.083468888935056898 -0.050243999301029629 -0.0093345136175599121 -0.090651034635378158 0.0066733174494177918
leaf_weight=4.2260362803935987 4.2658653855323774 3.7736342549324018 5.0481059104204178 4.726273275911808 2.8705245554447174 101.44322091341019 4.5121296867728233 148.33075193688273
leaf_count=27 26 20 28 25 17 543 22 843
internal_value=-0.000204018 0.000771323 0.057258 -0.0222614 0.0185025 -0.00126741 -0.0446553 0.000171896
internal_weight=279.197 267.374 9.31397 11.8228 7.09656 258.06 8.28576 249.774
internal_count=1551 1482 54 69 44 1428 42 1386
is_linear=0
shrinkage=0.1


Tree=52
num_leaves=14
num_cat=0
split_feature=1 3 4 3 4 6 0 3 0 3 3 4 5
split_gain=0.645419 2.69174 3.27547 3.0454 2.61267 1.96051 1.16756 3.7158 6.68207 3.10781 2.45382 3.7323 2.70442
threshold=42.352417620845053 24.367561982291001 0.03125006037687706 16.097339673929422 0.26564264297485357 8.1642628773115593 43.461900191918183 27.340068914038049 39.589868435170509 32.977350047334227 27.967317899803138 0.030560568658984256 0.99693230540593947
decision_type=2 2 2 2 2 2 2 2 2 2 2 2 2
left_child=1 3 -3 -1 -5 -4 7 8 -2 -9 12 -12 -8
right_child=6 2 5 4 -6 -7 10 9 -10 -11 11 -13 -14
leaf_value=0.029303771596887431 -0.1326820186797337 -0.058159055761226791 -0.016015892282697584 -0.032069616378689922 -0.13074343816575884 0.058122150525974414 0.013478927304492251 0.089423463223788663 0.013811556639427229 0.015700718656256194 0.038250327634965352 -0.020937131282278004 -0.048444458798424142
leaf_weight=4.0816876739263526 3.9585307389497784 5.2326960638165501 5.3915477767586699 6.6936158835887891 4.4788919389247894 10.5392979234457 97.021854616701603 8.8086310774087924 14.589090265333651 16.297719366848469 12.241957753896711 82.140698403120041 7.605732485651969
leaf_count=25 18 28 30 35 22 61 546 52 79 90 69 454 42
internal_value=-0.000183213 -0.0125969 0.0104844 -0.0446198 -0.0716265 0.0330313 0.00167977 0.0164901 -0.0174539 0.0415665 -0.00156895 -0.0132602 0.00897751
internal_weight=279.082 36.4177 21.1635 15.2542 11.1725 15.9308 242.664 43.654 18.5476 25.1064 199.01 94.3827 104.628
internal_count=1551 201 119 82 57 91 1350 239 97 142 1111 523 588
is_linear=0
shrinkage=0.1


Tree=53
num_leaves=8
num_cat=0
split_feature=4 5 3 4 2 2 7
split_gain=0.681861 1.27984 2.67281 1.72607 2.62879 1.12458 0.606872
threshold=1.41823840446898 0.96205995950407874 22.615695550758605 0.75400666062147514 59.21040534537314 32.560616394406388 11.548846438268788
decision_type=2 2 2 2 2 2 2
left_child=1 3 -3 5 -5 -1 -4
right_child=-2 2 6 4 -6 -7 -8
leaf_value=-0.045581031746467528 0.038419923381072071 -0.098423956503147045 -0.024593471071438958 0.037939440519964493 -0.056556126292398826 -0.00096749323269071028 0.034393647178706847
leaf_weight=5.7912937700748435 4.5046167671680442 4.0804441496729833 3.6728950142860413 22.074084945023063 3.3970252498984328 231.77832305431366 3.3213528022170067
leaf_count=32 26 21 21 140 19 1270 22
internal_value=-0.000170496 -0.000804663 -0.0341056 0.000597393 0.0253368 -0.00205505 0.00341769
internal_weight=278.62 274.115 11.0747 263.041 25.4711 237.57 6.99425
internal_count=1551 1525 64 1461 159 1302 43
is_linear=0
shrinkage=0.1


Tree=54
num_leaves=10
num_cat=0
split_feature=7 7 3 3 3 7 1 1 1
split_gain=0.633173 2.72568 2.4538 2.66334 1.76426 2.5473 1.84401 2.76856 2.27159
threshold=13.236677672251552 13.328329668648912 12.376256802720826 18.653610710404731 13.706714959727131 10.352037633131983 49.944117590280584 48.93094623862293 50.233323069218031
decision_type=2 2 2 2 2 2 2 2 2
left_child=4 -2 -3 -4 5 -1 7 -6 -8
right_child=1 2 3 -5 6 -7 8 -9 -10
leaf_value=0.011859499659486896 0.094976963819165802 0.095650791271678026 -0.048272305311662898 0.0093055116447494646 0.0025231840006541845 -0.10226098220305722 -0.085020591493351505 0.060937653845198891 -0.0089247836488758735
leaf_weight=3.6564423143863669 3.465668447315692 2.7606326043605796 9.7799001187086088 44.994280632585287 120.56681092083454 4.2056416720151901 4.1364078074693671 8.6989968344569188 76.00761304795742
leaf_count=25 24 17 52 271 660 20 21 51 410
internal_value=-0.00015316 0.0088493 0.00366132 -0.000974976 -0.00268066 -0.0491866 -0.000934639 0.00645421 -0.0128523
internal_weight=278.272 61.0005 57.5348 54.7742 217.272 7.86208 209.41 129.266 80.144
internal_count=1551 364 340 323 1187 45 1142 711 431
is_linear=0
shrinkage=0.1


Tree=55
num_leaves=10
num_cat=0
split_feature=7 6 3 7 1 6 7 3 1
split_gain=0.608422 1.5464 3.22713 1.01979 8.09075 2.27802 1.38062 4.73669 2.43357
threshold=15.573458311032592 17.285803339444104 30.554871179586137 14.53165608936076 52.033635850166668 14.942636792459419 13.721120905221563 31.493106175980145 54.695284907485743
decision_type=2 2 2 2 2 2 2 2 2
left_child=3 2 -2 6 -5 -6 8 -8 -1
right_child=1 -3 -4 4 5 -7 7 -9 -10
leaf_value=0.0026018866773967128 0.11388634506336714 -0.027314136580618903 -0.026510442679352431 -0.14584291579753325 -0.027628220360856388 0.078118738415639252 -0.0044475284682600437 0.097750215898261647 -0.02469889746790481
leaf_weight=193.48853499442339 3.7503355965018255 3.8066477030515671 2.905666895210743 4.0010719746351233 3.8912245854735357 4.2754366248846054 16.373509563505653 6.2725231423974028 39.279052026569843
leaf_count=1063 31 24 20 18 21 27 93 40 214
internal_value=-0.00013427 0.0235224 0.0525964 -0.00105926 -0.0293435 0.0277328 0.000288179 0.0238593 -0.00200506
internal_weight=278.044 10.4627 6.656 267.581 12.1677 8.16666 255.414 22.646 232.768
internal_count=1551 75 51 1476 66 48 1410 133 1277
is_linear=0
shrinkage=0.1


Tree=56
num_leaves=5
num_cat=0
split_feature=2 1 1 7
split_gain=0.605375 0.882218 1.31736 1.30658
threshold=64.967929744074624 59.385088379295617 58.981037923855375 15.573458311032592
decision_type=2 2 2 2
left_child=1 2 3 -1
right_child=-2 -3 -4 -5
leaf_value=-0.0018674911942371535 0.034097995827153116 0.042543275146954718 -0.055888221202118817 0.038304542877630819
leaf_weight=255.38323967158794 5.0778078734874716 4.6270233914256087 4.3802441060543051 8.3614096119999868
leaf_count=1398 34 36 22 61
internal_value=-0.000113228 -0.000750137 -0.00149725 -0.00059393
internal_weight=277.83 272.752 268.125 263.745
internal_count=1551 1517 1481 1459
is_linear=0
shrinkage=0.1


Tree=57
num_leaves=9
num_cat=0
split_feature=1 1 3 3 5 1 0 1
split_gain=0.585104 1.20857 3.63368 3.03385 2.08647 1.1024 4.76118 2.12603
threshold=40.413526413551637 42.352417620845053 24.241136906012194 17.098575324554094 0.33272630167993006 45.680258944890603 47.517578125000007 46.810077440494048
decision_type=2 2 2 2 2 2 2 2
left_child=-1 2 3 -2 -4 6 -3 -7
right_child=1 5 4 -5 -6 7 -8 -9
leaf_value=0.030448299588695823 0.0095112361712763258 0.033030932629915091 -0.018624557289057979 -0.098027292507154015 0.051141811666373216 -0.034166927546267788 -0.033817459638770676 0.0014871135946119352
leaf_weight=6.131336197257041 3.9085013419389742 38.067692942917347 11.004498094320299 7.9789081364870071 7.021998018026351 18.547846257686615 14.79549554735422 170.12310254201293
leaf_count=35 23 210 61 41 41 97 78 965
internal_value=-0.000100111 -0.000790124 -0.0197504 -0.0626693 0.00855207 0.0015581 0.0143212 -0.00201796
internal_weight=277.579 271.448 29.9139 11.8874 18.0265 241.534 52.8632 188.671
internal_count=1551 1516 166 64 102 1350 288 1062
is_linear=0
shrinkage=0.1


Tree=58
num_leaves=8
num_cat=0
split_feature=4 5 3 4 2 5 7
split_gain=0.585978 1.1082 2.20057 1.44642 2.08013 1.07435 0.735789
threshold=1.41823840446898 0.96205995950407874 22.615695550758605 0.75400666062147514 59.21040534537314 0.40111970820417819 11.372404318181419
decision_type=2 2 2 2 2 2 2
left_child=1 3 -3 5 -5 -1 -4
right_child=-2 2 6 4 -6 -7 -8
leaf_value=0.0023471594074470732 0.035763787046907282 -0.090565708323360208 -0.029511197332345536 0.034767805816848678 -0.049117952946259487 -0.012739547978292388 0.035638197027447388
leaf_weight=171.32820070534945 4.4827587343752375 4.0329643040895444 3.5476998835802078 21.790482603013519 3.4200247302651396 65.151000700891018 3.3900251165032387
leaf_count=940 26 21 20 140 19 362 23
internal_value=-9.75935e-05 -0.000687184 -0.031824 0.000618148 0.023388 -0.00180929 0.00232317
internal_weight=277.143 272.66 10.9707 261.69 25.2105 236.479 6.93773
internal_count=1551 1525 64 1461 159 1302 43
is_linear=0
shrinkage=0.1


Tree=59
num_leaves=6
num_cat=0
split_feature=3 0 1 4 2
split_gain=0.559393 1.47272 1.15822 1.46433 1.32645
threshold=56.243808438055623 67.159093985205701 59.18112240873495 0.54689706862154719 64.967929744074624
decision_type=2 2 2 2 2
left_child=1 2 4 -4 -1
right_child=-2 -3 3 -5 -6
leaf_value=-0.0023001994566721798 -0.035051812016635701 0.057418238927707234 0.086139813229840989 -0.016915334065476611 0.056648276965868306
leaf_weight=258.3363793939352 4.501298487186431 4.4698304533958426 3.3800331726670256 2.3287395238876343 3.8744662329554549
leaf_count=1430 24 27 26 18 26
internal_value=-8.70676e-05 0.000490733 -0.000459016 0.0441013 -0.00142917
internal_weight=276.891 272.389 267.92 5.70877 262.211
internal_count=1551 1527 1500 44 1456
is_linear=0
shrinkage=0.1


Tree=60
num_leaves=7
num_cat=0
split_feature=0 0 3 0 3 0
split_gain=0.588432 0.809636 2.18094 0.999464 6.01262 2.16295
threshold=69.72484309249559 64.793206519309038 35.299000703901903 59.336423400382053 40.628439734792174 54.594726562500007
decision_type=2 2 2 2 2 2
left_child=1 3 -3 5 -5 -1
right_child=-2 2 -4 4 -6 -7
leaf_value=-0.0025863793057371489 -0.039104466548588637 0.098609845321824152 -0.011880626252666497 -0.041832274654843557 0.10300295803561028 0.023577246812081148
leaf_weight=205.34434580057859 3.8099005594849578 3.0126441717147818 4.389224998652935 19.427237629890445 3.3623324930667868 37.34354704990983
leaf_count=1138 20 21 24 107 20 221
internal_value=-7.60788e-05 0.00046883 0.0330902 -0.000440699 -0.0204635 0.00143954
internal_weight=276.689 272.879 7.40187 265.477 22.7896 242.688
internal_count=1551 1531 45 1486 127 1359
is_linear=0
shrinkage=0.1


Tree=61
num_leaves=7
num_cat=0
split_feature=1 1 3 7 7 0
split_gain=0.574233 1.89691 1.38879 0.943494 1.69004 1.31361
threshold=40.743281477414193 41.146925338552705 27.622446794123054 6.7197779245485405 8.8110145425367694 49.164598732753809
decision_type=2 2 2 2 2 2
left_child=2 -2 -1 5 -5 -3
right_child=1 3 -4 4 -6 -7
leaf_value=-0.0092265793167797677 -0.055085455776289483 -0.082125651316879947 0.057859187930467681 0.023538461206080524 -0.0017337289863406534 0.003570863977319109
leaf_weight=6.8712314367294294 6.342058725655078 3.2791342586278907 5.601451687514782 30.071634352207184 220.40131144970655 3.9353867545723915
leaf_count=38 36 22 32 169 1227 27
internal_value=-6.57577e-05 -0.00105624 0.0209015 0.000273492 0.00130044 -0.0353798
internal_weight=276.502 264.03 12.4727 257.687 250.473 7.21452
internal_count=1551 1481 70 1445 1396 49
is_linear=0
shrinkage=0.1


Tree=62
num_leaves=12
num_cat=0
split_feature=6 6 6 1 4 6 6 2 1 3 3
split_gain=0.521281 3.22708 5.48166 4.18324 3.75015 2.45417 3.32377 2.27775 1.85763 1.53052 1.7519
threshold=13.104589238762857 13.722089315633186 13.960056502372028 45.273178624804665 0.32114709798815971 12.450649273836417 12.530951589393228 52.179385403026608 53.682164153687815 13.378045535914817 18.192145733844075
decision_type=2 2 2 2 2 2 2 2 2 2 2
left_child=5 3 -3 -2 -4 9 -7 -8 -5 -1 -11
right_child=1 2 4 8 -6 6 7 -9 -10 10 -12
leaf_value=-0.049155309853581741 0.063320417455331721 0.11051301929858921 -0.030648161787982017 -0.03562722861083438 0.023274522207133472 0.1185946846580346 0.049926126653459475 -0.02105621085373123 -0.10464809697660167 0.034932011635496904 -0.00243977901990686
leaf_weight=6.4352849498391143 3.1595947965979603 4.5319152995944014 26.290179789066315 10.085262186825277 25.318182200193405 3.8447428494691875 9.5232603549957293 8.6059261821210367 6.3574705421924582 13.620634421706198 158.62719871848822
leaf_count=38 19 30 144 52 162 24 54 49 32 76 871
internal_value=-6.33573e-05 -0.00713181 0.00506514 -0.0420634 -0.00419461 0.00260479 0.0341412 0.0162308 -0.0623137 -0.00127347 0.000515425
internal_weight=276.4 75.7426 56.1403 19.6023 51.6084 200.657 21.9739 18.1292 16.4427 178.683 172.248
internal_count=1551 439 336 103 306 1112 127 103 84 985 947
is_linear=0
shrinkage=0.1


Tree=63
num_leaves=14
num_cat=0
split_feature=2 2 3 6 6 7 7 1 2 6 3 1 0
split_gain=0.547497 2.06377 3.0137 2.38726 6.96906 2.5446 1.51878 1.19203 2.38963 5.05947 4.25582 2.3166 1.88335
threshold=51.820803051622541 53.501483084158835 24.441968509858629 9.0499603291973489 9.658088669221927 8.6633180934523981 10.526657434487818 47.637044147587268 50.464026039534311 11.920029982262243 18.485013268986602 47.148270608114395 50.342364491894848
decision_type=2 2 2 2 2 2 2 2 2 2 2 2 2
left_child=7 2 -2 5 -5 -3 -4 11 10 -10 -9 12 -1
right_child=1 3 6 4 -6 -7 -8 8 9 -11 -12 -13 -14
leaf_value=-0.0061877752283315728 0.097351925581471002 0.010008575638437394 0.066110909246087965 0.15788532237415759 -0.00051411019239131959 -0.094242296621744978 -0.018073397462014071 -0.07381298833336794 -0.12997180984620657 0.019008101959814842 0.0043633436031199008 0.060222285720932391 0.033184575831430391
leaf_weight=86.43417451903224 5.6681084930896786 4.2289648577570897 3.0326668918132764 2.8880404829978934 72.623417016118765 5.2453438639640808 7.3056624010205269 8.0738824382424337 4.9430830627679807 4.2304876819252968 50.637789238244295 6.6654782444238654 14.136224888265131
leaf_count=474 36 25 18 20 426 25 42 40 22 24 279 39 81
internal_value=-5.24588e-05 0.00581125 0.0387504 -0.00039259 0.0055441 -0.0477087 0.0066214 -0.00343405 -0.0138035 -0.0612682 -0.00638727 0.00313029 -0.000653578
internal_weight=276.113 100.992 16.0064 84.9858 75.5115 9.47431 10.3383 175.121 67.8852 9.17357 58.7117 107.236 100.57
internal_count=1551 592 96 496 446 50 60 959 365 46 319 594 555
is_linear=0
shrinkage=0.1


Tree=64
num_leaves=8
num_cat=0
split_feature=2 1 1 6 3 1 6
split_gain=0.591194 0.963614 1.5513 2.19241 1.46358 1.1288 0.431922
threshold=32.560616394406388 40.57174275641804 42.12457622971727 10.947439935640434 25.550270659911277 42.583698744440966 10.595829609619615
decision_type=2 2 2 2 2 2 2
left_child=6 4 3 -3 -2 -4 -1
right_child=1 2 5 -5 -6 -7 -8
leaf_value=-0.052813914602539758 -0.0053169018059730632 -0.0039806221089683071 0.043119379342377667 -0.074040531051651357 0.080101712747163059 0.00077534658973834139 -0.004426278996685378
leaf_weight=3.5909313857555381 4.2718483284115774 13.672718927264215 6.4700357019901267 6.6338365972042075 3.7816517055034637 233.41057226806879 3.7936089634895325
leaf_count=22 24 80 37 34 22 1312 20
internal_value=-4.31007e-05 0.00072533 -0.00032915 -0.0268681 0.0347928 0.00191745 -0.0279561
internal_weight=275.625 268.241 260.187 20.3066 8.0535 239.881 7.38454
internal_count=1551 1509 1463 114 46 1349 42
is_linear=0
shrinkage=0.1


Tree=65
num_leaves=14
num_cat=0
split_feature=4 5 3 4 0 3 7 3 5 7 6 0 2
split_gain=0.546078 3.47072 2.73923 2.65809 2.1078 1.88704 1.78134 2.98974 1.74317 1.70884 1.53401 1.46591 1.03157
threshold=0.19596630707383159 0.25022182715479574 33.800789923209173 0.32815551757812506 61.91362643241883 17.997960334188118 11.450228508694082 21.202660279192383 0.13254665056446926 9.2651736963683984 11.828231811523439 54.346923663280911 51.906123674035541
decision_type=2 2 2 2 2 2 2 2 2 2 2 2 2
left_child=1 5 12 4 9 8 10 -8 -1 -2 -5 -7 -3
right_child=3 2 -4 6 -6 11 7 -9 -10 -11 -12 -13 -14
leaf_value=0.013467833197301738 -0.062796433068671276 0.053245427090009956 -0.020739096692459068 -0.0029572821003384883 -0.093042115575207918 -0.01311595555279849 -0.016087739537924091 0.030380119185528204 0.09757747171664688 -0.0079911500456821289 -0.053432135682316188 0.017507330659657299 0.11995342848269255
leaf_weight=9.976967900991438 6.9533106088638297 5.3735873401164991 3.5752874314784995 47.305078156292439 4.1434013694524756 69.203682735562325 20.482331022620201 42.735249437391758 3.2721958979964247 31.295718349516392 6.8993078768253318 20.192773103713989 4.0769298225641251
leaf_count=60 37 30 20 264 20 373 115 270 20 165 36 113 28
internal_value=-4.1643e-05 0.00519162 0.0538172 -0.00382941 -0.0252933 -0.000979001 0.00391961 0.0153247 0.0342407 -0.0179542 -0.00938188 -0.0061988 0.0820231
internal_weight=275.486 115.671 13.0258 159.814 42.3924 102.646 117.422 63.2176 13.2492 38.249 54.2044 89.3965 9.45052
internal_count=1551 644 78 907 222 566 685 385 80 202 300 486 58
is_linear=0
shrinkage=0.1


Tree=66
num_leaves=7
num_cat=0
split_feature=0 0 3 3 7 3
split_gain=0.48646 0.652861 1.7779 0.8132 3.54688 2.53729
threshold=69.72484309249559 64.793206519309038 35.299000703901903 37.424900630624897 14.069873463608339 34.500826778579345
decision_type=2 2 2 2 2 2
left_child=1 3 -3 5 -5 -1
right_child=-2 2 -4 4 -6 -7
leaf_value=0.00052746825466328244 -0.035724637322556076 0.090653236132939352 -0.01037641518542845 0.003589159348101144 0.10825351070025094 -0.037486428364028601
leaf_weight=202.60333802551031 3.7668992131948462 2.9037891626358023 4.3530196845531464 38.355659857392311 3.536307990550994 19.224455989897251
leaf_count=1140 20 21 24 216 25 105
internal_value=-3.57024e-05 0.000460417 0.0300503 -0.000353811 0.0124244 -0.00276696
internal_weight=274.743 270.977 7.25681 263.72 41.892 221.828
internal_count=1551 1531 45 1486 241 1245
is_linear=0
shrinkage=0.1


Tree=67
num_leaves=11
num_cat=0
split_feature=6 3 6 6 1 7 7 7 4 1
split_gain=0.546378 3.11798 2.48115 4.97799 3.35068 2.0498 3.08326 2.81654 2.7893 1.47372
threshold=13.104589238762857 12.376256802720826 13.722089315633186 13.960056502372028 53.682164153687815 12.370316876875497 12.531862222723886 12.210558797578143 0.25025204801931983 57.10633949459865
decision_type=2 2 2 2 2 2 2 2 2 2
left_child=5 -2 4 -4 -3 7 -7 9 -8 -1
right_child=1 2 3 -5 -6 6 8 -9 -10 -11
leaf_value=-0.00091242531505015515 0.095415814257734988 -0.013337334176573651 0.10163796724683755 -0.0093984825215786827 -0.10262339324530696 0.093551891604976706 0.051964446168439177 -0.062987320225479621 -0.021522137865831646 0.040427268968435903
leaf_weight=156.50218794494867 2.8434139862656584 13.052453756332399 4.4034807980060569 48.59273936599493 6.1993176415562621 5.7234633713960674 9.2080928385257739 7.0923831462860099 11.763812031596897 9.1262897700071317
leaf_count=866 18 70 30 290 31 34 55 34 67 56
internal_value=-2.8904e-05 -0.00729924 -0.0113417 -0.000172412 -0.0420886 0.00270879 0.0284975 -0.00127707 0.0107435 0.00136543
internal_weight=274.508 75.0914 72.248 52.9962 19.2518 199.416 26.6954 172.721 20.9719 165.628
internal_count=1551 439 421 320 101 1112 156 956 122 922
is_linear=0
shrinkage=0.1


Tree=68
num_leaves=8
num_cat=0
split_feature=4 5 3 4 4 2 0
split_gain=0.464479 0.948651 1.84062 1.05604 1.86721 0.914358 0.638753
threshold=1.41823840446898 0.96205995950407874 22.615695550758605 0.75400666062147514 1.0625705718994143 32.560616394406388 53.270821954997821
decision_type=2 2 2 2 2 2 2
left_child=1 3 -3 5 -5 -1 -4
right_child=-2 2 6 4 -6 -7 -8
leaf_value=-0.041366911592800086 0.032034667651669992 -0.084110215999949459 0.028441968300115042 0.032438892670388714 -0.04181373998879491 -0.00044115086518332425 -0.033477059025007104
leaf_weight=5.5926545560359946 4.4468747526407233 3.9351645894348604 3.87580656260252 20.711946200579408 4.0486407727003089 228.64350601285696 2.9221341460943222
leaf_count=32 26 21 25 135 24 1270 18
internal_value=-2.09924e-05 -0.000549475 -0.0296817 0.000657795 0.0202977 -0.0014183 0.00182572
internal_weight=274.177 269.73 10.7331 258.997 24.7606 234.236 6.79794
internal_count=1551 1525 64 1461 159 1302 43
is_linear=0
shrinkage=0.1


Tree=69
num_leaves=7
num_cat=0
split_feature=0 0 3 0 6 0
split_gain=0.447383 0.563048 1.40243 0.7813 5.63625 1.57422
threshold=69.72484309249559 64.793206519309038 35.299000703901903 59.336423400382053 10.457273688338548 54.594726562500007
decision_type=2 2 2 2 2 2
left_child=1 3 -3 5 -5 -1
right_child=-2 2 -4 4 -6 -7
leaf_value=-0.0020697858227163267 -0.034270859717997537 0.083097153602758933 -0.0076144194409174804 0.088623080354139225 -0.041477194868939554 0.020376813130323853
leaf_weight=203.51049887761474 3.7609885632991782 2.8150416910648337 4.3195544630289078 4.0600691661238697 18.516394291073084 36.910592339932919
leaf_count=1138 20 21 24 25 102 221
internal_value=-1.88264e-05 0.000458057 0.0281769 -0.000293901 -0.0180804 0.00137632
internal_weight=273.893 270.132 7.1346 262.998 22.5765 240.421
internal_count=1551 1531 45 1486 127 1359
is_linear=0
shrinkage=0.1


Tree=70
num_leaves=7
num_cat=0
split_feature=1 1 3 4 6 4
split_gain=0.456341 1.43461 1.1529 0.983434 2.31198 1.97537
threshold=40.743281477414193 41.146925338552705 27.622446794123054 0.016506195068359354 13.104589238762857 0.048838676884770359
decision_type=2 2 2 2 2 2
left_child=2 -2 -1 4 -3 -5
right_child=1 3 -4 5 -6 -7
leaf_value=-0.0088805888761594072 -0.048811206443326816 0.032346043367096525 0.052318961440339123 -0.032527704566385741 -0.027121582444941741 0.00077044324305726192
leaf_weight=6.8296185880899412 6.1050894707441321 24.226442039012909 5.6039656102657318 19.534685306251049 8.9539419785141927 202.48516609892249
leaf_count=38 36 143 32 103 47 1152
internal_value=-1.49224e-05 -0.000905559 0.0187028 0.000240475 0.0162983 -0.00215933
internal_weight=273.739 261.305 12.4336 255.2 33.1804 222.02
internal_count=1551 1481 70 1445 190 1255
is_linear=0
shrinkage=0.1


Tree=71
num_leaves=10
num_cat=0
split_feature=7 1 7 1 2 1 7 0 2
split_gain=0.443839 1.32946 0.850858 6.47626 1.68441 1.46193 2.95971 2.31452 0.706627
threshold=15.573458311032592 57.382824893914673 14.53165608936076 52.033635850166668 57.344310942863572 53.682164153687815 13.09794634861071 47.173567593097694 57.828010556040645
decision_type=2 2 2 2 2 2 2 2 2
left_child=2 8 5 -4 -5 6 -1 -7 -2
right_child=1 -3 3 4 -6 7 -8 -9 -10
leaf_value=-4.0310346726411707e-05 0.019838878878500464 -0.019696978450422769 -0.13126384036134384 0.079940075713944125 -0.013452751055752186 -0.086097684740212552 0.037503463886120948 -0.0079962818003472824 0.091299773813211402
leaf_weight=169.64871379733086 2.9514988437294942 4.5188806504011154 3.9683466702699643 3.2885470390319824 4.6786691099405289 4.0817536786198607 23.963792935013771 53.898797933012247 2.6050506867468357
leaf_count=940 21 30 18 22 26 21 139 310 24
internal_value=-1.49884e-05 0.0205834 -0.000802522 -0.0268906 0.0250961 0.000435096 0.00460655 -0.0134945 0.0533416
internal_weight=273.604 10.0754 263.529 11.9356 7.96722 251.593 193.613 57.9806 5.55655
internal_count=1551 75 1476 66 48 1410 1079 331 45
is_linear=0
shrinkage=0.1


Tree=72
num_leaves=9
num_cat=0
split_feature=2 4 4 4 6 2 3 0
split_gain=0.463532 0.609469 2.52652 2.32872 4.98708 4.2912 1.86387 1.41788
threshold=64.967929744074624 0.19596630707383159 0.25888957936220081 0.12625133991241458 13.104589238762857 60.48573248476859 18.485013268986602 50.814236998558052
decision_type=2 2 2 2 2 2 2 2
left_child=1 3 7 5 -5 -1 -4 -3
right_child=-2 2 6 4 -6 -7 -8 -9
leaf_value=-0.0066083508446933533 0.030434920688929806 -0.015505746783727837 -0.026298146584938405 0.060282415176919436 -0.048700694512914748 0.10602476910227854 0.0056711267601042628 -0.067845723131472122
leaf_weight=86.321603998541832 4.9110302925109854 12.986180424690248 21.76491330191493 17.172013744711879 5.5577905401587477 3.5205236151814452 112.50482876971364 8.6055177971720678
leaf_count=475 34 68 119 100 30 24 657 44
internal_value=-1.01244e-05 -0.000567121 -0.00461664 0.00503964 0.0336344 -0.00219475 0.000488958 -0.0363662
internal_weight=273.344 268.433 155.861 112.572 22.7298 89.8421 134.27 21.5917
internal_count=1551 1517 888 629 130 499 776 112
is_linear=0
shrinkage=0.1


Tree=73
num_leaves=11
num_cat=0
split_feature=6 6 3 1 7 6 4 6 7 1
split_gain=0.438948 4.00768 4.17098 3.76418 5.9768 4.2945 3.69126 3.65584 2.88993 2.05662
threshold=11.604320277758179 11.318328857421877 32.11334415829787 54.695284907485743 11.372404318181419 10.486036300659181 0.19596630707383159 11.734454154968263 10.729588662740341 42.900702247402101
decision_type=2 2 2 2 2 2 2 2 2 2
left_child=1 3 6 5 -5 -1 -3 -2 -9 -10
right_child=7 2 -4 4 -6 -7 -8 8 9 -11
leaf_value=-0.0025188566820719266 0.086670159568898827 -0.01784631846244774 0.03167119399206398 -0.002856465034229184 -0.13690669980808809 0.043912956552218191 -0.14402084860157316 -0.0716600235014863 -0.041316430531325984 0.0078866917286515622
leaf_weight=90.335200868546963 5.1653400957584372 3.97761322557926 3.8720623329281798 10.631549693644045 4.8404185622930518 25.554651074111462 5.5591992288827896 5.2693387418985358 9.2164460346102697 108.53874731063843
leaf_count=508 30 20 22 62 22 146 25 26 49 641
internal_value=-7.7232e-06 -0.00378121 -0.055858 0.00153457 -0.0447942 0.00771973 -0.091396 0.00425385 0.000793501 0.00403567
internal_weight=272.961 144.771 13.4089 131.362 15.472 115.89 9.53681 128.19 123.025 117.755
internal_count=1551 805 67 738 84 654 45 746 716 690
is_linear=0
shrinkage=0.1


Tree=74
num_leaves=8
num_cat=0
split_feature=4 5 3 4 0 5 7
split_gain=0.458638 0.783997 1.4912 0.850805 1.97608 0.846988 0.510504
threshold=1.41823840446898 0.96205995950407874 22.615695550758605 0.75400666062147514 54.17137327790261 0.40111970820417819 11.372404318181419
decision_type=2 2 2 2 2 2 2
left_child=1 3 -3 5 -5 -1 -4
right_child=-2 2 6 4 -6 -7 -8
leaf_value=0.0024220376069673129 0.032004763621265121 -0.076733460451408303 -0.025329237224737101 0.043578214878131676 -0.013658955572213234 -0.011067611476806264 0.029621764887138358
leaf_weight=168.79343210533261 4.4028236530721179 3.8616946376860124 3.510357603430748 13.661118142306806 10.800623297691343 64.267183661460876 3.2613177075982094
leaf_count=940 26 21 20 88 71 362 23
internal_value=-8.72043e-06 -0.000534347 -0.0271438 0.000564385 0.0183062 -0.00129777 0.00113581
internal_weight=272.559 268.156 10.6334 257.522 24.4617 233.061 6.77168
internal_count=1551 1525 64 1461 159 1302 43
is_linear=0
shrinkage=0.1


Tree=75
num_leaves=8
num_cat=0
split_feature=6 1 0 0 7 7 0
split_gain=0.412115 2.19022 3.01053 1.52924 1.49917 2.52992 0.726302
threshold=8.0546875000000018 50.665994070257803 50.464879989624031 47.25630187988282 7.7469179423743624 8.0691061212477475 43.461900191918183
decision_type=2 2 2 2 2 2 2
left_child=1 2 3 -1 -2 -6 -7
right_child=4 -3 -4 -5 5 6 -8
leaf_value=-0.00054906715471504902 -0.067262102568519389 -0.068160144279274679 0.084110403344415621 -0.070826859286735558 0.084697391314704662 0.011247191771077122 -0.0020214071740294859
leaf_weight=17.478499691933404 3.1410291045904151 5.4895129278302184 3.7571246251463881 3.7628479450941077 3.6670026853680602 53.371035851538181 181.71050080657005
leaf_count=103 17 31 25 22 23 301 1029
internal_value=-7.28251e-06 -0.0109637 0.00159633 -0.0129986 0.00137367 0.00227666 0.00099099
internal_weight=272.378 30.488 24.9985 21.2413 241.89 238.749 235.082
internal_count=1551 181 150 125 1370 1353 1330
is_linear=0
shrinkage=0.1


Tree=76
num_leaves=5
num_cat=0
split_feature=2 1 1 7
split_gain=0.427734 0.54452 1.2348 1.10807
threshold=64.967929744074624 59.385088379295617 58.981037923855375 15.573458311032592
decision_type=2 2 2 2
left_child=1 2 3 -1
right_child=-2 -3 -4 -5
leaf_value=-0.0014146835700214369 0.029406609813462659 0.034686615310330099 -0.054205738441463307 0.036234968907471958
leaf_weight=250.60258553177118 4.854014065116643 4.3155730813741675 4.3106620609760276 8.0688055679202062
leaf_count=1398 34 36 22 61
internal_value=-1.24208e-05 -0.000546658 -0.00112484 -0.000240268
internal_weight=272.152 267.298 262.982 258.671
internal_count=1551 1517 1481 1459
is_linear=0
shrinkage=0.1


Tree=77
num_leaves=13
num_cat=0
split_feature=0 0 0 0 7 1 1 2 3 4 5 3
split_gain=0.413749 2.87206 2.51964 7.49832 2.38413 2.0074 1.95997 1.775 5.33453 2.02417 1.49665 1.47284
threshold=54.594726562500007 56.162402689456947 52.877663332258614 52.373361366324851 12.836045039138058 56.560813900320092 54.695284907485743 46.480387934466883 39.621783793106182 0.047241211181479052 0.42547621820384235 25.85669479615002
decision_type=2 2 2 2 2 2 2 2 2 2 2 2
left_child=2 6 3 5 10 -1 11 8 -3 -9 -4 -2
right_child=1 7 4 -5 -6 -7 -8 9 -10 -11 -12 -13
leaf_value=-0.00053081699949213081 0.040223166630849551 -0.060777081565518754 -0.086201146566113829 0.11475106778206873 0.017977142809581313 -0.06254633824208819 0.0065424910620263 0.070583181859639452 0.033991442724799037 0.0014620457465737418 -0.013295473903172976 0.13039948854169101
leaf_weight=173.11122756451368 3.77882446721196 14.999264292418959 8.3899421989917773 5.6359533444046965 5.3386783897876731 5.3818066380918017 6.099418081343174 5.0389714911580112 9.834065265953539 26.609619755297899 4.2381571233272544 3.4784971289336681
leaf_count=969 22 81 43 36 35 31 37 30 57 163 24 23
internal_value=-9.70152e-06 0.00662569 -0.00230271 0.0011852 -0.0380478 -0.00240067 0.0483274 -0.00323584 -0.0232485 0.0124673 -0.061733 0.0834455
internal_weight=271.934 69.8387 202.096 184.129 17.9668 178.493 13.3567 56.4819 24.8333 31.6486 12.6281 7.25732
internal_count=1551 413 1138 1036 102 1000 82 331 138 193 67 45
is_linear=0
shrinkage=0.1


Tree=78
num_leaves=8
num_cat=0
split_feature=2 4 2 3 4 0 2
split_gain=0.417182 0.495792 2.23139 3.12542 1.46059 3.2782 1.17588
threshold=64.967929744074624 0.016506195068359354 37.849018461372033 21.957211953514335 0.048838676884770359 41.966779927723117 63.163642638258487
decision_type=2 2 2 2 2 2 2
left_child=1 2 -1 -4 5 -3 -6
right_child=-2 4 3 -5 6 -7 -8
leaf_value=-0.043667594571587129 0.02905727333897902 -0.098697598151440649 -0.017320893333137705 0.04832031450112375 0.0013820933688132181 -0.0057607464322666536 -0.051912403170412361
leaf_weight=6.3274543881416312 4.8506670854985705 4.9259297251701382 12.212827417999508 17.863207519054413 204.64334006607533 16.537609547376633 4.2254567928612223
leaf_count=35 34 25 71 104 1168 90 24
internal_value=-6.26927e-06 -0.000534798 0.0103098 0.0216657 -0.00224877 -0.02709 0.000303935
internal_weight=271.586 266.736 36.4035 30.076 230.332 21.4635 208.869
internal_count=1551 1517 210 175 1307 115 1192
is_linear=0
shrinkage=0.1


Tree=79
num_leaves=8
num_cat=0
split_feature=1 3 7 7 3 5 3
split_gain=0.427006 0.656345 3.62207 2.71229 2.24384 2.74577 1.52369
threshold=40.413526413551637 37.424900630624897 14.069873463608339 12.560797154469416 34.500826778579345 0.48553090403916677 33.233441056161226
decision_type=2 2 2 2 2 2 2
left_child=-1 4 3 -3 6 -6 -2
right_child=1 2 -4 -5 5 -7 -8
leaf_value=0.026213918572254486 -0.0016588733910504823 0.012729505727776341 0.10610385069241557 -0.055483671067884571 -0.012546889703516948 -0.097614717478392232 0.041174991801720837
leaf_weight=6.0712816044688216 189.33944577723742 37.49853952974081 3.6236489713191977 6.9019725173711768 14.023677453398706 5.2017259448766699 8.6856561601161939
leaf_count=35 1077 213 27 38 80 27 54
internal_value=-7.92567e-06 -0.000608059 0.00997153 0.0021259 -0.00294672 -0.0355633 0.000219879
internal_weight=271.346 265.275 48.0242 44.4005 217.251 19.2254 198.025
internal_count=1551 1516 278 251 1238 107 1131
is_linear=0
shrinkage=0.1


Tree=80
num_leaves=8
num_cat=0
split_feature=0 7 0 7 7 3 0
split_gain=0.457263 0.62389 2.61216 2.63459 2.51848 2.02786 1.46768
threshold=33.276161337333079 8.8110145425367694 39.908147946000106 7.8117318213982641 9.2651736963683984 26.438248407633335 66.791878730058684
decision_type=2 2 2 2 2 2 2
left_child=-1 2 -2 -4 5 -3 -6
right_child=1 4 3 -5 6 -7 -8
leaf_value=-0.030095034472560928 0.073591878053997722 0.0014193720523461358 -0.023527688069044091 0.030487478316021707 -0.00016666875647174183 -0.081884128319212185 0.061743318025089915
leaf_weight=4.957698017358779 5.8725848346948615 5.1081774830818159 19.332277446985245 16.944409862160683 208.36238294839859 6.8286651000380516 3.9008986949920645
leaf_count=28 33 27 122 97 1183 36 25
internal_value=-3.91057e-06 0.000556191 0.0117184 0.00170215 -0.00154229 -0.0462358 0.000971091
internal_weight=271.307 266.349 42.1493 36.2767 224.2 11.9368 212.263
internal_count=1551 1523 252 219 1271 63 1208
is_linear=0
shrinkage=0.1


Tree=81
num_leaves=10
num_cat=0
split_feature=6 3 6 6 2 7 2 2 3
split_gain=0.472137 2.77656 1.93965 4.02262 3.20914 1.75884 1.51504 3.39573 3.12508
threshold=13.104589238762857 12.376256802720826 13.722089315633186 13.960056502372028 45.057810861347335 13.509149891344039 56.366742229958803 52.712104106032442 24.694249954281776
decision_type=2 2 2 2 2 2 2 2 2
left_child=5 -2 4 -4 -3 6 7 -1 -8
right_child=1 2 3 -5 -6 -7 8 -9 -10
leaf_value=-0.0013955628625083017 0.091402409824261677 0.038120121649364284 0.092550856860107056 -0.0089172282344349482 -0.059961555374636148 0.06244316610260963 0.050692986619672475 0.038647415820751999 -0.037052407749223165
leaf_weight=140.24997541308403 2.7706957980990401 4.3052980825305012 4.2537691891193381 47.935068931430578 14.815359838306902 4.7842453457415095 4.9751465320587185 24.94441994279623 22.040474459528923
leaf_count=782 18 25 30 290 76 31 30 150 119
internal_value=-7.88601e-06 -0.00681347 -0.0106296 -0.000646843 -0.037877 0.00255137 0.00106062 0.00465094 -0.0208934
internal_weight=271.074 74.0802 71.3095 52.1888 19.1207 196.994 192.21 165.194 27.0156
internal_count=1551 439 421 320 101 1112 1081 932 149
is_linear=0
shrinkage=0.1


Tree=82
num_leaves=8
num_cat=0
split_feature=0 3 7 7 3 7 1
split_gain=0.475645 0.534059 3.36984 3.80938 2.08132 3.0364 1.25267
threshold=69.72484309249559 37.051821310205547 13.721120905221563 12.560797154469416 34.500826778579345 9.8905146573184997 40.413526413551637
decision_type=2 2 2 2 2 2 2
left_child=1 4 3 -3 6 -6 -1
right_child=-2 2 -4 -5 5 -7 -8
leaf_value=0.050231475611675097 -0.0355606453756507 0.012639299311004153 0.08637990761791034 -0.075380794112553759 -0.098224312378382042 -0.0069841883261327273 -1.7560601207781334e-05
leaf_weight=5.0889769196510306 3.710237279534339 36.538927108049393 5.1631879843771449 5.681415766477584 5.2691702395677593 11.85087914764881 197.45961325615644
leaf_count=30 20 208 37 30 30 66 1130
internal_value=-2.0535e-06 0.000491973 0.0101207 0.000794802 -0.00158498 -0.0350659 0.00124493
internal_weight=270.762 267.052 47.3835 42.2203 219.669 17.12 202.549
internal_count=1551 1531 275 238 1256 96 1160
is_linear=0
shrinkage=0.1


Tree=83
num_leaves=9
num_cat=0
split_feature=3 5 3 4 2 3 0 3
split_gain=0.415571 2.19426 2.12878 2.52228 1.88092 1.16652 1.67577 1.14252
threshold=13.706714959727131 0.44331997121448258 15.868557757395971 0.22524479404091832 46.970152797074611 17.098575324554094 52.031247025341983 17.73427301608422
decision_type=2 2 2 2 2 2 2 2
left_child=1 4 3 -2 -1 6 -4 -7
right_child=2 -3 5 -5 -6 7 -8 -9
leaf_value=0.05809280843548556 0.10613271931113442 -0.074073623452638224 0.0068353801549819503 0.0005948797790820224 -0.049457071916334736 0.047161723148507813 -0.084381790397729195 -0.0006819101828330268
leaf_weight=4.205212935805319 4.125320650637148 4.3848814368247986 4.0654448568820936 5.0203478038311005 2.6513610333204269 5.0987186953425399 3.9912686869502068 236.96319399029016
leaf_count=28 26 25 22 28 16 30 20 1356
internal_value=-3.5e-06 -0.0188267 0.000812658 0.0481996 0.0165045 -0.000920063 -0.0383533 0.000325854
internal_weight=270.506 11.2415 259.264 9.14567 6.85657 250.119 8.05671 242.062
internal_count=1551 69 1482 54 44 1428 42 1386
is_linear=0
shrinkage=0.1


Tree=84
num_leaves=11
num_cat=0
split_feature=4 4 7 0 5 3 6 7 7 0
split_gain=0.405342 2.06253 3.16184 3.51173 1.97152 1.63777 2.31738 1.28312 6.24675 1.85852
threshold=0.46254400363568499 0.50198500612175001 9.0123456790123466 56.427794649380971 0.52772849973156721 46.457326806416042 11.7821182012558 11.33362143890124 11.081618655692731 37.002254169052328
decision_type=2 2 2 2 2 2 2 2 2 2
left_child=4 2 -2 -4 7 6 -3 8 -1 -9
right_child=1 5 3 -5 -6 -7 -8 9 -10 -11
leaf_value=4.1078042014863948e-05 -0.025398797192478575 -0.021621890245907903 0.12224859242838577 -0.002958228252273563 -0.074611162027630282 0.061864681035494806 0.01212019864054964 -0.070754123835261015 0.10895490857488253 -0.0064440508203159625
leaf_weight=77.653568733483553 4.8537193834781638 38.687537468969822 5.8009598106145841 3.6492888405919075 3.7562741339206687 3.9747863262891761 42.951777644455433 4.7659522742032996 5.649192050099372 78.678982511162758
leaf_count=439 26 216 37 20 19 25 278 25 35 431
internal_value=-2.64281e-06 0.00505485 0.0402046 0.073899 -0.00296641 -0.000817794 -0.00386963 -0.00135249 0.00742709 -0.0101171
internal_weight=270.422 99.9181 14.304 9.45025 170.504 85.6141 81.6393 166.748 83.3028 83.4449
internal_count=1551 602 83 57 949 519 494 930 474 456
is_linear=0
shrinkage=0.1


Tree=85
num_leaves=9
num_cat=0
split_feature=0 0 0 3 0 0 7 5
split_gain=0.450377 0.546037 2.19077 2.09707 1.90636 5.11518 1.91014 1.83772
threshold=69.72484309249559 54.594726562500007 56.162402689456947 40.312044004340329 53.041382118111578 52.639733642339714 12.836045039138058 0.17059832320328908
decision_type=2 2 2 2 2 2 2 2
left_child=1 4 7 -4 5 -1 -6 -3
right_child=-2 2 3 -5 6 -7 -8 -9
leaf_value=-0.0015299182921090352 -0.034699992107961472 0.10072103274990896 -0.0099491551189956201 0.042792393986627562 -0.057204413847522333 0.11868932355768308 0.015753816189761183 0.019944172855596888
leaf_weight=180.293496504426 3.6889256909489623 4.064686805009841 43.347199834883213 9.1260576993226987 11.501257322728636 3.6101295426487914 5.2159807384014121 9.1716293804347497
leaf_count=1018 20 25 257 54 62 24 34 57
internal_value=1.74283e-06 0.000482394 0.00839418 -0.000776437 -0.00210896 0.000830052 -0.0344406 0.0447496
internal_weight=270.019 266.33 65.7096 52.4733 200.621 183.904 16.7172 13.2363
internal_count=1551 1531 393 311 1138 1042 96 82
is_linear=0
shrinkage=0.1


Tree=86
num_leaves=12
num_cat=0
split_feature=6 6 0 0 7 7 1 7 7 7 1
split_gain=0.4521 1.69849 1.68125 4.07285 1.51026 2.63551 2.11587 2.02998 1.45669 1.85591 1.33929
threshold=13.104589238762857 13.555944827202907 54.450446128845222 49.57921168208123 12.370316876875497 12.531862222723886 54.855288180095854 12.210558797578143 12.560797154469416 14.119439333015487 57.10633949459865
decision_type=2 2 2 2 2 2 2 2 2 2 2
left_child=4 2 3 -2 7 -6 -7 10 -3 -10 -1
right_child=1 8 -4 -5 5 6 -8 -9 9 -11 -12
leaf_value=-0.00085229886675501978 -0.063414214006358369 -0.042102957380162592 -0.085595127255124095 0.066484684074341965 0.085707536988204797 0.032256843183913489 -0.03475037313954811 -0.05401054393394681 0.028238121671101426 -0.0099292056954877177 0.039082561103336008
leaf_weight=154.13590233027935 6.3181672021746618 6.9153168499469748 4.7875494286417952 3.9058887884020805 5.5998252034187344 13.184280946850778 7.3337086699903002 6.9109570831060401 22.642106097191572 29.131882149726152 8.8818394951522333
leaf_count=866 32 36 24 23 34 80 42 34 137 187 56
internal_value=3.92998e-06 -0.00667308 -0.0366897 -0.013789 0.00251406 0.0249018 0.00830657 -0.000926914 0.00100459 0.00676236 0.00132351
internal_weight=269.747 73.7009 15.0116 10.2241 196.047 26.1178 20.518 169.929 58.6893 51.774 163.018
internal_count=1551 439 79 55 1112 156 122 956 360 324 922
is_linear=0
shrinkage=0.1


Tree=87
num_leaves=9
num_cat=0
split_feature=5 4 6 2 6 7 4 4
split_gain=0.399901 2.18144 2.15314 2.02267 2.71019 1.98526 1.7597 1.66605
threshold=0.56228478732611875 0.60939076625439281 15.243712308819953 53.435663323777106 12.556961342226716 12.355119328727502 0.56490469162534418 0.53128433227539074
decision_type=2 2 2 2 2 2 2 2
left_child=1 6 3 5 -5 -2 7 -1
right_child=2 -3 -4 4 -6 -7 -8 -9
leaf_value=0.0006841387921077733 0.0078303444685465934 -0.057612170712918104 0.084651894430681981 0.011668874477202384 -0.060461638443684573 0.077285571319690952 0.065277518714751515 -0.040262139756334574
leaf_weight=191.92052607610822 26.889327932149175 6.8208162263035765 3.3995661288499823 11.306523256003858 9.6592301614582521 4.8590149208903304 4.0325523987412444 10.479726284742354
leaf_count=1076 161 38 30 68 61 35 25 57
internal_value=5.28177e-06 -0.00197119 0.00751663 0.00254213 -0.0215627 0.0184603 -0.000132735 -0.00143595
internal_weight=269.367 213.254 56.1137 52.7141 20.9658 31.7483 206.433 202.4
internal_count=1551 1196 355 325 129 196 1158 1133
is_linear=0
shrinkage=0.1


Tree=88
num_leaves=12
num_cat=0
split_feature=2 5 5 5 7 1 1 3 7 4 2
split_gain=0.392565 2.32296 3.25936 2.99372 1.04205 2.77308 3.58432 2.27268 1.46877 2.78981 2.25028
threshold=59.837594156826896 0.18967590077205157 0.27824372985744494 0.52481931202146637 14.193837975757452 54.295206467888555 57.382824893914673 22.71512174887857 13.157864360583661 0.35756587242940441 56.366742229958803
decision_type=2 2 2 2 2 2 2 2 2 2 2
left_child=4 -2 -3 -4 8 7 -7 -6 10 -10 -1
right_child=1 2 3 -5 5 6 -8 -9 9 -11 -12
leaf_value=0.0007312491461482271 0.071467234177261502 -0.086601927312409982 0.059664700237240298 -0.028902917987522536 -0.10918112149787754 0.082939192068307299 -0.045949771623016861 -0.020135560581084455 -0.0035063166419415921 0.062148652821018141 -0.041227074530735847
leaf_weight=183.20380974560976 5.1890642419457462 3.8200453743338612 7.8621601872146112 7.4167078286409378 4.5434850528836268 4.4823136776685697 4.1601910926401615 7.7643945030868053 16.228345721960071 10.765293378382919 13.740744903683661
leaf_count=1035 35 21 52 46 23 30 27 48 88 73 73
internal_value=9.56176e-06 0.0121358 -0.00398422 0.016672 -0.00119311 -0.02252 0.0208967 -0.053007 0.000802113 0.0226774 -0.00219617
internal_weight=269.177 24.288 19.0989 15.2789 244.889 20.9504 8.6425 12.3079 223.938 26.9936 196.945
internal_count=1551 154 119 98 1397 128 57 71 1269 161 1108
is_linear=0
shrinkage=0.1


Tree=89
num_leaves=12
num_cat=0
split_feature=1 1 3 0 4 2 2 5 1 6 5
split_gain=0.424899 2.61016 2.45604 2.95058 2.53674 2.06273 2.66864 2.02499 3.40899 1.71974 0.508956
threshold=57.10633949459865 56.560813900320092 28.137808364370084 59.480845205485828 0.56287384037023724 59.725534620580156 57.75591054506247 0.36042436088813828 58.981037923855375 12.759273786628912 0.47290350942622766
decision_type=2 2 2 2 2 2 2 2 2 2 2
left_child=1 5 3 4 -2 6 -1 -4 -9 -7 -3
right_child=2 10 7 -5 -6 9 -8 8 -10 -11 -12
leaf_value=0.00063587213513704543 0.14913322660729264 -0.033825401784866697 -0.058038748156703707 -0.0044690918451476495 0.021015263260195524 0.016233050780459096 -0.052758206720598437 0.066654983298884127 -0.060616831339372623 0.09673991681711494 -0.085635486944997383
leaf_weight=210.89668089523911 3.5249518379569071 3.8953880853950968 6.3942170813679686 6.1570221818983555 2.7520400322973728 9.2714920341968519 9.7953599542379362 5.281733959913252 3.4986228570342064 3.717166192829608 3.6941760405898094
leaf_count=1194 27 22 37 38 19 53 53 35 24 29 20
internal_value=1.55353e-05 -0.00132919 0.0117671 0.0447165 0.0929621 0.000545277 -0.00173401 -0.0152317 0.0159422 0.039273 -0.0590437
internal_weight=268.879 241.27 27.6086 12.434 6.27699 233.681 220.692 15.1746 8.78036 12.9887 7.58956
internal_count=1551 1371 180 84 46 1329 1247 96 59 82 42
is_linear=0
shrinkage=0.1


Tree=90
num_leaves=10
num_cat=0
split_feature=6 7 3 3 5 3 3 1 7
split_gain=0.409246 2.06699 1.6508 3.24177 2.93032 1.30537 1.18762 1.14721 0.927104
threshold=13.032448218992771 13.509149891344039 15.868557757395971 18.653610710404731 0.32104277730477115 11.941200053529961 18.192145733844075 52.685314893090251 13.994306748750384
decision_type=2 2 2 2 2 2 2 2 2
left_child=1 5 7 8 -5 -1 -7 -2 -4
right_child=2 -3 3 4 -6 6 -8 -9 -10
leaf_value=-0.05470241943699531 0.075432394587551632 0.076178234902974207 -0.034614901367862237 -0.024991198759159509 0.018783019955588703 0.026415476777730124 -0.00039985828257910248 -0.0073633093913157274 -0.10234141271956199
leaf_weight=4.11216827481985 3.9766511395573607 3.7317674607038489 3.84269170463085 30.359904177486897 30.813412215560675 18.337588220834732 166.28940755873919 2.8895267173647881 4.2640376016497612
leaf_count=27 25 26 20 165 207 105 936 18 22
internal_value=2.44444e-05 0.00247953 -0.00618116 -0.0108164 -0.00294183 0.00102235 0.0022635 0.0405891 -0.0702382
internal_weight=268.617 192.471 76.1462 69.28 61.1733 188.739 184.627 6.86618 8.10673
internal_count=1551 1094 457 414 372 1068 1041 43 42
is_linear=0
shrinkage=0.1


Tree=91
num_leaves=9
num_cat=0
split_feature=3 5 2 3 4 3 1 3
split_gain=0.39647 1.69665 1.65788 1.37366 2.19022 0.947446 1.32813 1.00819
threshold=13.706714959727131 0.44331997121448258 46.970152797074611 15.868557757395971 0.22524479404091832 17.098575324554094 50.42342474187371 17.73427301608422
decision_type=2 2 2 2 2 2 2 2
left_child=1 2 -1 4 -2 6 -5 -7
right_child=3 -3 -4 5 -6 7 -8 -9
leaf_value=0.05223006054756122 0.093924062277547293 -0.067647082063405348 -0.049690073073154914 0.0099996237507626561 -0.0052211317865399733 0.044878431543040768 -0.072092795966784445 -0.00039710648665779673
leaf_weight=4.1252210140228254 4.0348129048943502 4.2954972498118877 2.6031074151396751 3.6309401392936698 4.9761418625712395 5.0233338177204123 4.3102155700325966 235.18099592253566
leaf_count=28 26 25 16 20 28 30 22 1356
internal_value=2.28913e-05 -0.0185476 0.0127984 0.000818976 0.0391729 -0.000573776 -0.0345576 0.00054973
internal_weight=268.18 11.0238 6.72833 257.156 9.01095 248.145 7.94116 240.204
internal_count=1551 69 44 1482 54 1428 42 1386
is_linear=0
shrinkage=0.1


Tree=92
num_leaves=10
num_cat=0
split_feature=2 5 2 2 1 5 1 5 6
split_gain=0.446519 2.54008 2.17276 2.01663 2.69131 1.47078 2.66099 1.9163 1.45712
threshold=46.480387934466883 0.0010084949472449502 46.232573826572811 47.600040751618003 51.454495735013403 0.0095272995148704513 44.745912705067504 0.51014694011188466 12.935566663742067
decision_type=2 2 2 2 2 2 2 2 2
left_child=2 -2 5 4 -3 6 -1 -7 -5
right_child=1 3 -4 8 -6 7 -8 -9 -10
leaf_value=-0.021469293628861397 -0.079290920043620372 0.013544241798889918 -0.083000720154341817 0.0094184604323770838 0.11439287959594309 -0.014425042455338084 0.074522462086704849 0.018530206281742716 -0.011921949345356992
leaf_weight=5.2630512937903386 3.6245631016790858 8.8527339845895749 3.4457136839628211 91.708369463682175 3.7744341045618048 72.543889917433262 6.39901053160429 23.315768338739872 49.139430053532124
leaf_count=32 22 51 18 523 25 393 41 145 301
internal_value=2.1142e-05 0.00345126 -0.00483496 0.00540535 0.0436893 -0.00233001 0.0312017 -0.0064094 0.00197315
internal_weight=268.067 157.1 110.967 153.475 12.6272 107.522 11.6621 95.8597 140.848
internal_count=1551 922 629 900 76 611 73 538 824
is_linear=0
shrinkage=0.1


Tree=93
num_leaves=13
num_cat=0
split_feature=2 2 0 0 4 1 1 4 4 7 4 4
split_gain=0.427623 1.65612 1.83204 3.06829 1.51507 0.88123 2.85752 1.93802 3.77662 1.79643 1.78602 0.3379
threshold=51.820803051622541 52.602367315542224 55.274835776749974 59.480845205485828 0.09476375628629792 47.332611375190112 47.039778437377933 0.26212540268898016 0.1486313614442453 13.04505040980002 0.50050409603863966 0.32423806190490728
decision_type=2 2 2 2 2 2 2 2 2 2 2 2
left_child=5 11 4 -4 -3 6 9 8 -7 -1 -9 -2
right_child=1 2 3 -5 -6 7 -8 10 -10 -11 -12 -13
leaf_value=-0.0041016979616780467 0.074423868561933726 -0.033093724320895627 0.054775929855359284 -0.021121836168988134 0.001926461120057091 -0.0068392687873632205 0.088253192646220696 0.035304394611626141 -0.080457434061194696 0.04910056275460925 -0.011543198907531865 0.028879499721884978
leaf_weight=90.223780784755945 3.5930193960666648 16.21292220056057 14.231600612401964 8.5123765096068364 51.898193970322609 22.850272081792355 3.7809258848428717 12.251172274351118 10.025879897177218 6.8269703313708296 24.238099619746208 2.9800981134176254
leaf_count=509 22 93 96 52 309 122 24 69 50 41 144 20
internal_value=1.96977e-05 0.00530294 0.00179611 0.0263697 -0.00640962 -0.00300466 0.00296351 -0.0116802 -0.0292898 -0.00035922 0.00418575 0.0537751
internal_weight=267.625 97.4282 90.8551 22.744 68.1111 170.197 100.832 69.3654 32.8762 97.0508 36.4893 6.57312
internal_count=1551 592 550 148 402 959 574 385 172 550 213 42
is_linear=0
shrinkage=0.1


Tree=94
num_leaves=5
num_cat=0
split_feature=1 1 1 2
split_gain=0.380716 0.763022 1.11794 0.80395
threshold=59.539780521262024 58.981037923855375 58.424093867507445 63.547751361686657
decision_type=2 2 2 2
left_child=1 2 3 -1
right_child=-2 -3 -4 -5
leaf_value=-0.0012441527722259762 0.0336157330490972 -0.035029968176117005 0.049999652879293276 0.039284345581456992
leaf_weight=248.11739705130458 3.3310258463025084 6.2142879441380492 4.4709402471780768 4.9929890073835841
leaf_count=1421 30 36 30 34
internal_value=1.97823e-05 -0.000404444 0.000430916 -0.000444666
internal_weight=267.127 263.796 257.581 253.11
internal_count=1551 1521 1485 1455
is_linear=0
shrinkage=0.1


Tree=95
num_leaves=12
num_cat=0
split_feature=6 6 0 7 5 1 7 4 4 0 5
split_gain=0.375189 3.73649 3.54514 2.86081 2.74361 2.53679 2.09249 1.54465 1.50878 4.66826 3.37879
threshold=10.910562515258791 10.53126479745635 50.696760635673293 10.219250114311846 0.40372561886446395 42.001750899911755 10.559184853196736 0.14062502980232236 0.68897819619662937 45.409990237168891 0.48150784069016556
decision_type=2 2 2 2 2 2 2 2 2 2 2
left_child=1 8 4 -2 -3 7 -7 -5 10 -10 -1
right_child=3 2 -4 5 -6 6 -8 -9 9 -11 -12
leaf_value=0.00079636380018100784 -0.075049761818149624 0.13648686257024864 -0.019690734394703636 -0.0046302892348586864 0.022751853596351145 0.073839447360237384 0.00056500383197160208 -0.089293145806465607 0.12666133766919255 -0.0080374358147612748 -0.057200552232501783
leaf_weight=76.326903618872166 5.3497211784124366 5.2840650826692563 4.3234699964523307 3.7927828431129438 3.5431537702679634 4.0129892677068701 135.1239202991128 4.9904628768563271 3.5874839872121802 9.0979379191994649 11.567364223301409
leaf_count=439 26 34 23 21 21 24 798 26 25 53 61
internal_value=1.90022e-05 0.00437071 0.054498 -0.00321008 0.0908348 -0.000611907 0.00267839 -0.052734 -0.00218339 0.0300559 -0.00683635
internal_weight=267 113.73 13.1507 153.27 8.82722 147.92 139.137 8.78325 100.58 12.6854 87.8943
internal_count=1551 656 78 895 55 869 822 47 578 78 500
is_linear=0
shrinkage=0.1


Tree=96
num_leaves=14
num_cat=0
split_feature=0 0 3 3 0 0 5 3 6 7 0 0 1
split_gain=0.363461 2.08337 1.76826 2.22945 1.61828 5.79593 1.70878 2.457 1.60989 1.44398 2.00124 1.82251 1.41514
threshold=54.594726562500007 56.162402689456947 31.011314925728097 25.039557671973778 52.877663332258614 52.373361366324851 0.40111970820417819 23.465647262167131 12.373368151471409 14.317335169891679 61.91362643241883 57.230400085449226 56.560813900320092
decision_type=2 2 2 2 2 2 2 2 2 2 2 2 2
left_child=4 2 3 -2 5 12 7 -6 -8 11 -11 -3 -1
right_child=1 9 -4 -5 6 -7 8 -9 -10 10 -12 -13 -14
leaf_value=-0.00089199972586319657 0.06122013880334623 -0.052732383625843371 0.10834203535740135 -0.035510939114676586 0.016197469427920753 0.10319727450606275 -0.037338830944384241 -0.088662889333134515 0.060503449047152116 0.07478275824526491 -0.031180159527399873 1.2127993424517515e-05 -0.053197697457126186
leaf_weight=170.40448923036456 5.8328319713473302 7.8489682450890532 3.0953600630164138 4.0281532667577267 3.2192763537168521 5.3478705286979666 3.6430793926119796 7.3048218190670013 3.1235435456037521 5.0851619541645041 2.7441739365458488 39.619196426123381 5.3344464823603621
leaf_count=969 37 44 21 24 21 36 20 38 23 38 17 232 31
internal_value=1.5918e-05 0.00631034 0.042404 0.0217061 -0.00214974 0.000641155 -0.031379 -0.0565866 0.00782618 -0.00214649 0.0376429 -0.0087093 -0.00247971
internal_weight=266.631 68.2538 12.9563 9.86099 198.378 181.087 17.2907 10.5241 6.76662 55.2975 7.82934 47.4682 175.739
internal_count=1551 413 82 61 1138 1036 102 59 43 331 55 276 1000
is_linear=0
shrinkage=0.1


Tree=97
num_leaves=14
num_cat=0
split_feature=6 6 2 6 6 1 3 7 0 5 0 5 0
split_gain=0.366062 3.09528 3.20848 2.53238 3.06358 2.72787 2.79259 2.6155 1.49254 1.26808 2.64332 2.40529 1.05694
threshold=10.910562515258791 10.53126479745635 44.352929516280774 11.604320277758179 11.734454154968263 50.045804374397427 28.895539479863874 10.729588662740341 45.04331552982331 0.67461037276219049 45.409990237168891 0.44632400290025115 52.467349010762604
decision_type=2 2 2 2 2 2 2 2 2 2 2 2 2
left_child=1 9 -3 5 -5 6 -2 -6 -4 11 -11 -1 -7
right_child=3 2 8 4 7 12 -8 -9 -10 10 -12 -13 -14
leaf_value=0.0023440963358726495 -0.032848528692387177 0.12848676775636789 0.073299443323652 0.079203495908000049 -0.070418224621014311 -0.10223291202071996 0.053770605365973792 0.0028552353118466958 -0.010526215024090534 0.10045788895455698 -0.0039323360543559007 -0.039554067091716383 -0.040564640192403661
leaf_weight=72.415267050266266 11.580431990325456 3.7308968156576148 3.2661175653338415 5.0562914162874213 5.0882388949394217 5.0800427049398404 5.4849279001355162 114.35732154175639 6.0747450888156891 3.6153451725840551 7.3713697046041489 16.899307288229465 6.1364601850509644
leaf_count=419 61 23 22 30 26 24 32 690 33 25 43 91 32
internal_value=1.98823e-05 0.00432507 0.0500951 -0.00317478 0.00296131 -0.0301869 -0.00500852 -0.000266127 0.0187842 -0.00163991 0.0304189 -0.0055835 -0.0684947
internal_weight=266.157 113.373 13.0718 152.784 124.502 28.2819 17.0654 119.446 9.34086 100.301 10.9867 89.3146 11.2165
internal_count=1551 656 78 895 746 149 93 716 55 578 68 510 56
is_linear=0
shrinkage=0.1


Tree=98
num_leaves=8
num_cat=0
split_feature=0 7 6 4 5 7 7
split_gain=0.37894 0.732019 3.11714 2.13248 4.81456 2.75528 1.20394
threshold=33.276161337333079 8.8110145425367694 8.2594186624191952 0.51733419718226525 0.34316100980728098 7.9200353362797182 9.1753858642177999
decision_type=2 2 2 2 2 2 2
left_child=-1 3 -3 4 -2 -5 -4
right_child=1 2 6 5 -6 -7 -8
leaf_value=-0.027584546125742893 0.0198891909338062 -0.10050983247775727 -0.038496556599036717 -0.0022553814556226359 -0.076967582400330636 0.10834353175784826 0.0011297001595876061
leaf_weight=4.8824133872985831 25.960017003118992 3.1510294824838629 7.9600151181220999 4.2985905706882459 6.3967048898339263 4.7322148382663727 208.47171686589718
leaf_count=28 161 16 44 27 35 29 1211
internal_value=1.76169e-05 0.000534017 -0.00176531 0.0127332 0.000741262 0.0556993 -0.000327691
internal_weight=265.853 260.97 219.583 41.3875 32.3567 9.03081 216.432
internal_count=1551 1523 1271 252 196 56 1255
is_linear=0
shrinkage=0.1


Tree=99
num_leaves=9
num_cat=0
split_feature=3 5 2 3 2 3 1 3
split_gain=0.365662 1.56619 1.31767 0.900815 1.81238 1.03554 2.58583 1.61502
threshold=13.706714959727131 0.44331997121448258 46.970152797074611 15.868557757395971 45.987886703048524 17.533593012044633 48.211912608631671 17.862981844635453
decision_type=2 2 2 2 2 2 2 2
left_child=1 2 -1 4 -2 6 -5 -7
right_child=3 -3 -4 5 -6 7 -8 -9
leaf_value=0.04776887088241441 -0.0073131064472716058 -0.064904808054134941 -0.043414275156782159 0.032495636707636104 0.08385872717791977 0.073898044659046577 -0.067387369259668553 0.00011620117237893283
leaf_weight=4.0923001244664174 5.0489566624164564 4.302998423576355 2.5864628553390503 4.1287589371204358 3.8375888764858246 3.0052306503057471 6.9630888774991035 231.63845783472061
leaf_count=28 28 25 16 24 26 18 36 1350
internal_value=1.03212e-05 -0.017856 0.0124567 0.000780889 0.0320588 -0.000350215 -0.0302076 0.00106117
internal_weight=265.604 10.9818 6.67876 254.622 8.88655 245.736 11.0918 234.644
internal_count=1551 69 44 1482 54 1428 60 1368
is_linear=0
shrinkage=0.1


end of trees

feature_importances:
rush_attempts_L5=144
rushing_yards_L5=140
rushing_yards_std_L5=138
rushing_yards_L3=104
rushing_yards_L10=98
rush_tds_L3=95
rush_attempts_L3=86
rush_tds_L5=77

parameters:
[boosting: gbdt]
[objective: binary]
[metric: binary_logloss]
[tree_learner: serial]
[device_type: cpu]
[data_sample_strategy: bagging]
[data: ]
[valid: ]
[num_iterations: 100]
[learning_rate: 0.1]
[num_leaves: 31]
[num_threads: 2]
[seed: 42]
[deterministic: 0]
[force_col_wise: 0]
[force_row_wise: 0]
[histogram_pool_size: -1]
[max_depth: 4]
[min_data_in_leaf: 20]
[min_sum_hessian_in_leaf: 0.001]
[bagging_fraction: 1]
[pos_bagging_fraction: 1]
[neg_bagging_fraction: 1]
[bagging_freq: 0]
[bagging_seed: 400]
[bagging_by_query: 0]
[feature_fraction: 1]
[feature_fraction_bynode: 1]
[feature_fraction_seed: 30056]
[extra_trees: 0]
[extra_seed: 12879]
[early_stopping_round: 0]
[early_stopping_min_delta: 0]
[first_metric_only: 0]
[max_delta_step: 0]
[lambda_l1: 0]
[lambda_l2: 0]
[linear_lambda: 0]
[min_gain_to_split: 0]
[drop_rate: 0.1]
[max_drop: 50]
[skip_drop: 0.5]
[xgboost_dart_mode: 0]
[uniform_drop: 0]
[drop_seed: 17869]
[top_rate: 0.2]
[other_rate: 0.1]
[min_data_per_group: 100]
[max_cat_threshold: 32]
[cat_l2: 10]
[cat_smooth: 10]
[max_cat_to_onehot: 4]
[top_k: 20]
[monotone_constraints: ]
[monotone_constraints_method: basic]
[monotone_penalty: 0]
[feature_contri: ]
[forcedsplits_filename: ]
[refit_decay_rate: 0.9]
[cegb_tradeoff: 1]
[cegb_penalty_split: 0]
[cegb_penalty_feature_lazy: ]
[cegb_penalty_feature_coupled: ]
[path_smooth: 0]
[interaction_constraints: ]
[verbosity: -1]
[saved_feature_importance_type: 0]
[use_quantized_grad: 0]
[num_grad_quant_bins: 4]
[quant_train_renew_leaf: 0]
[stochastic_rounding: 1]
[linear_tree: 0]
[max_bin: 255]
[max_bin_by_feature: ]
[min_data_in_bin: 3]
[bin_construct_sample_cnt: 200000]
[data_random_seed: 175]
[is_enable_sparse: 1]
[enable_bundle: 1]
[use_missing: 1]
[zero_as_missing: 0]
[feature_pre_filter: 1]
[pre_partition: 0]
[two_round: 0]
[header: 0]
[label_column: ]
[weight_column: ]
[group_column: ]
[ignore_column: ]
[categorical_feature: ]
[forcedbins_filename: ]
[precise_float_parser: 0]
[parser_config_file: ]
[objective_seed: 16083]
[num_class: 1]
[is_unbalance: 0]
[scale_pos_weight: 0.657051]
[sigmoid: 1]
[boost_from_average: 1]
[reg_sqrt: 0]
[alpha: 0.9]
[fair_c: 1]
[poisson_max_delta_step: 0.7]
[tweedie_variance_power: 1.5]
[lambdarank_truncation_level: 30]
[lambdarank_norm: 1]
[label_gain: ]
[lambdarank_position_bias_regularization: 0]
[eval_at: ]
[multi_error_top_k: 1]
[auc_mu_weights: ]
[num_machines: 1]
[local_listen_port: 12400]
[time_out: 120]
[machine_list_filename: ]
[machines: ]
[gpu_platform_id: -1]
[gpu_device_id: -1]
[gpu_use_dp: 0]
[num_gpu: 1]

end of parameters

pandas_categorical:[]
